mesa,acta_url,partidos,votos_blanco,votos_nulos,votos_total,votos_invalidos,observaciones,departamento,municipio,centro,tipo
4246,,"{'UNE': 14, 'AZUL': 0, 'VALOR UNIONISTA': 28, 'CABAL': 16, 'TODOS': 2, 'VAMOS': 8, 'PHG': 0, 'PR': 5, 'PIN': 0, 'ELEFANTE': 3, 'VICTORIA': 13, 'SEMILLA': 59, 'FCN-NACION': 1, 'PPN': 1, 'UR': 10, 'URNG-MAIZ WINAQ': 0, 'CREO': 4, 'BIEN': 7, 'VIVA': 17, 'MI FAMILIA': 5, 'CAMBIO': 0, 'VOS': 22}",3,47,265,0,Sumas Asentadas sin cuadrar,1.Guatemala,15.Villa Nueva,0438,presidente
4247,,"{'UNE': 27, 'AZUL': 3, 'VALOR UNIONISTA': 26, 'CABAL': 16, 'TODOS': 2, 'VAMOS': 8, 'PHG': 0, 'PR': 1, 'PIN': 3, 'ELEFANTE': 2, 'VICTORIA': 6, 'SEMILLA': 51, 'FCN-NACION': 1, 'PPN': 1, 'UR': 4, 'URNG-MAIZ WINAQ': 4, 'CREO': 5, 'BIEN': 9, 'VIVA': 11, 'MI FAMILIA': 9, 'CAMBIO': 0, 'VOS': 20}",6,42,257,0,Algún campo sin dato,1.Guatemala,15.Villa Nueva,0438,presidente
4248,,"{'UNE': 23, 'AZUL': 2, 'VALOR UNIONISTA': 27, 'CABAL': 15, 'TODOS': 0, 'VAMOS': 7, 'PHG': 1, 'PR': 8, 'PIN': 4, 'ELEFANTE': 4, 'VICTORIA': 9, 'SEMILLA': 68, 'FCN-NACION': 1, 'PPN': 1, 'UR': 7, 'URNG-MAIZ WINAQ': 2, 'CREO': 5, 'BIEN': 7, 'VIVA': 11, 'MI FAMILIA': 5, 'CAMBIO': 0, 'VOS': 13}",1,37,258,0,Algún campo sin dato,1.Guatemala,15.Villa Nueva,0438,presidente
4249,,"{'UNE': 18, 'AZUL': 3, 'VALOR UNIONISTA': 27, 'CABAL': 14, 'TODOS': 3, 'VAMOS': 9, 'PHG': 1, 'PR': 1, 'PIN': 1, 'ELEFANTE': 2, 'VICTORIA': 4, 'SEMILLA': 58, 'FCN-NACION': 1, 'PPN': 0, 'UR': 3, 'URNG-MAIZ WINAQ': 4, 'CREO': 2, 'BIEN': 10, 'VIVA': 23, 'MI FAMILIA': 4, 'CAMBIO': 0, 'VOS': 21}",2,46,257,0,Algún campo sin dato,1.Guatemala,15.Villa Nueva,0438,presidente
4250,,"{'UNE': 18, 'AZUL': 5, 'VALOR UNIONISTA': 31, 'CABAL': 13, 'TODOS': 2, 'VAMOS': 5, 'PHG': 1, 'PR': 2, 'PIN': 1, 'ELEFANTE': 4, 'VICTORIA': 11, 'SEMILLA': 55, 'FCN-NACION': 2, 'PPN': 1, 'UR': 10, 'URNG-MAIZ WINAQ': 4, 'CREO': 3, 'BIEN': 15, 'VIVA': 11, 'MI FAMILIA': 6, 'CAMBIO': 0, 'VOS': 16}",2,37,255,0,Algún campo sin dato,1.Guatemala,15.Villa Nueva,0438,presidente
4251,,"{'UNE': 15, 'AZUL': 1, 'VALOR UNIONISTA': 36, 'CABAL': 21, 'TODOS': 0, 'VAMOS': 9, 'PHG': 3, 'PR': 3, 'PIN': 3, 'ELEFANTE': 3, 'VICTORIA': 6, 'SEMILLA': 75, 'FCN-NACION': 0, 'PPN': 1, 'UR': 9, 'URNG-MAIZ WINAQ': 6, 'CREO': 3, 'BIEN': 13, 'VIVA': 11, 'MI FAMILIA': 4, 'CAMBIO': 0, 'VOS': 21}",3,27,273,0,Algún campo sin dato,1.Guatemala,15.Villa Nueva,0438,presidente
4252,,"{'UNE': 17, 'AZUL': 4, 'VALOR UNIONISTA': 27, 'CABAL': 23, 'TODOS': 2, 'VAMOS': 7, 'PHG': 0, 'PR': 1, 'PIN': 2, 'ELEFANTE': 3, 'VICTORIA': 9, 'SEMILLA': 58, 'FCN-NACION': 0, 'PPN': 3, 'UR': 5, 'URNG-MAIZ WINAQ': 3, 'CREO': 2, 'BIEN': 10, 'VIVA': 9, 'MI FAMILIA': 6, 'CAMBIO': 0, 'VOS': 22}",1,53,267,0,Algún campo sin dato,1.Guatemala,15.Villa Nueva,0438,presidente
4253,,"{'UNE': 20, 'AZUL': 1, 'VALOR UNIONISTA': 30, 'CABAL': 14, 'TODOS': 2, 'VAMOS': 7, 'PHG': 1, 'PR': 0, 'PIN': 1, 'ELEFANTE': 4, 'VICTORIA': 7, 'SEMILLA': 48, 'FCN-NACION': 1, 'PPN': 1, 'UR': 12, 'URNG-MAIZ WINAQ': 10, 'CREO': 1, 'BIEN': 15, 'VIVA': 15, 'MI FAMILIA': 6, 'CAMBIO': 0, 'VOS': 22}",1,43,262,0,Algún campo sin dato,1.Guatemala,15.Villa Nueva,0439,presidente
4254,,"{'UNE': 22, 'AZUL': 1, 'VALOR UNIONISTA': 29, 'CABAL': 20, 'TODOS': 2, 'VAMOS': 10, 'PHG': 0, 'PR': 2, 'PIN': 1, 'ELEFANTE': 1, 'VICTORIA': 7, 'SEMILLA': 60, 'FCN-NACION': 1, 'PPN': 0, 'UR': 10, 'URNG-MAIZ WINAQ': 5, 'CREO': 2, 'BIEN': 11, 'VIVA': 16, 'MI FAMILIA': 3, 'CAMBIO': 2, 'VOS': 27}",0,36,268,0,Algún campo sin dato,1.Guatemala,15.Villa Nueva,0439,presidente
4255,,"{'UNE': 20, 'AZUL': 1, 'VALOR UNIONISTA': 26, 'CABAL': 17, 'TODOS': 1, 'VAMOS': 3, 'PHG': 1, 'PR': 0, 'PIN': 2, 'ELEFANTE': 5, 'VICTORIA': 7, 'SEMILLA': 71, 'FCN-NACION': 0, 'PPN': 2, 'UR': 3, 'URNG-MAIZ WINAQ': 4, 'CREO': 1, 'BIEN': 10, 'VIVA': 9, 'MI FAMILIA': 4, 'CAMBIO': 0, 'VOS': 22}",0,29,238,0,Algún campo sin dato,1.Guatemala,15.Villa Nueva,0439,presidente
4256,,"{'UNE': 8, 'AZUL': 1, 'VALOR UNIONISTA': 18, 'CABAL': 14, 'TODOS': 2, 'VAMOS': 7, 'PHG': 2, 'PR': 2, 'PIN': 3, 'ELEFANTE': 1, 'VICTORIA': 5, 'SEMILLA': 93, 'FCN-NACION': 1, 'PPN': 1, 'UR': 3, 'URNG-MAIZ WINAQ': 4, 'CREO': 0, 'BIEN': 12, 'VIVA': 12, 'MI FAMILIA': 2, 'CAMBIO': 0, 'VOS': 28}",3,30,252,0,Algún campo sin dato,1.Guatemala,15.Villa Nueva,0439,presidente
4257,,"{'UNE': 21, 'AZUL': 3, 'VALOR UNIONISTA': 30, 'CABAL': 17, 'TODOS': 1, 'VAMOS': 6, 'PHG': 1, 'PR': 3, 'PIN': 1, 'ELEFANTE': 3, 'VICTORIA': 6, 'SEMILLA': 63, 'FCN-NACION': 0, 'PPN': 2, 'UR': 6, 'URNG-MAIZ WINAQ': 7, 'CREO': 1, 'BIEN': 19, 'VIVA': 28, 'MI FAMILIA': 5, 'CAMBIO': 0, 'VOS': 11}",3,29,266,0,,1.Guatemala,15.Villa Nueva,0439,presidente
4258,,"{'UNE': 13, 'AZUL': 1, 'VALOR UNIONISTA': 26, 'CABAL': 14, 'TODOS': 3, 'VAMOS': 7, 'PHG': 0, 'PR': 7, 'PIN': 1, 'ELEFANTE': 3, 'VICTORIA': 11, 'SEMILLA': 52, 'FCN-NACION': 2, 'PPN': 2, 'UR': 2, 'URNG-MAIZ WINAQ': 6, 'CREO': 1, 'BIEN': 8, 'VIVA': 15, 'MI FAMILIA': 5, 'CAMBIO': 0, 'VOS': 23}",1,32,235,0,Algún campo sin dato,1.Guatemala,15.Villa Nueva,0440,presidente
4259,,"{'UNE': 21, 'AZUL': 3, 'VALOR UNIONISTA': 25, 'CABAL': 17, 'TODOS': 3, 'VAMOS': 2, 'PHG': 0, 'PR': 4, 'PIN': 1, 'ELEFANTE': 3, 'VICTORIA': 6, 'SEMILLA': 66, 'FCN-NACION': 2, 'PPN': 1, 'UR': 7, 'URNG-MAIZ WINAQ': 4, 'CREO': 2, 'BIEN': 10, 'VIVA': 11, 'MI FAMILIA': 5, 'CAMBIO': 1, 'VOS': 22}",0,32,248,0,Algún campo sin dato,1.Guatemala,15.Villa Nueva,0440,presidente
4260,,"{'UNE': 12, 'AZUL': 3, 'VALOR UNIONISTA': 26, 'CABAL': 11, 'TODOS': 1, 'VAMOS': 7, 'PHG': 0, 'PR': 5, 'PIN': 1, 'ELEFANTE': 5, 'VICTORIA': 8, 'SEMILLA': 68, 'FCN-NACION': 2, 'PPN': 1, 'UR': 1, 'URNG-MAIZ WINAQ': 2, 'CREO': 2, 'BIEN': 18, 'VIVA': 17, 'MI FAMILIA': 4, 'CAMBIO': 0, 'VOS': 22}",1,36,253,0,Algún campo sin dato,1.Guatemala,15.Villa Nueva,0440,presidente
4261,,"{'UNE': 13, 'AZUL': 1, 'VALOR UNIONISTA': 22, 'CABAL': 15, 'TODOS': 1, 'VAMOS': 4, 'PHG': 0, 'PR': 2, 'PIN': 3, 'ELEFANTE': 4, 'VICTORIA': 6, 'SEMILLA': 88, 'FCN-NACION': 2, 'PPN': 0, 'UR': 8, 'URNG-MAIZ WINAQ': 7, 'CREO': 0, 'BIEN': 9, 'VIVA': 17, 'MI FAMILIA': 5, 'CAMBIO': 0, 'VOS': 9}",0,31,247,0,Algún campo sin dato,1.Guatemala,15.Villa Nueva,0440,presidente
4262,,"{'UNE': 15, 'AZUL': 3, 'VALOR UNIONISTA': 31, 'CABAL': 11, 'TODOS': 3, 'VAMOS': 9, 'PHG': 0, 'PR': 1, 'PIN': 0, 'ELEFANTE': 2, 'VICTORIA': 10, 'SEMILLA': 76, 'FCN-NACION': 0, 'PPN': 0, 'UR': 8, 'URNG-MAIZ WINAQ': 4, 'CREO': 3, 'BIEN': 10, 'VIVA': 13, 'MI FAMILIA': 5, 'CAMBIO': 0, 'VOS': 13}",1,40,258,0,Algún campo sin dato,1.Guatemala,15.Villa Nueva,0440,presidente
4263,,"{'UNE': 11, 'AZUL': 0, 'VALOR UNIONISTA': 21, 'CABAL': 12, 'TODOS': 1, 'VAMOS': 7, 'PHG': 1, 'PR': 3, 'PIN': 1, 'ELEFANTE': 4, 'VICTORIA': 11, 'SEMILLA': 68, 'FCN-NACION': 4, 'PPN': 0, 'UR': 6, 'URNG-MAIZ WINAQ': 3, 'CREO': 3, 'BIEN': 14, 'VIVA': 12, 'MI FAMILIA': 4, 'CAMBIO': 1, 'VOS': 22}",0,37,246,0,Algún campo sin dato,1.Guatemala,15.Villa Nueva,0440,presidente
4264,,"{'UNE': 15, 'AZUL': 1, 'VALOR UNIONISTA': 34, 'CABAL': 20, 'TODOS': 3, 'VAMOS': 6, 'PHG': 0, 'PR': 2, 'PIN': 0, 'ELEFANTE': 3, 'VICTORIA': 4, 'SEMILLA': 65, 'FCN-NACION': 2, 'PPN': 0, 'UR': 8, 'URNG-MAIZ WINAQ': 3, 'CREO': 1, 'BIEN': 9, 'VIVA': 15, 'MI FAMILIA': 6, 'CAMBIO': 0, 'VOS': 21}",3,37,258,0,Algún campo sin dato,1.Guatemala,15.Villa Nueva,0440,presidente
4265,,"{'UNE': 24, 'AZUL': 3, 'VALOR UNIONISTA': 31, 'CABAL': 11, 'TODOS': 1, 'VAMOS': 3, 'PHG': 1, 'PR': 3, 'PIN': 1, 'ELEFANTE': 0, 'VICTORIA': 8, 'SEMILLA': 71, 'FCN-NACION': 2, 'PPN': 0, 'UR': 7, 'URNG-MAIZ WINAQ': 4, 'CREO': 3, 'BIEN': 13, 'VIVA': 8, 'MI FAMILIA': 3, 'CAMBIO': 0, 'VOS': 30}",0,32,259,0,Algún campo sin dato,1.Guatemala,15.Villa Nueva,0440,presidente
4266,,"{'UNE': 22, 'AZUL': 3, 'VALOR UNIONISTA': 25, 'CABAL': 20, 'TODOS': 2, 'VAMOS': 9, 'PHG': 2, 'PR': 0, 'PIN': 1, 'ELEFANTE': 3, 'VICTORIA': 5, 'SEMILLA': 63, 'FCN-NACION': 3, 'PPN': 1, 'UR': 6, 'URNG-MAIZ WINAQ': 3, 'CREO': 4, 'BIEN': 9, 'VIVA': 16, 'MI FAMILIA': 3, 'CAMBIO': 0, 'VOS': 21}",2,35,258,1,Algún campo sin dato,1.Guatemala,15.Villa Nueva,0440,presidente
4267,,"{'UNE': 21, 'AZUL': 1, 'VALOR UNIONISTA': 32, 'CABAL': 16, 'TODOS': 1, 'VAMOS': 6, 'PHG': 0, 'PR': 2, 'PIN': 0, 'ELEFANTE': 4, 'VICTORIA': 7, 'SEMILLA': 65, 'FCN-NACION': 0, 'PPN': 1, 'UR': 3, 'URNG-MAIZ WINAQ': 5, 'CREO': 1, 'BIEN': 12, 'VIVA': 14, 'MI FAMILIA': 6, 'CAMBIO': 1, 'VOS': 14}",4,41,257,0,Algún campo sin dato,1.Guatemala,15.Villa Nueva,0440,presidente
4268,,"{'UNE': 18, 'AZUL': 4, 'VALOR UNIONISTA': 26, 'CABAL': 11, 'TODOS': 0, 'VAMOS': 13, 'PHG': 2, 'PR': 3, 'PIN': 2, 'ELEFANTE': 3, 'VICTORIA': 4, 'SEMILLA': 60, 'FCN-NACION': 0, 'PPN': 1, 'UR': 4, 'URNG-MAIZ WINAQ': 5, 'CREO': 4, 'BIEN': 11, 'VIVA': 12, 'MI FAMILIA': 1, 'CAMBIO': 0, 'VOS': 24}",2,35,245,0,Sumas Asentadas sin cuadrar,1.Guatemala,15.Villa Nueva,0440,presidente
4269,,"{'UNE': 21, 'AZUL': 2, 'VALOR UNIONISTA': 17, 'CABAL': 13, 'TODOS': 0, 'VAMOS': 8, 'PHG': 2, 'PR': 3, 'PIN': 1, 'ELEFANTE': 2, 'VICTORIA': 13, 'SEMILLA': 53, 'FCN-NACION': 1, 'PPN': 0, 'UR': 5, 'URNG-MAIZ WINAQ': 2, 'CREO': 1, 'BIEN': 7, 'VIVA': 14, 'MI FAMILIA': 3, 'CAMBIO': 1, 'VOS': 26}",1,30,226,0,Algún campo sin dato,1.Guatemala,15.Villa Nueva,0440,presidente
4270,,"{'UNE': 19, 'AZUL': 2, 'VALOR UNIONISTA': 32, 'CABAL': 8, 'TODOS': 4, 'VAMOS': 5, 'PHG': 0, 'PR': 1, 'PIN': 3, 'ELEFANTE': 5, 'VICTORIA': 7, 'SEMILLA': 57, 'FCN-NACION': 0, 'PPN': 1, 'UR': 4, 'URNG-MAIZ WINAQ': 5, 'CREO': 5, 'BIEN': 6, 'VIVA': 18, 'MI FAMILIA': 1, 'CAMBIO': 1, 'VOS': 21}",3,25,233,0,Algún campo sin dato,1.Guatemala,15.Villa Nueva,0440,presidente
4271,,"{'UNE': 15, 'AZUL': 2, 'VALOR UNIONISTA': 19, 'CABAL': 9, 'TODOS': 1, 'VAMOS': 4, 'PHG': 1, 'PR': 1, 'PIN': 3, 'ELEFANTE': 2, 'VICTORIA': 7, 'SEMILLA': 68, 'FCN-NACION': 3, 'PPN': 0, 'UR': 5, 'URNG-MAIZ WINAQ': 2, 'CREO': 1, 'BIEN': 14, 'VIVA': 9, 'MI FAMILIA': 3, 'CAMBIO': 0, 'VOS': 22}",3,37,231,0,Algún campo sin dato,1.Guatemala,15.Villa Nueva,0440,presidente
4272,,"{'UNE': 12, 'AZUL': 1, 'VALOR UNIONISTA': 23, 'CABAL': 12, 'TODOS': 0, 'VAMOS': 8, 'PHG': 0, 'PR': 2, 'PIN': 1, 'ELEFANTE': 2, 'VICTORIA': 4, 'SEMILLA': 57, 'FCN-NACION': 1, 'PPN': 0, 'UR': 8, 'URNG-MAIZ WINAQ': 2, 'CREO': 1, 'BIEN': 9, 'VIVA': 16, 'MI FAMILIA': 6, 'CAMBIO': 0, 'VOS': 20}",2,29,216,0,Algún campo sin dato,1.Guatemala,15.Villa Nueva,0440,presidente
4273,,"{'UNE': 9, 'AZUL': 4, 'VALOR UNIONISTA': 22, 'CABAL': 12, 'TODOS': 0, 'VAMOS': 4, 'PHG': 1, 'PR': 2, 'PIN': 2, 'ELEFANTE': 3, 'VICTORIA': 2, 'SEMILLA': 114, 'FCN-NACION': 1, 'PPN': 0, 'UR': 3, 'URNG-MAIZ WINAQ': 0, 'CREO': 2, 'BIEN': 13, 'VIVA': 10, 'MI FAMILIA': 4, 'CAMBIO': 1, 'VOS': 26}",0,24,259,0,Algún campo sin dato,1.Guatemala,15.Villa Nueva,0441,presidente
4274,,"{'UNE': 5, 'AZUL': 2, 'VALOR UNIONISTA': 14, 'CABAL': 8, 'TODOS': 0, 'VAMOS': 6, 'PHG': 0, 'PR': 1, 'PIN': 2, 'ELEFANTE': 0, 'VICTORIA': 1, 'SEMILLA': 139, 'FCN-NACION': 0, 'PPN': 0, 'UR': 4, 'URNG-MAIZ WINAQ': 0, 'CREO': 0, 'BIEN': 13, 'VIVA': 4, 'MI FAMILIA': 0, 'CAMBIO': 0, 'VOS': 14}",0,16,229,0,Algún campo sin dato,1.Guatemala,15.Villa Nueva,0441,presidente
4275,,"{'UNE': 8, 'AZUL': 1, 'VALOR UNIONISTA': 14, 'CABAL': 8, 'TODOS': 0, 'VAMOS': 6, 'PHG': 2, 'PR': 1, 'PIN': 2, 'ELEFANTE': 2, 'VICTORIA': 7, 'SEMILLA': 132, 'FCN-NACION': 3, 'PPN': 0, 'UR': 9, 'URNG-MAIZ WINAQ': 3, 'CREO': 1, 'BIEN': 14, 'VIVA': 6, 'MI FAMILIA': 4, 'CAMBIO': 1, 'VOS': 17}",1,14,256,0,Algún campo sin dato,1.Guatemala,15.Villa Nueva,0441,presidente
4276,,"{'UNE': 4, 'AZUL': 3, 'VALOR UNIONISTA': 12, 'CABAL': 7, 'TODOS': 1, 'VAMOS': 1, 'PHG': 0, 'PR': 1, 'PIN': 2, 'ELEFANTE': 0, 'VICTORIA': 2, 'SEMILLA': 77, 'FCN-NACION': 1, 'PPN': 1, 'UR': 2, 'URNG-MAIZ WINAQ': 2, 'CREO': 0, 'BIEN': 8, 'VIVA': 11, 'MI FAMILIA': 1, 'CAMBIO': 1, 'VOS': 8}",0,21,166,0,Algún campo sin dato,1.Guatemala,15.Villa Nueva,0441,presidente
4277,,"{'UNE': 11, 'AZUL': 2, 'VALOR UNIONISTA': 20, 'CABAL': 9, 'TODOS': 1, 'VAMOS': 3, 'PHG': 0, 'PR': 0, 'PIN': 0, 'ELEFANTE': 2, 'VICTORIA': 4, 'SEMILLA': 94, 'FCN-NACION': 1, 'PPN': 2, 'UR': 2, 'URNG-MAIZ WINAQ': 3, 'CREO': 2, 'BIEN': 6, 'VIVA': 9, 'MI FAMILIA': 4, 'CAMBIO': 0, 'VOS': 19}",1,35,230,0,Algún campo sin dato,1.Guatemala,15.Villa Nueva,0441,presidente
4278,,"{'UNE': 11, 'AZUL': 1, 'VALOR UNIONISTA': 14, 'CABAL': 10, 'TODOS': 0, 'VAMOS': 2, 'PHG': 0, 'PR': 2, 'PIN': 1, 'ELEFANTE': 4, 'VICTORIA': 5, 'SEMILLA': 114, 'FCN-NACION': 0, 'PPN': 2, 'UR': 3, 'URNG-MAIZ WINAQ': 0, 'CREO': 0, 'BIEN': 6, 'VIVA': 4, 'MI FAMILIA': 3, 'CAMBIO': 0, 'VOS': 12}",2,16,212,0,Algún campo sin dato,1.Guatemala,15.Villa Nueva,0441,presidente
4279,,"{'UNE': 8, 'AZUL': 2, 'VALOR UNIONISTA': 22, 'CABAL': 10, 'TODOS': 0, 'VAMOS': 3, 'PHG': 0, 'PR': 0, 'PIN': 2, 'ELEFANTE': 1, 'VICTORIA': 3, 'SEMILLA': 59, 'FCN-NACION': 2, 'PPN': 0, 'UR': 7, 'URNG-MAIZ WINAQ': 0, 'CREO': 1, 'BIEN': 3, 'VIVA': 3, 'MI FAMILIA': 0, 'CAMBIO': 1, 'VOS': 12}",1,15,155,0,Algún campo sin dato,1.Guatemala,15.Villa Nueva,0441,presidente
4280,,"{'UNE': 18, 'AZUL': 4, 'VALOR UNIONISTA': 20, 'CABAL': 11, 'TODOS': 1, 'VAMOS': 8, 'PHG': 0, 'PR': 7, 'PIN': 0, 'ELEFANTE': 6, 'VICTORIA': 12, 'SEMILLA': 51, 'FCN-NACION': 3, 'PPN': 2, 'UR': 5, 'URNG-MAIZ WINAQ': 2, 'CREO': 3, 'BIEN': 8, 'VIVA': 21, 'MI FAMILIA': 7, 'CAMBIO': 0, 'VOS': 23}",1,39,252,0,Algún campo sin dato,1.Guatemala,15.Villa Nueva,0442,presidente
4281,,"{'UNE': 21, 'AZUL': 3, 'VALOR UNIONISTA': 33, 'CABAL': 18, 'TODOS': 0, 'VAMOS': 10, 'PHG': 0, 'PR': 2, 'PIN': 1, 'ELEFANTE': 4, 'VICTORIA': 9, 'SEMILLA': 60, 'FCN-NACION': 0, 'PPN': 0, 'UR': 7, 'URNG-MAIZ WINAQ': 2, 'CREO': 5, 'BIEN': 7, 'VIVA': 20, 'MI FAMILIA': 8, 'CAMBIO': 0, 'VOS': 19}",1,34,264,0,Algún campo sin dato,1.Guatemala,15.Villa Nueva,0442,presidente
4282,,"{'UNE': 25, 'AZUL': 2, 'VALOR UNIONISTA': 21, 'CABAL': 12, 'TODOS': 0, 'VAMOS': 12, 'PHG': 1, 'PR': 1, 'PIN': 1, 'ELEFANTE': 3, 'VICTORIA': 3, 'SEMILLA': 62, 'FCN-NACION': 1, 'PPN': 0, 'UR': 2, 'URNG-MAIZ WINAQ': 3, 'CREO': 1, 'BIEN': 12, 'VIVA': 17, 'MI FAMILIA': 3, 'CAMBIO': 0, 'VOS': 15}",1,40,238,0,Algún campo sin dato,1.Guatemala,15.Villa Nueva,0442,presidente
4283,,"{'UNE': 24, 'AZUL': 2, 'VALOR UNIONISTA': 30, 'CABAL': 13, 'TODOS': 1, 'VAMOS': 5, 'PHG': 0, 'PR': 3, 'PIN': 1, 'ELEFANTE': 1, 'VICTORIA': 10, 'SEMILLA': 37, 'FCN-NACION': 1, 'PPN': 1, 'UR': 1, 'URNG-MAIZ WINAQ': 7, 'CREO': 2, 'BIEN': 10, 'VIVA': 21, 'MI FAMILIA': 3, 'CAMBIO': 0, 'VOS': 15}",4,44,236,0,Algún campo sin dato,1.Guatemala,15.Villa Nueva,0442,presidente
4284,,"{'UNE': 14, 'AZUL': 3, 'VALOR UNIONISTA': 28, 'CABAL': 13, 'TODOS': 0, 'VAMOS': 6, 'PHG': 0, 'PR': 5, 'PIN': 2, 'ELEFANTE': 0, 'VICTORIA': 4, 'SEMILLA': 48, 'FCN-NACION': 0, 'PPN': 0, 'UR': 4, 'URNG-MAIZ WINAQ': 2, 'CREO': 0, 'BIEN': 10, 'VIVA': 21, 'MI FAMILIA': 3, 'CAMBIO': 0, 'VOS': 18}",8,52,241,0,Sumas Asentadas sin cuadrar,1.Guatemala,15.Villa Nueva,0442,presidente
4285,,"{'UNE': 26, 'AZUL': 3, 'VALOR UNIONISTA': 22, 'CABAL': 13, 'TODOS': 1, 'VAMOS': 8, 'PHG': 0, 'PR': 3, 'PIN': 0, 'ELEFANTE': 2, 'VICTORIA': 10, 'SEMILLA': 42, 'FCN-NACION': 0, 'PPN': 1, 'UR': 4, 'URNG-MAIZ WINAQ': 5, 'CREO': 3, 'BIEN': 9, 'VIVA': 17, 'MI FAMILIA': 6, 'CAMBIO': 0, 'VOS': 18}",3,42,238,0,Algún campo sin dato,1.Guatemala,15.Villa Nueva,0442,presidente
4286,,"{'UNE': 17, 'AZUL': 4, 'VALOR UNIONISTA': 25, 'CABAL': 9, 'TODOS': 0, 'VAMOS': 11, 'PHG': 0, 'PR': 1, 'PIN': 0, 'ELEFANTE': 6, 'VICTORIA': 9, 'SEMILLA': 54, 'FCN-NACION': 1, 'PPN': 0, 'UR': 2, 'URNG-MAIZ WINAQ': 3, 'CREO': 4, 'BIEN': 10, 'VIVA': 19, 'MI FAMILIA': 5, 'CAMBIO': 1, 'VOS': 21}",0,34,236,0,Algún campo sin dato,1.Guatemala,15.Villa Nueva,0442,presidente
4287,,"{'UNE': 29, 'AZUL': 1, 'VALOR UNIONISTA': 24, 'CABAL': 12, 'TODOS': 1, 'VAMOS': 4, 'PHG': 0, 'PR': 1, 'PIN': 0, 'ELEFANTE': 4, 'VICTORIA': 5, 'SEMILLA': 54, 'FCN-NACION': 1, 'PPN': 0, 'UR': 6, 'URNG-MAIZ WINAQ': 2, 'CREO': 0, 'BIEN': 13, 'VIVA': 13, 'MI FAMILIA': 4, 'CAMBIO': 0, 'VOS': 12}",2,32,220,0,Algún campo sin dato,1.Guatemala,15.Villa Nueva,0442,presidente
4288,,"{'UNE': 10, 'AZUL': 2, 'VALOR UNIONISTA': 15, 'CABAL': 13, 'TODOS': 0, 'VAMOS': 4, 'PHG': 0, 'PR': 1, 'PIN': 1, 'ELEFANTE': 1, 'VICTORIA': 5, 'SEMILLA': 129, 'FCN-NACION': 1, 'PPN': 0, 'UR': 6, 'URNG-MAIZ WINAQ': 1, 'CREO': 0, 'BIEN': 9, 'VIVA': 10, 'MI FAMILIA': 0, 'CAMBIO': 0, 'VOS': 11}",0,30,249,0,Algún campo sin dato,1.Guatemala,15.Villa Nueva,0442,presidente
4289,,"{'UNE': 14, 'AZUL': 6, 'VALOR UNIONISTA': 11, 'CABAL': 5, 'TODOS': 0, 'VAMOS': 9, 'PHG': 1, 'PR': 0, 'PIN': 2, 'ELEFANTE': 1, 'VICTORIA': 3, 'SEMILLA': 91, 'FCN-NACION': 1, 'PPN': 0, 'UR': 6, 'URNG-MAIZ WINAQ': 1, 'CREO': 0, 'BIEN': 11, 'VIVA': 6, 'MI FAMILIA': 2, 'CAMBIO': 0, 'VOS': 12}",2,26,210,0,Algún campo sin dato,1.Guatemala,15.Villa Nueva,0442,presidente
4290,,"{'UNE': 15, 'AZUL': 2, 'VALOR UNIONISTA': 26, 'CABAL': 17, 'TODOS': 0, 'VAMOS': 11, 'PHG': 1, 'PR': 3, 'PIN': 0, 'ELEFANTE': 1, 'VICTORIA': 2, 'SEMILLA': 76, 'FCN-NACION': 1, 'PPN': 0, 'UR': 2, 'URNG-MAIZ WINAQ': 5, 'CREO': 5, 'BIEN': 14, 'VIVA': 20, 'MI FAMILIA': 2, 'CAMBIO': 0, 'VOS': 30}",1,35,269,1,Algún campo sin dato,1.Guatemala,15.Villa Nueva,0443,presidente
4291,,"{'UNE': 13, 'AZUL': 2, 'VALOR UNIONISTA': 29, 'CABAL': 12, 'TODOS': 0, 'VAMOS': 5, 'PHG': 0, 'PR': 1, 'PIN': 2, 'ELEFANTE': 2, 'VICTORIA': 5, 'SEMILLA': 77, 'FCN-NACION': 0, 'PPN': 1, 'UR': 5, 'URNG-MAIZ WINAQ': 2, 'CREO': 1, 'BIEN': 17, 'VIVA': 12, 'MI FAMILIA': 6, 'CAMBIO': 0, 'VOS': 27}",2,21,242,6,Algún campo sin dato,1.Guatemala,15.Villa Nueva,0443,presidente
4292,,"{'UNE': 18, 'AZUL': 4, 'VALOR UNIONISTA': 24, 'CABAL': 14, 'TODOS': 1, 'VAMOS': 11, 'PHG': 1, 'PR': 3, 'PIN': 0, 'ELEFANTE': 2, 'VICTORIA': 3, 'SEMILLA': 73, 'FCN-NACION': 0, 'PPN': 1, 'UR': 1, 'URNG-MAIZ WINAQ': 3, 'CREO': 1, 'BIEN': 19, 'VIVA': 10, 'MI FAMILIA': 4, 'CAMBIO': 0, 'VOS': 34}",4,41,272,0,Algún campo sin dato,1.Guatemala,15.Villa Nueva,0443,presidente
4293,,"{'UNE': 15, 'AZUL': 2, 'VALOR UNIONISTA': 15, 'CABAL': 13, 'TODOS': 0, 'VAMOS': 7, 'PHG': 0, 'PR': 3, 'PIN': 0, 'ELEFANTE': 3, 'VICTORIA': 7, 'SEMILLA': 74, 'FCN-NACION': 0, 'PPN': 2, 'UR': 2, 'URNG-MAIZ WINAQ': 1, 'CREO': 2, 'BIEN': 22, 'VIVA': 13, 'MI FAMILIA': 1, 'CAMBIO': 0, 'VOS': 24}",1,25,232,0,Algún campo sin dato,1.Guatemala,15.Villa Nueva,0443,presidente
4294,,"{'UNE': 0, 'AZUL': 2, 'VALOR UNIONISTA': 26, 'CABAL': 15, 'TODOS': 0, 'VAMOS': 4, 'PHG': 0, 'PR': 7, 'PIN': 0, 'ELEFANTE': 3, 'VICTORIA': 4, 'SEMILLA': 82, 'FCN-NACION': 1, 'PPN': 1, 'UR': 1, 'URNG-MAIZ WINAQ': 4, 'CREO': 0, 'BIEN': 14, 'VIVA': 9, 'MI FAMILIA': 3, 'CAMBIO': 0, 'VOS': 32}",2,30,240,0,Algún campo sin dato,1.Guatemala,15.Villa Nueva,0443,presidente
4295,,"{'UNE': 5, 'AZUL': 5, 'VALOR UNIONISTA': 15, 'CABAL': 25, 'TODOS': 0, 'VAMOS': 10, 'PHG': 1, 'PR': 0, 'PIN': 0, 'ELEFANTE': 2, 'VICTORIA': 7, 'SEMILLA': 78, 'FCN-NACION': 2, 'PPN': 0, 'UR': 7, 'URNG-MAIZ WINAQ': 5, 'CREO': 1, 'BIEN': 20, 'VIVA': 9, 'MI FAMILIA': 3, 'CAMBIO': 1, 'VOS': 29}",1,32,258,0,Algún campo sin dato,1.Guatemala,15.Villa Nueva,0444,presidente
4296,,"{'UNE': 12, 'AZUL': 2, 'VALOR UNIONISTA': 36, 'CABAL': 14, 'TODOS': 1, 'VAMOS': 10, 'PHG': 1, 'PR': 2, 'PIN': 1, 'ELEFANTE': 2, 'VICTORIA': 3, 'SEMILLA': 79, 'FCN-NACION': 1, 'PPN': 0, 'UR': 4, 'URNG-MAIZ WINAQ': 4, 'CREO': 6, 'BIEN': 12, 'VIVA': 9, 'MI FAMILIA': 4, 'CAMBIO': 0, 'VOS': 24}",2,32,261,0,Algún campo sin dato,1.Guatemala,15.Villa Nueva,0444,presidente
4297,,"{'UNE': 10, 'AZUL': 7, 'VALOR UNIONISTA': 33, 'CABAL': 13, 'TODOS': 0, 'VAMOS': 6, 'PHG': 2, 'PR': 0, 'PIN': 3, 'ELEFANTE': 1, 'VICTORIA': 6, 'SEMILLA': 75, 'FCN-NACION': 2, 'PPN': 0, 'UR': 0, 'URNG-MAIZ WINAQ': 0, 'CREO': 5, 'BIEN': 12, 'VIVA': 11, 'MI FAMILIA': 7, 'CAMBIO': 1, 'VOS': 29}",1,25,249,0,Algún campo sin dato,1.Guatemala,15.Villa Nueva,0444,presidente
4298,,"{'UNE': 8, 'AZUL': 2, 'VALOR UNIONISTA': 19, 'CABAL': 12, 'TODOS': 1, 'VAMOS': 2, 'PHG': 0, 'PR': 0, 'PIN': 0, 'ELEFANTE': 0, 'VICTORIA': 3, 'SEMILLA': 98, 'FCN-NACION': 4, 'PPN': 0, 'UR': 5, 'URNG-MAIZ WINAQ': 3, 'CREO': 0, 'BIEN': 13, 'VIVA': 7, 'MI FAMILIA': 0, 'CAMBIO': 0, 'VOS': 34}",0,28,239,0,Algún campo sin dato,1.Guatemala,15.Villa Nueva,0444,presidente
4299,,"{'UNE': 4, 'AZUL': 2, 'VALOR UNIONISTA': 16, 'CABAL': 10, 'TODOS': 0, 'VAMOS': 4, 'PHG': 0, 'PR': 2, 'PIN': 0, 'ELEFANTE': 1, 'VICTORIA': 2, 'SEMILLA': 154, 'FCN-NACION': 0, 'PPN': 0, 'UR': 3, 'URNG-MAIZ WINAQ': 3, 'CREO': 0, 'BIEN': 11, 'VIVA': 8, 'MI FAMILIA': 1, 'CAMBIO': 0, 'VOS': 20}",0,14,255,0,,1.Guatemala,15.Villa Nueva,0444,presidente
4300,,"{'UNE': 6, 'AZUL': 2, 'VALOR UNIONISTA': 11, 'CABAL': 1, 'TODOS': 0, 'VAMOS': 4, 'PHG': 1, 'PR': 0, 'PIN': 0, 'ELEFANTE': 0, 'VICTORIA': 1, 'SEMILLA': 121, 'FCN-NACION': 1, 'PPN': 0, 'UR': 2, 'URNG-MAIZ WINAQ': 2, 'CREO': 2, 'BIEN': 7, 'VIVA': 10, 'MI FAMILIA': 2, 'CAMBIO': 0, 'VOS': 20}",1,20,214,0,Algún campo sin dato,1.Guatemala,15.Villa Nueva,0444,presidente
4301,,"{'UNE': 4, 'AZUL': 0, 'VALOR UNIONISTA': 16, 'CABAL': 9, 'TODOS': 0, 'VAMOS': 5, 'PHG': 0, 'PR': 1, 'PIN': 0, 'ELEFANTE': 1, 'VICTORIA': 1, 'SEMILLA': 160, 'FCN-NACION': 0, 'PPN': 1, 'UR': 2, 'URNG-MAIZ WINAQ': 1, 'CREO': 0, 'BIEN': 7, 'VIVA': 3, 'MI FAMILIA': 2, 'CAMBIO': 0, 'VOS': 9}",0,19,241,0,Algún campo sin dato,1.Guatemala,15.Villa Nueva,0444,presidente
4302,,"{'UNE': 11, 'AZUL': 6, 'VALOR UNIONISTA': 33, 'CABAL': 12, 'TODOS': 1, 'VAMOS': 3, 'PHG': 0, 'PR': 4, 'PIN': 1, 'ELEFANTE': 3, 'VICTORIA': 3, 'SEMILLA': 70, 'FCN-NACION': 0, 'PPN': 1, 'UR': 8, 'URNG-MAIZ WINAQ': 5, 'CREO': 5, 'BIEN': 12, 'VIVA': 16, 'MI FAMILIA': 6, 'CAMBIO': 1, 'VOS': 14}",4,41,260,0,Algún campo sin dato,1.Guatemala,15.Villa Nueva,0445,presidente
4303,,"{'UNE': 11, 'AZUL': 3, 'VALOR UNIONISTA': 35, 'CABAL': 17, 'TODOS': 1, 'VAMOS': 7, 'PHG': 0, 'PR': 2, 'PIN': 2, 'ELEFANTE': 8, 'VICTORIA': 5, 'SEMILLA': 59, 'FCN-NACION': 1, 'PPN': 1, 'UR': 4, 'URNG-MAIZ WINAQ': 3, 'CREO': 4, 'BIEN': 19, 'VIVA': 19, 'MI FAMILIA': 5, 'CAMBIO': 0, 'VOS': 30}",0,48,284,0,,1.Guatemala,15.Villa Nueva,0445,presidente
4304,,"{'UNE': 10, 'AZUL': 0, 'VALOR UNIONISTA': 37, 'CABAL': 20, 'TODOS': 0, 'VAMOS': 7, 'PHG': 0, 'PR': 2, 'PIN': 1, 'ELEFANTE': 4, 'VICTORIA': 3, 'SEMILLA': 72, 'FCN-NACION': 2, 'PPN': 2, 'UR': 5, 'URNG-MAIZ WINAQ': 5, 'CREO': 7, 'BIEN': 10, 'VIVA': 17, 'MI FAMILIA': 9, 'CAMBIO': 0, 'VOS': 25}",3,36,277,0,Algún campo sin dato,1.Guatemala,15.Villa Nueva,0445,presidente
4305,,"{'UNE': 14, 'AZUL': 1, 'VALOR UNIONISTA': 35, 'CABAL': 14, 'TODOS': 2, 'VAMOS': 6, 'PHG': 0, 'PR': 5, 'PIN': 2, 'ELEFANTE': 4, 'VICTORIA': 5, 'SEMILLA': 58, 'FCN-NACION': 2, 'PPN': 2, 'UR': 7, 'URNG-MAIZ WINAQ': 4, 'CREO': 2, 'BIEN': 9, 'VIVA': 22, 'MI FAMILIA': 10, 'CAMBIO': 1, 'VOS': 22}",0,38,265,0,Algún campo sin dato,1.Guatemala,15.Villa Nueva,0445,presidente
4306,,"{'UNE': 11, 'AZUL': 5, 'VALOR UNIONISTA': 38, 'CABAL': 16, 'TODOS': 1, 'VAMOS': 9, 'PHG': 0, 'PR': 2, 'PIN': 1, 'ELEFANTE': 3, 'VICTORIA': 2, 'SEMILLA': 73, 'FCN-NACION': 2, 'PPN': 1, 'UR': 2, 'URNG-MAIZ WINAQ': 2, 'CREO': 1, 'BIEN': 15, 'VIVA': 22, 'MI FAMILIA': 5, 'CAMBIO': 0, 'VOS': 28}",0,28,267,0,Algún campo sin dato,1.Guatemala,15.Villa Nueva,0445,presidente
4307,,"{'UNE': 6, 'AZUL': 2, 'VALOR UNIONISTA': 30, 'CABAL': 15, 'TODOS': 1, 'VAMOS': 3, 'PHG': 0, 'PR': 1, 'PIN': 1, 'ELEFANTE': 2, 'VICTORIA': 4, 'SEMILLA': 78, 'FCN-NACION': 2, 'PPN': 1, 'UR': 3, 'URNG-MAIZ WINAQ': 1, 'CREO': 2, 'BIEN': 19, 'VIVA': 18, 'MI FAMILIA': 4, 'CAMBIO': 0, 'VOS': 28}",0,31,252,0,Algún campo sin dato,1.Guatemala,15.Villa Nueva,0445,presidente
4308,,"{'UNE': 9, 'AZUL': 8, 'VALOR UNIONISTA': 24, 'CABAL': 15, 'TODOS': 0, 'VAMOS': 6, 'PHG': 0, 'PR': 4, 'PIN': 0, 'ELEFANTE': 4, 'VICTORIA': 0, 'SEMILLA': 69, 'FCN-NACION': 0, 'PPN': 1, 'UR': 5, 'URNG-MAIZ WINAQ': 4, 'CREO': 4, 'BIEN': 14, 'VIVA': 22, 'MI FAMILIA': 2, 'CAMBIO': 0, 'VOS': 25}",0,51,267,0,Algún campo sin dato,1.Guatemala,15.Villa Nueva,0445,presidente
4309,,"{'UNE': 10, 'AZUL': 3, 'VALOR UNIONISTA': 0, 'CABAL': 15, 'TODOS': 1, 'VAMOS': 6, 'PHG': 0, 'PR': 3, 'PIN': 0, 'ELEFANTE': 1, 'VICTORIA': 6, 'SEMILLA': 67, 'FCN-NACION': 5, 'PPN': 2, 'UR': 5, 'URNG-MAIZ WINAQ': 1, 'CREO': 0, 'BIEN': 15, 'VIVA': 19, 'MI FAMILIA': 6, 'CAMBIO': 0, 'VOS': 26}",3,38,232,0,Sumas Asentadas sin cuadrar,1.Guatemala,15.Villa Nueva,0445,presidente
4310,,"{'UNE': 14, 'AZUL': 3, 'VALOR UNIONISTA': 34, 'CABAL': 13, 'TODOS': 0, 'VAMOS': 6, 'PHG': 1, 'PR': 3, 'PIN': 3, 'ELEFANTE': 2, 'VICTORIA': 6, 'SEMILLA': 65, 'FCN-NACION': 0, 'PPN': 1, 'UR': 1, 'URNG-MAIZ WINAQ': 2, 'CREO': 4, 'BIEN': 23, 'VIVA': 15, 'MI FAMILIA': 8, 'CAMBIO': 0, 'VOS': 25}",0,33,262,0,Algún campo sin dato,1.Guatemala,15.Villa Nueva,0445,presidente
4311,,"{'UNE': 12, 'AZUL': 3, 'VALOR UNIONISTA': 21, 'CABAL': 15, 'TODOS': 0, 'VAMOS': 6, 'PHG': 1, 'PR': 1, 'PIN': 2, 'ELEFANTE': 8, 'VICTORIA': 6, 'SEMILLA': 59, 'FCN-NACION': 1, 'PPN': 1, 'UR': 1, 'URNG-MAIZ WINAQ': 3, 'CREO': 1, 'BIEN': 13, 'VIVA': 15, 'MI FAMILIA': 11, 'CAMBIO': 2, 'VOS': 22}",1,40,245,0,Algún campo sin dato,1.Guatemala,15.Villa Nueva,0445,presidente
4312,,"{'UNE': 14, 'AZUL': 2, 'VALOR UNIONISTA': 28, 'CABAL': 17, 'TODOS': 0, 'VAMOS': 3, 'PHG': 2, 'PR': 4, 'PIN': 1, 'ELEFANTE': 2, 'VICTORIA': 5, 'SEMILLA': 66, 'FCN-NACION': 2, 'PPN': 3, 'UR': 8, 'URNG-MAIZ WINAQ': 6, 'CREO': 2, 'BIEN': 16, 'VIVA': 11, 'MI FAMILIA': 2, 'CAMBIO': 1, 'VOS': 33}",1,41,270,0,,1.Guatemala,15.Villa Nueva,0445,presidente
4313,,"{'UNE': 7, 'AZUL': 3, 'VALOR UNIONISTA': 27, 'CABAL': 8, 'TODOS': 1, 'VAMOS': 2, 'PHG': 0, 'PR': 1, 'PIN': 2, 'ELEFANTE': 2, 'VICTORIA': 6, 'SEMILLA': 64, 'FCN-NACION': 0, 'PPN': 1, 'UR': 6, 'URNG-MAIZ WINAQ': 2, 'CREO': 2, 'BIEN': 21, 'VIVA': 25, 'MI FAMILIA': 8, 'CAMBIO': 1, 'VOS': 20}",0,40,249,0,,1.Guatemala,15.Villa Nueva,0445,presidente
4314,,"{'UNE': 8, 'AZUL': 2, 'VALOR UNIONISTA': 32, 'CABAL': 9, 'TODOS': 0, 'VAMOS': 6, 'PHG': 0, 'PR': 0, 'PIN': 5, 'ELEFANTE': 4, 'VICTORIA': 6, 'SEMILLA': 69, 'FCN-NACION': 1, 'PPN': 0, 'UR': 10, 'URNG-MAIZ WINAQ': 1, 'CREO': 4, 'BIEN': 17, 'VIVA': 15, 'MI FAMILIA': 4, 'CAMBIO': 0, 'VOS': 25}",3,38,259,0,Sumas Asentadas sin cuadrar,1.Guatemala,15.Villa Nueva,0445,presidente
4315,,"{'UNE': 13, 'AZUL': 6, 'VALOR UNIONISTA': 30, 'CABAL': 18, 'TODOS': 1, 'VAMOS': 4, 'PHG': 0, 'PR': 2, 'PIN': 0, 'ELEFANTE': 1, 'VICTORIA': 6, 'SEMILLA': 53, 'FCN-NACION': 1, 'PPN': 1, 'UR': 8, 'URNG-MAIZ WINAQ': 2, 'CREO': 2, 'BIEN': 18, 'VIVA': 17, 'MI FAMILIA': 6, 'CAMBIO': 0, 'VOS': 21}",5,22,237,0,Algún campo sin dato,1.Guatemala,15.Villa Nueva,0445,presidente
4316,,"{'UNE': 14, 'AZUL': 24, 'VALOR UNIONISTA': 0, 'CABAL': 0, 'TODOS': 4, 'VAMOS': 1, 'PHG': 1, 'PR': 8, 'PIN': 2, 'ELEFANTE': 3, 'VICTORIA': 80, 'SEMILLA': 0, 'FCN-NACION': 2, 'PPN': 7, 'UR': 2, 'URNG-MAIZ WINAQ': 3, 'CREO': 13, 'BIEN': 18, 'VIVA': 4, 'MI FAMILIA': 0, 'CAMBIO': 27, 'VOS': 0}",1,32,246,0,Algún campo sin dato,1.Guatemala,15.Villa Nueva,0445,presidente
4317,,"{'UNE': 7, 'AZUL': 3, 'VALOR UNIONISTA': 14, 'CABAL': 10, 'TODOS': 0, 'VAMOS': 1, 'PHG': 0, 'PR': 2, 'PIN': 1, 'ELEFANTE': 0, 'VICTORIA': 7, 'SEMILLA': 112, 'FCN-NACION': 0, 'PPN': 1, 'UR': 1, 'URNG-MAIZ WINAQ': 0, 'CREO': 3, 'BIEN': 22, 'VIVA': 8, 'MI FAMILIA': 1, 'CAMBIO': 0, 'VOS': 17}",2,28,240,0,Sumas Asentadas sin cuadrar,1.Guatemala,15.Villa Nueva,0446,presidente
4318,,"{'UNE': 3, 'AZUL': 4, 'VALOR UNIONISTA': 17, 'CABAL': 11, 'TODOS': 0, 'VAMOS': 4, 'PHG': 2, 'PR': 1, 'PIN': 0, 'ELEFANTE': 0, 'VICTORIA': 4, 'SEMILLA': 149, 'FCN-NACION': 3, 'PPN': 0, 'UR': 0, 'URNG-MAIZ WINAQ': 0, 'CREO': 0, 'BIEN': 20, 'VIVA': 8, 'MI FAMILIA': 0, 'CAMBIO': 0, 'VOS': 26}",0,17,269,0,Algún campo sin dato,1.Guatemala,15.Villa Nueva,0446,presidente
4319,,"{'UNE': 2, 'AZUL': 0, 'VALOR UNIONISTA': 14, 'CABAL': 10, 'TODOS': 0, 'VAMOS': 1, 'PHG': 0, 'PR': 0, 'PIN': 1, 'ELEFANTE': 0, 'VICTORIA': 3, 'SEMILLA': 112, 'FCN-NACION': 1, 'PPN': 0, 'UR': 2, 'URNG-MAIZ WINAQ': 3, 'CREO': 2, 'BIEN': 5, 'VIVA': 16, 'MI FAMILIA': 1, 'CAMBIO': 1, 'VOS': 15}",0,29,218,0,Algún campo sin dato,1.Guatemala,15.Villa Nueva,0446,presidente
4320,,"{'UNE': 3, 'AZUL': 0, 'VALOR UNIONISTA': 5, 'CABAL': 6, 'TODOS': 0, 'VAMOS': 3, 'PHG': 0, 'PR': 2, 'PIN': 1, 'ELEFANTE': 2, 'VICTORIA': 4, 'SEMILLA': 93, 'FCN-NACION': 0, 'PPN': 2, 'UR': 0, 'URNG-MAIZ WINAQ': 3, 'CREO': 0, 'BIEN': 11, 'VIVA': 10, 'MI FAMILIA': 4, 'CAMBIO': 0, 'VOS': 10}",0,20,179,0,Algún campo sin dato,1.Guatemala,15.Villa Nueva,0446,presidente
4321,,"{'UNE': 4, 'AZUL': 1, 'VALOR UNIONISTA': 15, 'CABAL': 7, 'TODOS': 0, 'VAMOS': 1, 'PHG': 0, 'PR': 0, 'PIN': 2, 'ELEFANTE': 0, 'VICTORIA': 2, 'SEMILLA': 89, 'FCN-NACION': 0, 'PPN': 0, 'UR': 3, 'URNG-MAIZ WINAQ': 5, 'CREO': 1, 'BIEN': 7, 'VIVA': 8, 'MI FAMILIA': 1, 'CAMBIO': 0, 'VOS': 14}",1,14,175,0,Algún campo sin dato,1.Guatemala,15.Villa Nueva,0446,presidente
4322,,"{'UNE': 31, 'AZUL': 1, 'VALOR UNIONISTA': 26, 'CABAL': 11, 'TODOS': 1, 'VAMOS': 4, 'PHG': 0, 'PR': 0, 'PIN': 0, 'ELEFANTE': 6, 'VICTORIA': 4, 'SEMILLA': 28, 'FCN-NACION': 3, 'PPN': 2, 'UR': 2, 'URNG-MAIZ WINAQ': 2, 'CREO': 0, 'BIEN': 8, 'VIVA': 35, 'MI FAMILIA': 8, 'CAMBIO': 0, 'VOS': 15}",7,27,221,21,Algún campo sin dato,1.Guatemala,15.Villa Nueva,0447,presidente
4323,,"{'UNE': 30, 'AZUL': 1, 'VALOR UNIONISTA': 31, 'CABAL': 11, 'TODOS': 0, 'VAMOS': 15, 'PHG': 0, 'PR': 2, 'PIN': 1, 'ELEFANTE': 5, 'VICTORIA': 10, 'SEMILLA': 38, 'FCN-NACION': 0, 'PPN': 2, 'UR': 6, 'URNG-MAIZ WINAQ': 5, 'CREO': 3, 'BIEN': 11, 'VIVA': 29, 'MI FAMILIA': 6, 'CAMBIO': 0, 'VOS': 11}",7,43,267,4,Algún campo sin dato,1.Guatemala,15.Villa Nueva,0447,presidente
4324,,"{'UNE': 30, 'AZUL': 3, 'VALOR UNIONISTA': 19, 'CABAL': 7, 'TODOS': 1, 'VAMOS': 7, 'PHG': 0, 'PR': 4, 'PIN': 0, 'ELEFANTE': 8, 'VICTORIA': 8, 'SEMILLA': 41, 'FCN-NACION': 2, 'PPN': 2, 'UR': 8, 'URNG-MAIZ WINAQ': 3, 'CREO': 0, 'BIEN': 10, 'VIVA': 41, 'MI FAMILIA': 11, 'CAMBIO': 0, 'VOS': 10}",4,43,262,0,Algún campo sin dato,1.Guatemala,15.Villa Nueva,0447,presidente
4325,,"{'UNE': 24, 'AZUL': 2, 'VALOR UNIONISTA': 23, 'CABAL': 12, 'TODOS': 0, 'VAMOS': 7, 'PHG': 1, 'PR': 3, 'PIN': 0, 'ELEFANTE': 0, 'VICTORIA': 5, 'SEMILLA': 34, 'FCN-NACION': 1, 'PPN': 0, 'UR': 6, 'URNG-MAIZ WINAQ': 7, 'CREO': 1, 'BIEN': 10, 'VIVA': 32, 'MI FAMILIA': 6, 'CAMBIO': 0, 'VOS': 15}",2,50,241,0,Algún campo sin dato,1.Guatemala,15.Villa Nueva,0447,presidente
4326,,"{'UNE': 26, 'AZUL': 1, 'VALOR UNIONISTA': 18, 'CABAL': 5, 'TODOS': 1, 'VAMOS': 7, 'PHG': 0, 'PR': 2, 'PIN': 2, 'ELEFANTE': 3, 'VICTORIA': 4, 'SEMILLA': 43, 'FCN-NACION': 0, 'PPN': 5, 'UR': 4, 'URNG-MAIZ WINAQ': 3, 'CREO': 1, 'BIEN': 16, 'VIVA': 36, 'MI FAMILIA': 10, 'CAMBIO': 0, 'VOS': 10}",4,48,249,0,Algún campo sin dato,1.Guatemala,15.Villa Nueva,0447,presidente
4327,,"{'UNE': 35, 'AZUL': 4, 'VALOR UNIONISTA': 24, 'CABAL': 8, 'TODOS': 0, 'VAMOS': 7, 'PHG': 0, 'PR': 7, 'PIN': 0, 'ELEFANTE': 1, 'VICTORIA': 7, 'SEMILLA': 26, 'FCN-NACION': 3, 'PPN': 0, 'UR': 9, 'URNG-MAIZ WINAQ': 3, 'CREO': 3, 'BIEN': 7, 'VIVA': 19, 'MI FAMILIA': 7, 'CAMBIO': 1, 'VOS': 5}",2,54,232,0,Algún campo sin dato,1.Guatemala,15.Villa Nueva,0447,presidente
4328,,"{'UNE': 35, 'AZUL': 2, 'VALOR UNIONISTA': 17, 'CABAL': 11, 'TODOS': 1, 'VAMOS': 15, 'PHG': 0, 'PR': 2, 'PIN': 1, 'ELEFANTE': 5, 'VICTORIA': 6, 'SEMILLA': 21, 'FCN-NACION': 2, 'PPN': 2, 'UR': 2, 'URNG-MAIZ WINAQ': 3, 'CREO': 0, 'BIEN': 10, 'VIVA': 34, 'MI FAMILIA': 6, 'CAMBIO': 0, 'VOS': 8}",1,42,226,0,Algún campo sin dato,1.Guatemala,15.Villa Nueva,0447,presidente
4329,,"{'UNE': 30, 'AZUL': 4, 'VALOR UNIONISTA': 17, 'CABAL': 13, 'TODOS': 0, 'VAMOS': 8, 'PHG': 0, 'PR': 0, 'PIN': 0, 'ELEFANTE': 4, 'VICTORIA': 9, 'SEMILLA': 29, 'FCN-NACION': 1, 'PPN': 0, 'UR': 4, 'URNG-MAIZ WINAQ': 2, 'CREO': 3, 'BIEN': 14, 'VIVA': 37, 'MI FAMILIA': 3, 'CAMBIO': 1, 'VOS': 13}",2,44,238,0,Algún campo sin dato,1.Guatemala,15.Villa Nueva,0447,presidente
4330,,"{'UNE': 37, 'AZUL': 3, 'VALOR UNIONISTA': 24, 'CABAL': 10, 'TODOS': 4, 'VAMOS': 6, 'PHG': 0, 'PR': 3, 'PIN': 0, 'ELEFANTE': 3, 'VICTORIA': 9, 'SEMILLA': 32, 'FCN-NACION': 0, 'PPN': 2, 'UR': 4, 'URNG-MAIZ WINAQ': 3, 'CREO': 1, 'BIEN': 10, 'VIVA': 27, 'MI FAMILIA': 4, 'CAMBIO': 1, 'VOS': 9}",8,36,236,0,Algún campo sin dato,1.Guatemala,15.Villa Nueva,0447,presidente
4331,,"{'UNE': 38, 'AZUL': 2, 'VALOR UNIONISTA': 18, 'CABAL': 10, 'TODOS': 0, 'VAMOS': 12, 'PHG': 0, 'PR': 3, 'PIN': 0, 'ELEFANTE': 1, 'VICTORIA': 5, 'SEMILLA': 27, 'FCN-NACION': 2, 'PPN': 2, 'UR': 3, 'URNG-MAIZ WINAQ': 2, 'CREO': 1, 'BIEN': 3, 'VIVA': 43, 'MI FAMILIA': 5, 'CAMBIO': 0, 'VOS': 12}",5,32,226,0,Algún campo sin dato,1.Guatemala,15.Villa Nueva,0447,presidente
4332,,"{'UNE': 30, 'AZUL': 1, 'VALOR UNIONISTA': 15, 'CABAL': 7, 'TODOS': 0, 'VAMOS': 11, 'PHG': 0, 'PR': 1, 'PIN': 1, 'ELEFANTE': 2, 'VICTORIA': 10, 'SEMILLA': 29, 'FCN-NACION': 0, 'PPN': 0, 'UR': 2, 'URNG-MAIZ WINAQ': 3, 'CREO': 0, 'BIEN': 10, 'VIVA': 25, 'MI FAMILIA': 9, 'CAMBIO': 0, 'VOS': 8}",6,40,210,0,Algún campo sin dato,1.Guatemala,15.Villa Nueva,0447,presidente
4333,,"{'UNE': 31, 'AZUL': 0, 'VALOR UNIONISTA': 15, 'CABAL': 9, 'TODOS': 1, 'VAMOS': 7, 'PHG': 0, 'PR': 1, 'PIN': 0, 'ELEFANTE': 3, 'VICTORIA': 8, 'SEMILLA': 31, 'FCN-NACION': 1, 'PPN': 1, 'UR': 5, 'URNG-MAIZ WINAQ': 1, 'CREO': 1, 'BIEN': 6, 'VIVA': 31, 'MI FAMILIA': 4, 'CAMBIO': 2, 'VOS': 6}",7,38,209,0,Algún campo sin dato,1.Guatemala,15.Villa Nueva,0447,presidente
4334,,"{'UNE': 11, 'AZUL': 2, 'VALOR UNIONISTA': 11, 'CABAL': 16, 'TODOS': 0, 'VAMOS': 4, 'PHG': 0, 'PR': 1, 'PIN': 2, 'ELEFANTE': 2, 'VICTORIA': 4, 'SEMILLA': 69, 'FCN-NACION': 0, 'PPN': 0, 'UR': 4, 'URNG-MAIZ WINAQ': 4, 'CREO': 2, 'BIEN': 12, 'VIVA': 28, 'MI FAMILIA': 6, 'CAMBIO': 0, 'VOS': 14}",0,26,218,0,Algún campo sin dato,1.Guatemala,15.Villa Nueva,0447,presidente
4335,,"{'UNE': 21, 'AZUL': 0, 'VALOR UNIONISTA': 14, 'CABAL': 8, 'TODOS': 1, 'VAMOS': 8, 'PHG': 1, 'PR': 1, 'PIN': 1, 'ELEFANTE': 2, 'VICTORIA': 7, 'SEMILLA': 71, 'FCN-NACION': 2, 'PPN': 2, 'UR': 5, 'URNG-MAIZ WINAQ': 3, 'CREO': 1, 'BIEN': 9, 'VIVA': 23, 'MI FAMILIA': 1, 'CAMBIO': 0, 'VOS': 8}",0,23,212,0,Algún campo sin dato,1.Guatemala,15.Villa Nueva,0447,presidente
4336,,"{'UNE': 11, 'AZUL': 1, 'VALOR UNIONISTA': 12, 'CABAL': 3, 'TODOS': 0, 'VAMOS': 2, 'PHG': 0, 'PR': 0, 'PIN': 1, 'ELEFANTE': 0, 'VICTORIA': 2, 'SEMILLA': 43, 'FCN-NACION': 2, 'PPN': 1, 'UR': 2, 'URNG-MAIZ WINAQ': 3, 'CREO': 1, 'BIEN': 4, 'VIVA': 10, 'MI FAMILIA': 2, 'CAMBIO': 0, 'VOS': 6}",1,12,119,0,Algún campo sin dato,1.Guatemala,15.Villa Nueva,0447,presidente
4337,,"{'UNE': 14, 'AZUL': 0, 'VALOR UNIONISTA': 9, 'CABAL': 3, 'TODOS': 1, 'VAMOS': 5, 'PHG': 0, 'PR': 1, 'PIN': 0, 'ELEFANTE': 0, 'VICTORIA': 2, 'SEMILLA': 41, 'FCN-NACION': 0, 'PPN': 1, 'UR': 2, 'URNG-MAIZ WINAQ': 2, 'CREO': 0, 'BIEN': 4, 'VIVA': 9, 'MI FAMILIA': 4, 'CAMBIO': 0, 'VOS': 3}",1,15,117,1,Algún campo sin dato,1.Guatemala,15.Villa Nueva,0447,presidente
4338,,"{'UNE': 27, 'AZUL': 3, 'VALOR UNIONISTA': 23, 'CABAL': 12, 'TODOS': 0, 'VAMOS': 8, 'PHG': 0, 'PR': 3, 'PIN': 0, 'ELEFANTE': 5, 'VICTORIA': 12, 'SEMILLA': 44, 'FCN-NACION': 4, 'PPN': 3, 'UR': 2, 'URNG-MAIZ WINAQ': 4, 'CREO': 2, 'BIEN': 9, 'VIVA': 28, 'MI FAMILIA': 7, 'CAMBIO': 0, 'VOS': 11}",1,44,252,0,Algún campo sin dato,1.Guatemala,15.Villa Nueva,0448,presidente
4339,,"{'UNE': 32, 'AZUL': 3, 'VALOR UNIONISTA': 20, 'CABAL': 14, 'TODOS': 1, 'VAMOS': 7, 'PHG': 0, 'PR': 3, 'PIN': 1, 'ELEFANTE': 2, 'VICTORIA': 5, 'SEMILLA': 39, 'FCN-NACION': 2, 'PPN': 2, 'UR': 4, 'URNG-MAIZ WINAQ': 7, 'CREO': 1, 'BIEN': 11, 'VIVA': 25, 'MI FAMILIA': 9, 'CAMBIO': 0, 'VOS': 19}",2,45,254,0,Algún campo sin dato,1.Guatemala,15.Villa Nueva,0448,presidente
4340,,"{'UNE': 19, 'AZUL': 2, 'VALOR UNIONISTA': 24, 'CABAL': 9, 'TODOS': 0, 'VAMOS': 11, 'PHG': 1, 'PR': 2, 'PIN': 1, 'ELEFANTE': 0, 'VICTORIA': 12, 'SEMILLA': 39, 'FCN-NACION': 2, 'PPN': 2, 'UR': 8, 'URNG-MAIZ WINAQ': 6, 'CREO': 0, 'BIEN': 12, 'VIVA': 17, 'MI FAMILIA': 7, 'CAMBIO': 0, 'VOS': 14}",5,45,238,0,Sumas Asentadas sin cuadrar,1.Guatemala,15.Villa Nueva,0448,presidente
4341,,"{'UNE': 39, 'AZUL': 5, 'VALOR UNIONISTA': 22, 'CABAL': 17, 'TODOS': 1, 'VAMOS': 13, 'PHG': 0, 'PR': 1, 'PIN': 1, 'ELEFANTE': 5, 'VICTORIA': 5, 'SEMILLA': 39, 'FCN-NACION': 4, 'PPN': 2, 'UR': 7, 'URNG-MAIZ WINAQ': 7, 'CREO': 3, 'BIEN': 13, 'VIVA': 27, 'MI FAMILIA': 10, 'CAMBIO': 0, 'VOS': 8}",7,41,277,0,Algún campo sin dato,1.Guatemala,15.Villa Nueva,0448,presidente
4342,,"{'UNE': 38, 'AZUL': 0, 'VALOR UNIONISTA': 21, 'CABAL': 14, 'TODOS': 0, 'VAMOS': 8, 'PHG': 0, 'PR': 2, 'PIN': 2, 'ELEFANTE': 1, 'VICTORIA': 10, 'SEMILLA': 37, 'FCN-NACION': 3, 'PPN': 3, 'UR': 8, 'URNG-MAIZ WINAQ': 3, 'CREO': 3, 'BIEN': 12, 'VIVA': 23, 'MI FAMILIA': 9, 'CAMBIO': 1, 'VOS': 11}",5,37,251,0,Algún campo sin dato,1.Guatemala,15.Villa Nueva,0448,presidente
4343,,"{'UNE': 28, 'AZUL': 2, 'VALOR UNIONISTA': 26, 'CABAL': 15, 'TODOS': 1, 'VAMOS': 10, 'PHG': 1, 'PR': 2, 'PIN': 2, 'ELEFANTE': 3, 'VICTORIA': 9, 'SEMILLA': 42, 'FCN-NACION': 2, 'PPN': 0, 'UR': 9, 'URNG-MAIZ WINAQ': 4, 'CREO': 1, 'BIEN': 15, 'VIVA': 30, 'MI FAMILIA': 10, 'CAMBIO': 0, 'VOS': 8}",3,40,263,0,Algún campo sin dato,1.Guatemala,15.Villa Nueva,0448,presidente
4344,,"{'UNE': 23, 'AZUL': 6, 'VALOR UNIONISTA': 27, 'CABAL': 7, 'TODOS': 1, 'VAMOS': 11, 'PHG': 1, 'PR': 4, 'PIN': 2, 'ELEFANTE': 3, 'VICTORIA': 9, 'SEMILLA': 41, 'FCN-NACION': 0, 'PPN': 0, 'UR': 8, 'URNG-MAIZ WINAQ': 5, 'CREO': 2, 'BIEN': 8, 'VIVA': 23, 'MI FAMILIA': 9, 'CAMBIO': 1, 'VOS': 15}",4,41,251,1,Algún campo sin dato,1.Guatemala,15.Villa Nueva,0448,presidente
4345,,"{'UNE': 22, 'AZUL': 3, 'VALOR UNIONISTA': 28, 'CABAL': 18, 'TODOS': 1, 'VAMOS': 13, 'PHG': 1, 'PR': 3, 'PIN': 0, 'ELEFANTE': 5, 'VICTORIA': 4, 'SEMILLA': 48, 'FCN-NACION': 4, 'PPN': 3, 'UR': 6, 'URNG-MAIZ WINAQ': 4, 'CREO': 0, 'BIEN': 17, 'VIVA': 28, 'MI FAMILIA': 15, 'CAMBIO': 0, 'VOS': 12}",0,39,274,0,Algún campo sin dato,1.Guatemala,15.Villa Nueva,0448,presidente
4346,,"{'UNE': 16, 'AZUL': 3, 'VALOR UNIONISTA': 25, 'CABAL': 11, 'TODOS': 0, 'VAMOS': 7, 'PHG': 0, 'PR': 2, 'PIN': 3, 'ELEFANTE': 1, 'VICTORIA': 5, 'SEMILLA': 38, 'FCN-NACION': 1, 'PPN': 2, 'UR': 12, 'URNG-MAIZ WINAQ': 5, 'CREO': 0, 'BIEN': 16, 'VIVA': 30, 'MI FAMILIA': 11, 'CAMBIO': 1, 'VOS': 17}",3,49,258,0,Algún campo sin dato,1.Guatemala,15.Villa Nueva,0448,presidente
4347,,"{'UNE': 28, 'AZUL': 5, 'VALOR UNIONISTA': 20, 'CABAL': 14, 'TODOS': 0, 'VAMOS': 10, 'PHG': 0, 'PR': 2, 'PIN': 1, 'ELEFANTE': 2, 'VICTORIA': 11, 'SEMILLA': 32, 'FCN-NACION': 3, 'PPN': 0, 'UR': 6, 'URNG-MAIZ WINAQ': 2, 'CREO': 0, 'BIEN': 8, 'VIVA': 23, 'MI FAMILIA': 11, 'CAMBIO': 0, 'VOS': 15}",0,64,257,0,Algún campo sin dato,1.Guatemala,15.Villa Nueva,0448,presidente
4348,,"{'UNE': 18, 'AZUL': 2, 'VALOR UNIONISTA': 0, 'CABAL': 18, 'TODOS': 2, 'VAMOS': 10, 'PHG': 1, 'PR': 2, 'PIN': 2, 'ELEFANTE': 6, 'VICTORIA': 10, 'SEMILLA': 41, 'FCN-NACION': 0, 'PPN': 1, 'UR': 4, 'URNG-MAIZ WINAQ': 8, 'CREO': 6, 'BIEN': 17, 'VIVA': 21, 'MI FAMILIA': 8, 'CAMBIO': 2, 'VOS': 27}",0,32,238,0,Algún campo sin dato,1.Guatemala,15.Villa Nueva,0448,presidente
4349,,"{'UNE': 28, 'AZUL': 1, 'VALOR UNIONISTA': 29, 'CABAL': 14, 'TODOS': 1, 'VAMOS': 8, 'PHG': 0, 'PR': 2, 'PIN': 0, 'ELEFANTE': 3, 'VICTORIA': 10, 'SEMILLA': 40, 'FCN-NACION': 0, 'PPN': 1, 'UR': 2, 'URNG-MAIZ WINAQ': 3, 'CREO': 2, 'BIEN': 16, 'VIVA': 21, 'MI FAMILIA': 3, 'CAMBIO': 3, 'VOS': 8}",3,37,235,0,Algún campo sin dato,1.Guatemala,15.Villa Nueva,0448,presidente
4350,,"{'UNE': 14, 'AZUL': 1, 'VALOR UNIONISTA': 23, 'CABAL': 8, 'TODOS': 0, 'VAMOS': 8, 'PHG': 0, 'PR': 0, 'PIN': 0, 'ELEFANTE': 2, 'VICTORIA': 5, 'SEMILLA': 60, 'FCN-NACION': 1, 'PPN': 1, 'UR': 4, 'URNG-MAIZ WINAQ': 5, 'CREO': 0, 'BIEN': 10, 'VIVA': 21, 'MI FAMILIA': 2, 'CAMBIO': 0, 'VOS': 21}",1,31,218,0,Algún campo sin dato,1.Guatemala,15.Villa Nueva,0448,presidente
4351,,"{'UNE': 16, 'AZUL': 0, 'VALOR UNIONISTA': 12, 'CABAL': 10, 'TODOS': 0, 'VAMOS': 4, 'PHG': 0, 'PR': 2, 'PIN': 0, 'ELEFANTE': 3, 'VICTORIA': 11, 'SEMILLA': 47, 'FCN-NACION': 3, 'PPN': 0, 'UR': 4, 'URNG-MAIZ WINAQ': 1, 'CREO': 4, 'BIEN': 21, 'VIVA': 22, 'MI FAMILIA': 1, 'CAMBIO': 0, 'VOS': 22}",6,26,215,0,Algún campo sin dato,1.Guatemala,15.Villa Nueva,0448,presidente
4352,,"{'UNE': 14, 'AZUL': 2, 'VALOR UNIONISTA': 27, 'CABAL': 11, 'TODOS': 0, 'VAMOS': 9, 'PHG': 0, 'PR': 3, 'PIN': 0, 'ELEFANTE': 6, 'VICTORIA': 7, 'SEMILLA': 46, 'FCN-NACION': 1, 'PPN': 1, 'UR': 3, 'URNG-MAIZ WINAQ': 4, 'CREO': 3, 'BIEN': 13, 'VIVA': 27, 'MI FAMILIA': 4, 'CAMBIO': 0, 'VOS': 14}",1,33,229,0,Algún campo sin dato,1.Guatemala,15.Villa Nueva,0448,presidente
4353,,"{'UNE': 38, 'AZUL': 1, 'VALOR UNIONISTA': 28, 'CABAL': 10, 'TODOS': 0, 'VAMOS': 7, 'PHG': 1, 'PR': 3, 'PIN': 0, 'ELEFANTE': 3, 'VICTORIA': 9, 'SEMILLA': 37, 'FCN-NACION': 1, 'PPN': 1, 'UR': 7, 'URNG-MAIZ WINAQ': 3, 'CREO': 2, 'BIEN': 10, 'VIVA': 15, 'MI FAMILIA': 3, 'CAMBIO': 0, 'VOS': 22}",3,30,234,0,Algún campo sin dato,1.Guatemala,15.Villa Nueva,0448,presidente
4354,,"{'UNE': 27, 'AZUL': 4, 'VALOR UNIONISTA': 20, 'CABAL': 8, 'TODOS': 0, 'VAMOS': 6, 'PHG': 1, 'PR': 1, 'PIN': 1, 'ELEFANTE': 6, 'VICTORIA': 9, 'SEMILLA': 45, 'FCN-NACION': 2, 'PPN': 2, 'UR': 4, 'URNG-MAIZ WINAQ': 0, 'CREO': 1, 'BIEN': 15, 'VIVA': 29, 'MI FAMILIA': 9, 'CAMBIO': 0, 'VOS': 9}",2,25,226,0,Algún campo sin dato,1.Guatemala,15.Villa Nueva,0448,presidente
4355,,"{'UNE': 26, 'AZUL': 3, 'VALOR UNIONISTA': 22, 'CABAL': 9, 'TODOS': 0, 'VAMOS': 15, 'PHG': 1, 'PR': 3, 'PIN': 0, 'ELEFANTE': 1, 'VICTORIA': 10, 'SEMILLA': 39, 'FCN-NACION': 1, 'PPN': 0, 'UR': 2, 'URNG-MAIZ WINAQ': 2, 'CREO': 2, 'BIEN': 11, 'VIVA': 29, 'MI FAMILIA': 10, 'CAMBIO': 1, 'VOS': 18}",2,40,247,0,Algún campo sin dato,1.Guatemala,15.Villa Nueva,0448,presidente
4356,,"{'UNE': 29, 'AZUL': 6, 'VALOR UNIONISTA': 16, 'CABAL': 13, 'TODOS': 0, 'VAMOS': 8, 'PHG': 0, 'PR': 3, 'PIN': 0, 'ELEFANTE': 2, 'VICTORIA': 7, 'SEMILLA': 43, 'FCN-NACION': 1, 'PPN': 0, 'UR': 3, 'URNG-MAIZ WINAQ': 6, 'CREO': 2, 'BIEN': 11, 'VIVA': 17, 'MI FAMILIA': 6, 'CAMBIO': 0, 'VOS': 25}",3,29,230,0,Algún campo sin dato,1.Guatemala,15.Villa Nueva,0448,presidente
4357,,"{'UNE': 23, 'AZUL': 2, 'VALOR UNIONISTA': 16, 'CABAL': 11, 'TODOS': 0, 'VAMOS': 8, 'PHG': 0, 'PR': 1, 'PIN': 1, 'ELEFANTE': 3, 'VICTORIA': 7, 'SEMILLA': 64, 'FCN-NACION': 2, 'PPN': 0, 'UR': 1, 'URNG-MAIZ WINAQ': 3, 'CREO': 1, 'BIEN': 14, 'VIVA': 16, 'MI FAMILIA': 8, 'CAMBIO': 1, 'VOS': 21}",1,39,243,0,Sumas Asentadas sin cuadrar,1.Guatemala,15.Villa Nueva,0448,presidente
4358,,"{'UNE': 18, 'AZUL': 5, 'VALOR UNIONISTA': 0, 'CABAL': 14, 'TODOS': 0, 'VAMOS': 12, 'PHG': 0, 'PR': 3, 'PIN': 0, 'ELEFANTE': 2, 'VICTORIA': 9, 'SEMILLA': 51, 'FCN-NACION': 1, 'PPN': 0, 'UR': 6, 'URNG-MAIZ WINAQ': 3, 'CREO': 4, 'BIEN': 14, 'VIVA': 16, 'MI FAMILIA': 4, 'CAMBIO': 0, 'VOS': 23}",12,29,226,0,Sumas Asentadas sin cuadrar,1.Guatemala,15.Villa Nueva,0448,presidente
4359,,"{'UNE': 42, 'AZUL': 3, 'VALOR UNIONISTA': 14, 'CABAL': 12, 'TODOS': 1, 'VAMOS': 11, 'PHG': 0, 'PR': 1, 'PIN': 0, 'ELEFANTE': 5, 'VICTORIA': 4, 'SEMILLA': 41, 'FCN-NACION': 1, 'PPN': 1, 'UR': 12, 'URNG-MAIZ WINAQ': 4, 'CREO': 2, 'BIEN': 11, 'VIVA': 18, 'MI FAMILIA': 8, 'CAMBIO': 0, 'VOS': 19}",3,45,258,0,Algún campo sin dato,1.Guatemala,15.Villa Nueva,0448,presidente
4360,,"{'UNE': 23, 'AZUL': 5, 'VALOR UNIONISTA': 28, 'CABAL': 10, 'TODOS': 1, 'VAMOS': 6, 'PHG': 0, 'PR': 3, 'PIN': 0, 'ELEFANTE': 1, 'VICTORIA': 9, 'SEMILLA': 46, 'FCN-NACION': 2, 'PPN': 2, 'UR': 2, 'URNG-MAIZ WINAQ': 5, 'CREO': 3, 'BIEN': 12, 'VIVA': 23, 'MI FAMILIA': 9, 'CAMBIO': 0, 'VOS': 12}",1,40,243,152,Algún campo sin dato,1.Guatemala,15.Villa Nueva,0448,presidente
4361,,"{'UNE': 14, 'AZUL': 3, 'VALOR UNIONISTA': 27, 'CABAL': 7, 'TODOS': 0, 'VAMOS': 8, 'PHG': 0, 'PR': 3, 'PIN': 2, 'ELEFANTE': 3, 'VICTORIA': 5, 'SEMILLA': 52, 'FCN-NACION': 2, 'PPN': 2, 'UR': 8, 'URNG-MAIZ WINAQ': 5, 'CREO': 1, 'BIEN': 12, 'VIVA': 37, 'MI FAMILIA': 8, 'CAMBIO': 0, 'VOS': 27}",5,34,265,39,Sumas Asentadas sin cuadrar,1.Guatemala,15.Villa Nueva,0448,presidente
4362,,"{'UNE': 32, 'AZUL': 4, 'VALOR UNIONISTA': 23, 'CABAL': 9, 'TODOS': 0, 'VAMOS': 6, 'PHG': 0, 'PR': 6, 'PIN': 2, 'ELEFANTE': 2, 'VICTORIA': 6, 'SEMILLA': 46, 'FCN-NACION': 0, 'PPN': 0, 'UR': 5, 'URNG-MAIZ WINAQ': 4, 'CREO': 1, 'BIEN': 15, 'VIVA': 29, 'MI FAMILIA': 4, 'CAMBIO': 0, 'VOS': 16}",3,36,249,0,Algún campo sin dato,1.Guatemala,15.Villa Nueva,0448,presidente
4363,,"{'UNE': 25, 'AZUL': 2, 'VALOR UNIONISTA': 15, 'CABAL': 19, 'TODOS': 1, 'VAMOS': 12, 'PHG': 0, 'PR': 1, 'PIN': 0, 'ELEFANTE': 3, 'VICTORIA': 4, 'SEMILLA': 46, 'FCN-NACION': 0, 'PPN': 1, 'UR': 6, 'URNG-MAIZ WINAQ': 5, 'CREO': 0, 'BIEN': 14, 'VIVA': 22, 'MI FAMILIA': 5, 'CAMBIO': 0, 'VOS': 21}",7,37,246,0,Algún campo sin dato,1.Guatemala,15.Villa Nueva,0448,presidente
4364,,"{'UNE': 24, 'AZUL': 2, 'VALOR UNIONISTA': 21, 'CABAL': 12, 'TODOS': 0, 'VAMOS': 10, 'PHG': 0, 'PR': 0, 'PIN': 3, 'ELEFANTE': 1, 'VICTORIA': 9, 'SEMILLA': 58, 'FCN-NACION': 3, 'PPN': 2, 'UR': 8, 'URNG-MAIZ WINAQ': 4, 'CREO': 1, 'BIEN': 14, 'VIVA': 18, 'MI FAMILIA': 3, 'CAMBIO': 0, 'VOS': 16}",3,34,246,10,Algún campo sin dato,1.Guatemala,15.Villa Nueva,0448,presidente
4365,,"{'UNE': 37, 'AZUL': 3, 'VALOR UNIONISTA': 20, 'CABAL': 11, 'TODOS': 1, 'VAMOS': 20, 'PHG': 0, 'PR': 3, 'PIN': 1, 'ELEFANTE': 0, 'VICTORIA': 6, 'SEMILLA': 33, 'FCN-NACION': 1, 'PPN': 0, 'UR': 5, 'URNG-MAIZ WINAQ': 4, 'CREO': 1, 'BIEN': 16, 'VIVA': 21, 'MI FAMILIA': 7, 'CAMBIO': 0, 'VOS': 12}",2,35,239,0,Algún campo sin dato,1.Guatemala,15.Villa Nueva,0448,presidente
4366,,"{'UNE': 22, 'AZUL': 1, 'VALOR UNIONISTA': 18, 'CABAL': 18, 'TODOS': 0, 'VAMOS': 18, 'PHG': 0, 'PR': 3, 'PIN': 0, 'ELEFANTE': 1, 'VICTORIA': 8, 'SEMILLA': 27, 'FCN-NACION': 1, 'PPN': 1, 'UR': 6, 'URNG-MAIZ WINAQ': 2, 'CREO': 3, 'BIEN': 11, 'VIVA': 18, 'MI FAMILIA': 7, 'CAMBIO': 0, 'VOS': 15}",4,54,238,0,Algún campo sin dato,1.Guatemala,15.Villa Nueva,0448,presidente
4367,,"{'UNE': 28, 'AZUL': 2, 'VALOR UNIONISTA': 22, 'CABAL': 7, 'TODOS': 0, 'VAMOS': 9, 'PHG': 0, 'PR': 4, 'PIN': 1, 'ELEFANTE': 3, 'VICTORIA': 5, 'SEMILLA': 42, 'FCN-NACION': 1, 'PPN': 0, 'UR': 6, 'URNG-MAIZ WINAQ': 4, 'CREO': 1, 'BIEN': 10, 'VIVA': 23, 'MI FAMILIA': 2, 'CAMBIO': 0, 'VOS': 13}",10,45,238,1,Algún campo sin dato,1.Guatemala,15.Villa Nueva,0448,presidente
4368,,"{'UNE': 30, 'AZUL': 2, 'VALOR UNIONISTA': 19, 'CABAL': 7, 'TODOS': 1, 'VAMOS': 7, 'PHG': 0, 'PR': 1, 'PIN': 0, 'ELEFANTE': 2, 'VICTORIA': 8, 'SEMILLA': 36, 'FCN-NACION': 2, 'PPN': 1, 'UR': 4, 'URNG-MAIZ WINAQ': 4, 'CREO': 2, 'BIEN': 14, 'VIVA': 16, 'MI FAMILIA': 9, 'CAMBIO': 0, 'VOS': 15}",4,34,218,0,Algún campo sin dato,1.Guatemala,15.Villa Nueva,0448,presidente
4369,,"{'UNE': 29, 'AZUL': 0, 'VALOR UNIONISTA': 21, 'CABAL': 10, 'TODOS': 0, 'VAMOS': 9, 'PHG': 0, 'PR': 2, 'PIN': 0, 'ELEFANTE': 3, 'VICTORIA': 3, 'SEMILLA': 37, 'FCN-NACION': 0, 'PPN': 1, 'UR': 2, 'URNG-MAIZ WINAQ': 2, 'CREO': 1, 'BIEN': 10, 'VIVA': 31, 'MI FAMILIA': 9, 'CAMBIO': 0, 'VOS': 15}",3,39,227,1,Algún campo sin dato,1.Guatemala,15.Villa Nueva,0448,presidente
4370,,"{'UNE': 27, 'AZUL': 4, 'VALOR UNIONISTA': 20, 'CABAL': 11, 'TODOS': 0, 'VAMOS': 10, 'PHG': 0, 'PR': 2, 'PIN': 2, 'ELEFANTE': 1, 'VICTORIA': 5, 'SEMILLA': 39, 'FCN-NACION': 0, 'PPN': 1, 'UR': 5, 'URNG-MAIZ WINAQ': 2, 'CREO': 1, 'BIEN': 18, 'VIVA': 23, 'MI FAMILIA': 5, 'CAMBIO': 0, 'VOS': 8}",5,36,225,0,Sumas Asentadas sin cuadrar,1.Guatemala,15.Villa Nueva,0448,presidente
4371,,"{'UNE': 25, 'AZUL': 4, 'VALOR UNIONISTA': 23, 'CABAL': 6, 'TODOS': 0, 'VAMOS': 11, 'PHG': 0, 'PR': 1, 'PIN': 0, 'ELEFANTE': 3, 'VICTORIA': 4, 'SEMILLA': 30, 'FCN-NACION': 0, 'PPN': 1, 'UR': 3, 'URNG-MAIZ WINAQ': 2, 'CREO': 1, 'BIEN': 6, 'VIVA': 21, 'MI FAMILIA': 5, 'CAMBIO': 0, 'VOS': 14}",4,35,199,0,Algún campo sin dato,1.Guatemala,15.Villa Nueva,0449,presidente
4372,,"{'UNE': 30, 'AZUL': 2, 'VALOR UNIONISTA': 25, 'CABAL': 12, 'TODOS': 0, 'VAMOS': 4, 'PHG': 0, 'PR': 0, 'PIN': 0, 'ELEFANTE': 2, 'VICTORIA': 7, 'SEMILLA': 37, 'FCN-NACION': 0, 'PPN': 1, 'UR': 8, 'URNG-MAIZ WINAQ': 3, 'CREO': 1, 'BIEN': 13, 'VIVA': 21, 'MI FAMILIA': 9, 'CAMBIO': 0, 'VOS': 9}",3,47,234,0,Algún campo sin dato,1.Guatemala,15.Villa Nueva,0449,presidente
4373,,"{'UNE': 16, 'AZUL': 1, 'VALOR UNIONISTA': 22, 'CABAL': 8, 'TODOS': 0, 'VAMOS': 6, 'PHG': 0, 'PR': 3, 'PIN': 0, 'ELEFANTE': 1, 'VICTORIA': 6, 'SEMILLA': 30, 'FCN-NACION': 1, 'PPN': 1, 'UR': 4, 'URNG-MAIZ WINAQ': 2, 'CREO': 2, 'BIEN': 9, 'VIVA': 18, 'MI FAMILIA': 5, 'CAMBIO': 2, 'VOS': 11}",3,28,179,0,Algún campo sin dato,1.Guatemala,15.Villa Nueva,0449,presidente
4374,,"{'UNE': 27, 'AZUL': 2, 'VALOR UNIONISTA': 15, 'CABAL': 20, 'TODOS': 0, 'VAMOS': 7, 'PHG': 1, 'PR': 2, 'PIN': 2, 'ELEFANTE': 2, 'VICTORIA': 8, 'SEMILLA': 35, 'FCN-NACION': 0, 'PPN': 1, 'UR': 6, 'URNG-MAIZ WINAQ': 1, 'CREO': 3, 'BIEN': 14, 'VIVA': 16, 'MI FAMILIA': 7, 'CAMBIO': 0, 'VOS': 13}",3,33,218,0,Algún campo sin dato,1.Guatemala,15.Villa Nueva,0449,presidente
4375,,"{'UNE': 21, 'AZUL': 2, 'VALOR UNIONISTA': 24, 'CABAL': 8, 'TODOS': 0, 'VAMOS': 6, 'PHG': 0, 'PR': 2, 'PIN': 2, 'ELEFANTE': 1, 'VICTORIA': 4, 'SEMILLA': 40, 'FCN-NACION': 0, 'PPN': 0, 'UR': 3, 'URNG-MAIZ WINAQ': 4, 'CREO': 5, 'BIEN': 11, 'VIVA': 17, 'MI FAMILIA': 4, 'CAMBIO': 0, 'VOS': 13}",1,32,200,0,Algún campo sin dato,1.Guatemala,15.Villa Nueva,0449,presidente
4376,,"{'UNE': 16, 'AZUL': 0, 'VALOR UNIONISTA': 21, 'CABAL': 8, 'TODOS': 0, 'VAMOS': 7, 'PHG': 1, 'PR': 1, 'PIN': 0, 'ELEFANTE': 2, 'VICTORIA': 10, 'SEMILLA': 49, 'FCN-NACION': 3, 'PPN': 0, 'UR': 3, 'URNG-MAIZ WINAQ': 0, 'CREO': 0, 'BIEN': 0, 'VIVA': 0, 'MI FAMILIA': 0, 'CAMBIO': 0, 'VOS': 0}",200,33,354,0,Sumas Asentadas sin cuadrar,1.Guatemala,15.Villa Nueva,0449,presidente
4377,,"{'UNE': 15, 'AZUL': 2, 'VALOR UNIONISTA': 17, 'CABAL': 5, 'TODOS': 1, 'VAMOS': 9, 'PHG': 1, 'PR': 0, 'PIN': 1, 'ELEFANTE': 5, 'VICTORIA': 7, 'SEMILLA': 70, 'FCN-NACION': 0, 'PPN': 0, 'UR': 2, 'URNG-MAIZ WINAQ': 2, 'CREO': 2, 'BIEN': 9, 'VIVA': 19, 'MI FAMILIA': 4, 'CAMBIO': 0, 'VOS': 21}",1,37,230,0,Algún campo sin dato,1.Guatemala,15.Villa Nueva,0449,presidente
4378,,"{'UNE': 12, 'AZUL': 4, 'VALOR UNIONISTA': 13, 'CABAL': 5, 'TODOS': 0, 'VAMOS': 5, 'PHG': 0, 'PR': 3, 'PIN': 0, 'ELEFANTE': 1, 'VICTORIA': 10, 'SEMILLA': 73, 'FCN-NACION': 0, 'PPN': 0, 'UR': 2, 'URNG-MAIZ WINAQ': 0, 'CREO': 1, 'BIEN': 15, 'VIVA': 15, 'MI FAMILIA': 3, 'CAMBIO': 0, 'VOS': 13}",0,23,198,0,,1.Guatemala,15.Villa Nueva,0449,presidente
4379,,"{'UNE': 9, 'AZUL': 0, 'VALOR UNIONISTA': 14, 'CABAL': 8, 'TODOS': 0, 'VAMOS': 5, 'PHG': 0, 'PR': 1, 'PIN': 0, 'ELEFANTE': 1, 'VICTORIA': 9, 'SEMILLA': 134, 'FCN-NACION': 2, 'PPN': 0, 'UR': 2, 'URNG-MAIZ WINAQ': 2, 'CREO': 0, 'BIEN': 12, 'VIVA': 12, 'MI FAMILIA': 1, 'CAMBIO': 0, 'VOS': 18}",2,14,246,0,Algún campo sin dato,1.Guatemala,15.Villa Nueva,0449,presidente
4380,,"{'UNE': 11, 'AZUL': 1, 'VALOR UNIONISTA': 15, 'CABAL': 8, 'TODOS': 0, 'VAMOS': 4, 'PHG': 0, 'PR': 3, 'PIN': 0, 'ELEFANTE': 4, 'VICTORIA': 5, 'SEMILLA': 134, 'FCN-NACION': 0, 'PPN': 0, 'UR': 1, 'URNG-MAIZ WINAQ': 2, 'CREO': 0, 'BIEN': 11, 'VIVA': 11, 'MI FAMILIA': 3, 'CAMBIO': 0, 'VOS': 22}",0,16,251,0,Algún campo sin dato,1.Guatemala,15.Villa Nueva,0449,presidente
4381,,"{'UNE': 12, 'AZUL': 1, 'VALOR UNIONISTA': 10, 'CABAL': 10, 'TODOS': 0, 'VAMOS': 6, 'PHG': 0, 'PR': 0, 'PIN': 0, 'ELEFANTE': 0, 'VICTORIA': 2, 'SEMILLA': 129, 'FCN-NACION': 2, 'PPN': 0, 'UR': 5, 'URNG-MAIZ WINAQ': 1, 'CREO': 1, 'BIEN': 11, 'VIVA': 10, 'MI FAMILIA': 0, 'CAMBIO': 1, 'VOS': 14}",0,23,238,0,Algún campo sin dato,1.Guatemala,15.Villa Nueva,0449,presidente
4382,,"{'UNE': 17, 'AZUL': 2, 'VALOR UNIONISTA': 14, 'CABAL': 5, 'TODOS': 0, 'VAMOS': 8, 'PHG': 0, 'PR': 1, 'PIN': 0, 'ELEFANTE': 0, 'VICTORIA': 6, 'SEMILLA': 58, 'FCN-NACION': 0, 'PPN': 2, 'UR': 5, 'URNG-MAIZ WINAQ': 0, 'CREO': 1, 'BIEN': 8, 'VIVA': 14, 'MI FAMILIA': 5, 'CAMBIO': 0, 'VOS': 5}",2,33,186,0,Algún campo sin dato,1.Guatemala,15.Villa Nueva,0449,presidente
4383,,"{'UNE': 16, 'AZUL': 0, 'VALOR UNIONISTA': 16, 'CABAL': 4, 'TODOS': 1, 'VAMOS': 11, 'PHG': 0, 'PR': 1, 'PIN': 0, 'ELEFANTE': 2, 'VICTORIA': 3, 'SEMILLA': 99, 'FCN-NACION': 3, 'PPN': 0, 'UR': 2, 'URNG-MAIZ WINAQ': 1, 'CREO': 0, 'BIEN': 11, 'VIVA': 19, 'MI FAMILIA': 2, 'CAMBIO': 1, 'VOS': 10}",2,27,231,0,Algún campo sin dato,1.Guatemala,15.Villa Nueva,0449,presidente
4384,,"{'UNE': 21, 'AZUL': 0, 'VALOR UNIONISTA': 9, 'CABAL': 2, 'TODOS': 0, 'VAMOS': 13, 'PHG': 0, 'PR': 0, 'PIN': 0, 'ELEFANTE': 0, 'VICTORIA': 2, 'SEMILLA': 67, 'FCN-NACION': 2, 'PPN': 0, 'UR': 3, 'URNG-MAIZ WINAQ': 1, 'CREO': 0, 'BIEN': 6, 'VIVA': 18, 'MI FAMILIA': 2, 'CAMBIO': 0, 'VOS': 14}",1,29,190,0,Algún campo sin dato,1.Guatemala,15.Villa Nueva,0449,presidente
4385,,"{'UNE': 14, 'AZUL': 2, 'VALOR UNIONISTA': 1, 'CABAL': 3, 'TODOS': 0, 'VAMOS': 11, 'PHG': 0, 'PR': 0, 'PIN': 0, 'ELEFANTE': 3, 'VICTORIA': 2, 'SEMILLA': 55, 'FCN-NACION': 0, 'PPN': 1, 'UR': 1, 'URNG-MAIZ WINAQ': 4, 'CREO': 1, 'BIEN': 13, 'VIVA': 18, 'MI FAMILIA': 3, 'CAMBIO': 0, 'VOS': 10}",0,34,176,0,Algún campo sin dato,1.Guatemala,15.Villa Nueva,0449,presidente
4386,,"{'UNE': 19, 'AZUL': 2, 'VALOR UNIONISTA': 9, 'CABAL': 3, 'TODOS': 1, 'VAMOS': 10, 'PHG': 0, 'PR': 1, 'PIN': 0, 'ELEFANTE': 2, 'VICTORIA': 4, 'SEMILLA': 84, 'FCN-NACION': 1, 'PPN': 1, 'UR': 1, 'URNG-MAIZ WINAQ': 4, 'CREO': 1, 'BIEN': 10, 'VIVA': 14, 'MI FAMILIA': 8, 'CAMBIO': 1, 'VOS': 6}",0,31,213,0,Algún campo sin dato,1.Guatemala,15.Villa Nueva,0449,presidente
4387,,"{'UNE': 10, 'AZUL': 1, 'VALOR UNIONISTA': 20, 'CABAL': 6, 'TODOS': 0, 'VAMOS': 15, 'PHG': 0, 'PR': 1, 'PIN': 0, 'ELEFANTE': 0, 'VICTORIA': 2, 'SEMILLA': 81, 'FCN-NACION': 2, 'PPN': 0, 'UR': 3, 'URNG-MAIZ WINAQ': 2, 'CREO': 1, 'BIEN': 8, 'VIVA': 9, 'MI FAMILIA': 3, 'CAMBIO': 0, 'VOS': 8}",1,9,182,11,Algún campo sin dato,1.Guatemala,15.Villa Nueva,0449,presidente
4388,,"{'UNE': 8, 'AZUL': 1, 'VALOR UNIONISTA': 9, 'CABAL': 9, 'TODOS': 0, 'VAMOS': 14, 'PHG': 0, 'PR': 1, 'PIN': 1, 'ELEFANTE': 1, 'VICTORIA': 1, 'SEMILLA': 97, 'FCN-NACION': 2, 'PPN': 0, 'UR': 2, 'URNG-MAIZ WINAQ': 2, 'CREO': 0, 'BIEN': 12, 'VIVA': 6, 'MI FAMILIA': 4, 'CAMBIO': 0, 'VOS': 15}",0,22,207,0,Algún campo sin dato,1.Guatemala,15.Villa Nueva,0449,presidente
4389,,"{'UNE': 10, 'AZUL': 0, 'VALOR UNIONISTA': 7, 'CABAL': 6, 'TODOS': 1, 'VAMOS': 4, 'PHG': 0, 'PR': 0, 'PIN': 0, 'ELEFANTE': 1, 'VICTORIA': 1, 'SEMILLA': 56, 'FCN-NACION': 0, 'PPN': 0, 'UR': 3, 'URNG-MAIZ WINAQ': 1, 'CREO': 1, 'BIEN': 4, 'VIVA': 5, 'MI FAMILIA': 1, 'CAMBIO': 0, 'VOS': 10}",1,13,125,0,Algún campo sin dato,1.Guatemala,15.Villa Nueva,0449,presidente
4390,,"{'UNE': 6, 'AZUL': 0, 'VALOR UNIONISTA': 5, 'CABAL': 1, 'TODOS': 0, 'VAMOS': 9, 'PHG': 0, 'PR': 1, 'PIN': 1, 'ELEFANTE': 0, 'VICTORIA': 6, 'SEMILLA': 36, 'FCN-NACION': 0, 'PPN': 0, 'UR': 2, 'URNG-MAIZ WINAQ': 1, 'CREO': 0, 'BIEN': 6, 'VIVA': 3, 'MI FAMILIA': 3, 'CAMBIO': 0, 'VOS': 5}",2,5,92,0,Algún campo sin dato,1.Guatemala,15.Villa Nueva,0449,presidente
4391,,"{'UNE': 40, 'AZUL': 4, 'VALOR UNIONISTA': 24, 'CABAL': 4, 'TODOS': 2, 'VAMOS': 13, 'PHG': 0, 'PR': 3, 'PIN': 3, 'ELEFANTE': 2, 'VICTORIA': 4, 'SEMILLA': 21, 'FCN-NACION': 1, 'PPN': 1, 'UR': 3, 'URNG-MAIZ WINAQ': 4, 'CREO': 0, 'BIEN': 5, 'VIVA': 21, 'MI FAMILIA': 5, 'CAMBIO': 0, 'VOS': 9}",8,55,232,0,,1.Guatemala,15.Villa Nueva,0450,presidente
4392,,"{'UNE': 36, 'AZUL': 1, 'VALOR UNIONISTA': 23, 'CABAL': 6, 'TODOS': 0, 'VAMOS': 7, 'PHG': 1, 'PR': 2, 'PIN': 0, 'ELEFANTE': 1, 'VICTORIA': 3, 'SEMILLA': 36, 'FCN-NACION': 0, 'PPN': 2, 'UR': 3, 'URNG-MAIZ WINAQ': 2, 'CREO': 1, 'BIEN': 7, 'VIVA': 24, 'MI FAMILIA': 8, 'CAMBIO': 0, 'VOS': 16}",5,57,241,0,Algún campo sin dato,1.Guatemala,15.Villa Nueva,0450,presidente
4393,,"{'UNE': 33, 'AZUL': 1, 'VALOR UNIONISTA': 27, 'CABAL': 6, 'TODOS': 0, 'VAMOS': 10, 'PHG': 0, 'PR': 2, 'PIN': 0, 'ELEFANTE': 3, 'VICTORIA': 7, 'SEMILLA': 35, 'FCN-NACION': 0, 'PPN': 1, 'UR': 5, 'URNG-MAIZ WINAQ': 3, 'CREO': 0, 'BIEN': 7, 'VIVA': 39, 'MI FAMILIA': 6, 'CAMBIO': 0, 'VOS': 14}",7,48,254,0,Algún campo sin dato,1.Guatemala,15.Villa Nueva,0450,presidente
4394,,"{'UNE': 57, 'AZUL': 0, 'VALOR UNIONISTA': 28, 'CABAL': 10, 'TODOS': 0, 'VAMOS': 8, 'PHG': 0, 'PR': 0, 'PIN': 0, 'ELEFANTE': 2, 'VICTORIA': 8, 'SEMILLA': 29, 'FCN-NACION': 3, 'PPN': 0, 'UR': 7, 'URNG-MAIZ WINAQ': 8, 'CREO': 0, 'BIEN': 0, 'VIVA': 26, 'MI FAMILIA': 0, 'CAMBIO': 0, 'VOS': 6}",8,42,242,0,,1.Guatemala,15.Villa Nueva,0450,presidente
4395,,"{'UNE': 44, 'AZUL': 1, 'VALOR UNIONISTA': 36, 'CABAL': 6, 'TODOS': 0, 'VAMOS': 13, 'PHG': 0, 'PR': 1, 'PIN': 0, 'ELEFANTE': 5, 'VICTORIA': 8, 'SEMILLA': 28, 'FCN-NACION': 2, 'PPN': 2, 'UR': 8, 'URNG-MAIZ WINAQ': 2, 'CREO': 3, 'BIEN': 4, 'VIVA': 41, 'MI FAMILIA': 2, 'CAMBIO': 1, 'VOS': 5}",1,58,271,0,Algún campo sin dato,1.Guatemala,15.Villa Nueva,0450,presidente
4396,,"{'UNE': 28, 'AZUL': 0, 'VALOR UNIONISTA': 24, 'CABAL': 11, 'TODOS': 0, 'VAMOS': 11, 'PHG': 0, 'PR': 3, 'PIN': 2, 'ELEFANTE': 0, 'VICTORIA': 8, 'SEMILLA': 26, 'FCN-NACION': 1, 'PPN': 2, 'UR': 5, 'URNG-MAIZ WINAQ': 6, 'CREO': 0, 'BIEN': 3, 'VIVA': 25, 'MI FAMILIA': 1, 'CAMBIO': 1, 'VOS': 10}",1,63,231,0,Algún campo sin dato,1.Guatemala,15.Villa Nueva,0450,presidente
4397,,"{'UNE': 42, 'AZUL': 1, 'VALOR UNIONISTA': 25, 'CABAL': 7, 'TODOS': 0, 'VAMOS': 8, 'PHG': 0, 'PR': 2, 'PIN': 1, 'ELEFANTE': 6, 'VICTORIA': 6, 'SEMILLA': 35, 'FCN-NACION': 0, 'PPN': 0, 'UR': 3, 'URNG-MAIZ WINAQ': 1, 'CREO': 0, 'BIEN': 7, 'VIVA': 18, 'MI FAMILIA': 4, 'CAMBIO': 0, 'VOS': 11}",5,56,238,0,Algún campo sin dato,1.Guatemala,15.Villa Nueva,0450,presidente
4398,,"{'UNE': 28, 'AZUL': 1, 'VALOR UNIONISTA': 26, 'CABAL': 10, 'TODOS': 0, 'VAMOS': 6, 'PHG': 1, 'PR': 1, 'PIN': 0, 'ELEFANTE': 0, 'VICTORIA': 6, 'SEMILLA': 46, 'FCN-NACION': 0, 'PPN': 0, 'UR': 3, 'URNG-MAIZ WINAQ': 5, 'CREO': 2, 'BIEN': 10, 'VIVA': 21, 'MI FAMILIA': 0, 'CAMBIO': 0, 'VOS': 12}",4,43,225,0,Algún campo sin dato,1.Guatemala,15.Villa Nueva,0450,presidente
4399,,"{'UNE': 17, 'AZUL': 0, 'VALOR UNIONISTA': 23, 'CABAL': 8, 'TODOS': 1, 'VAMOS': 9, 'PHG': 0, 'PR': 0, 'PIN': 0, 'ELEFANTE': 2, 'VICTORIA': 5, 'SEMILLA': 49, 'FCN-NACION': 0, 'PPN': 2, 'UR': 4, 'URNG-MAIZ WINAQ': 1, 'CREO': 0, 'BIEN': 18, 'VIVA': 22, 'MI FAMILIA': 1, 'CAMBIO': 0, 'VOS': 18}",4,47,231,0,Algún campo sin dato,1.Guatemala,15.Villa Nueva,0450,presidente
4400,,"{'UNE': 48, 'AZUL': 4, 'VALOR UNIONISTA': 20, 'CABAL': 5, 'TODOS': 1, 'VAMOS': 8, 'PHG': 1, 'PR': 4, 'PIN': 0, 'ELEFANTE': 2, 'VICTORIA': 4, 'SEMILLA': 24, 'FCN-NACION': 1, 'PPN': 0, 'UR': 2, 'URNG-MAIZ WINAQ': 2, 'CREO': 0, 'BIEN': 7, 'VIVA': 13, 'MI FAMILIA': 2, 'CAMBIO': 0, 'VOS': 10}",2,59,219,0,Sumas Asentadas sin cuadrar,1.Guatemala,15.Villa Nueva,0450,presidente
4401,,"{'UNE': 41, 'AZUL': 1, 'VALOR UNIONISTA': 23, 'CABAL': 12, 'TODOS': 1, 'VAMOS': 7, 'PHG': 1, 'PR': 0, 'PIN': 0, 'ELEFANTE': 2, 'VICTORIA': 9, 'SEMILLA': 38, 'FCN-NACION': 0, 'PPN': 4, 'UR': 4, 'URNG-MAIZ WINAQ': 4, 'CREO': 2, 'BIEN': 6, 'VIVA': 24, 'MI FAMILIA': 4, 'CAMBIO': 0, 'VOS': 5}",1,49,238,0,Algún campo sin dato,1.Guatemala,15.Villa Nueva,0450,presidente
4402,,"{'UNE': 54, 'AZUL': 2, 'VALOR UNIONISTA': 25, 'CABAL': 3, 'TODOS': 0, 'VAMOS': 10, 'PHG': 1, 'PR': 5, 'PIN': 0, 'ELEFANTE': 2, 'VICTORIA': 5, 'SEMILLA': 38, 'FCN-NACION': 1, 'PPN': 1, 'UR': 1, 'URNG-MAIZ WINAQ': 5, 'CREO': 5, 'BIEN': 11, 'VIVA': 19, 'MI FAMILIA': 1, 'CAMBIO': 0, 'VOS': 17}",2,40,248,0,Algún campo sin dato,1.Guatemala,15.Villa Nueva,0451,presidente
4403,,"{'UNE': 26, 'AZUL': 1, 'VALOR UNIONISTA': 24, 'CABAL': 7, 'TODOS': 0, 'VAMOS': 5, 'PHG': 0, 'PR': 4, 'PIN': 0, 'ELEFANTE': 2, 'VICTORIA': 9, 'SEMILLA': 37, 'FCN-NACION': 1, 'PPN': 0, 'UR': 8, 'URNG-MAIZ WINAQ': 0, 'CREO': 2, 'BIEN': 8, 'VIVA': 28, 'MI FAMILIA': 3, 'CAMBIO': 0, 'VOS': 11}",5,36,217,0,Algún campo sin dato,1.Guatemala,15.Villa Nueva,0451,presidente
4404,,"{'UNE': 41, 'AZUL': 0, 'VALOR UNIONISTA': 36, 'CABAL': 5, 'TODOS': 0, 'VAMOS': 11, 'PHG': 0, 'PR': 2, 'PIN': 1, 'ELEFANTE': 4, 'VICTORIA': 4, 'SEMILLA': 43, 'FCN-NACION': 0, 'PPN': 0, 'UR': 4, 'URNG-MAIZ WINAQ': 7, 'CREO': 1, 'BIEN': 8, 'VIVA': 17, 'MI FAMILIA': 3, 'CAMBIO': 0, 'VOS': 10}",6,34,237,0,Algún campo sin dato,1.Guatemala,15.Villa Nueva,0451,presidente
4405,,"{'UNE': 30, 'AZUL': 2, 'VALOR UNIONISTA': 28, 'CABAL': 5, 'TODOS': 1, 'VAMOS': 6, 'PHG': 0, 'PR': 3, 'PIN': 0, 'ELEFANTE': 3, 'VICTORIA': 6, 'SEMILLA': 34, 'FCN-NACION': 2, 'PPN': 1, 'UR': 7, 'URNG-MAIZ WINAQ': 2, 'CREO': 0, 'BIEN': 6, 'VIVA': 17, 'MI FAMILIA': 2, 'CAMBIO': 1, 'VOS': 9}",5,56,226,0,Algún campo sin dato,1.Guatemala,15.Villa Nueva,0451,presidente
4406,,"{'UNE': 53, 'AZUL': 4, 'VALOR UNIONISTA': 15, 'CABAL': 13, 'TODOS': 0, 'VAMOS': 7, 'PHG': 0, 'PR': 2, 'PIN': 0, 'ELEFANTE': 3, 'VICTORIA': 6, 'SEMILLA': 26, 'FCN-NACION': 1, 'PPN': 0, 'UR': 6, 'URNG-MAIZ WINAQ': 6, 'CREO': 3, 'BIEN': 1, 'VIVA': 21, 'MI FAMILIA': 1, 'CAMBIO': 1, 'VOS': 7}",2,41,219,4,Algún campo sin dato,1.Guatemala,15.Villa Nueva,0451,presidente
4407,,"{'UNE': 41, 'AZUL': 1, 'VALOR UNIONISTA': 32, 'CABAL': 11, 'TODOS': 0, 'VAMOS': 8, 'PHG': 1, 'PR': 3, 'PIN': 0, 'ELEFANTE': 3, 'VICTORIA': 5, 'SEMILLA': 41, 'FCN-NACION': 0, 'PPN': 0, 'UR': 3, 'URNG-MAIZ WINAQ': 3, 'CREO': 0, 'BIEN': 5, 'VIVA': 29, 'MI FAMILIA': 6, 'CAMBIO': 0, 'VOS': 8}",5,30,235,0,Algún campo sin dato,1.Guatemala,15.Villa Nueva,0451,presidente
4408,,"{'UNE': 49, 'AZUL': 1, 'VALOR UNIONISTA': 27, 'CABAL': 10, 'TODOS': 0, 'VAMOS': 6, 'PHG': 0, 'PR': 0, 'PIN': 2, 'ELEFANTE': 3, 'VICTORIA': 8, 'SEMILLA': 32, 'FCN-NACION': 1, 'PPN': 1, 'UR': 4, 'URNG-MAIZ WINAQ': 3, 'CREO': 0, 'BIEN': 7, 'VIVA': 22, 'MI FAMILIA': 1, 'CAMBIO': 0, 'VOS': 10}",5,36,228,0,Algún campo sin dato,1.Guatemala,15.Villa Nueva,0451,presidente
4409,,"{'UNE': 44, 'AZUL': 1, 'VALOR UNIONISTA': 34, 'CABAL': 6, 'TODOS': 1, 'VAMOS': 3, 'PHG': 0, 'PR': 3, 'PIN': 0, 'ELEFANTE': 3, 'VICTORIA': 8, 'SEMILLA': 29, 'FCN-NACION': 0, 'PPN': 2, 'UR': 5, 'URNG-MAIZ WINAQ': 4, 'CREO': 1, 'BIEN': 7, 'VIVA': 23, 'MI FAMILIA': 7, 'CAMBIO': 0, 'VOS': 10}",2,39,232,0,Algún campo sin dato,1.Guatemala,15.Villa Nueva,0451,presidente
4410,,"{'UNE': 41, 'AZUL': 1, 'VALOR UNIONISTA': 26, 'CABAL': 5, 'TODOS': 1, 'VAMOS': 3, 'PHG': 0, 'PR': 1, 'PIN': 2, 'ELEFANTE': 2, 'VICTORIA': 6, 'SEMILLA': 28, 'FCN-NACION': 1, 'PPN': 1, 'UR': 4, 'URNG-MAIZ WINAQ': 2, 'CREO': 0, 'BIEN': 12, 'VIVA': 22, 'MI FAMILIA': 2, 'CAMBIO': 0, 'VOS': 10}",6,37,213,4,Algún campo sin dato,1.Guatemala,15.Villa Nueva,0451,presidente
4411,,"{'UNE': 35, 'AZUL': 2, 'VALOR UNIONISTA': 0, 'CABAL': 10, 'TODOS': 1, 'VAMOS': 7, 'PHG': 0, 'PR': 2, 'PIN': 0, 'ELEFANTE': 3, 'VICTORIA': 3, 'SEMILLA': 37, 'FCN-NACION': 1, 'PPN': 0, 'UR': 1, 'URNG-MAIZ WINAQ': 4, 'CREO': 0, 'BIEN': 7, 'VIVA': 27, 'MI FAMILIA': 4, 'CAMBIO': 0, 'VOS': 14}",3,43,204,0,Sumas Asentadas sin cuadrar,1.Guatemala,15.Villa Nueva,0451,presidente
4412,,"{'UNE': 46, 'AZUL': 2, 'VALOR UNIONISTA': 12, 'CABAL': 3, 'TODOS': 0, 'VAMOS': 8, 'PHG': 1, 'PR': 0, 'PIN': 0, 'ELEFANTE': 1, 'VICTORIA': 4, 'SEMILLA': 42, 'FCN-NACION': 1, 'PPN': 0, 'UR': 2, 'URNG-MAIZ WINAQ': 3, 'CREO': 3, 'BIEN': 4, 'VIVA': 30, 'MI FAMILIA': 2, 'CAMBIO': 1, 'VOS': 11}",3,40,219,0,Algún campo sin dato,1.Guatemala,15.Villa Nueva,0451,presidente
4413,,"{'UNE': 40, 'AZUL': 7, 'VALOR UNIONISTA': 19, 'CABAL': 8, 'TODOS': 0, 'VAMOS': 7, 'PHG': 0, 'PR': 1, 'PIN': 0, 'ELEFANTE': 1, 'VICTORIA': 6, 'SEMILLA': 31, 'FCN-NACION': 1, 'PPN': 3, 'UR': 2, 'URNG-MAIZ WINAQ': 4, 'CREO': 0, 'BIEN': 11, 'VIVA': 23, 'MI FAMILIA': 3, 'CAMBIO': 1, 'VOS': 12}",3,38,221,0,Algún campo sin dato,1.Guatemala,15.Villa Nueva,0451,presidente
4414,,"{'UNE': 33, 'AZUL': 3, 'VALOR UNIONISTA': 18, 'CABAL': 10, 'TODOS': 1, 'VAMOS': 2, 'PHG': 0, 'PR': 1, 'PIN': 2, 'ELEFANTE': 1, 'VICTORIA': 2, 'SEMILLA': 55, 'FCN-NACION': 0, 'PPN': 1, 'UR': 3, 'URNG-MAIZ WINAQ': 3, 'CREO': 1, 'BIEN': 7, 'VIVA': 22, 'MI FAMILIA': 4, 'CAMBIO': 0, 'VOS': 17}",2,33,221,0,Sumas Asentadas sin cuadrar,1.Guatemala,15.Villa Nueva,0451,presidente
4415,,"{'UNE': 24, 'AZUL': 1, 'VALOR UNIONISTA': 15, 'CABAL': 11, 'TODOS': 0, 'VAMOS': 10, 'PHG': 1, 'PR': 0, 'PIN': 1, 'ELEFANTE': 0, 'VICTORIA': 3, 'SEMILLA': 71, 'FCN-NACION': 0, 'PPN': 3, 'UR': 3, 'URNG-MAIZ WINAQ': 2, 'CREO': 2, 'BIEN': 12, 'VIVA': 16, 'MI FAMILIA': 2, 'CAMBIO': 0, 'VOS': 12}",4,36,229,0,Sumas Asentadas sin cuadrar,1.Guatemala,15.Villa Nueva,0451,presidente
4416,,"{'UNE': 8, 'AZUL': 1, 'VALOR UNIONISTA': 13, 'CABAL': 10, 'TODOS': 0, 'VAMOS': 6, 'PHG': 1, 'PR': 0, 'PIN': 1, 'ELEFANTE': 2, 'VICTORIA': 3, 'SEMILLA': 116, 'FCN-NACION': 0, 'PPN': 0, 'UR': 1, 'URNG-MAIZ WINAQ': 3, 'CREO': 0, 'BIEN': 13, 'VIVA': 15, 'MI FAMILIA': 4, 'CAMBIO': 0, 'VOS': 23}",1,33,254,0,Sumas Asentadas sin cuadrar,1.Guatemala,15.Villa Nueva,0451,presidente
4417,,"{'UNE': 22, 'AZUL': 0, 'VALOR UNIONISTA': 15, 'CABAL': 7, 'TODOS': 1, 'VAMOS': 10, 'PHG': 0, 'PR': 2, 'PIN': 0, 'ELEFANTE': 2, 'VICTORIA': 4, 'SEMILLA': 71, 'FCN-NACION': 1, 'PPN': 0, 'UR': 3, 'URNG-MAIZ WINAQ': 2, 'CREO': 0, 'BIEN': 9, 'VIVA': 16, 'MI FAMILIA': 1, 'CAMBIO': 0, 'VOS': 12}",2,39,219,0,Algún campo sin dato,1.Guatemala,15.Villa Nueva,0451,presidente
4418,,"{'UNE': 12, 'AZUL': 1, 'VALOR UNIONISTA': 18, 'CABAL': 7, 'TODOS': 0, 'VAMOS': 6, 'PHG': 0, 'PR': 2, 'PIN': 1, 'ELEFANTE': 0, 'VICTORIA': 3, 'SEMILLA': 60, 'FCN-NACION': 2, 'PPN': 0, 'UR': 2, 'URNG-MAIZ WINAQ': 2, 'CREO': 0, 'BIEN': 11, 'VIVA': 29, 'MI FAMILIA': 0, 'CAMBIO': 1, 'VOS': 10}",0,59,226,0,Algún campo sin dato,1.Guatemala,15.Villa Nueva,0451,presidente
4419,,"{'UNE': 20, 'AZUL': 0, 'VALOR UNIONISTA': 16, 'CABAL': 5, 'TODOS': 0, 'VAMOS': 14, 'PHG': 0, 'PR': 0, 'PIN': 0, 'ELEFANTE': 1, 'VICTORIA': 5, 'SEMILLA': 39, 'FCN-NACION': 1, 'PPN': 2, 'UR': 6, 'URNG-MAIZ WINAQ': 3, 'CREO': 1, 'BIEN': 9, 'VIVA': 17, 'MI FAMILIA': 3, 'CAMBIO': 0, 'VOS': 8}",0,32,182,0,Algún campo sin dato,1.Guatemala,15.Villa Nueva,0451,presidente
4420,,"{'UNE': 20, 'AZUL': 0, 'VALOR UNIONISTA': 13, 'CABAL': 12, 'TODOS': 0, 'VAMOS': 9, 'PHG': 0, 'PR': 1, 'PIN': 1, 'ELEFANTE': 2, 'VICTORIA': 3, 'SEMILLA': 69, 'FCN-NACION': 2, 'PPN': 1, 'UR': 3, 'URNG-MAIZ WINAQ': 2, 'CREO': 0, 'BIEN': 6, 'VIVA': 15, 'MI FAMILIA': 2, 'CAMBIO': 0, 'VOS': 6}",1,35,203,0,Algún campo sin dato,1.Guatemala,15.Villa Nueva,0451,presidente
4421,,"{'UNE': 19, 'AZUL': 2, 'VALOR UNIONISTA': 17, 'CABAL': 5, 'TODOS': 0, 'VAMOS': 6, 'PHG': 0, 'PR': 1, 'PIN': 0, 'ELEFANTE': 0, 'VICTORIA': 6, 'SEMILLA': 74, 'FCN-NACION': 0, 'PPN': 1, 'UR': 2, 'URNG-MAIZ WINAQ': 0, 'CREO': 0, 'BIEN': 7, 'VIVA': 15, 'MI FAMILIA': 2, 'CAMBIO': 1, 'VOS': 9}",0,26,193,0,Algún campo sin dato,1.Guatemala,15.Villa Nueva,0451,presidente
4422,,"{'UNE': 30, 'AZUL': 5, 'VALOR UNIONISTA': 36, 'CABAL': 16, 'TODOS': 0, 'VAMOS': 8, 'PHG': 0, 'PR': 2, 'PIN': 1, 'ELEFANTE': 2, 'VICTORIA': 16, 'SEMILLA': 47, 'FCN-NACION': 0, 'PPN': 3, 'UR': 7, 'URNG-MAIZ WINAQ': 3, 'CREO': 0, 'BIEN': 9, 'VIVA': 15, 'MI FAMILIA': 6, 'CAMBIO': 3, 'VOS': 12}",5,50,276,0,Algún campo sin dato,1.Guatemala,15.Villa Nueva,0452,presidente
4423,,"{'UNE': 29, 'AZUL': 2, 'VALOR UNIONISTA': 29, 'CABAL': 13, 'TODOS': 0, 'VAMOS': 12, 'PHG': 0, 'PR': 4, 'PIN': 0, 'ELEFANTE': 3, 'VICTORIA': 10, 'SEMILLA': 40, 'FCN-NACION': 0, 'PPN': 1, 'UR': 7, 'URNG-MAIZ WINAQ': 9, 'CREO': 1, 'BIEN': 7, 'VIVA': 23, 'MI FAMILIA': 9, 'CAMBIO': 1, 'VOS': 20}",9,49,278,0,Algún campo sin dato,1.Guatemala,15.Villa Nueva,0452,presidente
4424,,"{'UNE': 18, 'AZUL': 5, 'VALOR UNIONISTA': 45, 'CABAL': 13, 'TODOS': 0, 'VAMOS': 6, 'PHG': 0, 'PR': 1, 'PIN': 0, 'ELEFANTE': 8, 'VICTORIA': 18, 'SEMILLA': 41, 'FCN-NACION': 2, 'PPN': 2, 'UR': 4, 'URNG-MAIZ WINAQ': 5, 'CREO': 1, 'BIEN': 4, 'VIVA': 19, 'MI FAMILIA': 4, 'CAMBIO': 0, 'VOS': 17}",8,52,273,0,Algún campo sin dato,1.Guatemala,15.Villa Nueva,0452,presidente
4425,,"{'UNE': 18, 'AZUL': 0, 'VALOR UNIONISTA': 32, 'CABAL': 7, 'TODOS': 0, 'VAMOS': 7, 'PHG': 0, 'PR': 2, 'PIN': 1, 'ELEFANTE': 4, 'VICTORIA': 9, 'SEMILLA': 51, 'FCN-NACION': 2, 'PPN': 0, 'UR': 0, 'URNG-MAIZ WINAQ': 4, 'CREO': 2, 'BIEN': 9, 'VIVA': 15, 'MI FAMILIA': 3, 'CAMBIO': 0, 'VOS': 16}",1,33,216,4,Algún campo sin dato,1.Guatemala,15.Villa Nueva,0452,presidente
4426,,"{'UNE': 25, 'AZUL': 0, 'VALOR UNIONISTA': 23, 'CABAL': 8, 'TODOS': 2, 'VAMOS': 6, 'PHG': 0, 'PR': 2, 'PIN': 0, 'ELEFANTE': 4, 'VICTORIA': 11, 'SEMILLA': 44, 'FCN-NACION': 3, 'PPN': 2, 'UR': 5, 'URNG-MAIZ WINAQ': 7, 'CREO': 1, 'BIEN': 13, 'VIVA': 27, 'MI FAMILIA': 4, 'CAMBIO': 0, 'VOS': 16}",3,43,249,0,Algún campo sin dato,1.Guatemala,15.Villa Nueva,0452,presidente
4427,,"{'UNE': 16, 'AZUL': 2, 'VALOR UNIONISTA': 36, 'CABAL': 8, 'TODOS': 2, 'VAMOS': 7, 'PHG': 1, 'PR': 3, 'PIN': 1, 'ELEFANTE': 3, 'VICTORIA': 7, 'SEMILLA': 60, 'FCN-NACION': 0, 'PPN': 0, 'UR': 1, 'URNG-MAIZ WINAQ': 4, 'CREO': 5, 'BIEN': 18, 'VIVA': 21, 'MI FAMILIA': 2, 'CAMBIO': 0, 'VOS': 18}",6,41,262,0,Algún campo sin dato,1.Guatemala,15.Villa Nueva,0452,presidente
4428,,"{'UNE': 20, 'AZUL': 3, 'VALOR UNIONISTA': 39, 'CABAL': 8, 'TODOS': 3, 'VAMOS': 12, 'PHG': 0, 'PR': 3, 'PIN': 3, 'ELEFANTE': 6, 'VICTORIA': 9, 'SEMILLA': 39, 'FCN-NACION': 1, 'PPN': 1, 'UR': 7, 'URNG-MAIZ WINAQ': 2, 'CREO': 2, 'BIEN': 8, 'VIVA': 26, 'MI FAMILIA': 5, 'CAMBIO': 0, 'VOS': 10}",2,54,263,0,Algún campo sin dato,1.Guatemala,15.Villa Nueva,0452,presidente
4429,,"{'UNE': 25, 'AZUL': 4, 'VALOR UNIONISTA': 33, 'CABAL': 10, 'TODOS': 1, 'VAMOS': 12, 'PHG': 0, 'PR': 0, 'PIN': 0, 'ELEFANTE': 1, 'VICTORIA': 10, 'SEMILLA': 57, 'FCN-NACION': 2, 'PPN': 3, 'UR': 10, 'URNG-MAIZ WINAQ': 3, 'CREO': 1, 'BIEN': 6, 'VIVA': 14, 'MI FAMILIA': 8, 'CAMBIO': 1, 'VOS': 21}",7,36,265,0,Algún campo sin dato,1.Guatemala,15.Villa Nueva,0452,presidente
4430,,"{'UNE': 26, 'AZUL': 1, 'VALOR UNIONISTA': 29, 'CABAL': 10, 'TODOS': 1, 'VAMOS': 13, 'PHG': 0, 'PR': 3, 'PIN': 1, 'ELEFANTE': 3, 'VICTORIA': 12, 'SEMILLA': 35, 'FCN-NACION': 0, 'PPN': 3, 'UR': 4, 'URNG-MAIZ WINAQ': 4, 'CREO': 2, 'BIEN': 10, 'VIVA': 19, 'MI FAMILIA': 5, 'CAMBIO': 0, 'VOS': 20}",4,36,241,0,Algún campo sin dato,1.Guatemala,15.Villa Nueva,0452,presidente
4431,,"{'UNE': 25, 'AZUL': 0, 'VALOR UNIONISTA': 25, 'CABAL': 5, 'TODOS': 3, 'VAMOS': 10, 'PHG': 0, 'PR': 2, 'PIN': 1, 'ELEFANTE': 1, 'VICTORIA': 10, 'SEMILLA': 49, 'FCN-NACION': 0, 'PPN': 0, 'UR': 10, 'URNG-MAIZ WINAQ': 6, 'CREO': 2, 'BIEN': 6, 'VIVA': 31, 'MI FAMILIA': 8, 'CAMBIO': 0, 'VOS': 15}",2,39,250,0,Algún campo sin dato,1.Guatemala,15.Villa Nueva,0452,presidente
4432,,"{'UNE': 21, 'AZUL': 2, 'VALOR UNIONISTA': 24, 'CABAL': 9, 'TODOS': 0, 'VAMOS': 3, 'PHG': 0, 'PR': 2, 'PIN': 0, 'ELEFANTE': 1, 'VICTORIA': 5, 'SEMILLA': 48, 'FCN-NACION': 1, 'PPN': 1, 'UR': 9, 'URNG-MAIZ WINAQ': 6, 'CREO': 1, 'BIEN': 9, 'VIVA': 19, 'MI FAMILIA': 4, 'CAMBIO': 0, 'VOS': 15}",0,33,213,0,Algún campo sin dato,1.Guatemala,15.Villa Nueva,0452,presidente
4433,,"{'UNE': 14, 'AZUL': 1, 'VALOR UNIONISTA': 19, 'CABAL': 7, 'TODOS': 0, 'VAMOS': 6, 'PHG': 0, 'PR': 4, 'PIN': 1, 'ELEFANTE': 1, 'VICTORIA': 8, 'SEMILLA': 93, 'FCN-NACION': 0, 'PPN': 0, 'UR': 4, 'URNG-MAIZ WINAQ': 1, 'CREO': 1, 'BIEN': 9, 'VIVA': 17, 'MI FAMILIA': 3, 'CAMBIO': 0, 'VOS': 23}",1,29,242,1,Algún campo sin dato,1.Guatemala,15.Villa Nueva,0452,presidente
4434,,"{'UNE': 18, 'AZUL': 1, 'VALOR UNIONISTA': 21, 'CABAL': 7, 'TODOS': 1, 'VAMOS': 0, 'PHG': 2, 'PR': 1, 'PIN': 0, 'ELEFANTE': 5, 'VICTORIA': 6, 'SEMILLA': 87, 'FCN-NACION': 1, 'PPN': 1, 'UR': 5, 'URNG-MAIZ WINAQ': 3, 'CREO': 2, 'BIEN': 11, 'VIVA': 10, 'MI FAMILIA': 3, 'CAMBIO': 0, 'VOS': 21}",0,31,237,0,Algún campo sin dato,1.Guatemala,15.Villa Nueva,0452,presidente
4435,,"{'UNE': 11, 'AZUL': 1, 'VALOR UNIONISTA': 21, 'CABAL': 6, 'TODOS': 0, 'VAMOS': 5, 'PHG': 0, 'PR': 1, 'PIN': 0, 'ELEFANTE': 2, 'VICTORIA': 4, 'SEMILLA': 49, 'FCN-NACION': 0, 'PPN': 0, 'UR': 4, 'URNG-MAIZ WINAQ': 0, 'CREO': 0, 'BIEN': 7, 'VIVA': 7, 'MI FAMILIA': 0, 'CAMBIO': 0, 'VOS': 9}",1,15,143,0,Algún campo sin dato,1.Guatemala,15.Villa Nueva,0452,presidente
4436,,"{'UNE': 8, 'AZUL': 1, 'VALOR UNIONISTA': 9, 'CABAL': 9, 'TODOS': 2, 'VAMOS': 3, 'PHG': 0, 'PR': 0, 'PIN': 0, 'ELEFANTE': 1, 'VICTORIA': 2, 'SEMILLA': 56, 'FCN-NACION': 0, 'PPN': 0, 'UR': 4, 'URNG-MAIZ WINAQ': 1, 'CREO': 0, 'BIEN': 4, 'VIVA': 9, 'MI FAMILIA': 4, 'CAMBIO': 1, 'VOS': 6}",0,8,128,0,Algún campo sin dato,1.Guatemala,15.Villa Nueva,0452,presidente
4437,,"{'UNE': 11, 'AZUL': 5, 'VALOR UNIONISTA': 34, 'CABAL': 16, 'TODOS': 0, 'VAMOS': 8, 'PHG': 1, 'PR': 2, 'PIN': 1, 'ELEFANTE': 3, 'VICTORIA': 8, 'SEMILLA': 70, 'FCN-NACION': 1, 'PPN': 2, 'UR': 6, 'URNG-MAIZ WINAQ': 5, 'CREO': 2, 'BIEN': 11, 'VIVA': 22, 'MI FAMILIA': 4, 'CAMBIO': 0, 'VOS': 28}",0,32,272,0,Algún campo sin dato,1.Guatemala,15.Villa Nueva,0453,presidente
4438,,"{'UNE': 24, 'AZUL': 1, 'VALOR UNIONISTA': 40, 'CABAL': 14, 'TODOS': 0, 'VAMOS': 3, 'PHG': 0, 'PR': 3, 'PIN': 1, 'ELEFANTE': 4, 'VICTORIA': 5, 'SEMILLA': 54, 'FCN-NACION': 2, 'PPN': 0, 'UR': 4, 'URNG-MAIZ WINAQ': 5, 'CREO': 3, 'BIEN': 16, 'VIVA': 12, 'MI FAMILIA': 8, 'CAMBIO': 0, 'VOS': 20}",1,32,252,0,Algún campo sin dato,1.Guatemala,15.Villa Nueva,0453,presidente
4439,,"{'UNE': 10, 'AZUL': 2, 'VALOR UNIONISTA': 36, 'CABAL': 15, 'TODOS': 1, 'VAMOS': 8, 'PHG': 2, 'PR': 2, 'PIN': 1, 'ELEFANTE': 1, 'VICTORIA': 6, 'SEMILLA': 53, 'FCN-NACION': 3, 'PPN': 1, 'UR': 5, 'URNG-MAIZ WINAQ': 4, 'CREO': 3, 'BIEN': 17, 'VIVA': 13, 'MI FAMILIA': 2, 'CAMBIO': 0, 'VOS': 31}",2,33,251,4,Algún campo sin dato,1.Guatemala,15.Villa Nueva,0453,presidente
4440,,"{'UNE': 11, 'AZUL': 6, 'VALOR UNIONISTA': 29, 'CABAL': 16, 'TODOS': 1, 'VAMOS': 5, 'PHG': 0, 'PR': 2, 'PIN': 1, 'ELEFANTE': 1, 'VICTORIA': 5, 'SEMILLA': 71, 'FCN-NACION': 0, 'PPN': 0, 'UR': 4, 'URNG-MAIZ WINAQ': 1, 'CREO': 0, 'BIEN': 13, 'VIVA': 17, 'MI FAMILIA': 5, 'CAMBIO': 1, 'VOS': 23}",0,32,244,0,Sumas Asentadas sin cuadrar,1.Guatemala,15.Villa Nueva,0453,presidente
4441,,"{'UNE': 8, 'AZUL': 2, 'VALOR UNIONISTA': 40, 'CABAL': 17, 'TODOS': 0, 'VAMOS': 5, 'PHG': 0, 'PR': 4, 'PIN': 0, 'ELEFANTE': 7, 'VICTORIA': 5, 'SEMILLA': 62, 'FCN-NACION': 2, 'PPN': 0, 'UR': 3, 'URNG-MAIZ WINAQ': 6, 'CREO': 2, 'BIEN': 19, 'VIVA': 14, 'MI FAMILIA': 3, 'CAMBIO': 0, 'VOS': 32}",0,41,272,1,Algún campo sin dato,1.Guatemala,15.Villa Nueva,0453,presidente
4442,,"{'UNE': 10, 'AZUL': 2, 'VALOR UNIONISTA': 32, 'CABAL': 11, 'TODOS': 2, 'VAMOS': 6, 'PHG': 0, 'PR': 6, 'PIN': 1, 'ELEFANTE': 3, 'VICTORIA': 4, 'SEMILLA': 76, 'FCN-NACION': 2, 'PPN': 0, 'UR': 9, 'URNG-MAIZ WINAQ': 5, 'CREO': 4, 'BIEN': 17, 'VIVA': 16, 'MI FAMILIA': 3, 'CAMBIO': 0, 'VOS': 29}",4,29,271,0,Algún campo sin dato,1.Guatemala,15.Villa Nueva,0453,presidente
4443,,"{'UNE': 17, 'AZUL': 5, 'VALOR UNIONISTA': 24, 'CABAL': 17, 'TODOS': 2, 'VAMOS': 5, 'PHG': 1, 'PR': 3, 'PIN': 2, 'ELEFANTE': 1, 'VICTORIA': 2, 'SEMILLA': 60, 'FCN-NACION': 1, 'PPN': 1, 'UR': 7, 'URNG-MAIZ WINAQ': 3, 'CREO': 5, 'BIEN': 15, 'VIVA': 18, 'MI FAMILIA': 3, 'CAMBIO': 0, 'VOS': 30}",1,28,251,0,Algún campo sin dato,1.Guatemala,15.Villa Nueva,0453,presidente
4444,,"{'UNE': 8, 'AZUL': 2, 'VALOR UNIONISTA': 26, 'CABAL': 8, 'TODOS': 0, 'VAMOS': 5, 'PHG': 0, 'PR': 0, 'PIN': 1, 'ELEFANTE': 3, 'VICTORIA': 6, 'SEMILLA': 73, 'FCN-NACION': 2, 'PPN': 0, 'UR': 5, 'URNG-MAIZ WINAQ': 2, 'CREO': 0, 'BIEN': 21, 'VIVA': 15, 'MI FAMILIA': 3, 'CAMBIO': 0, 'VOS': 32}",4,33,249,0,Algún campo sin dato,1.Guatemala,15.Villa Nueva,0453,presidente
4445,,"{'UNE': 12, 'AZUL': 1, 'VALOR UNIONISTA': 25, 'CABAL': 11, 'TODOS': 1, 'VAMOS': 0, 'PHG': 0, 'PR': 0, 'PIN': 0, 'ELEFANTE': 0, 'VICTORIA': 3, 'SEMILLA': 77, 'FCN-NACION': 0, 'PPN': 0, 'UR': 0, 'URNG-MAIZ WINAQ': 3, 'CREO': 1, 'BIEN': 13, 'VIVA': 14, 'MI FAMILIA': 5, 'CAMBIO': 0, 'VOS': 32}",2,27,227,4,Sumas Asentadas sin cuadrar,1.Guatemala,15.Villa Nueva,0453,presidente
4446,,"{'UNE': 9, 'AZUL': 2, 'VALOR UNIONISTA': 19, 'CABAL': 21, 'TODOS': 0, 'VAMOS': 6, 'PHG': 4, 'PR': 2, 'PIN': 3, 'ELEFANTE': 3, 'VICTORIA': 2, 'SEMILLA': 59, 'FCN-NACION': 0, 'PPN': 1, 'UR': 3, 'URNG-MAIZ WINAQ': 9, 'CREO': 6, 'BIEN': 10, 'VIVA': 15, 'MI FAMILIA': 6, 'CAMBIO': 1, 'VOS': 27}",1,51,260,0,Algún campo sin dato,1.Guatemala,15.Villa Nueva,0453,presidente
4447,,"{'UNE': 13, 'AZUL': 4, 'VALOR UNIONISTA': 36, 'CABAL': 14, 'TODOS': 0, 'VAMOS': 8, 'PHG': 0, 'PR': 2, 'PIN': 0, 'ELEFANTE': 1, 'VICTORIA': 6, 'SEMILLA': 72, 'FCN-NACION': 0, 'PPN': 2, 'UR': 5, 'URNG-MAIZ WINAQ': 0, 'CREO': 1, 'BIEN': 23, 'VIVA': 15, 'MI FAMILIA': 3, 'CAMBIO': 0, 'VOS': 22}",0,36,263,0,Algún campo sin dato,1.Guatemala,15.Villa Nueva,0453,presidente
4448,,"{'UNE': 10, 'AZUL': 3, 'VALOR UNIONISTA': 27, 'CABAL': 10, 'TODOS': 1, 'VAMOS': 5, 'PHG': 0, 'PR': 2, 'PIN': 1, 'ELEFANTE': 1, 'VICTORIA': 6, 'SEMILLA': 80, 'FCN-NACION': 0, 'PPN': 1, 'UR': 4, 'URNG-MAIZ WINAQ': 7, 'CREO': 1, 'BIEN': 15, 'VIVA': 14, 'MI FAMILIA': 3, 'CAMBIO': 0, 'VOS': 37}",1,29,258,0,Algún campo sin dato,1.Guatemala,15.Villa Nueva,0453,presidente
4449,,"{'UNE': 11, 'AZUL': 3, 'VALOR UNIONISTA': 30, 'CABAL': 12, 'TODOS': 1, 'VAMOS': 9, 'PHG': 1, 'PR': 3, 'PIN': 1, 'ELEFANTE': 3, 'VICTORIA': 5, 'SEMILLA': 68, 'FCN-NACION': 2, 'PPN': 1, 'UR': 5, 'URNG-MAIZ WINAQ': 3, 'CREO': 5, 'BIEN': 12, 'VIVA': 17, 'MI FAMILIA': 8, 'CAMBIO': 2, 'VOS': 24}",1,38,265,0,Algún campo sin dato,1.Guatemala,15.Villa Nueva,0454,presidente
4450,,"{'UNE': 10, 'AZUL': 2, 'VALOR UNIONISTA': 35, 'CABAL': 13, 'TODOS': 3, 'VAMOS': 4, 'PHG': 1, 'PR': 1, 'PIN': 2, 'ELEFANTE': 3, 'VICTORIA': 3, 'SEMILLA': 67, 'FCN-NACION': 1, 'PPN': 0, 'UR': 3, 'URNG-MAIZ WINAQ': 7, 'CREO': 0, 'BIEN': 19, 'VIVA': 19, 'MI FAMILIA': 3, 'CAMBIO': 0, 'VOS': 26}",1,28,251,0,Algún campo sin dato,1.Guatemala,15.Villa Nueva,0454,presidente
4451,,"{'UNE': 5, 'AZUL': 8, 'VALOR UNIONISTA': 46, 'CABAL': 13, 'TODOS': 2, 'VAMOS': 4, 'PHG': 1, 'PR': 4, 'PIN': 2, 'ELEFANTE': 3, 'VICTORIA': 6, 'SEMILLA': 70, 'FCN-NACION': 2, 'PPN': 2, 'UR': 4, 'URNG-MAIZ WINAQ': 2, 'CREO': 1, 'BIEN': 9, 'VIVA': 14, 'MI FAMILIA': 6, 'CAMBIO': 0, 'VOS': 25}",1,40,270,0,Algún campo sin dato,1.Guatemala,15.Villa Nueva,0454,presidente
4452,,"{'UNE': 12, 'AZUL': 3, 'VALOR UNIONISTA': 33, 'CABAL': 12, 'TODOS': 1, 'VAMOS': 4, 'PHG': 0, 'PR': 2, 'PIN': 2, 'ELEFANTE': 6, 'VICTORIA': 5, 'SEMILLA': 69, 'FCN-NACION': 0, 'PPN': 1, 'UR': 7, 'URNG-MAIZ WINAQ': 6, 'CREO': 2, 'BIEN': 16, 'VIVA': 18, 'MI FAMILIA': 5, 'CAMBIO': 0, 'VOS': 25}",0,33,262,0,Algún campo sin dato,1.Guatemala,15.Villa Nueva,0454,presidente
4453,,"{'UNE': 16, 'AZUL': 2, 'VALOR UNIONISTA': 35, 'CABAL': 15, 'TODOS': 0, 'VAMOS': 8, 'PHG': 0, 'PR': 5, 'PIN': 1, 'ELEFANTE': 0, 'VICTORIA': 6, 'SEMILLA': 60, 'FCN-NACION': 0, 'PPN': 2, 'UR': 1, 'URNG-MAIZ WINAQ': 4, 'CREO': 3, 'BIEN': 10, 'VIVA': 21, 'MI FAMILIA': 7, 'CAMBIO': 1, 'VOS': 27}",1,44,269,0,Algún campo sin dato,1.Guatemala,15.Villa Nueva,0454,presidente
4454,,"{'UNE': 11, 'AZUL': 8, 'VALOR UNIONISTA': 31, 'CABAL': 23, 'TODOS': 0, 'VAMOS': 10, 'PHG': 2, 'PR': 4, 'PIN': 2, 'ELEFANTE': 1, 'VICTORIA': 6, 'SEMILLA': 75, 'FCN-NACION': 2, 'PPN': 0, 'UR': 4, 'URNG-MAIZ WINAQ': 4, 'CREO': 2, 'BIEN': 7, 'VIVA': 14, 'MI FAMILIA': 6, 'CAMBIO': 0, 'VOS': 21}",1,30,264,0,Algún campo sin dato,1.Guatemala,15.Villa Nueva,0454,presidente
4455,,"{'UNE': 9, 'AZUL': 0, 'VALOR UNIONISTA': 30, 'CABAL': 17, 'TODOS': 0, 'VAMOS': 10, 'PHG': 0, 'PR': 0, 'PIN': 0, 'ELEFANTE': 3, 'VICTORIA': 7, 'SEMILLA': 68, 'FCN-NACION': 2, 'PPN': 0, 'UR': 8, 'URNG-MAIZ WINAQ': 5, 'CREO': 4, 'BIEN': 16, 'VIVA': 14, 'MI FAMILIA': 4, 'CAMBIO': 0, 'VOS': 26}",3,31,257,0,Algún campo sin dato,1.Guatemala,15.Villa Nueva,0454,presidente
4456,,"{'UNE': 10, 'AZUL': 1, 'VALOR UNIONISTA': 44, 'CABAL': 14, 'TODOS': 2, 'VAMOS': 6, 'PHG': 0, 'PR': 0, 'PIN': 3, 'ELEFANTE': 6, 'VICTORIA': 5, 'SEMILLA': 70, 'FCN-NACION': 0, 'PPN': 1, 'UR': 6, 'URNG-MAIZ WINAQ': 2, 'CREO': 1, 'BIEN': 23, 'VIVA': 23, 'MI FAMILIA': 6, 'CAMBIO': 0, 'VOS': 21}",1,29,274,0,Algún campo sin dato,1.Guatemala,15.Villa Nueva,0454,presidente
4457,,"{'UNE': 17, 'AZUL': 0, 'VALOR UNIONISTA': 32, 'CABAL': 14, 'TODOS': 1, 'VAMOS': 4, 'PHG': 0, 'PR': 2, 'PIN': 2, 'ELEFANTE': 2, 'VICTORIA': 7, 'SEMILLA': 63, 'FCN-NACION': 0, 'PPN': 0, 'UR': 3, 'URNG-MAIZ WINAQ': 1, 'CREO': 2, 'BIEN': 8, 'VIVA': 17, 'MI FAMILIA': 2, 'CAMBIO': 2, 'VOS': 25}",3,34,241,0,Algún campo sin dato,1.Guatemala,15.Villa Nueva,0455,presidente
4458,,"{'UNE': 14, 'AZUL': 1, 'VALOR UNIONISTA': 37, 'CABAL': 10, 'TODOS': 0, 'VAMOS': 8, 'PHG': 1, 'PR': 3, 'PIN': 2, 'ELEFANTE': 2, 'VICTORIA': 5, 'SEMILLA': 64, 'FCN-NACION': 1, 'PPN': 0, 'UR': 3, 'URNG-MAIZ WINAQ': 2, 'CREO': 0, 'BIEN': 11, 'VIVA': 11, 'MI FAMILIA': 2, 'CAMBIO': 0, 'VOS': 28}",3,32,240,0,,1.Guatemala,15.Villa Nueva,0455,presidente
4459,,"{'UNE': 19, 'AZUL': 6, 'VALOR UNIONISTA': 23, 'CABAL': 9, 'TODOS': 1, 'VAMOS': 7, 'PHG': 0, 'PR': 3, 'PIN': 2, 'ELEFANTE': 2, 'VICTORIA': 6, 'SEMILLA': 88, 'FCN-NACION': 1, 'PPN': 0, 'UR': 1, 'URNG-MAIZ WINAQ': 1, 'CREO': 2, 'BIEN': 13, 'VIVA': 19, 'MI FAMILIA': 2, 'CAMBIO': 0, 'VOS': 20}",5,23,253,0,Algún campo sin dato,1.Guatemala,15.Villa Nueva,0455,presidente
4460,,"{'UNE': 6, 'AZUL': 0, 'VALOR UNIONISTA': 18, 'CABAL': 2, 'TODOS': 0, 'VAMOS': 6, 'PHG': 0, 'PR': 0, 'PIN': 1, 'ELEFANTE': 1, 'VICTORIA': 4, 'SEMILLA': 122, 'FCN-NACION': 1, 'PPN': 1, 'UR': 5, 'URNG-MAIZ WINAQ': 0, 'CREO': 1, 'BIEN': 7, 'VIVA': 15, 'MI FAMILIA': 1, 'CAMBIO': 0, 'VOS': 21}",1,16,229,0,Algún campo sin dato,1.Guatemala,15.Villa Nueva,0455,presidente
4461,,"{'UNE': 5, 'AZUL': 1, 'VALOR UNIONISTA': 23, 'CABAL': 15, 'TODOS': 0, 'VAMOS': 6, 'PHG': 0, 'PR': 0, 'PIN': 1, 'ELEFANTE': 0, 'VICTORIA': 3, 'SEMILLA': 174, 'FCN-NACION': 1, 'PPN': 0, 'UR': 4, 'URNG-MAIZ WINAQ': 0, 'CREO': 1, 'BIEN': 7, 'VIVA': 7, 'MI FAMILIA': 0, 'CAMBIO': 0, 'VOS': 21}",0,11,280,0,Algún campo sin dato,1.Guatemala,15.Villa Nueva,0455,presidente
4462,,"{'UNE': 5, 'AZUL': 2, 'VALOR UNIONISTA': 16, 'CABAL': 9, 'TODOS': 0, 'VAMOS': 7, 'PHG': 1, 'PR': 0, 'PIN': 1, 'ELEFANTE': 1, 'VICTORIA': 1, 'SEMILLA': 137, 'FCN-NACION': 0, 'PPN': 1, 'UR': 4, 'URNG-MAIZ WINAQ': 1, 'CREO': 0, 'BIEN': 17, 'VIVA': 10, 'MI FAMILIA': 2, 'CAMBIO': 0, 'VOS': 17}",0,17,249,0,Algún campo sin dato,1.Guatemala,15.Villa Nueva,0455,presidente
4463,,"{'UNE': 2, 'AZUL': 1, 'VALOR UNIONISTA': 19, 'CABAL': 12, 'TODOS': 0, 'VAMOS': 3, 'PHG': 0, 'PR': 0, 'PIN': 0, 'ELEFANTE': 0, 'VICTORIA': 2, 'SEMILLA': 92, 'FCN-NACION': 0, 'PPN': 0, 'UR': 4, 'URNG-MAIZ WINAQ': 0, 'CREO': 2, 'BIEN': 8, 'VIVA': 10, 'MI FAMILIA': 4, 'CAMBIO': 0, 'VOS': 17}",2,15,193,0,Algún campo sin dato,1.Guatemala,15.Villa Nueva,0455,presidente
4464,,"{'UNE': 7, 'AZUL': 3, 'VALOR UNIONISTA': 21, 'CABAL': 10, 'TODOS': 1, 'VAMOS': 8, 'PHG': 0, 'PR': 2, 'PIN': 0, 'ELEFANTE': 3, 'VICTORIA': 6, 'SEMILLA': 103, 'FCN-NACION': 0, 'PPN': 0, 'UR': 2, 'URNG-MAIZ WINAQ': 1, 'CREO': 0, 'BIEN': 8, 'VIVA': 11, 'MI FAMILIA': 3, 'CAMBIO': 0, 'VOS': 16}",1,18,224,0,Algún campo sin dato,1.Guatemala,15.Villa Nueva,0455,presidente
4465,,"{'UNE': 5, 'AZUL': 0, 'VALOR UNIONISTA': 12, 'CABAL': 6, 'TODOS': 0, 'VAMOS': 8, 'PHG': 0, 'PR': 1, 'PIN': 0, 'ELEFANTE': 1, 'VICTORIA': 4, 'SEMILLA': 105, 'FCN-NACION': 1, 'PPN': 0, 'UR': 0, 'URNG-MAIZ WINAQ': 2, 'CREO': 0, 'BIEN': 10, 'VIVA': 9, 'MI FAMILIA': 1, 'CAMBIO': 0, 'VOS': 15}",0,22,202,0,Algún campo sin dato,1.Guatemala,15.Villa Nueva,0455,presidente
4466,,"{'UNE': 4, 'AZUL': 2, 'VALOR UNIONISTA': 12, 'CABAL': 5, 'TODOS': 0, 'VAMOS': 1, 'PHG': 0, 'PR': 1, 'PIN': 1, 'ELEFANTE': 4, 'VICTORIA': 1, 'SEMILLA': 83, 'FCN-NACION': 0, 'PPN': 0, 'UR': 1, 'URNG-MAIZ WINAQ': 1, 'CREO': 1, 'BIEN': 6, 'VIVA': 5, 'MI FAMILIA': 1, 'CAMBIO': 0, 'VOS': 14}",1,9,153,0,Algún campo sin dato,1.Guatemala,15.Villa Nueva,0455,presidente
4467,,"{'UNE': 22, 'AZUL': 0, 'VALOR UNIONISTA': 21, 'CABAL': 12, 'TODOS': 0, 'VAMOS': 6, 'PHG': 0, 'PR': 4, 'PIN': 3, 'ELEFANTE': 2, 'VICTORIA': 3, 'SEMILLA': 50, 'FCN-NACION': 1, 'PPN': 1, 'UR': 11, 'URNG-MAIZ WINAQ': 4, 'CREO': 4, 'BIEN': 15, 'VIVA': 25, 'MI FAMILIA': 4, 'CAMBIO': 0, 'VOS': 14}",3,38,243,0,Algún campo sin dato,1.Guatemala,15.Villa Nueva,0456,presidente
4468,,"{'UNE': 19, 'AZUL': 1, 'VALOR UNIONISTA': 26, 'CABAL': 10, 'TODOS': 3, 'VAMOS': 13, 'PHG': 0, 'PR': 2, 'PIN': 1, 'ELEFANTE': 5, 'VICTORIA': 8, 'SEMILLA': 41, 'FCN-NACION': 0, 'PPN': 2, 'UR': 5, 'URNG-MAIZ WINAQ': 3, 'CREO': 1, 'BIEN': 7, 'VIVA': 28, 'MI FAMILIA': 4, 'CAMBIO': 0, 'VOS': 11}",2,37,229,0,Algún campo sin dato,1.Guatemala,15.Villa Nueva,0456,presidente
4469,,"{'UNE': 33, 'AZUL': 5, 'VALOR UNIONISTA': 0, 'CABAL': 7, 'TODOS': 0, 'VAMOS': 11, 'PHG': 0, 'PR': 3, 'PIN': 0, 'ELEFANTE': 5, 'VICTORIA': 13, 'SEMILLA': 53, 'FCN-NACION': 1, 'PPN': 1, 'UR': 5, 'URNG-MAIZ WINAQ': 5, 'CREO': 0, 'BIEN': 10, 'VIVA': 32, 'MI FAMILIA': 6, 'CAMBIO': 0, 'VOS': 17}",2,42,251,0,Sumas Asentadas sin cuadrar,1.Guatemala,15.Villa Nueva,0456,presidente
4470,,"{'UNE': 18, 'AZUL': 1, 'VALOR UNIONISTA': 22, 'CABAL': 13, 'TODOS': 0, 'VAMOS': 11, 'PHG': 0, 'PR': 3, 'PIN': 2, 'ELEFANTE': 3, 'VICTORIA': 8, 'SEMILLA': 58, 'FCN-NACION': 2, 'PPN': 0, 'UR': 1, 'URNG-MAIZ WINAQ': 3, 'CREO': 2, 'BIEN': 18, 'VIVA': 23, 'MI FAMILIA': 5, 'CAMBIO': 0, 'VOS': 17}",5,42,257,0,Algún campo sin dato,1.Guatemala,15.Villa Nueva,0456,presidente
4471,,"{'UNE': 30, 'AZUL': 1, 'VALOR UNIONISTA': 23, 'CABAL': 18, 'TODOS': 2, 'VAMOS': 11, 'PHG': 0, 'PR': 4, 'PIN': 1, 'ELEFANTE': 2, 'VICTORIA': 4, 'SEMILLA': 44, 'FCN-NACION': 3, 'PPN': 1, 'UR': 6, 'URNG-MAIZ WINAQ': 5, 'CREO': 0, 'BIEN': 7, 'VIVA': 20, 'MI FAMILIA': 4, 'CAMBIO': 0, 'VOS': 16}",3,42,247,0,Algún campo sin dato,1.Guatemala,15.Villa Nueva,0456,presidente
4472,,"{'UNE': 33, 'AZUL': 2, 'VALOR UNIONISTA': 35, 'CABAL': 0, 'TODOS': 13, 'VAMOS': 3, 'PHG': 8, 'PR': 0, 'PIN': 9, 'ELEFANTE': 1, 'VICTORIA': 3, 'SEMILLA': 7, 'FCN-NACION': 45, 'PPN': 0, 'UR': 0, 'URNG-MAIZ WINAQ': 1, 'CREO': 5, 'BIEN': 3, 'VIVA': 9, 'MI FAMILIA': 32, 'CAMBIO': 5, 'VOS': 24}",0,43,281,0,Algún campo sin dato,1.Guatemala,15.Villa Nueva,0456,presidente
4473,,"{'UNE': 28, 'AZUL': 0, 'VALOR UNIONISTA': 33, 'CABAL': 8, 'TODOS': 1, 'VAMOS': 6, 'PHG': 1, 'PR': 2, 'PIN': 2, 'ELEFANTE': 5, 'VICTORIA': 11, 'SEMILLA': 50, 'FCN-NACION': 0, 'PPN': 2, 'UR': 7, 'URNG-MAIZ WINAQ': 4, 'CREO': 1, 'BIEN': 16, 'VIVA': 24, 'MI FAMILIA': 4, 'CAMBIO': 0, 'VOS': 14}",5,44,268,0,Algún campo sin dato,1.Guatemala,15.Villa Nueva,0456,presidente
4474,,"{'UNE': 23, 'AZUL': 3, 'VALOR UNIONISTA': 23, 'CABAL': 12, 'TODOS': 0, 'VAMOS': 12, 'PHG': 1, 'PR': 2, 'PIN': 0, 'ELEFANTE': 5, 'VICTORIA': 9, 'SEMILLA': 45, 'FCN-NACION': 1, 'PPN': 0, 'UR': 4, 'URNG-MAIZ WINAQ': 6, 'CREO': 2, 'BIEN': 11, 'VIVA': 25, 'MI FAMILIA': 6, 'CAMBIO': 1, 'VOS': 18}",2,48,259,0,Algún campo sin dato,1.Guatemala,15.Villa Nueva,0456,presidente
4475,,"{'UNE': 23, 'AZUL': 1, 'VALOR UNIONISTA': 26, 'CABAL': 10, 'TODOS': 0, 'VAMOS': 9, 'PHG': 0, 'PR': 2, 'PIN': 0, 'ELEFANTE': 2, 'VICTORIA': 5, 'SEMILLA': 65, 'FCN-NACION': 1, 'PPN': 0, 'UR': 5, 'URNG-MAIZ WINAQ': 2, 'CREO': 0, 'BIEN': 10, 'VIVA': 25, 'MI FAMILIA': 6, 'CAMBIO': 0, 'VOS': 23}",0,43,258,0,Algún campo sin dato,1.Guatemala,15.Villa Nueva,0456,presidente
4476,,"{'UNE': 16, 'AZUL': 0, 'VALOR UNIONISTA': 24, 'CABAL': 6, 'TODOS': 0, 'VAMOS': 10, 'PHG': 0, 'PR': 3, 'PIN': 0, 'ELEFANTE': 0, 'VICTORIA': 5, 'SEMILLA': 74, 'FCN-NACION': 1, 'PPN': 1, 'UR': 4, 'URNG-MAIZ WINAQ': 4, 'CREO': 5, 'BIEN': 12, 'VIVA': 24, 'MI FAMILIA': 1, 'CAMBIO': 1, 'VOS': 23}",1,32,247,0,Algún campo sin dato,1.Guatemala,15.Villa Nueva,0456,presidente
4477,,"{'UNE': 22, 'AZUL': 4, 'VALOR UNIONISTA': 30, 'CABAL': 11, 'TODOS': 0, 'VAMOS': 12, 'PHG': 1, 'PR': 3, 'PIN': 2, 'ELEFANTE': 7, 'VICTORIA': 5, 'SEMILLA': 50, 'FCN-NACION': 1, 'PPN': 0, 'UR': 4, 'URNG-MAIZ WINAQ': 2, 'CREO': 0, 'BIEN': 11, 'VIVA': 26, 'MI FAMILIA': 6, 'CAMBIO': 1, 'VOS': 23}",2,37,260,0,Algún campo sin dato,1.Guatemala,15.Villa Nueva,0456,presidente
4478,,"{'UNE': 25, 'AZUL': 2, 'VALOR UNIONISTA': 28, 'CABAL': 10, 'TODOS': 1, 'VAMOS': 10, 'PHG': 0, 'PR': 4, 'PIN': 0, 'ELEFANTE': 4, 'VICTORIA': 7, 'SEMILLA': 36, 'FCN-NACION': 1, 'PPN': 3, 'UR': 4, 'URNG-MAIZ WINAQ': 8, 'CREO': 1, 'BIEN': 14, 'VIVA': 23, 'MI FAMILIA': 2, 'CAMBIO': 1, 'VOS': 18}",4,39,245,43,Sumas Asentadas sin cuadrar,1.Guatemala,15.Villa Nueva,0456,presidente
4479,,"{'UNE': 16, 'AZUL': 3, 'VALOR UNIONISTA': 18, 'CABAL': 19, 'TODOS': 1, 'VAMOS': 7, 'PHG': 0, 'PR': 3, 'PIN': 0, 'ELEFANTE': 3, 'VICTORIA': 8, 'SEMILLA': 58, 'FCN-NACION': 2, 'PPN': 0, 'UR': 3, 'URNG-MAIZ WINAQ': 2, 'CREO': 1, 'BIEN': 13, 'VIVA': 19, 'MI FAMILIA': 5, 'CAMBIO': 0, 'VOS': 17}",4,42,244,0,Algún campo sin dato,1.Guatemala,15.Villa Nueva,0456,presidente
4480,,"{'UNE': 15, 'AZUL': 3, 'VALOR UNIONISTA': 29, 'CABAL': 7, 'TODOS': 0, 'VAMOS': 8, 'PHG': 0, 'PR': 3, 'PIN': 0, 'ELEFANTE': 1, 'VICTORIA': 4, 'SEMILLA': 63, 'FCN-NACION': 0, 'PPN': 0, 'UR': 3, 'URNG-MAIZ WINAQ': 1, 'CREO': 1, 'BIEN': 18, 'VIVA': 22, 'MI FAMILIA': 8, 'CAMBIO': 0, 'VOS': 16}",2,38,242,0,Algún campo sin dato,1.Guatemala,15.Villa Nueva,0456,presidente
4481,,"{'UNE': 28, 'AZUL': 4, 'VALOR UNIONISTA': 21, 'CABAL': 12, 'TODOS': 1, 'VAMOS': 14, 'PHG': 0, 'PR': 2, 'PIN': 0, 'ELEFANTE': 5, 'VICTORIA': 11, 'SEMILLA': 51, 'FCN-NACION': 0, 'PPN': 1, 'UR': 5, 'URNG-MAIZ WINAQ': 3, 'CREO': 0, 'BIEN': 16, 'VIVA': 22, 'MI FAMILIA': 4, 'CAMBIO': 1, 'VOS': 12}",1,40,254,0,Algún campo sin dato,1.Guatemala,15.Villa Nueva,0456,presidente
4482,,"{'UNE': 21, 'AZUL': 1, 'VALOR UNIONISTA': 27, 'CABAL': 7, 'TODOS': 0, 'VAMOS': 10, 'PHG': 0, 'PR': 0, 'PIN': 0, 'ELEFANTE': 0, 'VICTORIA': 5, 'SEMILLA': 58, 'FCN-NACION': 0, 'PPN': 1, 'UR': 6, 'URNG-MAIZ WINAQ': 2, 'CREO': 0, 'BIEN': 18, 'VIVA': 15, 'MI FAMILIA': 5, 'CAMBIO': 0, 'VOS': 21}",4,42,243,0,Algún campo sin dato,1.Guatemala,15.Villa Nueva,0456,presidente
4483,,"{'UNE': 23, 'AZUL': 3, 'VALOR UNIONISTA': 28, 'CABAL': 9, 'TODOS': 0, 'VAMOS': 11, 'PHG': 0, 'PR': 1, 'PIN': 1, 'ELEFANTE': 2, 'VICTORIA': 7, 'SEMILLA': 67, 'FCN-NACION': 1, 'PPN': 0, 'UR': 4, 'URNG-MAIZ WINAQ': 3, 'CREO': 2, 'BIEN': 17, 'VIVA': 23, 'MI FAMILIA': 3, 'CAMBIO': 0, 'VOS': 18}",2,40,265,0,Algún campo sin dato,1.Guatemala,15.Villa Nueva,0456,presidente
4484,,"{'UNE': 26, 'AZUL': 3, 'VALOR UNIONISTA': 29, 'CABAL': 19, 'TODOS': 0, 'VAMOS': 6, 'PHG': 0, 'PR': 2, 'PIN': 0, 'ELEFANTE': 0, 'VICTORIA': 3, 'SEMILLA': 41, 'FCN-NACION': 0, 'PPN': 0, 'UR': 4, 'URNG-MAIZ WINAQ': 7, 'CREO': 1, 'BIEN': 11, 'VIVA': 16, 'MI FAMILIA': 5, 'CAMBIO': 0, 'VOS': 20}",1,46,240,0,Algún campo sin dato,1.Guatemala,15.Villa Nueva,0456,presidente
4485,,"{'UNE': 35, 'AZUL': 5, 'VALOR UNIONISTA': 27, 'CABAL': 11, 'TODOS': 0, 'VAMOS': 8, 'PHG': 2, 'PR': 2, 'PIN': 0, 'ELEFANTE': 2, 'VICTORIA': 5, 'SEMILLA': 51, 'FCN-NACION': 1, 'PPN': 0, 'UR': 4, 'URNG-MAIZ WINAQ': 5, 'CREO': 3, 'BIEN': 12, 'VIVA': 18, 'MI FAMILIA': 4, 'CAMBIO': 0, 'VOS': 16}",4,31,246,0,Algún campo sin dato,1.Guatemala,15.Villa Nueva,0456,presidente
4486,,"{'UNE': 16, 'AZUL': 4, 'VALOR UNIONISTA': 29, 'CABAL': 7, 'TODOS': 3, 'VAMOS': 8, 'PHG': 0, 'PR': 4, 'PIN': 0, 'ELEFANTE': 2, 'VICTORIA': 4, 'SEMILLA': 52, 'FCN-NACION': 1, 'PPN': 0, 'UR': 6, 'URNG-MAIZ WINAQ': 7, 'CREO': 1, 'BIEN': 20, 'VIVA': 13, 'MI FAMILIA': 1, 'CAMBIO': 0, 'VOS': 20}",3,32,233,0,Algún campo sin dato,1.Guatemala,15.Villa Nueva,0456,presidente
4487,,"{'UNE': 28, 'AZUL': 2, 'VALOR UNIONISTA': 23, 'CABAL': 12, 'TODOS': 1, 'VAMOS': 7, 'PHG': 0, 'PR': 1, 'PIN': 2, 'ELEFANTE': 1, 'VICTORIA': 6, 'SEMILLA': 41, 'FCN-NACION': 1, 'PPN': 0, 'UR': 6, 'URNG-MAIZ WINAQ': 3, 'CREO': 2, 'BIEN': 8, 'VIVA': 12, 'MI FAMILIA': 0, 'CAMBIO': 1, 'VOS': 15}",0,28,200,0,Algún campo sin dato,1.Guatemala,15.Villa Nueva,0456,presidente
4488,,"{'UNE': 20, 'AZUL': 2, 'VALOR UNIONISTA': 22, 'CABAL': 11, 'TODOS': 0, 'VAMOS': 7, 'PHG': 0, 'PR': 1, 'PIN': 0, 'ELEFANTE': 4, 'VICTORIA': 5, 'SEMILLA': 52, 'FCN-NACION': 0, 'PPN': 1, 'UR': 7, 'URNG-MAIZ WINAQ': 4, 'CREO': 0, 'BIEN': 7, 'VIVA': 17, 'MI FAMILIA': 1, 'CAMBIO': 0, 'VOS': 13}",7,38,219,0,Algún campo sin dato,1.Guatemala,15.Villa Nueva,0456,presidente
4489,,"{'UNE': 19, 'AZUL': 1, 'VALOR UNIONISTA': 21, 'CABAL': 5, 'TODOS': 1, 'VAMOS': 10, 'PHG': 1, 'PR': 3, 'PIN': 0, 'ELEFANTE': 3, 'VICTORIA': 4, 'SEMILLA': 59, 'FCN-NACION': 1, 'PPN': 0, 'UR': 9, 'URNG-MAIZ WINAQ': 2, 'CREO': 3, 'BIEN': 16, 'VIVA': 15, 'MI FAMILIA': 4, 'CAMBIO': 1, 'VOS': 12}",3,39,232,0,Algún campo sin dato,1.Guatemala,15.Villa Nueva,0456,presidente
4490,,"{'UNE': 24, 'AZUL': 1, 'VALOR UNIONISTA': 21, 'CABAL': 14, 'TODOS': 0, 'VAMOS': 6, 'PHG': 0, 'PR': 1, 'PIN': 0, 'ELEFANTE': 3, 'VICTORIA': 2, 'SEMILLA': 70, 'FCN-NACION': 1, 'PPN': 0, 'UR': 1, 'URNG-MAIZ WINAQ': 1, 'CREO': 0, 'BIEN': 15, 'VIVA': 17, 'MI FAMILIA': 3, 'CAMBIO': 1, 'VOS': 13}",0,39,233,0,,1.Guatemala,15.Villa Nueva,0456,presidente
4491,,"{'UNE': 15, 'AZUL': 1, 'VALOR UNIONISTA': 22, 'CABAL': 11, 'TODOS': 0, 'VAMOS': 4, 'PHG': 0, 'PR': 1, 'PIN': 0, 'ELEFANTE': 1, 'VICTORIA': 3, 'SEMILLA': 107, 'FCN-NACION': 2, 'PPN': 0, 'UR': 2, 'URNG-MAIZ WINAQ': 0, 'CREO': 1, 'BIEN': 13, 'VIVA': 13, 'MI FAMILIA': 2, 'CAMBIO': 0, 'VOS': 26}",0,22,246,0,Algún campo sin dato,1.Guatemala,15.Villa Nueva,0456,presidente
4492,,"{'UNE': 11, 'AZUL': 0, 'VALOR UNIONISTA': 15, 'CABAL': 11, 'TODOS': 0, 'VAMOS': 5, 'PHG': 0, 'PR': 0, 'PIN': 0, 'ELEFANTE': 0, 'VICTORIA': 5, 'SEMILLA': 139, 'FCN-NACION': 0, 'PPN': 0, 'UR': 1, 'URNG-MAIZ WINAQ': 1, 'CREO': 0, 'BIEN': 21, 'VIVA': 10, 'MI FAMILIA': 2, 'CAMBIO': 0, 'VOS': 18}",0,22,261,0,Algún campo sin dato,1.Guatemala,15.Villa Nueva,0456,presidente
4493,,"{'UNE': 12, 'AZUL': 3, 'VALOR UNIONISTA': 16, 'CABAL': 18, 'TODOS': 0, 'VAMOS': 6, 'PHG': 1, 'PR': 0, 'PIN': 0, 'ELEFANTE': 4, 'VICTORIA': 4, 'SEMILLA': 119, 'FCN-NACION': 0, 'PPN': 0, 'UR': 2, 'URNG-MAIZ WINAQ': 1, 'CREO': 0, 'BIEN': 11, 'VIVA': 14, 'MI FAMILIA': 2, 'CAMBIO': 0, 'VOS': 13}",0,19,245,0,Algún campo sin dato,1.Guatemala,15.Villa Nueva,0456,presidente
4494,,"{'UNE': 8, 'AZUL': 0, 'VALOR UNIONISTA': 9, 'CABAL': 3, 'TODOS': 1, 'VAMOS': 5, 'PHG': 0, 'PR': 3, 'PIN': 0, 'ELEFANTE': 0, 'VICTORIA': 3, 'SEMILLA': 109, 'FCN-NACION': 1, 'PPN': 1, 'UR': 1, 'URNG-MAIZ WINAQ': 3, 'CREO': 0, 'BIEN': 5, 'VIVA': 13, 'MI FAMILIA': 1, 'CAMBIO': 0, 'VOS': 19}",1,30,216,0,Algún campo sin dato,1.Guatemala,15.Villa Nueva,0456,presidente
4495,,"{'UNE': 17, 'AZUL': 2, 'VALOR UNIONISTA': 12, 'CABAL': 2, 'TODOS': 0, 'VAMOS': 15, 'PHG': 0, 'PR': 2, 'PIN': 0, 'ELEFANTE': 3, 'VICTORIA': 6, 'SEMILLA': 85, 'FCN-NACION': 0, 'PPN': 0, 'UR': 1, 'URNG-MAIZ WINAQ': 2, 'CREO': 0, 'BIEN': 11, 'VIVA': 10, 'MI FAMILIA': 3, 'CAMBIO': 0, 'VOS': 9}",5,30,215,2,Algún campo sin dato,1.Guatemala,15.Villa Nueva,0456,presidente
4496,,"{'UNE': 4, 'AZUL': 1, 'VALOR UNIONISTA': 0, 'CABAL': 8, 'TODOS': 0, 'VAMOS': 7, 'PHG': 0, 'PR': 0, 'PIN': 0, 'ELEFANTE': 1, 'VICTORIA': 4, 'SEMILLA': 110, 'FCN-NACION': 0, 'PPN': 1, 'UR': 1, 'URNG-MAIZ WINAQ': 0, 'CREO': 0, 'BIEN': 14, 'VIVA': 18, 'MI FAMILIA': 1, 'CAMBIO': 0, 'VOS': 7}",1,14,192,2,Sumas Asentadas sin cuadrar,1.Guatemala,15.Villa Nueva,0456,presidente
4497,,"{'UNE': 11, 'AZUL': 0, 'VALOR UNIONISTA': 9, 'CABAL': 10, 'TODOS': 0, 'VAMOS': 2, 'PHG': 0, 'PR': 0, 'PIN': 0, 'ELEFANTE': 1, 'VICTORIA': 1, 'SEMILLA': 90, 'FCN-NACION': 0, 'PPN': 0, 'UR': 7, 'URNG-MAIZ WINAQ': 1, 'CREO': 0, 'BIEN': 8, 'VIVA': 9, 'MI FAMILIA': 0, 'CAMBIO': 2, 'VOS': 8}",2,4,165,0,Algún campo sin dato,1.Guatemala,15.Villa Nueva,0456,presidente
4498,,"{'UNE': 15, 'AZUL': 3, 'VALOR UNIONISTA': 34, 'CABAL': 21, 'TODOS': 1, 'VAMOS': 8, 'PHG': 0, 'PR': 2, 'PIN': 1, 'ELEFANTE': 3, 'VICTORIA': 9, 'SEMILLA': 57, 'FCN-NACION': 2, 'PPN': 0, 'UR': 6, 'URNG-MAIZ WINAQ': 6, 'CREO': 10, 'BIEN': 11, 'VIVA': 5, 'MI FAMILIA': 2, 'CAMBIO': 29, 'VOS': 2}",1,35,263,0,Algún campo sin dato,1.Guatemala,15.Villa Nueva,0457,presidente
4499,,"{'UNE': 23, 'AZUL': 4, 'VALOR UNIONISTA': 37, 'CABAL': 12, 'TODOS': 3, 'VAMOS': 5, 'PHG': 1, 'PR': 2, 'PIN': 1, 'ELEFANTE': 3, 'VICTORIA': 12, 'SEMILLA': 60, 'FCN-NACION': 3, 'PPN': 3, 'UR': 3, 'URNG-MAIZ WINAQ': 4, 'CREO': 4, 'BIEN': 15, 'VIVA': 14, 'MI FAMILIA': 7, 'CAMBIO': 1, 'VOS': 16}",5,30,268,0,Algún campo sin dato,1.Guatemala,15.Villa Nueva,0457,presidente
4500,,"{'UNE': 0, 'AZUL': 0, 'VALOR UNIONISTA': 0, 'CABAL': 0, 'TODOS': 0, 'VAMOS': 0, 'PHG': 0, 'PR': 0, 'PIN': 0, 'ELEFANTE': 0, 'VICTORIA': 0, 'SEMILLA': 0, 'FCN-NACION': 0, 'PPN': 0, 'UR': 0, 'URNG-MAIZ WINAQ': 0, 'CREO': 0, 'BIEN': 0, 'VIVA': 0, 'MI FAMILIA': 0, 'CAMBIO': 0, 'VOS': 0}",0,0,0,0,Acta ilegible,1.Guatemala,15.Villa Nueva,0457,presidente
4501,,"{'UNE': 15, 'AZUL': 3, 'VALOR UNIONISTA': 28, 'CABAL': 8, 'TODOS': 1, 'VAMOS': 6, 'PHG': 0, 'PR': 3, 'PIN': 1, 'ELEFANTE': 1, 'VICTORIA': 4, 'SEMILLA': 62, 'FCN-NACION': 2, 'PPN': 2, 'UR': 4, 'URNG-MAIZ WINAQ': 2, 'CREO': 3, 'BIEN': 13, 'VIVA': 14, 'MI FAMILIA': 8, 'CAMBIO': 0, 'VOS': 23}",2,38,243,0,Algún campo sin dato,1.Guatemala,15.Villa Nueva,0457,presidente
4502,,"{'UNE': 16, 'AZUL': 2, 'VALOR UNIONISTA': 33, 'CABAL': 10, 'TODOS': 0, 'VAMOS': 9, 'PHG': 0, 'PR': 4, 'PIN': 0, 'ELEFANTE': 2, 'VICTORIA': 8, 'SEMILLA': 68, 'FCN-NACION': 1, 'PPN': 0, 'UR': 6, 'URNG-MAIZ WINAQ': 7, 'CREO': 2, 'BIEN': 15, 'VIVA': 14, 'MI FAMILIA': 4, 'CAMBIO': 0, 'VOS': 25}",2,39,267,0,Algún campo sin dato,1.Guatemala,15.Villa Nueva,0457,presidente
4503,,"{'UNE': 12, 'AZUL': 5, 'VALOR UNIONISTA': 27, 'CABAL': 16, 'TODOS': 1, 'VAMOS': 16, 'PHG': 2, 'PR': 4, 'PIN': 2, 'ELEFANTE': 5, 'VICTORIA': 10, 'SEMILLA': 71, 'FCN-NACION': 1, 'PPN': 0, 'UR': 7, 'URNG-MAIZ WINAQ': 3, 'CREO': 5, 'BIEN': 11, 'VIVA': 12, 'MI FAMILIA': 6, 'CAMBIO': 0, 'VOS': 23}",4,38,281,0,Algún campo sin dato,1.Guatemala,15.Villa Nueva,0457,presidente
4504,,"{'UNE': 19, 'AZUL': 1, 'VALOR UNIONISTA': 37, 'CABAL': 13, 'TODOS': 0, 'VAMOS': 10, 'PHG': 0, 'PR': 1, 'PIN': 2, 'ELEFANTE': 6, 'VICTORIA': 7, 'SEMILLA': 53, 'FCN-NACION': 1, 'PPN': 2, 'UR': 10, 'URNG-MAIZ WINAQ': 2, 'CREO': 3, 'BIEN': 14, 'VIVA': 15, 'MI FAMILIA': 8, 'CAMBIO': 0, 'VOS': 19}",1,30,254,0,Algún campo sin dato,1.Guatemala,15.Villa Nueva,0457,presidente
4505,,"{'UNE': 19, 'AZUL': 4, 'VALOR UNIONISTA': 35, 'CABAL': 10, 'TODOS': 1, 'VAMOS': 7, 'PHG': 1, 'PR': 3, 'PIN': 0, 'ELEFANTE': 3, 'VICTORIA': 3, 'SEMILLA': 59, 'FCN-NACION': 1, 'PPN': 0, 'UR': 11, 'URNG-MAIZ WINAQ': 8, 'CREO': 3, 'BIEN': 14, 'VIVA': 21, 'MI FAMILIA': 6, 'CAMBIO': 0, 'VOS': 25}",2,41,277,0,Algún campo sin dato,1.Guatemala,15.Villa Nueva,0457,presidente
4506,,"{'UNE': 5, 'AZUL': 8, 'VALOR UNIONISTA': 33, 'CABAL': 13, 'TODOS': 0, 'VAMOS': 8, 'PHG': 0, 'PR': 6, 'PIN': 2, 'ELEFANTE': 3, 'VICTORIA': 8, 'SEMILLA': 80, 'FCN-NACION': 1, 'PPN': 1, 'UR': 8, 'URNG-MAIZ WINAQ': 2, 'CREO': 1, 'BIEN': 21, 'VIVA': 11, 'MI FAMILIA': 2, 'CAMBIO': 0, 'VOS': 26}",0,28,267,0,Algún campo sin dato,1.Guatemala,15.Villa Nueva,0457,presidente
4507,,"{'UNE': 7, 'AZUL': 1, 'VALOR UNIONISTA': 24, 'CABAL': 13, 'TODOS': 0, 'VAMOS': 6, 'PHG': 1, 'PR': 2, 'PIN': 1, 'ELEFANTE': 1, 'VICTORIA': 7, 'SEMILLA': 99, 'FCN-NACION': 2, 'PPN': 0, 'UR': 4, 'URNG-MAIZ WINAQ': 1, 'CREO': 1, 'BIEN': 12, 'VIVA': 8, 'MI FAMILIA': 3, 'CAMBIO': 0, 'VOS': 28}",1,34,256,0,Sumas Asentadas sin cuadrar,1.Guatemala,15.Villa Nueva,0457,presidente
4508,,"{'UNE': 14, 'AZUL': 3, 'VALOR UNIONISTA': 41, 'CABAL': 12, 'TODOS': 0, 'VAMOS': 0, 'PHG': 0, 'PR': 8, 'PIN': 1, 'ELEFANTE': 2, 'VICTORIA': 8, 'SEMILLA': 54, 'FCN-NACION': 1, 'PPN': 1, 'UR': 0, 'URNG-MAIZ WINAQ': 7, 'CREO': 1, 'BIEN': 18, 'VIVA': 18, 'MI FAMILIA': 6, 'CAMBIO': 1, 'VOS': 20}",0,33,249,0,Algún campo sin dato,1.Guatemala,15.Villa Nueva,0457,presidente
4509,,"{'UNE': 19, 'AZUL': 1, 'VALOR UNIONISTA': 27, 'CABAL': 18, 'TODOS': 2, 'VAMOS': 4, 'PHG': 0, 'PR': 4, 'PIN': 2, 'ELEFANTE': 2, 'VICTORIA': 6, 'SEMILLA': 71, 'FCN-NACION': 2, 'PPN': 0, 'UR': 4, 'URNG-MAIZ WINAQ': 2, 'CREO': 3, 'BIEN': 14, 'VIVA': 10, 'MI FAMILIA': 4, 'CAMBIO': 0, 'VOS': 22}",0,39,256,0,Algún campo sin dato,1.Guatemala,15.Villa Nueva,0457,presidente
4510,,"{'UNE': 10, 'AZUL': 3, 'VALOR UNIONISTA': 21, 'CABAL': 14, 'TODOS': 2, 'VAMOS': 6, 'PHG': 1, 'PR': 1, 'PIN': 1, 'ELEFANTE': 1, 'VICTORIA': 8, 'SEMILLA': 82, 'FCN-NACION': 1, 'PPN': 0, 'UR': 5, 'URNG-MAIZ WINAQ': 8, 'CREO': 2, 'BIEN': 15, 'VIVA': 13, 'MI FAMILIA': 8, 'CAMBIO': 0, 'VOS': 28}",0,26,256,0,Algún campo sin dato,1.Guatemala,15.Villa Nueva,0457,presidente
4511,,"{'UNE': 7, 'AZUL': 2, 'VALOR UNIONISTA': 32, 'CABAL': 16, 'TODOS': 0, 'VAMOS': 5, 'PHG': 1, 'PR': 1, 'PIN': 0, 'ELEFANTE': 3, 'VICTORIA': 7, 'SEMILLA': 72, 'FCN-NACION': 3, 'PPN': 1, 'UR': 7, 'URNG-MAIZ WINAQ': 2, 'CREO': 2, 'BIEN': 28, 'VIVA': 15, 'MI FAMILIA': 6, 'CAMBIO': 1, 'VOS': 27}",0,34,272,0,Algún campo sin dato,1.Guatemala,15.Villa Nueva,0458,presidente
4512,,"{'UNE': 17, 'AZUL': 7, 'VALOR UNIONISTA': 31, 'CABAL': 10, 'TODOS': 0, 'VAMOS': 8, 'PHG': 0, 'PR': 4, 'PIN': 1, 'ELEFANTE': 4, 'VICTORIA': 6, 'SEMILLA': 64, 'FCN-NACION': 1, 'PPN': 0, 'UR': 6, 'URNG-MAIZ WINAQ': 3, 'CREO': 1, 'BIEN': 9, 'VIVA': 13, 'MI FAMILIA': 7, 'CAMBIO': 0, 'VOS': 31}",3,34,260,3,Algún campo sin dato,1.Guatemala,15.Villa Nueva,0458,presidente
4513,,"{'UNE': 17, 'AZUL': 8, 'VALOR UNIONISTA': 38, 'CABAL': 11, 'TODOS': 0, 'VAMOS': 6, 'PHG': 0, 'PR': 3, 'PIN': 2, 'ELEFANTE': 5, 'VICTORIA': 7, 'SEMILLA': 65, 'FCN-NACION': 1, 'PPN': 0, 'UR': 1, 'URNG-MAIZ WINAQ': 2, 'CREO': 2, 'BIEN': 11, 'VIVA': 22, 'MI FAMILIA': 7, 'CAMBIO': 0, 'VOS': 18}",1,28,255,0,Algún campo sin dato,1.Guatemala,15.Villa Nueva,0458,presidente
4514,,"{'UNE': 14, 'AZUL': 2, 'VALOR UNIONISTA': 36, 'CABAL': 14, 'TODOS': 0, 'VAMOS': 9, 'PHG': 0, 'PR': 1, 'PIN': 1, 'ELEFANTE': 3, 'VICTORIA': 6, 'SEMILLA': 67, 'FCN-NACION': 1, 'PPN': 1, 'UR': 8, 'URNG-MAIZ WINAQ': 2, 'CREO': 1, 'BIEN': 23, 'VIVA': 9, 'MI FAMILIA': 7, 'CAMBIO': 0, 'VOS': 27}",0,39,271,0,Algún campo sin dato,1.Guatemala,15.Villa Nueva,0458,presidente
4515,,"{'UNE': 11, 'AZUL': 1, 'VALOR UNIONISTA': 39, 'CABAL': 13, 'TODOS': 1, 'VAMOS': 5, 'PHG': 0, 'PR': 6, 'PIN': 0, 'ELEFANTE': 1, 'VICTORIA': 7, 'SEMILLA': 77, 'FCN-NACION': 0, 'PPN': 0, 'UR': 8, 'URNG-MAIZ WINAQ': 1, 'CREO': 0, 'BIEN': 18, 'VIVA': 16, 'MI FAMILIA': 5, 'CAMBIO': 0, 'VOS': 26}",4,32,271,0,Algún campo sin dato,1.Guatemala,15.Villa Nueva,0458,presidente
4516,,"{'UNE': 9, 'AZUL': 2, 'VALOR UNIONISTA': 26, 'CABAL': 15, 'TODOS': 0, 'VAMOS': 8, 'PHG': 0, 'PR': 3, 'PIN': 0, 'ELEFANTE': 3, 'VICTORIA': 4, 'SEMILLA': 72, 'FCN-NACION': 1, 'PPN': 0, 'UR': 5, 'URNG-MAIZ WINAQ': 7, 'CREO': 3, 'BIEN': 21, 'VIVA': 11, 'MI FAMILIA': 2, 'CAMBIO': 0, 'VOS': 17}",1,35,245,0,Algún campo sin dato,1.Guatemala,15.Villa Nueva,0458,presidente
4517,,"{'UNE': 17, 'AZUL': 4, 'VALOR UNIONISTA': 36, 'CABAL': 14, 'TODOS': 0, 'VAMOS': 8, 'PHG': 0, 'PR': 6, 'PIN': 0, 'ELEFANTE': 4, 'VICTORIA': 8, 'SEMILLA': 63, 'FCN-NACION': 0, 'PPN': 0, 'UR': 4, 'URNG-MAIZ WINAQ': 5, 'CREO': 1, 'BIEN': 20, 'VIVA': 24, 'MI FAMILIA': 7, 'CAMBIO': 0, 'VOS': 17}",1,29,268,0,Algún campo sin dato,1.Guatemala,15.Villa Nueva,0458,presidente
4518,,"{'UNE': 13, 'AZUL': 2, 'VALOR UNIONISTA': 0, 'CABAL': 11, 'TODOS': 2, 'VAMOS': 6, 'PHG': 0, 'PR': 0, 'PIN': 3, 'ELEFANTE': 0, 'VICTORIA': 0, 'SEMILLA': 67, 'FCN-NACION': 0, 'PPN': 1, 'UR': 6, 'URNG-MAIZ WINAQ': 4, 'CREO': 1, 'BIEN': 13, 'VIVA': 9, 'MI FAMILIA': 4, 'CAMBIO': 0, 'VOS': 20}",4,39,205,0,Sumas Asentadas sin cuadrar,1.Guatemala,15.Villa Nueva,0459,presidente
4519,,"{'UNE': 16, 'AZUL': 2, 'VALOR UNIONISTA': 28, 'CABAL': 12, 'TODOS': 1, 'VAMOS': 7, 'PHG': 0, 'PR': 1, 'PIN': 2, 'ELEFANTE': 3, 'VICTORIA': 8, 'SEMILLA': 60, 'FCN-NACION': 2, 'PPN': 0, 'UR': 6, 'URNG-MAIZ WINAQ': 6, 'CREO': 1, 'BIEN': 12, 'VIVA': 12, 'MI FAMILIA': 4, 'CAMBIO': 0, 'VOS': 23}",4,54,264,0,Algún campo sin dato,1.Guatemala,15.Villa Nueva,0459,presidente
4520,,"{'UNE': 20, 'AZUL': 1, 'VALOR UNIONISTA': 25, 'CABAL': 12, 'TODOS': 0, 'VAMOS': 6, 'PHG': 1, 'PR': 8, 'PIN': 2, 'ELEFANTE': 0, 'VICTORIA': 9, 'SEMILLA': 72, 'FCN-NACION': 2, 'PPN': 0, 'UR': 6, 'URNG-MAIZ WINAQ': 2, 'CREO': 1, 'BIEN': 7, 'VIVA': 19, 'MI FAMILIA': 2, 'CAMBIO': 0, 'VOS': 23}",2,33,253,0,Algún campo sin dato,1.Guatemala,15.Villa Nueva,0459,presidente
4521,,"{'UNE': 14, 'AZUL': 2, 'VALOR UNIONISTA': 24, 'CABAL': 12, 'TODOS': 2, 'VAMOS': 7, 'PHG': 1, 'PR': 6, 'PIN': 0, 'ELEFANTE': 6, 'VICTORIA': 5, 'SEMILLA': 68, 'FCN-NACION': 1, 'PPN': 0, 'UR': 5, 'URNG-MAIZ WINAQ': 6, 'CREO': 1, 'BIEN': 14, 'VIVA': 14, 'MI FAMILIA': 4, 'CAMBIO': 1, 'VOS': 18}",5,29,245,0,Algún campo sin dato,1.Guatemala,15.Villa Nueva,0459,presidente
4522,,"{'UNE': 13, 'AZUL': 3, 'VALOR UNIONISTA': 28, 'CABAL': 8, 'TODOS': 2, 'VAMOS': 2, 'PHG': 1, 'PR': 4, 'PIN': 2, 'ELEFANTE': 1, 'VICTORIA': 10, 'SEMILLA': 61, 'FCN-NACION': 0, 'PPN': 0, 'UR': 4, 'URNG-MAIZ WINAQ': 5, 'CREO': 2, 'BIEN': 18, 'VIVA': 13, 'MI FAMILIA': 1, 'CAMBIO': 0, 'VOS': 22}",4,45,249,0,Algún campo sin dato,1.Guatemala,15.Villa Nueva,0459,presidente
4523,,"{'UNE': 11, 'AZUL': 7, 'VALOR UNIONISTA': 22, 'CABAL': 10, 'TODOS': 0, 'VAMOS': 4, 'PHG': 1, 'PR': 0, 'PIN': 1, 'ELEFANTE': 2, 'VICTORIA': 6, 'SEMILLA': 69, 'FCN-NACION': 2, 'PPN': 1, 'UR': 5, 'URNG-MAIZ WINAQ': 0, 'CREO': 0, 'BIEN': 13, 'VIVA': 18, 'MI FAMILIA': 6, 'CAMBIO': 0, 'VOS': 22}",5,31,236,0,Algún campo sin dato,1.Guatemala,15.Villa Nueva,0459,presidente
4524,,"{'UNE': 12, 'AZUL': 3, 'VALOR UNIONISTA': 34, 'CABAL': 15, 'TODOS': 0, 'VAMOS': 5, 'PHG': 0, 'PR': 2, 'PIN': 1, 'ELEFANTE': 4, 'VICTORIA': 5, 'SEMILLA': 79, 'FCN-NACION': 0, 'PPN': 0, 'UR': 6, 'URNG-MAIZ WINAQ': 7, 'CREO': 1, 'BIEN': 13, 'VIVA': 10, 'MI FAMILIA': 4, 'CAMBIO': 0, 'VOS': 11}",3,25,240,1,Algún campo sin dato,1.Guatemala,15.Villa Nueva,0459,presidente
4525,,"{'UNE': 12, 'AZUL': 3, 'VALOR UNIONISTA': 21, 'CABAL': 12, 'TODOS': 1, 'VAMOS': 9, 'PHG': 0, 'PR': 2, 'PIN': 0, 'ELEFANTE': 2, 'VICTORIA': 5, 'SEMILLA': 85, 'FCN-NACION': 1, 'PPN': 1, 'UR': 1, 'URNG-MAIZ WINAQ': 1, 'CREO': 1, 'BIEN': 17, 'VIVA': 10, 'MI FAMILIA': 1, 'CAMBIO': 0, 'VOS': 25}",1,28,239,0,Algún campo sin dato,1.Guatemala,15.Villa Nueva,0459,presidente
4526,,"{'UNE': 4, 'AZUL': 1, 'VALOR UNIONISTA': 16, 'CABAL': 8, 'TODOS': 0, 'VAMOS': 2, 'PHG': 0, 'PR': 1, 'PIN': 1, 'ELEFANTE': 2, 'VICTORIA': 3, 'SEMILLA': 153, 'FCN-NACION': 1, 'PPN': 1, 'UR': 3, 'URNG-MAIZ WINAQ': 1, 'CREO': 2, 'BIEN': 18, 'VIVA': 9, 'MI FAMILIA': 0, 'CAMBIO': 0, 'VOS': 21}",139,14,400,0,Algún campo sin dato,1.Guatemala,15.Villa Nueva,0459,presidente
4527,,"{'UNE': 3, 'AZUL': 0, 'VALOR UNIONISTA': 19, 'CABAL': 10, 'TODOS': 1, 'VAMOS': 4, 'PHG': 0, 'PR': 4, 'PIN': 1, 'ELEFANTE': 0, 'VICTORIA': 6, 'SEMILLA': 136, 'FCN-NACION': 0, 'PPN': 2, 'UR': 2, 'URNG-MAIZ WINAQ': 3, 'CREO': 2, 'BIEN': 11, 'VIVA': 8, 'MI FAMILIA': 2, 'CAMBIO': 0, 'VOS': 17}",0,34,265,0,Algún campo sin dato,1.Guatemala,15.Villa Nueva,0459,presidente
4528,,"{'UNE': 8, 'AZUL': 0, 'VALOR UNIONISTA': 14, 'CABAL': 9, 'TODOS': 0, 'VAMOS': 6, 'PHG': 0, 'PR': 0, 'PIN': 0, 'ELEFANTE': 0, 'VICTORIA': 5, 'SEMILLA': 115, 'FCN-NACION': 1, 'PPN': 0, 'UR': 4, 'URNG-MAIZ WINAQ': 4, 'CREO': 0, 'BIEN': 10, 'VIVA': 8, 'MI FAMILIA': 1, 'CAMBIO': 0, 'VOS': 17}",1,20,223,0,Algún campo sin dato,1.Guatemala,15.Villa Nueva,0459,presidente
4529,,"{'UNE': 10, 'AZUL': 2, 'VALOR UNIONISTA': 25, 'CABAL': 5, 'TODOS': 2, 'VAMOS': 6, 'PHG': 0, 'PR': 2, 'PIN': 0, 'ELEFANTE': 1, 'VICTORIA': 5, 'SEMILLA': 94, 'FCN-NACION': 0, 'PPN': 0, 'UR': 2, 'URNG-MAIZ WINAQ': 2, 'CREO': 0, 'BIEN': 11, 'VIVA': 12, 'MI FAMILIA': 2, 'CAMBIO': 0, 'VOS': 11}",0,25,217,0,Sumas Asentadas sin cuadrar,1.Guatemala,15.Villa Nueva,0459,presidente
4530,,"{'UNE': 6, 'AZUL': 1, 'VALOR UNIONISTA': 18, 'CABAL': 12, 'TODOS': 0, 'VAMOS': 5, 'PHG': 0, 'PR': 0, 'PIN': 0, 'ELEFANTE': 1, 'VICTORIA': 2, 'SEMILLA': 118, 'FCN-NACION': 0, 'PPN': 2, 'UR': 1, 'URNG-MAIZ WINAQ': 1, 'CREO': 1, 'BIEN': 11, 'VIVA': 7, 'MI FAMILIA': 2, 'CAMBIO': 0, 'VOS': 15}",0,27,230,0,Algún campo sin dato,1.Guatemala,15.Villa Nueva,0459,presidente
4531,,"{'UNE': 4, 'AZUL': 1, 'VALOR UNIONISTA': 6, 'CABAL': 2, 'TODOS': 3, 'VAMOS': 3, 'PHG': 0, 'PR': 0, 'PIN': 1, 'ELEFANTE': 2, 'VICTORIA': 0, 'SEMILLA': 75, 'FCN-NACION': 0, 'PPN': 0, 'UR': 2, 'URNG-MAIZ WINAQ': 2, 'CREO': 0, 'BIEN': 5, 'VIVA': 6, 'MI FAMILIA': 0, 'CAMBIO': 1, 'VOS': 14}",0,17,144,0,Sumas Asentadas sin cuadrar,1.Guatemala,15.Villa Nueva,0459,presidente
4532,,"{'UNE': 8, 'AZUL': 0, 'VALOR UNIONISTA': 5, 'CABAL': 6, 'TODOS': 1, 'VAMOS': 2, 'PHG': 0, 'PR': 0, 'PIN': 3, 'ELEFANTE': 0, 'VICTORIA': 2, 'SEMILLA': 49, 'FCN-NACION': 1, 'PPN': 0, 'UR': 1, 'URNG-MAIZ WINAQ': 0, 'CREO': 0, 'BIEN': 5, 'VIVA': 1, 'MI FAMILIA': 2, 'CAMBIO': 1, 'VOS': 4}",1,7,99,134,Algún campo sin dato,1.Guatemala,15.Villa Nueva,0459,presidente
4533,,"{'UNE': 14, 'AZUL': 4, 'VALOR UNIONISTA': 32, 'CABAL': 18, 'TODOS': 0, 'VAMOS': 3, 'PHG': 1, 'PR': 3, 'PIN': 4, 'ELEFANTE': 2, 'VICTORIA': 5, 'SEMILLA': 59, 'FCN-NACION': 0, 'PPN': 2, 'UR': 1, 'URNG-MAIZ WINAQ': 4, 'CREO': 3, 'BIEN': 16, 'VIVA': 16, 'MI FAMILIA': 8, 'CAMBIO': 0, 'VOS': 22}",1,27,245,0,Algún campo sin dato,1.Guatemala,15.Villa Nueva,0460,presidente
4534,,"{'UNE': 16, 'AZUL': 2, 'VALOR UNIONISTA': 30, 'CABAL': 22, 'TODOS': 1, 'VAMOS': 6, 'PHG': 0, 'PR': 7, 'PIN': 2, 'ELEFANTE': 6, 'VICTORIA': 10, 'SEMILLA': 59, 'FCN-NACION': 1, 'PPN': 1, 'UR': 2, 'URNG-MAIZ WINAQ': 2, 'CREO': 2, 'BIEN': 11, 'VIVA': 23, 'MI FAMILIA': 2, 'CAMBIO': 0, 'VOS': 22}",3,39,269,1,Algún campo sin dato,1.Guatemala,15.Villa Nueva,0460,presidente
4535,,"{'UNE': 21, 'AZUL': 5, 'VALOR UNIONISTA': 31, 'CABAL': 13, 'TODOS': 1, 'VAMOS': 5, 'PHG': 3, 'PR': 4, 'PIN': 1, 'ELEFANTE': 4, 'VICTORIA': 13, 'SEMILLA': 57, 'FCN-NACION': 0, 'PPN': 3, 'UR': 7, 'URNG-MAIZ WINAQ': 3, 'CREO': 1, 'BIEN': 18, 'VIVA': 19, 'MI FAMILIA': 6, 'CAMBIO': 1, 'VOS': 22}",3,36,277,0,Algún campo sin dato,1.Guatemala,15.Villa Nueva,0460,presidente
4536,,"{'UNE': 18, 'AZUL': 1, 'VALOR UNIONISTA': 33, 'CABAL': 17, 'TODOS': 0, 'VAMOS': 5, 'PHG': 1, 'PR': 5, 'PIN': 3, 'ELEFANTE': 3, 'VICTORIA': 13, 'SEMILLA': 43, 'FCN-NACION': 0, 'PPN': 2, 'UR': 2, 'URNG-MAIZ WINAQ': 2, 'CREO': 1, 'BIEN': 13, 'VIVA': 24, 'MI FAMILIA': 4, 'CAMBIO': 0, 'VOS': 13}",2,39,244,0,Algún campo sin dato,1.Guatemala,15.Villa Nueva,0460,presidente
4537,,"{'UNE': 19, 'AZUL': 8, 'VALOR UNIONISTA': 36, 'CABAL': 18, 'TODOS': 0, 'VAMOS': 9, 'PHG': 0, 'PR': 2, 'PIN': 0, 'ELEFANTE': 0, 'VICTORIA': 5, 'SEMILLA': 60, 'FCN-NACION': 1, 'PPN': 4, 'UR': 5, 'URNG-MAIZ WINAQ': 2, 'CREO': 4, 'BIEN': 14, 'VIVA': 22, 'MI FAMILIA': 6, 'CAMBIO': 4, 'VOS': 19}",0,39,277,0,Algún campo sin dato,1.Guatemala,15.Villa Nueva,0460,presidente
4538,,"{'UNE': 18, 'AZUL': 1, 'VALOR UNIONISTA': 36, 'CABAL': 15, 'TODOS': 0, 'VAMOS': 7, 'PHG': 0, 'PR': 5, 'PIN': 0, 'ELEFANTE': 1, 'VICTORIA': 4, 'SEMILLA': 76, 'FCN-NACION': 0, 'PPN': 0, 'UR': 6, 'URNG-MAIZ WINAQ': 7, 'CREO': 2, 'BIEN': 14, 'VIVA': 14, 'MI FAMILIA': 6, 'CAMBIO': 0, 'VOS': 20}",2,43,277,1,Algún campo sin dato,1.Guatemala,15.Villa Nueva,0460,presidente
4539,,"{'UNE': 17, 'AZUL': 1, 'VALOR UNIONISTA': 33, 'CABAL': 16, 'TODOS': 0, 'VAMOS': 10, 'PHG': 0, 'PR': 4, 'PIN': 2, 'ELEFANTE': 3, 'VICTORIA': 7, 'SEMILLA': 64, 'FCN-NACION': 1, 'PPN': 2, 'UR': 4, 'URNG-MAIZ WINAQ': 4, 'CREO': 3, 'BIEN': 15, 'VIVA': 11, 'MI FAMILIA': 2, 'CAMBIO': 1, 'VOS': 21}",2,40,263,1,Algún campo sin dato,1.Guatemala,15.Villa Nueva,0460,presidente
4540,,"{'UNE': 25, 'AZUL': 5, 'VALOR UNIONISTA': 36, 'CABAL': 14, 'TODOS': 0, 'VAMOS': 5, 'PHG': 0, 'PR': 1, 'PIN': 1, 'ELEFANTE': 8, 'VICTORIA': 6, 'SEMILLA': 63, 'FCN-NACION': 5, 'PPN': 0, 'UR': 2, 'URNG-MAIZ WINAQ': 1, 'CREO': 8, 'BIEN': 14, 'VIVA': 16, 'MI FAMILIA': 5, 'CAMBIO': 1, 'VOS': 19}",0,43,278,0,Sumas Asentadas sin cuadrar,1.Guatemala,15.Villa Nueva,0460,presidente
4541,,"{'UNE': 17, 'AZUL': 2, 'VALOR UNIONISTA': 37, 'CABAL': 10, 'TODOS': 0, 'VAMOS': 9, 'PHG': 0, 'PR': 7, 'PIN': 1, 'ELEFANTE': 4, 'VICTORIA': 5, 'SEMILLA': 67, 'FCN-NACION': 2, 'PPN': 3, 'UR': 2, 'URNG-MAIZ WINAQ': 7, 'CREO': 3, 'BIEN': 20, 'VIVA': 19, 'MI FAMILIA': 7, 'CAMBIO': 1, 'VOS': 24}",1,38,286,0,Algún campo sin dato,1.Guatemala,15.Villa Nueva,0460,presidente
4542,,"{'UNE': 16, 'AZUL': 4, 'VALOR UNIONISTA': 41, 'CABAL': 28, 'TODOS': 0, 'VAMOS': 7, 'PHG': 0, 'PR': 1, 'PIN': 1, 'ELEFANTE': 5, 'VICTORIA': 7, 'SEMILLA': 53, 'FCN-NACION': 3, 'PPN': 4, 'UR': 5, 'URNG-MAIZ WINAQ': 0, 'CREO': 1, 'BIEN': 22, 'VIVA': 18, 'MI FAMILIA': 2, 'CAMBIO': 0, 'VOS': 15}",2,20,255,3,Sumas Asentadas sin cuadrar,1.Guatemala,15.Villa Nueva,0460,presidente
4543,,"{'UNE': 16, 'AZUL': 5, 'VALOR UNIONISTA': 35, 'CABAL': 13, 'TODOS': 1, 'VAMOS': 7, 'PHG': 0, 'PR': 4, 'PIN': 3, 'ELEFANTE': 1, 'VICTORIA': 10, 'SEMILLA': 65, 'FCN-NACION': 1, 'PPN': 1, 'UR': 2, 'URNG-MAIZ WINAQ': 5, 'CREO': 2, 'BIEN': 18, 'VIVA': 10, 'MI FAMILIA': 4, 'CAMBIO': 0, 'VOS': 26}",0,43,272,0,Algún campo sin dato,1.Guatemala,15.Villa Nueva,0460,presidente
4544,,"{'UNE': 6, 'AZUL': 1, 'VALOR UNIONISTA': 20, 'CABAL': 16, 'TODOS': 0, 'VAMOS': 8, 'PHG': 0, 'PR': 0, 'PIN': 0, 'ELEFANTE': 7, 'VICTORIA': 8, 'SEMILLA': 68, 'FCN-NACION': 1, 'PPN': 0, 'UR': 6, 'URNG-MAIZ WINAQ': 2, 'CREO': 2, 'BIEN': 21, 'VIVA': 15, 'MI FAMILIA': 1, 'CAMBIO': 0, 'VOS': 27}",1,25,235,0,Algún campo sin dato,1.Guatemala,15.Villa Nueva,0460,presidente
4545,,"{'UNE': 12, 'AZUL': 0, 'VALOR UNIONISTA': 21, 'CABAL': 12, 'TODOS': 0, 'VAMOS': 2, 'PHG': 0, 'PR': 3, 'PIN': 0, 'ELEFANTE': 2, 'VICTORIA': 3, 'SEMILLA': 85, 'FCN-NACION': 0, 'PPN': 1, 'UR': 2, 'URNG-MAIZ WINAQ': 3, 'CREO': 0, 'BIEN': 14, 'VIVA': 12, 'MI FAMILIA': 2, 'CAMBIO': 0, 'VOS': 31}",0,31,236,0,Algún campo sin dato,1.Guatemala,15.Villa Nueva,0460,presidente
4546,,"{'UNE': 11, 'AZUL': 3, 'VALOR UNIONISTA': 27, 'CABAL': 10, 'TODOS': 0, 'VAMOS': 4, 'PHG': 0, 'PR': 4, 'PIN': 1, 'ELEFANTE': 4, 'VICTORIA': 6, 'SEMILLA': 72, 'FCN-NACION': 0, 'PPN': 0, 'UR': 3, 'URNG-MAIZ WINAQ': 1, 'CREO': 1, 'BIEN': 15, 'VIVA': 20, 'MI FAMILIA': 2, 'CAMBIO': 1, 'VOS': 22}",2,39,248,0,Algún campo sin dato,1.Guatemala,15.Villa Nueva,0461,presidente
4547,,"{'UNE': 19, 'AZUL': 1, 'VALOR UNIONISTA': 30, 'CABAL': 12, 'TODOS': 0, 'VAMOS': 5, 'PHG': 0, 'PR': 3, 'PIN': 0, 'ELEFANTE': 3, 'VICTORIA': 4, 'SEMILLA': 57, 'FCN-NACION': 0, 'PPN': 1, 'UR': 7, 'URNG-MAIZ WINAQ': 3, 'CREO': 2, 'BIEN': 18, 'VIVA': 22, 'MI FAMILIA': 8, 'CAMBIO': 0, 'VOS': 25}",1,35,256,0,Algún campo sin dato,1.Guatemala,15.Villa Nueva,0461,presidente
4548,,"{'UNE': 23, 'AZUL': 3, 'VALOR UNIONISTA': 27, 'CABAL': 10, 'TODOS': 0, 'VAMOS': 3, 'PHG': 1, 'PR': 1, 'PIN': 1, 'ELEFANTE': 3, 'VICTORIA': 7, 'SEMILLA': 72, 'FCN-NACION': 1, 'PPN': 1, 'UR': 5, 'URNG-MAIZ WINAQ': 5, 'CREO': 2, 'BIEN': 16, 'VIVA': 21, 'MI FAMILIA': 4, 'CAMBIO': 0, 'VOS': 26}",2,28,262,0,Algún campo sin dato,1.Guatemala,15.Villa Nueva,0461,presidente
4549,,"{'UNE': 14, 'AZUL': 3, 'VALOR UNIONISTA': 41, 'CABAL': 10, 'TODOS': 0, 'VAMOS': 5, 'PHG': 0, 'PR': 3, 'PIN': 2, 'ELEFANTE': 0, 'VICTORIA': 4, 'SEMILLA': 78, 'FCN-NACION': 2, 'PPN': 1, 'UR': 4, 'URNG-MAIZ WINAQ': 0, 'CREO': 1, 'BIEN': 15, 'VIVA': 8, 'MI FAMILIA': 4, 'CAMBIO': 0, 'VOS': 33}",0,32,260,0,Sumas Asentadas sin cuadrar,1.Guatemala,15.Villa Nueva,0461,presidente
4550,,"{'UNE': 6, 'AZUL': 3, 'VALOR UNIONISTA': 36, 'CABAL': 12, 'TODOS': 0, 'VAMOS': 4, 'PHG': 1, 'PR': 4, 'PIN': 0, 'ELEFANTE': 2, 'VICTORIA': 5, 'SEMILLA': 68, 'FCN-NACION': 0, 'PPN': 1, 'UR': 6, 'URNG-MAIZ WINAQ': 3, 'CREO': 1, 'BIEN': 11, 'VIVA': 10, 'MI FAMILIA': 5, 'CAMBIO': 1, 'VOS': 30}",2,25,236,0,Algún campo sin dato,1.Guatemala,15.Villa Nueva,0461,presidente
4551,,"{'UNE': 11, 'AZUL': 6, 'VALOR UNIONISTA': 28, 'CABAL': 17, 'TODOS': 0, 'VAMOS': 8, 'PHG': 0, 'PR': 3, 'PIN': 1, 'ELEFANTE': 2, 'VICTORIA': 6, 'SEMILLA': 84, 'FCN-NACION': 1, 'PPN': 0, 'UR': 4, 'URNG-MAIZ WINAQ': 2, 'CREO': 1, 'BIEN': 25, 'VIVA': 12, 'MI FAMILIA': 2, 'CAMBIO': 1, 'VOS': 25}",1,37,277,0,Algún campo sin dato,1.Guatemala,15.Villa Nueva,0461,presidente
4552,,"{'UNE': 18, 'AZUL': 2, 'VALOR UNIONISTA': 32, 'CABAL': 14, 'TODOS': 0, 'VAMOS': 14, 'PHG': 0, 'PR': 0, 'PIN': 0, 'ELEFANTE': 5, 'VICTORIA': 10, 'SEMILLA': 56, 'FCN-NACION': 1, 'PPN': 3, 'UR': 2, 'URNG-MAIZ WINAQ': 0, 'CREO': 3, 'BIEN': 19, 'VIVA': 12, 'MI FAMILIA': 3, 'CAMBIO': 0, 'VOS': 23}",2,33,252,0,Algún campo sin dato,1.Guatemala,15.Villa Nueva,0461,presidente
4553,,"{'UNE': 18, 'AZUL': 2, 'VALOR UNIONISTA': 30, 'CABAL': 3, 'TODOS': 0, 'VAMOS': 3, 'PHG': 0, 'PR': 2, 'PIN': 0, 'ELEFANTE': 2, 'VICTORIA': 8, 'SEMILLA': 64, 'FCN-NACION': 0, 'PPN': 0, 'UR': 4, 'URNG-MAIZ WINAQ': 4, 'CREO': 5, 'BIEN': 8, 'VIVA': 16, 'MI FAMILIA': 5, 'CAMBIO': 0, 'VOS': 21}",0,22,217,0,Sumas Asentadas sin cuadrar,1.Guatemala,15.Villa Nueva,0461,presidente
4554,,"{'UNE': 18, 'AZUL': 3, 'VALOR UNIONISTA': 27, 'CABAL': 19, 'TODOS': 1, 'VAMOS': 7, 'PHG': 0, 'PR': 5, 'PIN': 2, 'ELEFANTE': 3, 'VICTORIA': 4, 'SEMILLA': 61, 'FCN-NACION': 0, 'PPN': 0, 'UR': 4, 'URNG-MAIZ WINAQ': 8, 'CREO': 1, 'BIEN': 16, 'VIVA': 19, 'MI FAMILIA': 4, 'CAMBIO': 0, 'VOS': 21}",5,35,263,0,Algún campo sin dato,1.Guatemala,15.Villa Nueva,0461,presidente
4555,,"{'UNE': 14, 'AZUL': 2, 'VALOR UNIONISTA': 29, 'CABAL': 14, 'TODOS': 2, 'VAMOS': 1, 'PHG': 2, 'PR': 4, 'PIN': 2, 'ELEFANTE': 7, 'VICTORIA': 11, 'SEMILLA': 74, 'FCN-NACION': 0, 'PPN': 0, 'UR': 5, 'URNG-MAIZ WINAQ': 3, 'CREO': 4, 'BIEN': 13, 'VIVA': 20, 'MI FAMILIA': 7, 'CAMBIO': 0, 'VOS': 33}",1,31,279,0,Algún campo sin dato,1.Guatemala,15.Villa Nueva,0461,presidente
4556,,"{'UNE': 14, 'AZUL': 5, 'VALOR UNIONISTA': 45, 'CABAL': 18, 'TODOS': 0, 'VAMOS': 7, 'PHG': 0, 'PR': 2, 'PIN': 1, 'ELEFANTE': 2, 'VICTORIA': 9, 'SEMILLA': 75, 'FCN-NACION': 0, 'PPN': 0, 'UR': 3, 'URNG-MAIZ WINAQ': 4, 'CREO': 1, 'BIEN': 18, 'VIVA': 15, 'MI FAMILIA': 5, 'CAMBIO': 0, 'VOS': 35}",6,25,290,0,Algún campo sin dato,1.Guatemala,15.Villa Nueva,0462,presidente
4557,,"{'UNE': 10, 'AZUL': 2, 'VALOR UNIONISTA': 52, 'CABAL': 16, 'TODOS': 2, 'VAMOS': 2, 'PHG': 0, 'PR': 3, 'PIN': 0, 'ELEFANTE': 0, 'VICTORIA': 4, 'SEMILLA': 72, 'FCN-NACION': 0, 'PPN': 1, 'UR': 1, 'URNG-MAIZ WINAQ': 1, 'CREO': 3, 'BIEN': 13, 'VIVA': 25, 'MI FAMILIA': 4, 'CAMBIO': 0, 'VOS': 26}",3,33,273,0,,1.Guatemala,15.Villa Nueva,0462,presidente
4558,,"{'UNE': 23, 'AZUL': 3, 'VALOR UNIONISTA': 27, 'CABAL': 20, 'TODOS': 1, 'VAMOS': 3, 'PHG': 1, 'PR': 2, 'PIN': 1, 'ELEFANTE': 1, 'VICTORIA': 5, 'SEMILLA': 72, 'FCN-NACION': 1, 'PPN': 0, 'UR': 6, 'URNG-MAIZ WINAQ': 3, 'CREO': 4, 'BIEN': 8, 'VIVA': 17, 'MI FAMILIA': 5, 'CAMBIO': 0, 'VOS': 25}",2,21,251,0,Algún campo sin dato,1.Guatemala,15.Villa Nueva,0462,presidente
4559,,"{'UNE': 19, 'AZUL': 2, 'VALOR UNIONISTA': 37, 'CABAL': 9, 'TODOS': 1, 'VAMOS': 8, 'PHG': 2, 'PR': 3, 'PIN': 0, 'ELEFANTE': 5, 'VICTORIA': 9, 'SEMILLA': 66, 'FCN-NACION': 1, 'PPN': 1, 'UR': 1, 'URNG-MAIZ WINAQ': 3, 'CREO': 1, 'BIEN': 1, 'VIVA': 21, 'MI FAMILIA': 5, 'CAMBIO': 0, 'VOS': 30}",0,34,259,0,Sumas Asentadas sin cuadrar,1.Guatemala,15.Villa Nueva,0462,presidente
4560,,"{'UNE': 14, 'AZUL': 2, 'VALOR UNIONISTA': 34, 'CABAL': 16, 'TODOS': 1, 'VAMOS': 6, 'PHG': 0, 'PR': 2, 'PIN': 0, 'ELEFANTE': 3, 'VICTORIA': 6, 'SEMILLA': 73, 'FCN-NACION': 0, 'PPN': 0, 'UR': 0, 'URNG-MAIZ WINAQ': 7, 'CREO': 1, 'BIEN': 17, 'VIVA': 10, 'MI FAMILIA': 2, 'CAMBIO': 1, 'VOS': 27}",2,24,248,0,Algún campo sin dato,1.Guatemala,15.Villa Nueva,0462,presidente
4561,,"{'UNE': 20, 'AZUL': 0, 'VALOR UNIONISTA': 31, 'CABAL': 14, 'TODOS': 0, 'VAMOS': 8, 'PHG': 0, 'PR': 2, 'PIN': 1, 'ELEFANTE': 3, 'VICTORIA': 7, 'SEMILLA': 56, 'FCN-NACION': 3, 'PPN': 3, 'UR': 3, 'URNG-MAIZ WINAQ': 3, 'CREO': 1, 'BIEN': 18, 'VIVA': 14, 'MI FAMILIA': 2, 'CAMBIO': 0, 'VOS': 23}",3,32,247,0,Algún campo sin dato,1.Guatemala,15.Villa Nueva,0462,presidente
4562,,"{'UNE': 21, 'AZUL': 3, 'VALOR UNIONISTA': 34, 'CABAL': 9, 'TODOS': 1, 'VAMOS': 1, 'PHG': 0, 'PR': 2, 'PIN': 0, 'ELEFANTE': 3, 'VICTORIA': 7, 'SEMILLA': 60, 'FCN-NACION': 0, 'PPN': 0, 'UR': 5, 'URNG-MAIZ WINAQ': 3, 'CREO': 2, 'BIEN': 10, 'VIVA': 16, 'MI FAMILIA': 3, 'CAMBIO': 0, 'VOS': 16}",1,41,238,0,Algún campo sin dato,1.Guatemala,15.Villa Nueva,0462,presidente
4563,,"{'UNE': 13, 'AZUL': 4, 'VALOR UNIONISTA': 29, 'CABAL': 12, 'TODOS': 0, 'VAMOS': 8, 'PHG': 0, 'PR': 3, 'PIN': 1, 'ELEFANTE': 3, 'VICTORIA': 4, 'SEMILLA': 56, 'FCN-NACION': 0, 'PPN': 1, 'UR': 3, 'URNG-MAIZ WINAQ': 0, 'CREO': 2, 'BIEN': 20, 'VIVA': 22, 'MI FAMILIA': 4, 'CAMBIO': 0, 'VOS': 28}",0,26,239,0,Algún campo sin dato,1.Guatemala,15.Villa Nueva,0463,presidente
4564,,"{'UNE': 12, 'AZUL': 0, 'VALOR UNIONISTA': 27, 'CABAL': 14, 'TODOS': 1, 'VAMOS': 2, 'PHG': 0, 'PR': 1, 'PIN': 2, 'ELEFANTE': 3, 'VICTORIA': 5, 'SEMILLA': 60, 'FCN-NACION': 1, 'PPN': 0, 'UR': 5, 'URNG-MAIZ WINAQ': 4, 'CREO': 1, 'BIEN': 16, 'VIVA': 20, 'MI FAMILIA': 2, 'CAMBIO': 2, 'VOS': 23}",0,33,234,1,Algún campo sin dato,1.Guatemala,15.Villa Nueva,0463,presidente
4565,,"{'UNE': 15, 'AZUL': 3, 'VALOR UNIONISTA': 31, 'CABAL': 11, 'TODOS': 0, 'VAMOS': 9, 'PHG': 0, 'PR': 2, 'PIN': 1, 'ELEFANTE': 2, 'VICTORIA': 10, 'SEMILLA': 59, 'FCN-NACION': 0, 'PPN': 0, 'UR': 3, 'URNG-MAIZ WINAQ': 4, 'CREO': 1, 'BIEN': 13, 'VIVA': 15, 'MI FAMILIA': 3, 'CAMBIO': 0, 'VOS': 19}",1,29,231,0,Algún campo sin dato,1.Guatemala,15.Villa Nueva,0463,presidente
4566,,"{'UNE': 9, 'AZUL': 3, 'VALOR UNIONISTA': 0, 'CABAL': 15, 'TODOS': 0, 'VAMOS': 2, 'PHG': 0, 'PR': 1, 'PIN': 2, 'ELEFANTE': 3, 'VICTORIA': 6, 'SEMILLA': 62, 'FCN-NACION': 1, 'PPN': 0, 'UR': 3, 'URNG-MAIZ WINAQ': 0, 'CREO': 1, 'BIEN': 17, 'VIVA': 11, 'MI FAMILIA': 1, 'CAMBIO': 1, 'VOS': 34}",4,18,194,0,Sumas Asentadas sin cuadrar,1.Guatemala,15.Villa Nueva,0463,presidente
4567,,"{'UNE': 12, 'AZUL': 1, 'VALOR UNIONISTA': 25, 'CABAL': 13, 'TODOS': 1, 'VAMOS': 5, 'PHG': 0, 'PR': 4, 'PIN': 0, 'ELEFANTE': 2, 'VICTORIA': 4, 'SEMILLA': 85, 'FCN-NACION': 1, 'PPN': 1, 'UR': 2, 'URNG-MAIZ WINAQ': 6, 'CREO': 2, 'BIEN': 10, 'VIVA': 13, 'MI FAMILIA': 3, 'CAMBIO': 1, 'VOS': 27}",2,19,239,0,Algún campo sin dato,1.Guatemala,15.Villa Nueva,0463,presidente
4568,,"{'UNE': 7, 'AZUL': 4, 'VALOR UNIONISTA': 20, 'CABAL': 12, 'TODOS': 2, 'VAMOS': 6, 'PHG': 0, 'PR': 4, 'PIN': 2, 'ELEFANTE': 1, 'VICTORIA': 3, 'SEMILLA': 113, 'FCN-NACION': 1, 'PPN': 0, 'UR': 2, 'URNG-MAIZ WINAQ': 1, 'CREO': 1, 'BIEN': 11, 'VIVA': 17, 'MI FAMILIA': 2, 'CAMBIO': 0, 'VOS': 18}",5,26,258,0,Sumas Asentadas sin cuadrar,1.Guatemala,15.Villa Nueva,0463,presidente
4569,,"{'UNE': 7, 'AZUL': 2, 'VALOR UNIONISTA': 22, 'CABAL': 9, 'TODOS': 1, 'VAMOS': 3, 'PHG': 0, 'PR': 2, 'PIN': 1, 'ELEFANTE': 1, 'VICTORIA': 3, 'SEMILLA': 159, 'FCN-NACION': 2, 'PPN': 1, 'UR': 3, 'URNG-MAIZ WINAQ': 1, 'CREO': 0, 'BIEN': 20, 'VIVA': 6, 'MI FAMILIA': 1, 'CAMBIO': 0, 'VOS': 30}",0,21,295,0,Algún campo sin dato,1.Guatemala,15.Villa Nueva,0463,presidente
4570,,"{'UNE': 4, 'AZUL': 0, 'VALOR UNIONISTA': 13, 'CABAL': 16, 'TODOS': 0, 'VAMOS': 2, 'PHG': 0, 'PR': 2, 'PIN': 0, 'ELEFANTE': 1, 'VICTORIA': 1, 'SEMILLA': 172, 'FCN-NACION': 0, 'PPN': 0, 'UR': 2, 'URNG-MAIZ WINAQ': 0, 'CREO': 2, 'BIEN': 17, 'VIVA': 8, 'MI FAMILIA': 5, 'CAMBIO': 0, 'VOS': 19}",1,14,279,0,Algún campo sin dato,1.Guatemala,15.Villa Nueva,0463,presidente
4571,,"{'UNE': 3, 'AZUL': 1, 'VALOR UNIONISTA': 13, 'CABAL': 13, 'TODOS': 1, 'VAMOS': 1, 'PHG': 0, 'PR': 2, 'PIN': 1, 'ELEFANTE': 1, 'VICTORIA': 6, 'SEMILLA': 156, 'FCN-NACION': 0, 'PPN': 0, 'UR': 1, 'URNG-MAIZ WINAQ': 2, 'CREO': 1, 'BIEN': 13, 'VIVA': 5, 'MI FAMILIA': 0, 'CAMBIO': 0, 'VOS': 21}",1,13,255,0,Algún campo sin dato,1.Guatemala,15.Villa Nueva,0463,presidente
4572,,"{'UNE': 9, 'AZUL': 2, 'VALOR UNIONISTA': 0, 'CABAL': 10, 'TODOS': 0, 'VAMOS': 10, 'PHG': 0, 'PR': 1, 'PIN': 2, 'ELEFANTE': 0, 'VICTORIA': 5, 'SEMILLA': 100, 'FCN-NACION': 1, 'PPN': 0, 'UR': 1, 'URNG-MAIZ WINAQ': 0, 'CREO': 0, 'BIEN': 12, 'VIVA': 9, 'MI FAMILIA': 0, 'CAMBIO': 1, 'VOS': 12}",2,16,193,0,Sumas Asentadas sin cuadrar,1.Guatemala,15.Villa Nueva,0463,presidente
4573,,"{'UNE': 5, 'AZUL': 0, 'VALOR UNIONISTA': 14, 'CABAL': 6, 'TODOS': 0, 'VAMOS': 2, 'PHG': 0, 'PR': 2, 'PIN': 0, 'ELEFANTE': 1, 'VICTORIA': 6, 'SEMILLA': 89, 'FCN-NACION': 1, 'PPN': 1, 'UR': 3, 'URNG-MAIZ WINAQ': 0, 'CREO': 0, 'BIEN': 7, 'VIVA': 23, 'MI FAMILIA': 3, 'CAMBIO': 3, 'VOS': 14}",0,20,200,0,Algún campo sin dato,1.Guatemala,15.Villa Nueva,0463,presidente
4574,,"{'UNE': 11, 'AZUL': 1, 'VALOR UNIONISTA': 22, 'CABAL': 15, 'TODOS': 0, 'VAMOS': 6, 'PHG': 1, 'PR': 0, 'PIN': 2, 'ELEFANTE': 3, 'VICTORIA': 4, 'SEMILLA': 81, 'FCN-NACION': 0, 'PPN': 2, 'UR': 2, 'URNG-MAIZ WINAQ': 3, 'CREO': 1, 'BIEN': 14, 'VIVA': 3, 'MI FAMILIA': 0, 'CAMBIO': 0, 'VOS': 17}",2,27,217,0,Algún campo sin dato,1.Guatemala,15.Villa Nueva,0463,presidente
4575,,"{'UNE': 6, 'AZUL': 3, 'VALOR UNIONISTA': 20, 'CABAL': 12, 'TODOS': 0, 'VAMOS': 5, 'PHG': 0, 'PR': 2, 'PIN': 0, 'ELEFANTE': 1, 'VICTORIA': 2, 'SEMILLA': 106, 'FCN-NACION': 0, 'PPN': 0, 'UR': 4, 'URNG-MAIZ WINAQ': 4, 'CREO': 0, 'BIEN': 14, 'VIVA': 11, 'MI FAMILIA': 3, 'CAMBIO': 0, 'VOS': 13}",1,17,224,0,Algún campo sin dato,1.Guatemala,15.Villa Nueva,0463,presidente
4576,,"{'UNE': 9, 'AZUL': 0, 'VALOR UNIONISTA': 18, 'CABAL': 9, 'TODOS': 0, 'VAMOS': 7, 'PHG': 1, 'PR': 0, 'PIN': 1, 'ELEFANTE': 1, 'VICTORIA': 2, 'SEMILLA': 122, 'FCN-NACION': 0, 'PPN': 0, 'UR': 1, 'URNG-MAIZ WINAQ': 0, 'CREO': 0, 'BIEN': 14, 'VIVA': 6, 'MI FAMILIA': 2, 'CAMBIO': 0, 'VOS': 20}",0,13,226,0,Algún campo sin dato,1.Guatemala,15.Villa Nueva,0463,presidente
4577,,"{'UNE': 3, 'AZUL': 0, 'VALOR UNIONISTA': 16, 'CABAL': 5, 'TODOS': 1, 'VAMOS': 2, 'PHG': 0, 'PR': 1, 'PIN': 0, 'ELEFANTE': 0, 'VICTORIA': 4, 'SEMILLA': 92, 'FCN-NACION': 0, 'PPN': 0, 'UR': 4, 'URNG-MAIZ WINAQ': 0, 'CREO': 0, 'BIEN': 6, 'VIVA': 4, 'MI FAMILIA': 1, 'CAMBIO': 1, 'VOS': 8}",0,15,163,0,,1.Guatemala,15.Villa Nueva,0463,presidente
4578,,"{'UNE': 29, 'AZUL': 0, 'VALOR UNIONISTA': 24, 'CABAL': 5, 'TODOS': 3, 'VAMOS': 2, 'PHG': 1, 'PR': 2, 'PIN': 0, 'ELEFANTE': 3, 'VICTORIA': 9, 'SEMILLA': 56, 'FCN-NACION': 0, 'PPN': 2, 'UR': 4, 'URNG-MAIZ WINAQ': 7, 'CREO': 3, 'BIEN': 15, 'VIVA': 13, 'MI FAMILIA': 4, 'CAMBIO': 1, 'VOS': 10}",0,47,240,0,Sumas Asentadas sin cuadrar,1.Guatemala,15.Villa Nueva,0464,presidente
4579,,"{'UNE': 36, 'AZUL': 3, 'VALOR UNIONISTA': 26, 'CABAL': 13, 'TODOS': 0, 'VAMOS': 7, 'PHG': 0, 'PR': 1, 'PIN': 0, 'ELEFANTE': 5, 'VICTORIA': 10, 'SEMILLA': 33, 'FCN-NACION': 1, 'PPN': 2, 'UR': 5, 'URNG-MAIZ WINAQ': 6, 'CREO': 2, 'BIEN': 5, 'VIVA': 15, 'MI FAMILIA': 6, 'CAMBIO': 0, 'VOS': 18}",3,36,233,7,Algún campo sin dato,1.Guatemala,15.Villa Nueva,0464,presidente
4580,,"{'UNE': 33, 'AZUL': 1, 'VALOR UNIONISTA': 27, 'CABAL': 12, 'TODOS': 4, 'VAMOS': 4, 'PHG': 0, 'PR': 5, 'PIN': 0, 'ELEFANTE': 3, 'VICTORIA': 5, 'SEMILLA': 39, 'FCN-NACION': 0, 'PPN': 1, 'UR': 4, 'URNG-MAIZ WINAQ': 11, 'CREO': 4, 'BIEN': 9, 'VIVA': 26, 'MI FAMILIA': 8, 'CAMBIO': 0, 'VOS': 12}",0,50,258,0,Algún campo sin dato,1.Guatemala,15.Villa Nueva,0464,presidente
4581,,"{'UNE': 30, 'AZUL': 1, 'VALOR UNIONISTA': 34, 'CABAL': 18, 'TODOS': 0, 'VAMOS': 5, 'PHG': 0, 'PR': 5, 'PIN': 2, 'ELEFANTE': 1, 'VICTORIA': 4, 'SEMILLA': 42, 'FCN-NACION': 2, 'PPN': 2, 'UR': 3, 'URNG-MAIZ WINAQ': 9, 'CREO': 6, 'BIEN': 16, 'VIVA': 16, 'MI FAMILIA': 3, 'CAMBIO': 0, 'VOS': 25}",2,41,267,0,Algún campo sin dato,1.Guatemala,15.Villa Nueva,0464,presidente
4582,,"{'UNE': 36, 'AZUL': 0, 'VALOR UNIONISTA': 35, 'CABAL': 7, 'TODOS': 0, 'VAMOS': 7, 'PHG': 0, 'PR': 7, 'PIN': 0, 'ELEFANTE': 3, 'VICTORIA': 8, 'SEMILLA': 43, 'FCN-NACION': 0, 'PPN': 0, 'UR': 5, 'URNG-MAIZ WINAQ': 6, 'CREO': 0, 'BIEN': 17, 'VIVA': 21, 'MI FAMILIA': 6, 'CAMBIO': 1, 'VOS': 9}",2,43,256,0,Algún campo sin dato,1.Guatemala,15.Villa Nueva,0464,presidente
4583,,"{'UNE': 34, 'AZUL': 2, 'VALOR UNIONISTA': 19, 'CABAL': 12, 'TODOS': 1, 'VAMOS': 4, 'PHG': 0, 'PR': 2, 'PIN': 0, 'ELEFANTE': 2, 'VICTORIA': 4, 'SEMILLA': 45, 'FCN-NACION': 0, 'PPN': 1, 'UR': 3, 'URNG-MAIZ WINAQ': 5, 'CREO': 2, 'BIEN': 11, 'VIVA': 21, 'MI FAMILIA': 8, 'CAMBIO': 0, 'VOS': 20}",0,39,235,0,Algún campo sin dato,1.Guatemala,15.Villa Nueva,0464,presidente
4584,,"{'UNE': 27, 'AZUL': 6, 'VALOR UNIONISTA': 24, 'CABAL': 11, 'TODOS': 3, 'VAMOS': 3, 'PHG': 0, 'PR': 4, 'PIN': 1, 'ELEFANTE': 3, 'VICTORIA': 3, 'SEMILLA': 53, 'FCN-NACION': 2, 'PPN': 2, 'UR': 1, 'URNG-MAIZ WINAQ': 6, 'CREO': 4, 'BIEN': 13, 'VIVA': 25, 'MI FAMILIA': 5, 'CAMBIO': 0, 'VOS': 15}",3,44,258,0,Algún campo sin dato,1.Guatemala,15.Villa Nueva,0464,presidente
4585,,"{'UNE': 20, 'AZUL': 6, 'VALOR UNIONISTA': 16, 'CABAL': 7, 'TODOS': 1, 'VAMOS': 4, 'PHG': 0, 'PR': 3, 'PIN': 0, 'ELEFANTE': 3, 'VICTORIA': 10, 'SEMILLA': 45, 'FCN-NACION': 2, 'PPN': 3, 'UR': 2, 'URNG-MAIZ WINAQ': 9, 'CREO': 1, 'BIEN': 10, 'VIVA': 20, 'MI FAMILIA': 5, 'CAMBIO': 0, 'VOS': 21}",2,46,236,0,Algún campo sin dato,1.Guatemala,15.Villa Nueva,0464,presidente
4586,,"{'UNE': 20, 'AZUL': 1, 'VALOR UNIONISTA': 24, 'CABAL': 5, 'TODOS': 0, 'VAMOS': 2, 'PHG': 0, 'PR': 3, 'PIN': 0, 'ELEFANTE': 4, 'VICTORIA': 7, 'SEMILLA': 66, 'FCN-NACION': 1, 'PPN': 1, 'UR': 3, 'URNG-MAIZ WINAQ': 3, 'CREO': 2, 'BIEN': 11, 'VIVA': 19, 'MI FAMILIA': 1, 'CAMBIO': 1, 'VOS': 23}",0,37,234,5,Algún campo sin dato,1.Guatemala,15.Villa Nueva,0464,presidente
4587,,"{'UNE': 17, 'AZUL': 4, 'VALOR UNIONISTA': 14, 'CABAL': 5, 'TODOS': 0, 'VAMOS': 3, 'PHG': 1, 'PR': 1, 'PIN': 2, 'ELEFANTE': 1, 'VICTORIA': 7, 'SEMILLA': 60, 'FCN-NACION': 0, 'PPN': 0, 'UR': 2, 'URNG-MAIZ WINAQ': 5, 'CREO': 1, 'BIEN': 14, 'VIVA': 19, 'MI FAMILIA': 5, 'CAMBIO': 0, 'VOS': 19}",0,35,215,0,Algún campo sin dato,1.Guatemala,15.Villa Nueva,0464,presidente
4588,,"{'UNE': 25, 'AZUL': 5, 'VALOR UNIONISTA': 14, 'CABAL': 10, 'TODOS': 1, 'VAMOS': 2, 'PHG': 1, 'PR': 2, 'PIN': 1, 'ELEFANTE': 5, 'VICTORIA': 6, 'SEMILLA': 46, 'FCN-NACION': 1, 'PPN': 0, 'UR': 5, 'URNG-MAIZ WINAQ': 0, 'CREO': 1, 'BIEN': 18, 'VIVA': 23, 'MI FAMILIA': 6, 'CAMBIO': 1, 'VOS': 19}",3,25,220,0,Sumas Asentadas sin cuadrar,1.Guatemala,15.Villa Nueva,0464,presidente
4589,,"{'UNE': 23, 'AZUL': 1, 'VALOR UNIONISTA': 27, 'CABAL': 12, 'TODOS': 2, 'VAMOS': 1, 'PHG': 0, 'PR': 4, 'PIN': 0, 'ELEFANTE': 2, 'VICTORIA': 8, 'SEMILLA': 41, 'FCN-NACION': 2, 'PPN': 1, 'UR': 7, 'URNG-MAIZ WINAQ': 10, 'CREO': 0, 'BIEN': 13, 'VIVA': 29, 'MI FAMILIA': 4, 'CAMBIO': 0, 'VOS': 22}",0,41,250,0,Algún campo sin dato,1.Guatemala,15.Villa Nueva,0464,presidente
4590,,"{'UNE': 29, 'AZUL': 2, 'VALOR UNIONISTA': 31, 'CABAL': 11, 'TODOS': 0, 'VAMOS': 3, 'PHG': 1, 'PR': 3, 'PIN': 1, 'ELEFANTE': 1, 'VICTORIA': 3, 'SEMILLA': 47, 'FCN-NACION': 0, 'PPN': 2, 'UR': 2, 'URNG-MAIZ WINAQ': 3, 'CREO': 1, 'BIEN': 21, 'VIVA': 16, 'MI FAMILIA': 8, 'CAMBIO': 0, 'VOS': 10}",0,35,230,0,Algún campo sin dato,1.Guatemala,15.Villa Nueva,0464,presidente
4591,,"{'UNE': 18, 'AZUL': 6, 'VALOR UNIONISTA': 15, 'CABAL': 6, 'TODOS': 1, 'VAMOS': 2, 'PHG': 0, 'PR': 0, 'PIN': 0, 'ELEFANTE': 4, 'VICTORIA': 2, 'SEMILLA': 71, 'FCN-NACION': 0, 'PPN': 1, 'UR': 2, 'URNG-MAIZ WINAQ': 7, 'CREO': 4, 'BIEN': 19, 'VIVA': 15, 'MI FAMILIA': 8, 'CAMBIO': 1, 'VOS': 13}",1,38,234,0,Algún campo sin dato,1.Guatemala,15.Villa Nueva,0464,presidente
4592,,"{'UNE': 23, 'AZUL': 1, 'VALOR UNIONISTA': 27, 'CABAL': 5, 'TODOS': 1, 'VAMOS': 3, 'PHG': 0, 'PR': 1, 'PIN': 0, 'ELEFANTE': 2, 'VICTORIA': 7, 'SEMILLA': 42, 'FCN-NACION': 1, 'PPN': 1, 'UR': 4, 'URNG-MAIZ WINAQ': 6, 'CREO': 1, 'BIEN': 18, 'VIVA': 20, 'MI FAMILIA': 8, 'CAMBIO': 0, 'VOS': 16}",1,33,221,0,,1.Guatemala,15.Villa Nueva,0464,presidente
4593,,"{'UNE': 27, 'AZUL': 3, 'VALOR UNIONISTA': 31, 'CABAL': 9, 'TODOS': 0, 'VAMOS': 2, 'PHG': 0, 'PR': 1, 'PIN': 2, 'ELEFANTE': 2, 'VICTORIA': 0, 'SEMILLA': 47, 'FCN-NACION': 0, 'PPN': 1, 'UR': 3, 'URNG-MAIZ WINAQ': 5, 'CREO': 2, 'BIEN': 16, 'VIVA': 20, 'MI FAMILIA': 4, 'CAMBIO': 0, 'VOS': 18}",4,30,227,6,Algún campo sin dato,1.Guatemala,15.Villa Nueva,0465,presidente
4594,,"{'UNE': 19, 'AZUL': 1, 'VALOR UNIONISTA': 39, 'CABAL': 9, 'TODOS': 0, 'VAMOS': 2, 'PHG': 0, 'PR': 4, 'PIN': 1, 'ELEFANTE': 3, 'VICTORIA': 7, 'SEMILLA': 49, 'FCN-NACION': 2, 'PPN': 0, 'UR': 7, 'URNG-MAIZ WINAQ': 6, 'CREO': 0, 'BIEN': 22, 'VIVA': 20, 'MI FAMILIA': 6, 'CAMBIO': 1, 'VOS': 12}",3,30,243,0,Algún campo sin dato,1.Guatemala,15.Villa Nueva,0465,presidente
4595,,"{'UNE': 27, 'AZUL': 5, 'VALOR UNIONISTA': 23, 'CABAL': 7, 'TODOS': 0, 'VAMOS': 6, 'PHG': 0, 'PR': 3, 'PIN': 0, 'ELEFANTE': 3, 'VICTORIA': 6, 'SEMILLA': 48, 'FCN-NACION': 0, 'PPN': 1, 'UR': 4, 'URNG-MAIZ WINAQ': 11, 'CREO': 1, 'BIEN': 12, 'VIVA': 17, 'MI FAMILIA': 5, 'CAMBIO': 2, 'VOS': 19}",2,41,243,0,Algún campo sin dato,1.Guatemala,15.Villa Nueva,0465,presidente
4596,,"{'UNE': 31, 'AZUL': 3, 'VALOR UNIONISTA': 23, 'CABAL': 4, 'TODOS': 0, 'VAMOS': 3, 'PHG': 0, 'PR': 1, 'PIN': 3, 'ELEFANTE': 2, 'VICTORIA': 4, 'SEMILLA': 47, 'FCN-NACION': 3, 'PPN': 2, 'UR': 5, 'URNG-MAIZ WINAQ': 4, 'CREO': 3, 'BIEN': 12, 'VIVA': 24, 'MI FAMILIA': 4, 'CAMBIO': 0, 'VOS': 16}",2,41,237,0,Algún campo sin dato,1.Guatemala,15.Villa Nueva,0465,presidente
4597,,"{'UNE': 19, 'AZUL': 5, 'VALOR UNIONISTA': 19, 'CABAL': 13, 'TODOS': 0, 'VAMOS': 3, 'PHG': 0, 'PR': 2, 'PIN': 2, 'ELEFANTE': 4, 'VICTORIA': 8, 'SEMILLA': 45, 'FCN-NACION': 1, 'PPN': 2, 'UR': 8, 'URNG-MAIZ WINAQ': 5, 'CREO': 1, 'BIEN': 15, 'VIVA': 26, 'MI FAMILIA': 3, 'CAMBIO': 1, 'VOS': 15}",2,29,228,0,Algún campo sin dato,1.Guatemala,15.Villa Nueva,0465,presidente
4598,,"{'UNE': 27, 'AZUL': 4, 'VALOR UNIONISTA': 20, 'CABAL': 7, 'TODOS': 1, 'VAMOS': 3, 'PHG': 0, 'PR': 4, 'PIN': 0, 'ELEFANTE': 2, 'VICTORIA': 9, 'SEMILLA': 41, 'FCN-NACION': 3, 'PPN': 0, 'UR': 5, 'URNG-MAIZ WINAQ': 4, 'CREO': 1, 'BIEN': 18, 'VIVA': 29, 'MI FAMILIA': 4, 'CAMBIO': 0, 'VOS': 22}",0,40,244,0,Algún campo sin dato,1.Guatemala,15.Villa Nueva,0465,presidente
4599,,"{'UNE': 28, 'AZUL': 0, 'VALOR UNIONISTA': 24, 'CABAL': 5, 'TODOS': 0, 'VAMOS': 5, 'PHG': 0, 'PR': 5, 'PIN': 1, 'ELEFANTE': 1, 'VICTORIA': 5, 'SEMILLA': 52, 'FCN-NACION': 1, 'PPN': 2, 'UR': 1, 'URNG-MAIZ WINAQ': 1, 'CREO': 7, 'BIEN': 11, 'VIVA': 16, 'MI FAMILIA': 2, 'CAMBIO': 0, 'VOS': 10}",3,38,218,0,Algún campo sin dato,1.Guatemala,15.Villa Nueva,0465,presidente
4600,,"{'UNE': 28, 'AZUL': 0, 'VALOR UNIONISTA': 30, 'CABAL': 11, 'TODOS': 1, 'VAMOS': 5, 'PHG': 0, 'PR': 0, 'PIN': 0, 'ELEFANTE': 3, 'VICTORIA': 4, 'SEMILLA': 40, 'FCN-NACION': 1, 'PPN': 2, 'UR': 3, 'URNG-MAIZ WINAQ': 5, 'CREO': 1, 'BIEN': 12, 'VIVA': 17, 'MI FAMILIA': 5, 'CAMBIO': 0, 'VOS': 16}",0,38,222,0,Algún campo sin dato,1.Guatemala,15.Villa Nueva,0465,presidente
4601,,"{'UNE': 34, 'AZUL': 3, 'VALOR UNIONISTA': 0, 'CABAL': 13, 'TODOS': 0, 'VAMOS': 2, 'PHG': 0, 'PR': 2, 'PIN': 1, 'ELEFANTE': 2, 'VICTORIA': 5, 'SEMILLA': 40, 'FCN-NACION': 0, 'PPN': 1, 'UR': 3, 'URNG-MAIZ WINAQ': 5, 'CREO': 3, 'BIEN': 8, 'VIVA': 16, 'MI FAMILIA': 2, 'CAMBIO': 0, 'VOS': 11}",2,25,178,1,Sumas Asentadas sin cuadrar,1.Guatemala,15.Villa Nueva,0465,presidente
4602,,"{'UNE': 31, 'AZUL': 1, 'VALOR UNIONISTA': 26, 'CABAL': 6, 'TODOS': 1, 'VAMOS': 3, 'PHG': 0, 'PR': 2, 'PIN': 0, 'ELEFANTE': 2, 'VICTORIA': 9, 'SEMILLA': 46, 'FCN-NACION': 1, 'PPN': 1, 'UR': 3, 'URNG-MAIZ WINAQ': 3, 'CREO': 0, 'BIEN': 14, 'VIVA': 16, 'MI FAMILIA': 3, 'CAMBIO': 0, 'VOS': 10}",0,32,210,0,Algún campo sin dato,1.Guatemala,15.Villa Nueva,0465,presidente
4603,,"{'UNE': 23, 'AZUL': 1, 'VALOR UNIONISTA': 26, 'CABAL': 13, 'TODOS': 0, 'VAMOS': 1, 'PHG': 0, 'PR': 3, 'PIN': 1, 'ELEFANTE': 2, 'VICTORIA': 3, 'SEMILLA': 53, 'FCN-NACION': 3, 'PPN': 1, 'UR': 0, 'URNG-MAIZ WINAQ': 3, 'CREO': 2, 'BIEN': 16, 'VIVA': 17, 'MI FAMILIA': 2, 'CAMBIO': 1, 'VOS': 18}",0,35,224,0,Algún campo sin dato,1.Guatemala,15.Villa Nueva,0465,presidente
4604,,"{'UNE': 19, 'AZUL': 1, 'VALOR UNIONISTA': 20, 'CABAL': 4, 'TODOS': 0, 'VAMOS': 3, 'PHG': 1, 'PR': 1, 'PIN': 0, 'ELEFANTE': 2, 'VICTORIA': 5, 'SEMILLA': 62, 'FCN-NACION': 1, 'PPN': 1, 'UR': 5, 'URNG-MAIZ WINAQ': 6, 'CREO': 1, 'BIEN': 9, 'VIVA': 28, 'MI FAMILIA': 0, 'CAMBIO': 1, 'VOS': 15}",1,22,208,0,Algún campo sin dato,1.Guatemala,15.Villa Nueva,0465,presidente
4605,,"{'UNE': 14, 'AZUL': 1, 'VALOR UNIONISTA': 6, 'CABAL': 6, 'TODOS': 1, 'VAMOS': 1, 'PHG': 0, 'PR': 2, 'PIN': 0, 'ELEFANTE': 1, 'VICTORIA': 6, 'SEMILLA': 84, 'FCN-NACION': 0, 'PPN': 1, 'UR': 3, 'URNG-MAIZ WINAQ': 4, 'CREO': 2, 'BIEN': 22, 'VIVA': 20, 'MI FAMILIA': 5, 'CAMBIO': 0, 'VOS': 20}",1,30,230,0,Sumas Asentadas sin cuadrar,1.Guatemala,15.Villa Nueva,0465,presidente
4606,,"{'UNE': 3, 'AZUL': 0, 'VALOR UNIONISTA': 15, 'CABAL': 9, 'TODOS': 1, 'VAMOS': 2, 'PHG': 0, 'PR': 0, 'PIN': 0, 'ELEFANTE': 2, 'VICTORIA': 5, 'SEMILLA': 108, 'FCN-NACION': 3, 'PPN': 1, 'UR': 4, 'URNG-MAIZ WINAQ': 3, 'CREO': 0, 'BIEN': 15, 'VIVA': 11, 'MI FAMILIA': 3, 'CAMBIO': 0, 'VOS': 18}",0,25,228,0,Algún campo sin dato,1.Guatemala,15.Villa Nueva,0465,presidente
4607,,"{'UNE': 5, 'AZUL': 1, 'VALOR UNIONISTA': 10, 'CABAL': 12, 'TODOS': 0, 'VAMOS': 2, 'PHG': 1, 'PR': 1, 'PIN': 0, 'ELEFANTE': 0, 'VICTORIA': 2, 'SEMILLA': 123, 'FCN-NACION': 2, 'PPN': 0, 'UR': 3, 'URNG-MAIZ WINAQ': 3, 'CREO': 1, 'BIEN': 15, 'VIVA': 11, 'MI FAMILIA': 4, 'CAMBIO': 0, 'VOS': 12}",0,25,233,0,Algún campo sin dato,1.Guatemala,15.Villa Nueva,0465,presidente
4608,,"{'UNE': 13, 'AZUL': 0, 'VALOR UNIONISTA': 9, 'CABAL': 4, 'TODOS': 0, 'VAMOS': 5, 'PHG': 0, 'PR': 0, 'PIN': 0, 'ELEFANTE': 1, 'VICTORIA': 2, 'SEMILLA': 71, 'FCN-NACION': 0, 'PPN': 0, 'UR': 2, 'URNG-MAIZ WINAQ': 4, 'CREO': 1, 'BIEN': 9, 'VIVA': 13, 'MI FAMILIA': 0, 'CAMBIO': 0, 'VOS': 7}",1,24,166,0,Algún campo sin dato,1.Guatemala,15.Villa Nueva,0465,presidente
4609,,"{'UNE': 18, 'AZUL': 3, 'VALOR UNIONISTA': 13, 'CABAL': 12, 'TODOS': 0, 'VAMOS': 1, 'PHG': 0, 'PR': 2, 'PIN': 0, 'ELEFANTE': 2, 'VICTORIA': 1, 'SEMILLA': 44, 'FCN-NACION': 0, 'PPN': 0, 'UR': 1, 'URNG-MAIZ WINAQ': 3, 'CREO': 1, 'BIEN': 15, 'VIVA': 15, 'MI FAMILIA': 0, 'CAMBIO': 0, 'VOS': 8}",0,31,170,0,Algún campo sin dato,1.Guatemala,15.Villa Nueva,0465,presidente
4610,,"{'UNE': 7, 'AZUL': 2, 'VALOR UNIONISTA': 14, 'CABAL': 10, 'TODOS': 0, 'VAMOS': 0, 'PHG': 0, 'PR': 1, 'PIN': 0, 'ELEFANTE': 2, 'VICTORIA': 7, 'SEMILLA': 93, 'FCN-NACION': 0, 'PPN': 0, 'UR': 2, 'URNG-MAIZ WINAQ': 1, 'CREO': 1, 'BIEN': 7, 'VIVA': 12, 'MI FAMILIA': 3, 'CAMBIO': 1, 'VOS': 8}",0,22,193,0,Algún campo sin dato,1.Guatemala,15.Villa Nueva,0465,presidente
4611,,"{'UNE': 8, 'AZUL': 0, 'VALOR UNIONISTA': 3, 'CABAL': 4, 'TODOS': 0, 'VAMOS': 2, 'PHG': 0, 'PR': 1, 'PIN': 0, 'ELEFANTE': 1, 'VICTORIA': 1, 'SEMILLA': 47, 'FCN-NACION': 2, 'PPN': 0, 'UR': 1, 'URNG-MAIZ WINAQ': 2, 'CREO': 0, 'BIEN': 8, 'VIVA': 7, 'MI FAMILIA': 0, 'CAMBIO': 0, 'VOS': 5}",1,11,104,0,Algún campo sin dato,1.Guatemala,15.Villa Nueva,0465,presidente
4612,,"{'UNE': 10, 'AZUL': 0, 'VALOR UNIONISTA': 7, 'CABAL': 5, 'TODOS': 0, 'VAMOS': 1, 'PHG': 0, 'PR': 0, 'PIN': 0, 'ELEFANTE': 2, 'VICTORIA': 2, 'SEMILLA': 37, 'FCN-NACION': 0, 'PPN': 0, 'UR': 0, 'URNG-MAIZ WINAQ': 0, 'CREO': 0, 'BIEN': 10, 'VIVA': 4, 'MI FAMILIA': 2, 'CAMBIO': 0, 'VOS': 3}",1,8,92,0,Algún campo sin dato,1.Guatemala,15.Villa Nueva,0465,presidente
4613,,"{'UNE': 29, 'AZUL': 1, 'VALOR UNIONISTA': 27, 'CABAL': 9, 'TODOS': 0, 'VAMOS': 5, 'PHG': 2, 'PR': 4, 'PIN': 0, 'ELEFANTE': 4, 'VICTORIA': 6, 'SEMILLA': 45, 'FCN-NACION': 1, 'PPN': 0, 'UR': 2, 'URNG-MAIZ WINAQ': 5, 'CREO': 1, 'BIEN': 16, 'VIVA': 18, 'MI FAMILIA': 8, 'CAMBIO': 0, 'VOS': 7}",1,38,229,0,Algún campo sin dato,1.Guatemala,15.Villa Nueva,0466,presidente
4614,,"{'UNE': 24, 'AZUL': 1, 'VALOR UNIONISTA': 0, 'CABAL': 14, 'TODOS': 0, 'VAMOS': 9, 'PHG': 0, 'PR': 2, 'PIN': 0, 'ELEFANTE': 1, 'VICTORIA': 3, 'SEMILLA': 45, 'FCN-NACION': 1, 'PPN': 0, 'UR': 0, 'URNG-MAIZ WINAQ': 6, 'CREO': 0, 'BIEN': 22, 'VIVA': 21, 'MI FAMILIA': 4, 'CAMBIO': 0, 'VOS': 20}",2,50,225,0,Sumas Asentadas sin cuadrar,1.Guatemala,15.Villa Nueva,0466,presidente
4615,,"{'UNE': 24, 'AZUL': 4, 'VALOR UNIONISTA': 23, 'CABAL': 5, 'TODOS': 1, 'VAMOS': 3, 'PHG': 1, 'PR': 0, 'PIN': 1, 'ELEFANTE': 2, 'VICTORIA': 6, 'SEMILLA': 59, 'FCN-NACION': 3, 'PPN': 0, 'UR': 2, 'URNG-MAIZ WINAQ': 4, 'CREO': 2, 'BIEN': 15, 'VIVA': 19, 'MI FAMILIA': 1, 'CAMBIO': 0, 'VOS': 28}",1,32,236,0,Algún campo sin dato,1.Guatemala,15.Villa Nueva,0466,presidente
4616,,"{'UNE': 34, 'AZUL': 3, 'VALOR UNIONISTA': 20, 'CABAL': 6, 'TODOS': 0, 'VAMOS': 1, 'PHG': 0, 'PR': 5, 'PIN': 1, 'ELEFANTE': 2, 'VICTORIA': 2, 'SEMILLA': 43, 'FCN-NACION': 3, 'PPN': 1, 'UR': 5, 'URNG-MAIZ WINAQ': 6, 'CREO': 0, 'BIEN': 15, 'VIVA': 19, 'MI FAMILIA': 10, 'CAMBIO': 2, 'VOS': 19}",0,31,228,0,Algún campo sin dato,1.Guatemala,15.Villa Nueva,0466,presidente
4617,,"{'UNE': 45, 'AZUL': 4, 'VALOR UNIONISTA': 25, 'CABAL': 6, 'TODOS': 2, 'VAMOS': 7, 'PHG': 0, 'PR': 0, 'PIN': 0, 'ELEFANTE': 1, 'VICTORIA': 3, 'SEMILLA': 43, 'FCN-NACION': 3, 'PPN': 0, 'UR': 1, 'URNG-MAIZ WINAQ': 4, 'CREO': 0, 'BIEN': 12, 'VIVA': 26, 'MI FAMILIA': 8, 'CAMBIO': 0, 'VOS': 22}",2,30,244,0,Algún campo sin dato,1.Guatemala,15.Villa Nueva,0466,presidente
4618,,"{'UNE': 32, 'AZUL': 2, 'VALOR UNIONISTA': 18, 'CABAL': 3, 'TODOS': 0, 'VAMOS': 1, 'PHG': 0, 'PR': 0, 'PIN': 0, 'ELEFANTE': 3, 'VICTORIA': 5, 'SEMILLA': 44, 'FCN-NACION': 1, 'PPN': 1, 'UR': 4, 'URNG-MAIZ WINAQ': 8, 'CREO': 1, 'BIEN': 11, 'VIVA': 17, 'MI FAMILIA': 3, 'CAMBIO': 0, 'VOS': 15}",3,30,202,0,Algún campo sin dato,1.Guatemala,15.Villa Nueva,0466,presidente
4619,,"{'UNE': 21, 'AZUL': 1, 'VALOR UNIONISTA': 19, 'CABAL': 9, 'TODOS': 0, 'VAMOS': 4, 'PHG': 1, 'PR': 2, 'PIN': 1, 'ELEFANTE': 4, 'VICTORIA': 3, 'SEMILLA': 74, 'FCN-NACION': 2, 'PPN': 0, 'UR': 2, 'URNG-MAIZ WINAQ': 3, 'CREO': 0, 'BIEN': 15, 'VIVA': 15, 'MI FAMILIA': 2, 'CAMBIO': 0, 'VOS': 14}",0,19,211,0,Algún campo sin dato,1.Guatemala,15.Villa Nueva,0466,presidente
4620,,"{'UNE': 8, 'AZUL': 0, 'VALOR UNIONISTA': 0, 'CABAL': 3, 'TODOS': 1, 'VAMOS': 1, 'PHG': 0, 'PR': 1, 'PIN': 0, 'ELEFANTE': 2, 'VICTORIA': 0, 'SEMILLA': 53, 'FCN-NACION': 0, 'PPN': 1, 'UR': 3, 'URNG-MAIZ WINAQ': 2, 'CREO': 0, 'BIEN': 4, 'VIVA': 6, 'MI FAMILIA': 0, 'CAMBIO': 0, 'VOS': 13}",0,13,111,0,Sumas Asentadas sin cuadrar,1.Guatemala,15.Villa Nueva,0466,presidente
4621,,"{'UNE': 7, 'AZUL': 0, 'VALOR UNIONISTA': 7, 'CABAL': 5, 'TODOS': 0, 'VAMOS': 2, 'PHG': 1, 'PR': 1, 'PIN': 0, 'ELEFANTE': 1, 'VICTORIA': 2, 'SEMILLA': 47, 'FCN-NACION': 2, 'PPN': 0, 'UR': 0, 'URNG-MAIZ WINAQ': 1, 'CREO': 3, 'BIEN': 5, 'VIVA': 3, 'MI FAMILIA': 1, 'CAMBIO': 0, 'VOS': 7}",0,14,109,0,Algún campo sin dato,1.Guatemala,15.Villa Nueva,0466,presidente
4622,,"{'UNE': 10, 'AZUL': 4, 'VALOR UNIONISTA': 22, 'CABAL': 12, 'TODOS': 1, 'VAMOS': 12, 'PHG': 0, 'PR': 4, 'PIN': 5, 'ELEFANTE': 3, 'VICTORIA': 11, 'SEMILLA': 53, 'FCN-NACION': 1, 'PPN': 2, 'UR': 1, 'URNG-MAIZ WINAQ': 7, 'CREO': 2, 'BIEN': 14, 'VIVA': 25, 'MI FAMILIA': 4, 'CAMBIO': 0, 'VOS': 10}",3,32,238,7,Algún campo sin dato,1.Guatemala,15.Villa Nueva,0467,presidente
4623,,"{'UNE': 13, 'AZUL': 1, 'VALOR UNIONISTA': 30, 'CABAL': 14, 'TODOS': 0, 'VAMOS': 4, 'PHG': 0, 'PR': 3, 'PIN': 0, 'ELEFANTE': 6, 'VICTORIA': 8, 'SEMILLA': 52, 'FCN-NACION': 2, 'PPN': 0, 'UR': 3, 'URNG-MAIZ WINAQ': 10, 'CREO': 3, 'BIEN': 5, 'VIVA': 15, 'MI FAMILIA': 6, 'CAMBIO': 1, 'VOS': 16}",1,42,235,0,Sumas Asentadas sin cuadrar,1.Guatemala,15.Villa Nueva,0467,presidente
4624,,"{'UNE': 18, 'AZUL': 1, 'VALOR UNIONISTA': 37, 'CABAL': 10, 'TODOS': 3, 'VAMOS': 12, 'PHG': 0, 'PR': 1, 'PIN': 0, 'ELEFANTE': 3, 'VICTORIA': 8, 'SEMILLA': 53, 'FCN-NACION': 1, 'PPN': 1, 'UR': 5, 'URNG-MAIZ WINAQ': 6, 'CREO': 1, 'BIEN': 8, 'VIVA': 18, 'MI FAMILIA': 4, 'CAMBIO': 0, 'VOS': 20}",2,35,247,7,Algún campo sin dato,1.Guatemala,15.Villa Nueva,0467,presidente
4625,,"{'UNE': 24, 'AZUL': 4, 'VALOR UNIONISTA': 21, 'CABAL': 11, 'TODOS': 0, 'VAMOS': 8, 'PHG': 0, 'PR': 1, 'PIN': 0, 'ELEFANTE': 3, 'VICTORIA': 7, 'SEMILLA': 59, 'FCN-NACION': 2, 'PPN': 1, 'UR': 4, 'URNG-MAIZ WINAQ': 9, 'CREO': 2, 'BIEN': 17, 'VIVA': 25, 'MI FAMILIA': 4, 'CAMBIO': 1, 'VOS': 13}",3,56,275,0,Algún campo sin dato,1.Guatemala,15.Villa Nueva,0467,presidente
4626,,"{'UNE': 18, 'AZUL': 2, 'VALOR UNIONISTA': 21, 'CABAL': 11, 'TODOS': 1, 'VAMOS': 9, 'PHG': 0, 'PR': 5, 'PIN': 0, 'ELEFANTE': 1, 'VICTORIA': 7, 'SEMILLA': 50, 'FCN-NACION': 2, 'PPN': 1, 'UR': 4, 'URNG-MAIZ WINAQ': 7, 'CREO': 2, 'BIEN': 12, 'VIVA': 32, 'MI FAMILIA': 5, 'CAMBIO': 0, 'VOS': 17}",6,59,272,0,Sumas Asentadas sin cuadrar,1.Guatemala,15.Villa Nueva,0467,presidente
4627,,"{'UNE': 11, 'AZUL': 2, 'VALOR UNIONISTA': 37, 'CABAL': 11, 'TODOS': 1, 'VAMOS': 7, 'PHG': 0, 'PR': 5, 'PIN': 2, 'ELEFANTE': 2, 'VICTORIA': 13, 'SEMILLA': 50, 'FCN-NACION': 1, 'PPN': 0, 'UR': 4, 'URNG-MAIZ WINAQ': 3, 'CREO': 2, 'BIEN': 14, 'VIVA': 29, 'MI FAMILIA': 3, 'CAMBIO': 1, 'VOS': 17}",6,52,273,0,Algún campo sin dato,1.Guatemala,15.Villa Nueva,0467,presidente
4628,,"{'UNE': 27, 'AZUL': 5, 'VALOR UNIONISTA': 22, 'CABAL': 11, 'TODOS': 0, 'VAMOS': 11, 'PHG': 0, 'PR': 2, 'PIN': 1, 'ELEFANTE': 1, 'VICTORIA': 6, 'SEMILLA': 51, 'FCN-NACION': 0, 'PPN': 2, 'UR': 1, 'URNG-MAIZ WINAQ': 7, 'CREO': 2, 'BIEN': 8, 'VIVA': 24, 'MI FAMILIA': 5, 'CAMBIO': 1, 'VOS': 18}",3,33,241,2,Algún campo sin dato,1.Guatemala,15.Villa Nueva,0467,presidente
4629,,"{'UNE': 28, 'AZUL': 1, 'VALOR UNIONISTA': 0, 'CABAL': 13, 'TODOS': 0, 'VAMOS': 13, 'PHG': 1, 'PR': 2, 'PIN': 1, 'ELEFANTE': 2, 'VICTORIA': 8, 'SEMILLA': 55, 'FCN-NACION': 2, 'PPN': 1, 'UR': 4, 'URNG-MAIZ WINAQ': 0, 'CREO': 1, 'BIEN': 10, 'VIVA': 30, 'MI FAMILIA': 5, 'CAMBIO': 0, 'VOS': 14}",3,41,235,1,Sumas Asentadas sin cuadrar,1.Guatemala,15.Villa Nueva,0467,presidente
4630,,"{'UNE': 16, 'AZUL': 7, 'VALOR UNIONISTA': 20, 'CABAL': 12, 'TODOS': 1, 'VAMOS': 4, 'PHG': 0, 'PR': 3, 'PIN': 0, 'ELEFANTE': 2, 'VICTORIA': 11, 'SEMILLA': 46, 'FCN-NACION': 1, 'PPN': 0, 'UR': 2, 'URNG-MAIZ WINAQ': 9, 'CREO': 2, 'BIEN': 7, 'VIVA': 25, 'MI FAMILIA': 4, 'CAMBIO': 1, 'VOS': 15}",3,57,248,0,Algún campo sin dato,1.Guatemala,15.Villa Nueva,0467,presidente
4631,,"{'UNE': 14, 'AZUL': 2, 'VALOR UNIONISTA': 29, 'CABAL': 12, 'TODOS': 0, 'VAMOS': 11, 'PHG': 0, 'PR': 0, 'PIN': 0, 'ELEFANTE': 2, 'VICTORIA': 7, 'SEMILLA': 66, 'FCN-NACION': 0, 'PPN': 0, 'UR': 2, 'URNG-MAIZ WINAQ': 2, 'CREO': 2, 'BIEN': 9, 'VIVA': 22, 'MI FAMILIA': 4, 'CAMBIO': 0, 'VOS': 22}",5,37,248,0,Algún campo sin dato,1.Guatemala,15.Villa Nueva,0467,presidente
4632,,"{'UNE': 8, 'AZUL': 6, 'VALOR UNIONISTA': 17, 'CABAL': 9, 'TODOS': 0, 'VAMOS': 9, 'PHG': 1, 'PR': 3, 'PIN': 0, 'ELEFANTE': 0, 'VICTORIA': 5, 'SEMILLA': 82, 'FCN-NACION': 0, 'PPN': 1, 'UR': 2, 'URNG-MAIZ WINAQ': 7, 'CREO': 0, 'BIEN': 14, 'VIVA': 24, 'MI FAMILIA': 4, 'CAMBIO': 1, 'VOS': 26}",2,26,247,0,Algún campo sin dato,1.Guatemala,15.Villa Nueva,0467,presidente
4633,,"{'UNE': 8, 'AZUL': 2, 'VALOR UNIONISTA': 14, 'CABAL': 8, 'TODOS': 1, 'VAMOS': 12, 'PHG': 0, 'PR': 1, 'PIN': 0, 'ELEFANTE': 5, 'VICTORIA': 6, 'SEMILLA': 89, 'FCN-NACION': 2, 'PPN': 2, 'UR': 2, 'URNG-MAIZ WINAQ': 5, 'CREO': 1, 'BIEN': 11, 'VIVA': 13, 'MI FAMILIA': 2, 'CAMBIO': 0, 'VOS': 39}",0,26,249,0,Algún campo sin dato,1.Guatemala,15.Villa Nueva,0467,presidente
4634,,"{'UNE': 18, 'AZUL': 10, 'VALOR UNIONISTA': 23, 'CABAL': 9, 'TODOS': 0, 'VAMOS': 6, 'PHG': 0, 'PR': 1, 'PIN': 1, 'ELEFANTE': 0, 'VICTORIA': 5, 'SEMILLA': 61, 'FCN-NACION': 1, 'PPN': 3, 'UR': 5, 'URNG-MAIZ WINAQ': 13, 'CREO': 1, 'BIEN': 12, 'VIVA': 21, 'MI FAMILIA': 6, 'CAMBIO': 1, 'VOS': 16}",0,30,243,0,Algún campo sin dato,1.Guatemala,15.Villa Nueva,0467,presidente
4635,,"{'UNE': 15, 'AZUL': 3, 'VALOR UNIONISTA': 32, 'CABAL': 11, 'TODOS': 2, 'VAMOS': 8, 'PHG': 1, 'PR': 1, 'PIN': 0, 'ELEFANTE': 3, 'VICTORIA': 8, 'SEMILLA': 58, 'FCN-NACION': 0, 'PPN': 0, 'UR': 5, 'URNG-MAIZ WINAQ': 10, 'CREO': 0, 'BIEN': 10, 'VIVA': 31, 'MI FAMILIA': 6, 'CAMBIO': 0, 'VOS': 16}",0,34,254,0,Algún campo sin dato,1.Guatemala,15.Villa Nueva,0467,presidente
4636,,"{'UNE': 15, 'AZUL': 3, 'VALOR UNIONISTA': 21, 'CABAL': 15, 'TODOS': 1, 'VAMOS': 4, 'PHG': 0, 'PR': 1, 'PIN': 1, 'ELEFANTE': 3, 'VICTORIA': 13, 'SEMILLA': 58, 'FCN-NACION': 1, 'PPN': 0, 'UR': 7, 'URNG-MAIZ WINAQ': 1, 'CREO': 3, 'BIEN': 14, 'VIVA': 17, 'MI FAMILIA': 5, 'CAMBIO': 7, 'VOS': 18}",2,45,255,1,Algún campo sin dato,1.Guatemala,15.Villa Nueva,0467,presidente
4637,,"{'UNE': 15, 'AZUL': 2, 'VALOR UNIONISTA': 25, 'CABAL': 8, 'TODOS': 2, 'VAMOS': 8, 'PHG': 0, 'PR': 3, 'PIN': 0, 'ELEFANTE': 2, 'VICTORIA': 8, 'SEMILLA': 54, 'FCN-NACION': 1, 'PPN': 0, 'UR': 5, 'URNG-MAIZ WINAQ': 9, 'CREO': 2, 'BIEN': 12, 'VIVA': 25, 'MI FAMILIA': 13, 'CAMBIO': 0, 'VOS': 16}",1,33,244,0,Sumas Asentadas sin cuadrar,1.Guatemala,15.Villa Nueva,0467,presidente
4638,,"{'UNE': 11, 'AZUL': 2, 'VALOR UNIONISTA': 34, 'CABAL': 12, 'TODOS': 0, 'VAMOS': 8, 'PHG': 1, 'PR': 1, 'PIN': 1, 'ELEFANTE': 12, 'VICTORIA': 8, 'SEMILLA': 41, 'FCN-NACION': 3, 'PPN': 0, 'UR': 3, 'URNG-MAIZ WINAQ': 1, 'CREO': 3, 'BIEN': 15, 'VIVA': 20, 'MI FAMILIA': 7, 'CAMBIO': 0, 'VOS': 24}",2,34,243,0,Sumas Asentadas sin cuadrar,1.Guatemala,15.Villa Nueva,0467,presidente
4639,,"{'UNE': 21, 'AZUL': 2, 'VALOR UNIONISTA': 28, 'CABAL': 19, 'TODOS': 0, 'VAMOS': 7, 'PHG': 0, 'PR': 2, 'PIN': 1, 'ELEFANTE': 1, 'VICTORIA': 5, 'SEMILLA': 49, 'FCN-NACION': 2, 'PPN': 2, 'UR': 5, 'URNG-MAIZ WINAQ': 6, 'CREO': 1, 'BIEN': 15, 'VIVA': 24, 'MI FAMILIA': 5, 'CAMBIO': 1, 'VOS': 23}",2,42,263,0,Algún campo sin dato,1.Guatemala,15.Villa Nueva,0467,presidente
4640,,"{'UNE': 12, 'AZUL': 5, 'VALOR UNIONISTA': 39, 'CABAL': 10, 'TODOS': 0, 'VAMOS': 5, 'PHG': 0, 'PR': 2, 'PIN': 1, 'ELEFANTE': 2, 'VICTORIA': 11, 'SEMILLA': 64, 'FCN-NACION': 1, 'PPN': 1, 'UR': 2, 'URNG-MAIZ WINAQ': 1, 'CREO': 3, 'BIEN': 8, 'VIVA': 27, 'MI FAMILIA': 5, 'CAMBIO': 0, 'VOS': 19}",2,38,258,0,Algún campo sin dato,1.Guatemala,15.Villa Nueva,0467,presidente
4641,,"{'UNE': 20, 'AZUL': 2, 'VALOR UNIONISTA': 18, 'CABAL': 17, 'TODOS': 1, 'VAMOS': 9, 'PHG': 0, 'PR': 2, 'PIN': 0, 'ELEFANTE': 4, 'VICTORIA': 11, 'SEMILLA': 59, 'FCN-NACION': 0, 'PPN': 0, 'UR': 3, 'URNG-MAIZ WINAQ': 9, 'CREO': 3, 'BIEN': 14, 'VIVA': 26, 'MI FAMILIA': 6, 'CAMBIO': 2, 'VOS': 24}",3,27,260,0,Algún campo sin dato,1.Guatemala,15.Villa Nueva,0467,presidente
4642,,"{'UNE': 19, 'AZUL': 5, 'VALOR UNIONISTA': 22, 'CABAL': 12, 'TODOS': 1, 'VAMOS': 11, 'PHG': 0, 'PR': 2, 'PIN': 1, 'ELEFANTE': 2, 'VICTORIA': 5, 'SEMILLA': 55, 'FCN-NACION': 0, 'PPN': 1, 'UR': 6, 'URNG-MAIZ WINAQ': 3, 'CREO': 5, 'BIEN': 21, 'VIVA': 16, 'MI FAMILIA': 6, 'CAMBIO': 1, 'VOS': 24}",5,28,251,1,Algún campo sin dato,1.Guatemala,15.Villa Nueva,0467,presidente
4643,,"{'UNE': 27, 'AZUL': 4, 'VALOR UNIONISTA': 21, 'CABAL': 13, 'TODOS': 1, 'VAMOS': 4, 'PHG': 0, 'PR': 1, 'PIN': 0, 'ELEFANTE': 3, 'VICTORIA': 4, 'SEMILLA': 65, 'FCN-NACION': 1, 'PPN': 0, 'UR': 4, 'URNG-MAIZ WINAQ': 7, 'CREO': 0, 'BIEN': 6, 'VIVA': 28, 'MI FAMILIA': 6, 'CAMBIO': 0, 'VOS': 19}",2,37,253,144,Algún campo sin dato,1.Guatemala,15.Villa Nueva,0467,presidente
4644,,"{'UNE': 16, 'AZUL': 3, 'VALOR UNIONISTA': 31, 'CABAL': 8, 'TODOS': 0, 'VAMOS': 6, 'PHG': 0, 'PR': 1, 'PIN': 0, 'ELEFANTE': 3, 'VICTORIA': 11, 'SEMILLA': 58, 'FCN-NACION': 2, 'PPN': 2, 'UR': 6, 'URNG-MAIZ WINAQ': 6, 'CREO': 0, 'BIEN': 13, 'VIVA': 24, 'MI FAMILIA': 5, 'CAMBIO': 1, 'VOS': 14}",1,37,248,1,Algún campo sin dato,1.Guatemala,15.Villa Nueva,0467,presidente
4645,,"{'UNE': 20, 'AZUL': 5, 'VALOR UNIONISTA': 41, 'CABAL': 8, 'TODOS': 1, 'VAMOS': 6, 'PHG': 0, 'PR': 2, 'PIN': 2, 'ELEFANTE': 0, 'VICTORIA': 15, 'SEMILLA': 56, 'FCN-NACION': 1, 'PPN': 0, 'UR': 6, 'URNG-MAIZ WINAQ': 4, 'CREO': 0, 'BIEN': 11, 'VIVA': 20, 'MI FAMILIA': 4, 'CAMBIO': 0, 'VOS': 8}",2,41,253,0,Algún campo sin dato,1.Guatemala,15.Villa Nueva,0467,presidente
4646,,"{'UNE': 12, 'AZUL': 7, 'VALOR UNIONISTA': 28, 'CABAL': 14, 'TODOS': 1, 'VAMOS': 7, 'PHG': 1, 'PR': 2, 'PIN': 1, 'ELEFANTE': 3, 'VICTORIA': 5, 'SEMILLA': 55, 'FCN-NACION': 2, 'PPN': 3, 'UR': 2, 'URNG-MAIZ WINAQ': 5, 'CREO': 0, 'BIEN': 10, 'VIVA': 30, 'MI FAMILIA': 7, 'CAMBIO': 1, 'VOS': 19}",2,38,255,0,Algún campo sin dato,1.Guatemala,15.Villa Nueva,0467,presidente
4647,,"{'UNE': 12, 'AZUL': 1, 'VALOR UNIONISTA': 26, 'CABAL': 11, 'TODOS': 0, 'VAMOS': 9, 'PHG': 0, 'PR': 2, 'PIN': 0, 'ELEFANTE': 2, 'VICTORIA': 6, 'SEMILLA': 59, 'FCN-NACION': 3, 'PPN': 1, 'UR': 4, 'URNG-MAIZ WINAQ': 5, 'CREO': 1, 'BIEN': 12, 'VIVA': 18, 'MI FAMILIA': 7, 'CAMBIO': 0, 'VOS': 19}",13,34,245,0,Algún campo sin dato,1.Guatemala,15.Villa Nueva,0468,presidente
4648,,"{'UNE': 15, 'AZUL': 3, 'VALOR UNIONISTA': 33, 'CABAL': 12, 'TODOS': 1, 'VAMOS': 7, 'PHG': 1, 'PR': 1, 'PIN': 3, 'ELEFANTE': 1, 'VICTORIA': 11, 'SEMILLA': 48, 'FCN-NACION': 2, 'PPN': 2, 'UR': 3, 'URNG-MAIZ WINAQ': 7, 'CREO': 1, 'BIEN': 9, 'VIVA': 16, 'MI FAMILIA': 8, 'CAMBIO': 0, 'VOS': 15}",7,44,250,1,Algún campo sin dato,1.Guatemala,15.Villa Nueva,0468,presidente
4649,,"{'UNE': 18, 'AZUL': 3, 'VALOR UNIONISTA': 27, 'CABAL': 11, 'TODOS': 1, 'VAMOS': 11, 'PHG': 1, 'PR': 2, 'PIN': 1, 'ELEFANTE': 2, 'VICTORIA': 10, 'SEMILLA': 56, 'FCN-NACION': 2, 'PPN': 0, 'UR': 5, 'URNG-MAIZ WINAQ': 5, 'CREO': 0, 'BIEN': 16, 'VIVA': 19, 'MI FAMILIA': 5, 'CAMBIO': 0, 'VOS': 18}",1,31,245,7,Algún campo sin dato,1.Guatemala,15.Villa Nueva,0468,presidente
4650,,"{'UNE': 12, 'AZUL': 4, 'VALOR UNIONISTA': 24, 'CABAL': 6, 'TODOS': 0, 'VAMOS': 10, 'PHG': 0, 'PR': 4, 'PIN': 1, 'ELEFANTE': 1, 'VICTORIA': 12, 'SEMILLA': 60, 'FCN-NACION': 0, 'PPN': 0, 'UR': 4, 'URNG-MAIZ WINAQ': 3, 'CREO': 0, 'BIEN': 7, 'VIVA': 12, 'MI FAMILIA': 1, 'CAMBIO': 0, 'VOS': 22}",1,34,218,0,Algún campo sin dato,1.Guatemala,15.Villa Nueva,0468,presidente
4651,,"{'UNE': 14, 'AZUL': 2, 'VALOR UNIONISTA': 17, 'CABAL': 17, 'TODOS': 1, 'VAMOS': 5, 'PHG': 0, 'PR': 0, 'PIN': 0, 'ELEFANTE': 2, 'VICTORIA': 6, 'SEMILLA': 54, 'FCN-NACION': 1, 'PPN': 0, 'UR': 0, 'URNG-MAIZ WINAQ': 5, 'CREO': 1, 'BIEN': 18, 'VIVA': 16, 'MI FAMILIA': 5, 'CAMBIO': 0, 'VOS': 24}",2,43,233,0,Algún campo sin dato,1.Guatemala,15.Villa Nueva,0468,presidente
4652,,"{'UNE': 16, 'AZUL': 0, 'VALOR UNIONISTA': 19, 'CABAL': 13, 'TODOS': 1, 'VAMOS': 5, 'PHG': 1, 'PR': 0, 'PIN': 0, 'ELEFANTE': 2, 'VICTORIA': 5, 'SEMILLA': 76, 'FCN-NACION': 1, 'PPN': 0, 'UR': 3, 'URNG-MAIZ WINAQ': 3, 'CREO': 0, 'BIEN': 10, 'VIVA': 16, 'MI FAMILIA': 4, 'CAMBIO': 0, 'VOS': 20}",3,25,223,0,Algún campo sin dato,1.Guatemala,15.Villa Nueva,0468,presidente
4653,,"{'UNE': 5, 'AZUL': 2, 'VALOR UNIONISTA': 26, 'CABAL': 11, 'TODOS': 0, 'VAMOS': 4, 'PHG': 0, 'PR': 1, 'PIN': 0, 'ELEFANTE': 1, 'VICTORIA': 8, 'SEMILLA': 125, 'FCN-NACION': 0, 'PPN': 1, 'UR': 3, 'URNG-MAIZ WINAQ': 1, 'CREO': 0, 'BIEN': 12, 'VIVA': 17, 'MI FAMILIA': 1, 'CAMBIO': 0, 'VOS': 26}",0,22,266,0,Algún campo sin dato,1.Guatemala,15.Villa Nueva,0468,presidente
4654,,"{'UNE': 8, 'AZUL': 0, 'VALOR UNIONISTA': 21, 'CABAL': 6, 'TODOS': 0, 'VAMOS': 2, 'PHG': 0, 'PR': 0, 'PIN': 0, 'ELEFANTE': 0, 'VICTORIA': 4, 'SEMILLA': 159, 'FCN-NACION': 1, 'PPN': 0, 'UR': 4, 'URNG-MAIZ WINAQ': 5, 'CREO': 0, 'BIEN': 21, 'VIVA': 9, 'MI FAMILIA': 1, 'CAMBIO': 1, 'VOS': 16}",0,15,273,0,Algún campo sin dato,1.Guatemala,15.Villa Nueva,0468,presidente
4655,,"{'UNE': 3, 'AZUL': 2, 'VALOR UNIONISTA': 13, 'CABAL': 13, 'TODOS': 0, 'VAMOS': 8, 'PHG': 1, 'PR': 1, 'PIN': 0, 'ELEFANTE': 0, 'VICTORIA': 3, 'SEMILLA': 140, 'FCN-NACION': 0, 'PPN': 0, 'UR': 1, 'URNG-MAIZ WINAQ': 2, 'CREO': 0, 'BIEN': 17, 'VIVA': 13, 'MI FAMILIA': 3, 'CAMBIO': 0, 'VOS': 19}",0,25,264,0,Algún campo sin dato,1.Guatemala,15.Villa Nueva,0468,presidente
4656,,"{'UNE': 5, 'AZUL': 2, 'VALOR UNIONISTA': 18, 'CABAL': 8, 'TODOS': 0, 'VAMOS': 3, 'PHG': 0, 'PR': 1, 'PIN': 0, 'ELEFANTE': 3, 'VICTORIA': 3, 'SEMILLA': 111, 'FCN-NACION': 0, 'PPN': 0, 'UR': 2, 'URNG-MAIZ WINAQ': 4, 'CREO': 0, 'BIEN': 13, 'VIVA': 10, 'MI FAMILIA': 3, 'CAMBIO': 0, 'VOS': 12}",2,28,228,0,Algún campo sin dato,1.Guatemala,15.Villa Nueva,0468,presidente
4657,,"{'UNE': 9, 'AZUL': 0, 'VALOR UNIONISTA': 10, 'CABAL': 6, 'TODOS': 0, 'VAMOS': 6, 'PHG': 0, 'PR': 0, 'PIN': 0, 'ELEFANTE': 3, 'VICTORIA': 7, 'SEMILLA': 96, 'FCN-NACION': 0, 'PPN': 1, 'UR': 2, 'URNG-MAIZ WINAQ': 7, 'CREO': 1, 'BIEN': 3, 'VIVA': 15, 'MI FAMILIA': 0, 'CAMBIO': 0, 'VOS': 11}",0,28,205,0,Algún campo sin dato,1.Guatemala,15.Villa Nueva,0468,presidente
4658,,"{'UNE': 7, 'AZUL': 3, 'VALOR UNIONISTA': 17, 'CABAL': 10, 'TODOS': 0, 'VAMOS': 9, 'PHG': 1, 'PR': 2, 'PIN': 0, 'ELEFANTE': 0, 'VICTORIA': 5, 'SEMILLA': 68, 'FCN-NACION': 2, 'PPN': 0, 'UR': 2, 'URNG-MAIZ WINAQ': 6, 'CREO': 1, 'BIEN': 14, 'VIVA': 17, 'MI FAMILIA': 1, 'CAMBIO': 0, 'VOS': 22}",1,34,222,0,Algún campo sin dato,1.Guatemala,15.Villa Nueva,0468,presidente
4659,,"{'UNE': 8, 'AZUL': 0, 'VALOR UNIONISTA': 14, 'CABAL': 11, 'TODOS': 1, 'VAMOS': 8, 'PHG': 1, 'PR': 0, 'PIN': 1, 'ELEFANTE': 0, 'VICTORIA': 3, 'SEMILLA': 108, 'FCN-NACION': 0, 'PPN': 0, 'UR': 3, 'URNG-MAIZ WINAQ': 2, 'CREO': 0, 'BIEN': 7, 'VIVA': 13, 'MI FAMILIA': 3, 'CAMBIO': 0, 'VOS': 11}",0,28,222,0,Algún campo sin dato,1.Guatemala,15.Villa Nueva,0468,presidente
4660,,"{'UNE': 9, 'AZUL': 0, 'VALOR UNIONISTA': 8, 'CABAL': 7, 'TODOS': 0, 'VAMOS': 3, 'PHG': 0, 'PR': 0, 'PIN': 0, 'ELEFANTE': 1, 'VICTORIA': 5, 'SEMILLA': 113, 'FCN-NACION': 0, 'PPN': 0, 'UR': 0, 'URNG-MAIZ WINAQ': 2, 'CREO': 0, 'BIEN': 6, 'VIVA': 11, 'MI FAMILIA': 3, 'CAMBIO': 0, 'VOS': 7}",0,13,188,7,Algún campo sin dato,1.Guatemala,15.Villa Nueva,0468,presidente
4661,,"{'UNE': 5, 'AZUL': 0, 'VALOR UNIONISTA': 8, 'CABAL': 9, 'TODOS': 0, 'VAMOS': 3, 'PHG': 1, 'PR': 1, 'PIN': 0, 'ELEFANTE': 1, 'VICTORIA': 6, 'SEMILLA': 74, 'FCN-NACION': 0, 'PPN': 0, 'UR': 3, 'URNG-MAIZ WINAQ': 2, 'CREO': 0, 'BIEN': 8, 'VIVA': 9, 'MI FAMILIA': 2, 'CAMBIO': 0, 'VOS': 9}",0,17,158,0,Algún campo sin dato,1.Guatemala,15.Villa Nueva,0468,presidente
4662,,"{'UNE': 21, 'AZUL': 2, 'VALOR UNIONISTA': 26, 'CABAL': 18, 'TODOS': 0, 'VAMOS': 10, 'PHG': 0, 'PR': 2, 'PIN': 0, 'ELEFANTE': 2, 'VICTORIA': 4, 'SEMILLA': 60, 'FCN-NACION': 2, 'PPN': 2, 'UR': 7, 'URNG-MAIZ WINAQ': 7, 'CREO': 5, 'BIEN': 12, 'VIVA': 22, 'MI FAMILIA': 6, 'CAMBIO': 1, 'VOS': 20}",2,30,261,0,Algún campo sin dato,1.Guatemala,15.Villa Nueva,0469,presidente
4663,,"{'UNE': 24, 'AZUL': 4, 'VALOR UNIONISTA': 25, 'CABAL': 15, 'TODOS': 0, 'VAMOS': 8, 'PHG': 0, 'PR': 3, 'PIN': 0, 'ELEFANTE': 2, 'VICTORIA': 4, 'SEMILLA': 60, 'FCN-NACION': 2, 'PPN': 3, 'UR': 2, 'URNG-MAIZ WINAQ': 2, 'CREO': 2, 'BIEN': 13, 'VIVA': 13, 'MI FAMILIA': 4, 'CAMBIO': 1, 'VOS': 22}",1,25,235,0,,1.Guatemala,15.Villa Nueva,0469,presidente
4664,,"{'UNE': 19, 'AZUL': 2, 'VALOR UNIONISTA': 41, 'CABAL': 16, 'TODOS': 1, 'VAMOS': 1, 'PHG': 0, 'PR': 2, 'PIN': 1, 'ELEFANTE': 3, 'VICTORIA': 6, 'SEMILLA': 65, 'FCN-NACION': 2, 'PPN': 0, 'UR': 3, 'URNG-MAIZ WINAQ': 2, 'CREO': 3, 'BIEN': 15, 'VIVA': 16, 'MI FAMILIA': 2, 'CAMBIO': 0, 'VOS': 19}",2,32,253,0,Algún campo sin dato,1.Guatemala,15.Villa Nueva,0469,presidente
4665,,"{'UNE': 18, 'AZUL': 7, 'VALOR UNIONISTA': 37, 'CABAL': 20, 'TODOS': 1, 'VAMOS': 9, 'PHG': 0, 'PR': 3, 'PIN': 0, 'ELEFANTE': 3, 'VICTORIA': 7, 'SEMILLA': 47, 'FCN-NACION': 1, 'PPN': 0, 'UR': 6, 'URNG-MAIZ WINAQ': 6, 'CREO': 2, 'BIEN': 18, 'VIVA': 19, 'MI FAMILIA': 6, 'CAMBIO': 0, 'VOS': 17}",3,39,269,0,Algún campo sin dato,1.Guatemala,15.Villa Nueva,0469,presidente
4666,,"{'UNE': 15, 'AZUL': 4, 'VALOR UNIONISTA': 40, 'CABAL': 12, 'TODOS': 0, 'VAMOS': 7, 'PHG': 0, 'PR': 0, 'PIN': 1, 'ELEFANTE': 6, 'VICTORIA': 8, 'SEMILLA': 47, 'FCN-NACION': 2, 'PPN': 1, 'UR': 4, 'URNG-MAIZ WINAQ': 0, 'CREO': 3, 'BIEN': 13, 'VIVA': 16, 'MI FAMILIA': 5, 'CAMBIO': 0, 'VOS': 28}",0,33,245,7,Algún campo sin dato,1.Guatemala,15.Villa Nueva,0469,presidente
4667,,"{'UNE': 21, 'AZUL': 5, 'VALOR UNIONISTA': 35, 'CABAL': 23, 'TODOS': 0, 'VAMOS': 7, 'PHG': 0, 'PR': 4, 'PIN': 1, 'ELEFANTE': 3, 'VICTORIA': 5, 'SEMILLA': 68, 'FCN-NACION': 0, 'PPN': 3, 'UR': 2, 'URNG-MAIZ WINAQ': 6, 'CREO': 6, 'BIEN': 10, 'VIVA': 17, 'MI FAMILIA': 5, 'CAMBIO': 1, 'VOS': 14}",2,38,276,0,Algún campo sin dato,1.Guatemala,15.Villa Nueva,0469,presidente
4668,,"{'UNE': 15, 'AZUL': 2, 'VALOR UNIONISTA': 0, 'CABAL': 14, 'TODOS': 1, 'VAMOS': 7, 'PHG': 0, 'PR': 5, 'PIN': 0, 'ELEFANTE': 0, 'VICTORIA': 6, 'SEMILLA': 57, 'FCN-NACION': 3, 'PPN': 1, 'UR': 5, 'URNG-MAIZ WINAQ': 6, 'CREO': 6, 'BIEN': 9, 'VIVA': 20, 'MI FAMILIA': 6, 'CAMBIO': 0, 'VOS': 11}",4,48,226,0,Algún campo sin dato,1.Guatemala,15.Villa Nueva,0469,presidente
4669,,"{'UNE': 25, 'AZUL': 6, 'VALOR UNIONISTA': 41, 'CABAL': 18, 'TODOS': 1, 'VAMOS': 10, 'PHG': 0, 'PR': 2, 'PIN': 0, 'ELEFANTE': 3, 'VICTORIA': 2, 'SEMILLA': 53, 'FCN-NACION': 2, 'PPN': 2, 'UR': 7, 'URNG-MAIZ WINAQ': 3, 'CREO': 1, 'BIEN': 17, 'VIVA': 7, 'MI FAMILIA': 6, 'CAMBIO': 1, 'VOS': 25}",1,39,272,1,Algún campo sin dato,1.Guatemala,15.Villa Nueva,0469,presidente
4670,,"{'UNE': 18, 'AZUL': 5, 'VALOR UNIONISTA': 50, 'CABAL': 17, 'TODOS': 0, 'VAMOS': 4, 'PHG': 0, 'PR': 3, 'PIN': 0, 'ELEFANTE': 4, 'VICTORIA': 8, 'SEMILLA': 53, 'FCN-NACION': 0, 'PPN': 3, 'UR': 5, 'URNG-MAIZ WINAQ': 2, 'CREO': 1, 'BIEN': 12, 'VIVA': 16, 'MI FAMILIA': 4, 'CAMBIO': 0, 'VOS': 29}",0,25,259,0,Algún campo sin dato,1.Guatemala,15.Villa Nueva,0469,presidente
4671,,"{'UNE': 13, 'AZUL': 6, 'VALOR UNIONISTA': 40, 'CABAL': 20, 'TODOS': 1, 'VAMOS': 4, 'PHG': 1, 'PR': 6, 'PIN': 0, 'ELEFANTE': 5, 'VICTORIA': 11, 'SEMILLA': 51, 'FCN-NACION': 0, 'PPN': 1, 'UR': 3, 'URNG-MAIZ WINAQ': 4, 'CREO': 2, 'BIEN': 17, 'VIVA': 14, 'MI FAMILIA': 10, 'CAMBIO': 1, 'VOS': 34}",1,28,273,0,Algún campo sin dato,1.Guatemala,15.Villa Nueva,0469,presidente
4672,,"{'UNE': 23, 'AZUL': 3, 'VALOR UNIONISTA': 46, 'CABAL': 19, 'TODOS': 0, 'VAMOS': 9, 'PHG': 1, 'PR': 3, 'PIN': 1, 'ELEFANTE': 4, 'VICTORIA': 7, 'SEMILLA': 45, 'FCN-NACION': 1, 'PPN': 1, 'UR': 5, 'URNG-MAIZ WINAQ': 3, 'CREO': 3, 'BIEN': 14, 'VIVA': 15, 'MI FAMILIA': 7, 'CAMBIO': 0, 'VOS': 17}",1,27,255,0,Algún campo sin dato,1.Guatemala,15.Villa Nueva,0469,presidente
4673,,"{'UNE': 22, 'AZUL': 2, 'VALOR UNIONISTA': 34, 'CABAL': 17, 'TODOS': 0, 'VAMOS': 14, 'PHG': 0, 'PR': 4, 'PIN': 0, 'ELEFANTE': 0, 'VICTORIA': 5, 'SEMILLA': 56, 'FCN-NACION': 1, 'PPN': 0, 'UR': 2, 'URNG-MAIZ WINAQ': 7, 'CREO': 3, 'BIEN': 17, 'VIVA': 16, 'MI FAMILIA': 6, 'CAMBIO': 0, 'VOS': 20}",0,33,259,0,Algún campo sin dato,1.Guatemala,15.Villa Nueva,0469,presidente
4674,,"{'UNE': 25, 'AZUL': 6, 'VALOR UNIONISTA': 29, 'CABAL': 21, 'TODOS': 0, 'VAMOS': 9, 'PHG': 2, 'PR': 3, 'PIN': 3, 'ELEFANTE': 0, 'VICTORIA': 2, 'SEMILLA': 63, 'FCN-NACION': 0, 'PPN': 1, 'UR': 5, 'URNG-MAIZ WINAQ': 6, 'CREO': 3, 'BIEN': 13, 'VIVA': 12, 'MI FAMILIA': 5, 'CAMBIO': 0, 'VOS': 24}",2,27,261,0,Algún campo sin dato,1.Guatemala,15.Villa Nueva,0469,presidente
4675,,"{'UNE': 14, 'AZUL': 0, 'VALOR UNIONISTA': 37, 'CABAL': 15, 'TODOS': 1, 'VAMOS': 7, 'PHG': 0, 'PR': 4, 'PIN': 1, 'ELEFANTE': 4, 'VICTORIA': 6, 'SEMILLA': 58, 'FCN-NACION': 1, 'PPN': 2, 'UR': 0, 'URNG-MAIZ WINAQ': 1, 'CREO': 1, 'BIEN': 7, 'VIVA': 12, 'MI FAMILIA': 4, 'CAMBIO': 0, 'VOS': 29}",1,29,234,1,Algún campo sin dato,1.Guatemala,15.Villa Nueva,0469,presidente
4676,,"{'UNE': 13, 'AZUL': 4, 'VALOR UNIONISTA': 15, 'CABAL': 10, 'TODOS': 0, 'VAMOS': 5, 'PHG': 0, 'PR': 1, 'PIN': 0, 'ELEFANTE': 3, 'VICTORIA': 4, 'SEMILLA': 74, 'FCN-NACION': 1, 'PPN': 0, 'UR': 2, 'URNG-MAIZ WINAQ': 6, 'CREO': 0, 'BIEN': 19, 'VIVA': 14, 'MI FAMILIA': 3, 'CAMBIO': 0, 'VOS': 28}",0,17,219,0,Algún campo sin dato,1.Guatemala,15.Villa Nueva,0469,presidente
4677,,"{'UNE': 12, 'AZUL': 1, 'VALOR UNIONISTA': 21, 'CABAL': 13, 'TODOS': 0, 'VAMOS': 4, 'PHG': 0, 'PR': 1, 'PIN': 0, 'ELEFANTE': 2, 'VICTORIA': 1, 'SEMILLA': 72, 'FCN-NACION': 1, 'PPN': 1, 'UR': 0, 'URNG-MAIZ WINAQ': 2, 'CREO': 2, 'BIEN': 14, 'VIVA': 11, 'MI FAMILIA': 1, 'CAMBIO': 0, 'VOS': 22}",2,26,209,0,Algún campo sin dato,1.Guatemala,15.Villa Nueva,0469,presidente
4678,,"{'UNE': 17, 'AZUL': 4, 'VALOR UNIONISTA': 33, 'CABAL': 10, 'TODOS': 1, 'VAMOS': 6, 'PHG': 0, 'PR': 3, 'PIN': 0, 'ELEFANTE': 2, 'VICTORIA': 6, 'SEMILLA': 62, 'FCN-NACION': 0, 'PPN': 0, 'UR': 1, 'URNG-MAIZ WINAQ': 3, 'CREO': 2, 'BIEN': 2, 'VIVA': 12, 'MI FAMILIA': 2, 'CAMBIO': 0, 'VOS': 20}",0,37,223,0,Algún campo sin dato,1.Guatemala,15.Villa Nueva,0469,presidente
4679,,"{'UNE': 25, 'AZUL': 4, 'VALOR UNIONISTA': 33, 'CABAL': 29, 'TODOS': 0, 'VAMOS': 3, 'PHG': 3, 'PR': 4, 'PIN': 1, 'ELEFANTE': 3, 'VICTORIA': 8, 'SEMILLA': 56, 'FCN-NACION': 9, 'PPN': 1, 'UR': 4, 'URNG-MAIZ WINAQ': 4, 'CREO': 6, 'BIEN': 16, 'VIVA': 9, 'MI FAMILIA': 8, 'CAMBIO': 0, 'VOS': 28}",0,26,280,0,Sumas Asentadas sin cuadrar,1.Guatemala,15.Villa Nueva,0469,presidente
4680,,"{'UNE': 24, 'AZUL': 5, 'VALOR UNIONISTA': 30, 'CABAL': 13, 'TODOS': 4, 'VAMOS': 6, 'PHG': 1, 'PR': 2, 'PIN': 0, 'ELEFANTE': 5, 'VICTORIA': 6, 'SEMILLA': 57, 'FCN-NACION': 1, 'PPN': 3, 'UR': 3, 'URNG-MAIZ WINAQ': 1, 'CREO': 3, 'BIEN': 14, 'VIVA': 14, 'MI FAMILIA': 3, 'CAMBIO': 0, 'VOS': 18}",3,29,245,0,Algún campo sin dato,1.Guatemala,15.Villa Nueva,0469,presidente
4681,,"{'UNE': 21, 'AZUL': 4, 'VALOR UNIONISTA': 26, 'CABAL': 22, 'TODOS': 0, 'VAMOS': 10, 'PHG': 0, 'PR': 3, 'PIN': 1, 'ELEFANTE': 2, 'VICTORIA': 6, 'SEMILLA': 52, 'FCN-NACION': 1, 'PPN': 0, 'UR': 2, 'URNG-MAIZ WINAQ': 2, 'CREO': 5, 'BIEN': 15, 'VIVA': 9, 'MI FAMILIA': 0, 'CAMBIO': 0, 'VOS': 21}",2,31,235,0,,1.Guatemala,15.Villa Nueva,0469,presidente
4682,,"{'UNE': 16, 'AZUL': 3, 'VALOR UNIONISTA': 24, 'CABAL': 17, 'TODOS': 1, 'VAMOS': 5, 'PHG': 0, 'PR': 2, 'PIN': 0, 'ELEFANTE': 1, 'VICTORIA': 4, 'SEMILLA': 66, 'FCN-NACION': 1, 'PPN': 1, 'UR': 2, 'URNG-MAIZ WINAQ': 5, 'CREO': 3, 'BIEN': 14, 'VIVA': 23, 'MI FAMILIA': 4, 'CAMBIO': 1, 'VOS': 22}",2,28,245,0,Algún campo sin dato,1.Guatemala,15.Villa Nueva,0469,presidente
4683,,"{'UNE': 19, 'AZUL': 7, 'VALOR UNIONISTA': 21, 'CABAL': 19, 'TODOS': 3, 'VAMOS': 7, 'PHG': 0, 'PR': 1, 'PIN': 0, 'ELEFANTE': 3, 'VICTORIA': 4, 'SEMILLA': 68, 'FCN-NACION': 1, 'PPN': 1, 'UR': 1, 'URNG-MAIZ WINAQ': 3, 'CREO': 1, 'BIEN': 12, 'VIVA': 19, 'MI FAMILIA': 7, 'CAMBIO': 1, 'VOS': 37}",1,27,263,0,Algún campo sin dato,1.Guatemala,15.Villa Nueva,0469,presidente
4684,,"{'UNE': 24, 'AZUL': 3, 'VALOR UNIONISTA': 33, 'CABAL': 13, 'TODOS': 0, 'VAMOS': 7, 'PHG': 0, 'PR': 4, 'PIN': 0, 'ELEFANTE': 2, 'VICTORIA': 3, 'SEMILLA': 60, 'FCN-NACION': 1, 'PPN': 2, 'UR': 3, 'URNG-MAIZ WINAQ': 5, 'CREO': 3, 'BIEN': 15, 'VIVA': 10, 'MI FAMILIA': 3, 'CAMBIO': 0, 'VOS': 25}",0,25,241,0,Algún campo sin dato,1.Guatemala,15.Villa Nueva,0469,presidente
4685,,"{'UNE': 18, 'AZUL': 3, 'VALOR UNIONISTA': 32, 'CABAL': 18, 'TODOS': 1, 'VAMOS': 7, 'PHG': 1, 'PR': 5, 'PIN': 0, 'ELEFANTE': 2, 'VICTORIA': 2, 'SEMILLA': 59, 'FCN-NACION': 0, 'PPN': 1, 'UR': 5, 'URNG-MAIZ WINAQ': 6, 'CREO': 5, 'BIEN': 10, 'VIVA': 13, 'MI FAMILIA': 12, 'CAMBIO': 0, 'VOS': 31}",2,26,259,0,Algún campo sin dato,1.Guatemala,15.Villa Nueva,0469,presidente
4686,,"{'UNE': 16, 'AZUL': 3, 'VALOR UNIONISTA': 33, 'CABAL': 15, 'TODOS': 1, 'VAMOS': 6, 'PHG': 0, 'PR': 0, 'PIN': 0, 'ELEFANTE': 2, 'VICTORIA': 2, 'SEMILLA': 55, 'FCN-NACION': 0, 'PPN': 0, 'UR': 5, 'URNG-MAIZ WINAQ': 3, 'CREO': 3, 'BIEN': 11, 'VIVA': 10, 'MI FAMILIA': 3, 'CAMBIO': 0, 'VOS': 31}",3,38,240,0,Algún campo sin dato,1.Guatemala,15.Villa Nueva,0469,presidente
4687,,"{'UNE': 22, 'AZUL': 1, 'VALOR UNIONISTA': 33, 'CABAL': 19, 'TODOS': 2, 'VAMOS': 6, 'PHG': 0, 'PR': 5, 'PIN': 0, 'ELEFANTE': 3, 'VICTORIA': 6, 'SEMILLA': 66, 'FCN-NACION': 1, 'PPN': 0, 'UR': 2, 'URNG-MAIZ WINAQ': 5, 'CREO': 6, 'BIEN': 13, 'VIVA': 10, 'MI FAMILIA': 10, 'CAMBIO': 0, 'VOS': 22}",0,26,258,0,Algún campo sin dato,1.Guatemala,15.Villa Nueva,0469,presidente
4688,,"{'UNE': 17, 'AZUL': 5, 'VALOR UNIONISTA': 35, 'CABAL': 26, 'TODOS': 0, 'VAMOS': 2, 'PHG': 0, 'PR': 5, 'PIN': 0, 'ELEFANTE': 2, 'VICTORIA': 3, 'SEMILLA': 79, 'FCN-NACION': 0, 'PPN': 0, 'UR': 1, 'URNG-MAIZ WINAQ': 3, 'CREO': 3, 'BIEN': 19, 'VIVA': 11, 'MI FAMILIA': 6, 'CAMBIO': 1, 'VOS': 19}",3,27,267,0,Algún campo sin dato,1.Guatemala,15.Villa Nueva,0469,presidente
4689,,"{'UNE': 20, 'AZUL': 2, 'VALOR UNIONISTA': 32, 'CABAL': 12, 'TODOS': 0, 'VAMOS': 7, 'PHG': 0, 'PR': 5, 'PIN': 2, 'ELEFANTE': 10, 'VICTORIA': 7, 'SEMILLA': 71, 'FCN-NACION': 0, 'PPN': 0, 'UR': 2, 'URNG-MAIZ WINAQ': 3, 'CREO': 3, 'BIEN': 19, 'VIVA': 11, 'MI FAMILIA': 4, 'CAMBIO': 0, 'VOS': 29}",0,28,267,0,Algún campo sin dato,1.Guatemala,15.Villa Nueva,0470,presidente
4690,,"{'UNE': 30, 'AZUL': 9, 'VALOR UNIONISTA': 34, 'CABAL': 17, 'TODOS': 1, 'VAMOS': 7, 'PHG': 0, 'PR': 2, 'PIN': 1, 'ELEFANTE': 2, 'VICTORIA': 3, 'SEMILLA': 67, 'FCN-NACION': 1, 'PPN': 2, 'UR': 5, 'URNG-MAIZ WINAQ': 0, 'CREO': 1, 'BIEN': 13, 'VIVA': 15, 'MI FAMILIA': 4, 'CAMBIO': 0, 'VOS': 21}",1,32,268,0,Algún campo sin dato,1.Guatemala,15.Villa Nueva,0470,presidente
4691,,"{'UNE': 25, 'AZUL': 3, 'VALOR UNIONISTA': 33, 'CABAL': 22, 'TODOS': 0, 'VAMOS': 7, 'PHG': 0, 'PR': 4, 'PIN': 1, 'ELEFANTE': 3, 'VICTORIA': 8, 'SEMILLA': 62, 'FCN-NACION': 0, 'PPN': 1, 'UR': 2, 'URNG-MAIZ WINAQ': 2, 'CREO': 8, 'BIEN': 12, 'VIVA': 16, 'MI FAMILIA': 4, 'CAMBIO': 0, 'VOS': 18}",3,27,261,0,Algún campo sin dato,1.Guatemala,15.Villa Nueva,0470,presidente
4692,,"{'UNE': 19, 'AZUL': 1, 'VALOR UNIONISTA': 32, 'CABAL': 16, 'TODOS': 3, 'VAMOS': 5, 'PHG': 0, 'PR': 4, 'PIN': 0, 'ELEFANTE': 6, 'VICTORIA': 2, 'SEMILLA': 62, 'FCN-NACION': 2, 'PPN': 1, 'UR': 3, 'URNG-MAIZ WINAQ': 4, 'CREO': 2, 'BIEN': 17, 'VIVA': 12, 'MI FAMILIA': 6, 'CAMBIO': 1, 'VOS': 21}",3,30,252,0,Algún campo sin dato,1.Guatemala,15.Villa Nueva,0470,presidente
4693,,"{'UNE': 21, 'AZUL': 3, 'VALOR UNIONISTA': 36, 'CABAL': 12, 'TODOS': 0, 'VAMOS': 9, 'PHG': 1, 'PR': 1, 'PIN': 1, 'ELEFANTE': 4, 'VICTORIA': 11, 'SEMILLA': 49, 'FCN-NACION': 0, 'PPN': 2, 'UR': 3, 'URNG-MAIZ WINAQ': 0, 'CREO': 0, 'BIEN': 11, 'VIVA': 8, 'MI FAMILIA': 0, 'CAMBIO': 0, 'VOS': 19}",3,28,222,0,Algún campo sin dato,1.Guatemala,15.Villa Nueva,0470,presidente
4694,,"{'UNE': 20, 'AZUL': 6, 'VALOR UNIONISTA': 37, 'CABAL': 16, 'TODOS': 0, 'VAMOS': 6, 'PHG': 0, 'PR': 3, 'PIN': 1, 'ELEFANTE': 7, 'VICTORIA': 4, 'SEMILLA': 64, 'FCN-NACION': 1, 'PPN': 0, 'UR': 2, 'URNG-MAIZ WINAQ': 4, 'CREO': 4, 'BIEN': 14, 'VIVA': 17, 'MI FAMILIA': 2, 'CAMBIO': 0, 'VOS': 22}",2,30,262,2,,1.Guatemala,15.Villa Nueva,0470,presidente
4695,,"{'UNE': 23, 'AZUL': 1, 'VALOR UNIONISTA': 23, 'CABAL': 20, 'TODOS': 1, 'VAMOS': 7, 'PHG': 0, 'PR': 0, 'PIN': 0, 'ELEFANTE': 5, 'VICTORIA': 3, 'SEMILLA': 52, 'FCN-NACION': 2, 'PPN': 0, 'UR': 5, 'URNG-MAIZ WINAQ': 1, 'CREO': 4, 'BIEN': 13, 'VIVA': 17, 'MI FAMILIA': 0, 'CAMBIO': 1, 'VOS': 18}",1,39,236,0,Algún campo sin dato,1.Guatemala,15.Villa Nueva,0470,presidente
4696,,"{'UNE': 23, 'AZUL': 2, 'VALOR UNIONISTA': 31, 'CABAL': 20, 'TODOS': 1, 'VAMOS': 9, 'PHG': 0, 'PR': 3, 'PIN': 1, 'ELEFANTE': 2, 'VICTORIA': 4, 'SEMILLA': 68, 'FCN-NACION': 4, 'PPN': 0, 'UR': 3, 'URNG-MAIZ WINAQ': 3, 'CREO': 1, 'BIEN': 12, 'VIVA': 9, 'MI FAMILIA': 2, 'CAMBIO': 0, 'VOS': 24}",3,27,252,1,Algún campo sin dato,1.Guatemala,15.Villa Nueva,0470,presidente
4697,,"{'UNE': 25, 'AZUL': 2, 'VALOR UNIONISTA': 35, 'CABAL': 11, 'TODOS': 1, 'VAMOS': 2, 'PHG': 0, 'PR': 3, 'PIN': 0, 'ELEFANTE': 1, 'VICTORIA': 4, 'SEMILLA': 63, 'FCN-NACION': 1, 'PPN': 1, 'UR': 2, 'URNG-MAIZ WINAQ': 5, 'CREO': 1, 'BIEN': 9, 'VIVA': 12, 'MI FAMILIA': 5, 'CAMBIO': 0, 'VOS': 17}",2,26,228,0,Algún campo sin dato,1.Guatemala,15.Villa Nueva,0470,presidente
4698,,"{'UNE': 19, 'AZUL': 0, 'VALOR UNIONISTA': 39, 'CABAL': 11, 'TODOS': 1, 'VAMOS': 4, 'PHG': 0, 'PR': 5, 'PIN': 0, 'ELEFANTE': 2, 'VICTORIA': 5, 'SEMILLA': 55, 'FCN-NACION': 1, 'PPN': 0, 'UR': 2, 'URNG-MAIZ WINAQ': 6, 'CREO': 5, 'BIEN': 12, 'VIVA': 13, 'MI FAMILIA': 4, 'CAMBIO': 1, 'VOS': 22}",1,20,228,0,Algún campo sin dato,1.Guatemala,15.Villa Nueva,0470,presidente
4699,,"{'UNE': 33, 'AZUL': 1, 'VALOR UNIONISTA': 30, 'CABAL': 6, 'TODOS': 0, 'VAMOS': 11, 'PHG': 0, 'PR': 0, 'PIN': 0, 'ELEFANTE': 4, 'VICTORIA': 6, 'SEMILLA': 52, 'FCN-NACION': 1, 'PPN': 1, 'UR': 6, 'URNG-MAIZ WINAQ': 7, 'CREO': 5, 'BIEN': 5, 'VIVA': 12, 'MI FAMILIA': 3, 'CAMBIO': 1, 'VOS': 17}",3,27,231,0,Sumas Asentadas sin cuadrar,1.Guatemala,15.Villa Nueva,0470,presidente
4700,,"{'UNE': 15, 'AZUL': 1, 'VALOR UNIONISTA': 32, 'CABAL': 8, 'TODOS': 0, 'VAMOS': 8, 'PHG': 1, 'PR': 0, 'PIN': 1, 'ELEFANTE': 2, 'VICTORIA': 5, 'SEMILLA': 61, 'FCN-NACION': 1, 'PPN': 2, 'UR': 8, 'URNG-MAIZ WINAQ': 4, 'CREO': 3, 'BIEN': 14, 'VIVA': 12, 'MI FAMILIA': 3, 'CAMBIO': 0, 'VOS': 14}",2,23,220,0,Algún campo sin dato,1.Guatemala,15.Villa Nueva,0470,presidente
4701,,"{'UNE': 23, 'AZUL': 1, 'VALOR UNIONISTA': 28, 'CABAL': 11, 'TODOS': 0, 'VAMOS': 4, 'PHG': 0, 'PR': 2, 'PIN': 1, 'ELEFANTE': 2, 'VICTORIA': 3, 'SEMILLA': 78, 'FCN-NACION': 0, 'PPN': 1, 'UR': 2, 'URNG-MAIZ WINAQ': 2, 'CREO': 3, 'BIEN': 0, 'VIVA': 0, 'MI FAMILIA': 6, 'CAMBIO': 0, 'VOS': 30}",2,15,214,1,Sumas Asentadas sin cuadrar,1.Guatemala,15.Villa Nueva,0470,presidente
4702,,"{'UNE': 11, 'AZUL': 2, 'VALOR UNIONISTA': 26, 'CABAL': 7, 'TODOS': 0, 'VAMOS': 4, 'PHG': 0, 'PR': 5, 'PIN': 1, 'ELEFANTE': 2, 'VICTORIA': 6, 'SEMILLA': 81, 'FCN-NACION': 4, 'PPN': 1, 'UR': 3, 'URNG-MAIZ WINAQ': 1, 'CREO': 4, 'BIEN': 18, 'VIVA': 7, 'MI FAMILIA': 6, 'CAMBIO': 0, 'VOS': 15}",0,20,224,0,Algún campo sin dato,1.Guatemala,15.Villa Nueva,0470,presidente
4703,,"{'UNE': 16, 'AZUL': 1, 'VALOR UNIONISTA': 27, 'CABAL': 10, 'TODOS': 0, 'VAMOS': 5, 'PHG': 0, 'PR': 2, 'PIN': 0, 'ELEFANTE': 1, 'VICTORIA': 7, 'SEMILLA': 74, 'FCN-NACION': 2, 'PPN': 0, 'UR': 0, 'URNG-MAIZ WINAQ': 6, 'CREO': 0, 'BIEN': 13, 'VIVA': 20, 'MI FAMILIA': 4, 'CAMBIO': 0, 'VOS': 19}",2,24,233,0,,1.Guatemala,15.Villa Nueva,0470,presidente
4704,,"{'UNE': 13, 'AZUL': 0, 'VALOR UNIONISTA': 22, 'CABAL': 14, 'TODOS': 1, 'VAMOS': 7, 'PHG': 1, 'PR': 0, 'PIN': 1, 'ELEFANTE': 3, 'VICTORIA': 5, 'SEMILLA': 110, 'FCN-NACION': 4, 'PPN': 1, 'UR': 1, 'URNG-MAIZ WINAQ': 0, 'CREO': 2, 'BIEN': 14, 'VIVA': 3, 'MI FAMILIA': 0, 'CAMBIO': 1, 'VOS': 17}",2,16,238,0,Algún campo sin dato,1.Guatemala,15.Villa Nueva,0470,presidente
4705,,"{'UNE': 9, 'AZUL': 1, 'VALOR UNIONISTA': 16, 'CABAL': 10, 'TODOS': 0, 'VAMOS': 2, 'PHG': 0, 'PR': 2, 'PIN': 2, 'ELEFANTE': 2, 'VICTORIA': 3, 'SEMILLA': 133, 'FCN-NACION': 0, 'PPN': 1, 'UR': 3, 'URNG-MAIZ WINAQ': 1, 'CREO': 1, 'BIEN': 15, 'VIVA': 10, 'MI FAMILIA': 1, 'CAMBIO': 1, 'VOS': 24}",0,13,250,0,Algún campo sin dato,1.Guatemala,15.Villa Nueva,0470,presidente
4706,,"{'UNE': 7, 'AZUL': 0, 'VALOR UNIONISTA': 17, 'CABAL': 9, 'TODOS': 0, 'VAMOS': 2, 'PHG': 1, 'PR': 0, 'PIN': 0, 'ELEFANTE': 2, 'VICTORIA': 2, 'SEMILLA': 160, 'FCN-NACION': 3, 'PPN': 0, 'UR': 3, 'URNG-MAIZ WINAQ': 0, 'CREO': 2, 'BIEN': 14, 'VIVA': 6, 'MI FAMILIA': 2, 'CAMBIO': 0, 'VOS': 20}",0,9,259,1,,1.Guatemala,15.Villa Nueva,0470,presidente
4707,,"{'UNE': 7, 'AZUL': 3, 'VALOR UNIONISTA': 16, 'CABAL': 10, 'TODOS': 0, 'VAMOS': 1, 'PHG': 0, 'PR': 1, 'PIN': 0, 'ELEFANTE': 0, 'VICTORIA': 5, 'SEMILLA': 135, 'FCN-NACION': 0, 'PPN': 0, 'UR': 0, 'URNG-MAIZ WINAQ': 5, 'CREO': 0, 'BIEN': 9, 'VIVA': 7, 'MI FAMILIA': 3, 'CAMBIO': 0, 'VOS': 14}",0,7,223,0,Algún campo sin dato,1.Guatemala,15.Villa Nueva,0470,presidente
4708,,"{'UNE': 15, 'AZUL': 1, 'VALOR UNIONISTA': 8, 'CABAL': 7, 'TODOS': 0, 'VAMOS': 2, 'PHG': 0, 'PR': 0, 'PIN': 0, 'ELEFANTE': 2, 'VICTORIA': 4, 'SEMILLA': 130, 'FCN-NACION': 1, 'PPN': 0, 'UR': 0, 'URNG-MAIZ WINAQ': 2, 'CREO': 0, 'BIEN': 9, 'VIVA': 10, 'MI FAMILIA': 1, 'CAMBIO': 1, 'VOS': 8}",0,18,219,0,Algún campo sin dato,1.Guatemala,15.Villa Nueva,0470,presidente
4709,,"{'UNE': 11, 'AZUL': 1, 'VALOR UNIONISTA': 8, 'CABAL': 4, 'TODOS': 1, 'VAMOS': 3, 'PHG': 0, 'PR': 2, 'PIN': 0, 'ELEFANTE': 1, 'VICTORIA': 1, 'SEMILLA': 63, 'FCN-NACION': 0, 'PPN': 1, 'UR': 1, 'URNG-MAIZ WINAQ': 1, 'CREO': 0, 'BIEN': 10, 'VIVA': 13, 'MI FAMILIA': 0, 'CAMBIO': 0, 'VOS': 18}",0,19,158,0,Algún campo sin dato,1.Guatemala,15.Villa Nueva,0470,presidente
4710,,"{'UNE': 16, 'AZUL': 3, 'VALOR UNIONISTA': 9, 'CABAL': 6, 'TODOS': 1, 'VAMOS': 4, 'PHG': 2, 'PR': 0, 'PIN': 1, 'ELEFANTE': 1, 'VICTORIA': 2, 'SEMILLA': 56, 'FCN-NACION': 0, 'PPN': 0, 'UR': 0, 'URNG-MAIZ WINAQ': 2, 'CREO': 0, 'BIEN': 3, 'VIVA': 17, 'MI FAMILIA': 0, 'CAMBIO': 0, 'VOS': 10}",0,20,153,0,Algún campo sin dato,1.Guatemala,15.Villa Nueva,0470,presidente
4711,,"{'UNE': 17, 'AZUL': 0, 'VALOR UNIONISTA': 18, 'CABAL': 12, 'TODOS': 0, 'VAMOS': 5, 'PHG': 0, 'PR': 2, 'PIN': 0, 'ELEFANTE': 0, 'VICTORIA': 3, 'SEMILLA': 81, 'FCN-NACION': 1, 'PPN': 1, 'UR': 2, 'URNG-MAIZ WINAQ': 2, 'CREO': 2, 'BIEN': 7, 'VIVA': 12, 'MI FAMILIA': 3, 'CAMBIO': 0, 'VOS': 14}",2,17,201,0,Sumas Asentadas sin cuadrar,1.Guatemala,15.Villa Nueva,0470,presidente
4712,,"{'UNE': 15, 'AZUL': 0, 'VALOR UNIONISTA': 17, 'CABAL': 12, 'TODOS': 1, 'VAMOS': 7, 'PHG': 0, 'PR': 2, 'PIN': 0, 'ELEFANTE': 1, 'VICTORIA': 2, 'SEMILLA': 123, 'FCN-NACION': 3, 'PPN': 1, 'UR': 4, 'URNG-MAIZ WINAQ': 2, 'CREO': 1, 'BIEN': 10, 'VIVA': 9, 'MI FAMILIA': 1, 'CAMBIO': 0, 'VOS': 14}",1,9,235,0,Algún campo sin dato,1.Guatemala,15.Villa Nueva,0470,presidente
4713,,"{'UNE': 13, 'AZUL': 2, 'VALOR UNIONISTA': 11, 'CABAL': 6, 'TODOS': 0, 'VAMOS': 5, 'PHG': 0, 'PR': 0, 'PIN': 1, 'ELEFANTE': 2, 'VICTORIA': 3, 'SEMILLA': 119, 'FCN-NACION': 0, 'PPN': 0, 'UR': 0, 'URNG-MAIZ WINAQ': 3, 'CREO': 1, 'BIEN': 1, 'VIVA': 6, 'MI FAMILIA': 0, 'CAMBIO': 0, 'VOS': 12}",0,10,195,0,Algún campo sin dato,1.Guatemala,15.Villa Nueva,0470,presidente
4714,,"{'UNE': 10, 'AZUL': 3, 'VALOR UNIONISTA': 14, 'CABAL': 4, 'TODOS': 0, 'VAMOS': 3, 'PHG': 1, 'PR': 1, 'PIN': 0, 'ELEFANTE': 2, 'VICTORIA': 1, 'SEMILLA': 75, 'FCN-NACION': 1, 'PPN': 0, 'UR': 2, 'URNG-MAIZ WINAQ': 2, 'CREO': 0, 'BIEN': 4, 'VIVA': 6, 'MI FAMILIA': 2, 'CAMBIO': 0, 'VOS': 7}",1,8,147,0,Algún campo sin dato,1.Guatemala,15.Villa Nueva,0470,presidente
4715,,"{'UNE': 28, 'AZUL': 4, 'VALOR UNIONISTA': 34, 'CABAL': 11, 'TODOS': 0, 'VAMOS': 3, 'PHG': 0, 'PR': 1, 'PIN': 0, 'ELEFANTE': 3, 'VICTORIA': 12, 'SEMILLA': 42, 'FCN-NACION': 0, 'PPN': 0, 'UR': 4, 'URNG-MAIZ WINAQ': 4, 'CREO': 3, 'BIEN': 12, 'VIVA': 19, 'MI FAMILIA': 4, 'CAMBIO': 1, 'VOS': 17}",3,34,239,3,Algún campo sin dato,1.Guatemala,15.Villa Nueva,0471,presidente
4716,,"{'UNE': 27, 'AZUL': 0, 'VALOR UNIONISTA': 30, 'CABAL': 9, 'TODOS': 1, 'VAMOS': 3, 'PHG': 0, 'PR': 2, 'PIN': 1, 'ELEFANTE': 1, 'VICTORIA': 8, 'SEMILLA': 34, 'FCN-NACION': 3, 'PPN': 1, 'UR': 5, 'URNG-MAIZ WINAQ': 7, 'CREO': 0, 'BIEN': 22, 'VIVA': 18, 'MI FAMILIA': 4, 'CAMBIO': 0, 'VOS': 12}",1,44,233,0,,1.Guatemala,15.Villa Nueva,0471,presidente
4717,,"{'UNE': 18, 'AZUL': 4, 'VALOR UNIONISTA': 50, 'CABAL': 9, 'TODOS': 0, 'VAMOS': 6, 'PHG': 0, 'PR': 6, 'PIN': 0, 'ELEFANTE': 2, 'VICTORIA': 5, 'SEMILLA': 35, 'FCN-NACION': 0, 'PPN': 3, 'UR': 9, 'URNG-MAIZ WINAQ': 5, 'CREO': 3, 'BIEN': 15, 'VIVA': 21, 'MI FAMILIA': 6, 'CAMBIO': 0, 'VOS': 16}",4,33,250,0,Algún campo sin dato,1.Guatemala,15.Villa Nueva,0471,presidente
4718,,"{'UNE': 15, 'AZUL': 8, 'VALOR UNIONISTA': 31, 'CABAL': 11, 'TODOS': 0, 'VAMOS': 4, 'PHG': 0, 'PR': 4, 'PIN': 0, 'ELEFANTE': 3, 'VICTORIA': 6, 'SEMILLA': 32, 'FCN-NACION': 1, 'PPN': 0, 'UR': 4, 'URNG-MAIZ WINAQ': 6, 'CREO': 3, 'BIEN': 15, 'VIVA': 16, 'MI FAMILIA': 3, 'CAMBIO': 0, 'VOS': 16}",2,48,228,0,Algún campo sin dato,1.Guatemala,15.Villa Nueva,0471,presidente
4719,,"{'UNE': 23, 'AZUL': 6, 'VALOR UNIONISTA': 27, 'CABAL': 9, 'TODOS': 0, 'VAMOS': 6, 'PHG': 0, 'PR': 2, 'PIN': 0, 'ELEFANTE': 3, 'VICTORIA': 11, 'SEMILLA': 43, 'FCN-NACION': 1, 'PPN': 1, 'UR': 3, 'URNG-MAIZ WINAQ': 5, 'CREO': 0, 'BIEN': 15, 'VIVA': 26, 'MI FAMILIA': 6, 'CAMBIO': 2, 'VOS': 23}",1,45,258,1,Sumas Asentadas sin cuadrar,1.Guatemala,15.Villa Nueva,0471,presidente
4720,,"{'UNE': 18, 'AZUL': 4, 'VALOR UNIONISTA': 28, 'CABAL': 16, 'TODOS': 2, 'VAMOS': 9, 'PHG': 0, 'PR': 2, 'PIN': 0, 'ELEFANTE': 4, 'VICTORIA': 8, 'SEMILLA': 41, 'FCN-NACION': 0, 'PPN': 0, 'UR': 3, 'URNG-MAIZ WINAQ': 7, 'CREO': 1, 'BIEN': 22, 'VIVA': 26, 'MI FAMILIA': 6, 'CAMBIO': 0, 'VOS': 20}",5,32,254,0,Algún campo sin dato,1.Guatemala,15.Villa Nueva,0471,presidente
4721,,"{'UNE': 20, 'AZUL': 0, 'VALOR UNIONISTA': 30, 'CABAL': 10, 'TODOS': 0, 'VAMOS': 4, 'PHG': 0, 'PR': 0, 'PIN': 1, 'ELEFANTE': 4, 'VICTORIA': 5, 'SEMILLA': 52, 'FCN-NACION': 0, 'PPN': 3, 'UR': 9, 'URNG-MAIZ WINAQ': 0, 'CREO': 2, 'BIEN': 20, 'VIVA': 18, 'MI FAMILIA': 2, 'CAMBIO': 1, 'VOS': 18}",3,45,247,0,Sumas Asentadas sin cuadrar,1.Guatemala,15.Villa Nueva,0471,presidente
4722,,"{'UNE': 20, 'AZUL': 2, 'VALOR UNIONISTA': 23, 'CABAL': 10, 'TODOS': 0, 'VAMOS': 6, 'PHG': 0, 'PR': 2, 'PIN': 0, 'ELEFANTE': 1, 'VICTORIA': 2, 'SEMILLA': 54, 'FCN-NACION': 2, 'PPN': 0, 'UR': 2, 'URNG-MAIZ WINAQ': 5, 'CREO': 2, 'BIEN': 19, 'VIVA': 15, 'MI FAMILIA': 5, 'CAMBIO': 0, 'VOS': 16}",3,34,223,0,Sumas Asentadas sin cuadrar,1.Guatemala,15.Villa Nueva,0471,presidente
4723,,"{'UNE': 12, 'AZUL': 1, 'VALOR UNIONISTA': 14, 'CABAL': 6, 'TODOS': 0, 'VAMOS': 3, 'PHG': 0, 'PR': 2, 'PIN': 2, 'ELEFANTE': 5, 'VICTORIA': 6, 'SEMILLA': 54, 'FCN-NACION': 2, 'PPN': 3, 'UR': 3, 'URNG-MAIZ WINAQ': 2, 'CREO': 3, 'BIEN': 13, 'VIVA': 10, 'MI FAMILIA': 4, 'CAMBIO': 1, 'VOS': 26}",0,46,218,0,Algún campo sin dato,1.Guatemala,15.Villa Nueva,0471,presidente
4724,,"{'UNE': 23, 'AZUL': 3, 'VALOR UNIONISTA': 34, 'CABAL': 7, 'TODOS': 0, 'VAMOS': 7, 'PHG': 0, 'PR': 1, 'PIN': 1, 'ELEFANTE': 1, 'VICTORIA': 11, 'SEMILLA': 44, 'FCN-NACION': 1, 'PPN': 1, 'UR': 1, 'URNG-MAIZ WINAQ': 5, 'CREO': 1, 'BIEN': 13, 'VIVA': 14, 'MI FAMILIA': 2, 'CAMBIO': 0, 'VOS': 15}",5,27,217,0,,1.Guatemala,15.Villa Nueva,0471,presidente
4725,,"{'UNE': 0, 'AZUL': 0, 'VALOR UNIONISTA': 0, 'CABAL': 0, 'TODOS': 0, 'VAMOS': 0, 'PHG': 0, 'PR': 0, 'PIN': 0, 'ELEFANTE': 0, 'VICTORIA': 0, 'SEMILLA': 0, 'FCN-NACION': 0, 'PPN': 0, 'UR': 0, 'URNG-MAIZ WINAQ': 0, 'CREO': 0, 'BIEN': 0, 'VIVA': 0, 'MI FAMILIA': 0, 'CAMBIO': 0, 'VOS': 0}",0,0,0,0,Acta ilegible,1.Guatemala,15.Villa Nueva,0471,presidente
4726,,"{'UNE': 12, 'AZUL': 3, 'VALOR UNIONISTA': 25, 'CABAL': 9, 'TODOS': 0, 'VAMOS': 5, 'PHG': 0, 'PR': 3, 'PIN': 1, 'ELEFANTE': 3, 'VICTORIA': 8, 'SEMILLA': 62, 'FCN-NACION': 0, 'PPN': 0, 'UR': 5, 'URNG-MAIZ WINAQ': 8, 'CREO': 3, 'BIEN': 9, 'VIVA': 16, 'MI FAMILIA': 3, 'CAMBIO': 0, 'VOS': 28}",2,30,235,0,Algún campo sin dato,1.Guatemala,15.Villa Nueva,0471,presidente
4727,,"{'UNE': 17, 'AZUL': 3, 'VALOR UNIONISTA': 23, 'CABAL': 13, 'TODOS': 1, 'VAMOS': 3, 'PHG': 0, 'PR': 4, 'PIN': 0, 'ELEFANTE': 2, 'VICTORIA': 10, 'SEMILLA': 55, 'FCN-NACION': 0, 'PPN': 0, 'UR': 9, 'URNG-MAIZ WINAQ': 9, 'CREO': 1, 'BIEN': 22, 'VIVA': 12, 'MI FAMILIA': 1, 'CAMBIO': 1, 'VOS': 20}",0,27,233,0,Algún campo sin dato,1.Guatemala,15.Villa Nueva,0471,presidente
4728,,"{'UNE': 21, 'AZUL': 4, 'VALOR UNIONISTA': 39, 'CABAL': 8, 'TODOS': 0, 'VAMOS': 8, 'PHG': 0, 'PR': 1, 'PIN': 1, 'ELEFANTE': 1, 'VICTORIA': 6, 'SEMILLA': 44, 'FCN-NACION': 0, 'PPN': 3, 'UR': 4, 'URNG-MAIZ WINAQ': 3, 'CREO': 3, 'BIEN': 19, 'VIVA': 17, 'MI FAMILIA': 2, 'CAMBIO': 0, 'VOS': 19}",1,25,229,0,Algún campo sin dato,1.Guatemala,15.Villa Nueva,0471,presidente
4729,,"{'UNE': 19, 'AZUL': 4, 'VALOR UNIONISTA': 20, 'CABAL': 8, 'TODOS': 0, 'VAMOS': 6, 'PHG': 0, 'PR': 3, 'PIN': 0, 'ELEFANTE': 1, 'VICTORIA': 8, 'SEMILLA': 52, 'FCN-NACION': 0, 'PPN': 1, 'UR': 5, 'URNG-MAIZ WINAQ': 9, 'CREO': 2, 'BIEN': 21, 'VIVA': 13, 'MI FAMILIA': 3, 'CAMBIO': 0, 'VOS': 19}",3,43,240,0,Algún campo sin dato,1.Guatemala,15.Villa Nueva,0471,presidente
4730,,"{'UNE': 12, 'AZUL': 2, 'VALOR UNIONISTA': 27, 'CABAL': 10, 'TODOS': 0, 'VAMOS': 4, 'PHG': 0, 'PR': 4, 'PIN': 0, 'ELEFANTE': 1, 'VICTORIA': 11, 'SEMILLA': 60, 'FCN-NACION': 2, 'PPN': 3, 'UR': 7, 'URNG-MAIZ WINAQ': 5, 'CREO': 0, 'BIEN': 20, 'VIVA': 18, 'MI FAMILIA': 4, 'CAMBIO': 0, 'VOS': 16}",2,30,238,0,Algún campo sin dato,1.Guatemala,15.Villa Nueva,0471,presidente
4731,,"{'UNE': 20, 'AZUL': 5, 'VALOR UNIONISTA': 37, 'CABAL': 4, 'TODOS': 1, 'VAMOS': 6, 'PHG': 1, 'PR': 1, 'PIN': 0, 'ELEFANTE': 3, 'VICTORIA': 10, 'SEMILLA': 44, 'FCN-NACION': 1, 'PPN': 4, 'UR': 4, 'URNG-MAIZ WINAQ': 5, 'CREO': 2, 'BIEN': 11, 'VIVA': 23, 'MI FAMILIA': 5, 'CAMBIO': 0, 'VOS': 18}",0,34,239,0,Algún campo sin dato,1.Guatemala,15.Villa Nueva,0471,presidente
4732,,"{'UNE': 22, 'AZUL': 3, 'VALOR UNIONISTA': 25, 'CABAL': 8, 'TODOS': 0, 'VAMOS': 7, 'PHG': 1, 'PR': 5, 'PIN': 1, 'ELEFANTE': 3, 'VICTORIA': 3, 'SEMILLA': 57, 'FCN-NACION': 1, 'PPN': 2, 'UR': 6, 'URNG-MAIZ WINAQ': 6, 'CREO': 2, 'BIEN': 21, 'VIVA': 25, 'MI FAMILIA': 8, 'CAMBIO': 0, 'VOS': 15}",4,31,256,0,Algún campo sin dato,1.Guatemala,15.Villa Nueva,0472,presidente
4733,,"{'UNE': 20, 'AZUL': 4, 'VALOR UNIONISTA': 30, 'CABAL': 8, 'TODOS': 0, 'VAMOS': 5, 'PHG': 1, 'PR': 1, 'PIN': 2, 'ELEFANTE': 1, 'VICTORIA': 9, 'SEMILLA': 44, 'FCN-NACION': 2, 'PPN': 0, 'UR': 6, 'URNG-MAIZ WINAQ': 4, 'CREO': 1, 'BIEN': 15, 'VIVA': 18, 'MI FAMILIA': 6, 'CAMBIO': 0, 'VOS': 7}",2,34,220,0,Algún campo sin dato,1.Guatemala,15.Villa Nueva,0472,presidente
4734,,"{'UNE': 16, 'AZUL': 2, 'VALOR UNIONISTA': 36, 'CABAL': 10, 'TODOS': 0, 'VAMOS': 9, 'PHG': 0, 'PR': 3, 'PIN': 0, 'ELEFANTE': 3, 'VICTORIA': 8, 'SEMILLA': 47, 'FCN-NACION': 0, 'PPN': 2, 'UR': 3, 'URNG-MAIZ WINAQ': 2, 'CREO': 4, 'BIEN': 12, 'VIVA': 21, 'MI FAMILIA': 7, 'CAMBIO': 0, 'VOS': 15}",3,30,233,0,Algún campo sin dato,1.Guatemala,15.Villa Nueva,0472,presidente
4735,,"{'UNE': 25, 'AZUL': 0, 'VALOR UNIONISTA': 32, 'CABAL': 6, 'TODOS': 0, 'VAMOS': 6, 'PHG': 0, 'PR': 2, 'PIN': 0, 'ELEFANTE': 4, 'VICTORIA': 11, 'SEMILLA': 39, 'FCN-NACION': 0, 'PPN': 1, 'UR': 4, 'URNG-MAIZ WINAQ': 2, 'CREO': 1, 'BIEN': 15, 'VIVA': 15, 'MI FAMILIA': 5, 'CAMBIO': 0, 'VOS': 6}",1,38,213,0,Algún campo sin dato,1.Guatemala,15.Villa Nueva,0472,presidente
4736,,"{'UNE': 18, 'AZUL': 3, 'VALOR UNIONISTA': 16, 'CABAL': 9, 'TODOS': 0, 'VAMOS': 5, 'PHG': 0, 'PR': 2, 'PIN': 0, 'ELEFANTE': 0, 'VICTORIA': 3, 'SEMILLA': 50, 'FCN-NACION': 0, 'PPN': 1, 'UR': 2, 'URNG-MAIZ WINAQ': 5, 'CREO': 1, 'BIEN': 19, 'VIVA': 14, 'MI FAMILIA': 1, 'CAMBIO': 0, 'VOS': 29}",1,41,220,0,Algún campo sin dato,1.Guatemala,15.Villa Nueva,0472,presidente
4737,,"{'UNE': 12, 'AZUL': 2, 'VALOR UNIONISTA': 19, 'CABAL': 7, 'TODOS': 1, 'VAMOS': 8, 'PHG': 0, 'PR': 1, 'PIN': 0, 'ELEFANTE': 2, 'VICTORIA': 6, 'SEMILLA': 39, 'FCN-NACION': 0, 'PPN': 0, 'UR': 3, 'URNG-MAIZ WINAQ': 7, 'CREO': 0, 'BIEN': 18, 'VIVA': 13, 'MI FAMILIA': 5, 'CAMBIO': 0, 'VOS': 23}",4,32,202,0,Algún campo sin dato,1.Guatemala,15.Villa Nueva,0472,presidente
4738,,"{'UNE': 23, 'AZUL': 0, 'VALOR UNIONISTA': 22, 'CABAL': 8, 'TODOS': 0, 'VAMOS': 5, 'PHG': 0, 'PR': 1, 'PIN': 0, 'ELEFANTE': 2, 'VICTORIA': 6, 'SEMILLA': 73, 'FCN-NACION': 2, 'PPN': 2, 'UR': 3, 'URNG-MAIZ WINAQ': 4, 'CREO': 0, 'BIEN': 10, 'VIVA': 13, 'MI FAMILIA': 5, 'CAMBIO': 0, 'VOS': 11}",0,35,225,0,Algún campo sin dato,1.Guatemala,15.Villa Nueva,0472,presidente
4739,,"{'UNE': 6, 'AZUL': 0, 'VALOR UNIONISTA': 20, 'CABAL': 7, 'TODOS': 0, 'VAMOS': 5, 'PHG': 0, 'PR': 1, 'PIN': 0, 'ELEFANTE': 0, 'VICTORIA': 4, 'SEMILLA': 89, 'FCN-NACION': 0, 'PPN': 0, 'UR': 2, 'URNG-MAIZ WINAQ': 5, 'CREO': 1, 'BIEN': 10, 'VIVA': 15, 'MI FAMILIA': 2, 'CAMBIO': 1, 'VOS': 25}",0,23,216,0,Algún campo sin dato,1.Guatemala,15.Villa Nueva,0473,presidente
4740,,"{'UNE': 7, 'AZUL': 3, 'VALOR UNIONISTA': 18, 'CABAL': 9, 'TODOS': 0, 'VAMOS': 2, 'PHG': 0, 'PR': 0, 'PIN': 0, 'ELEFANTE': 3, 'VICTORIA': 4, 'SEMILLA': 98, 'FCN-NACION': 2, 'PPN': 0, 'UR': 2, 'URNG-MAIZ WINAQ': 8, 'CREO': 0, 'BIEN': 23, 'VIVA': 9, 'MI FAMILIA': 3, 'CAMBIO': 0, 'VOS': 15}",0,21,227,0,Algún campo sin dato,1.Guatemala,15.Villa Nueva,0473,presidente
4741,,"{'UNE': 6, 'AZUL': 1, 'VALOR UNIONISTA': 17, 'CABAL': 6, 'TODOS': 0, 'VAMOS': 0, 'PHG': 0, 'PR': 0, 'PIN': 1, 'ELEFANTE': 0, 'VICTORIA': 3, 'SEMILLA': 87, 'FCN-NACION': 0, 'PPN': 1, 'UR': 2, 'URNG-MAIZ WINAQ': 3, 'CREO': 1, 'BIEN': 15, 'VIVA': 11, 'MI FAMILIA': 2, 'CAMBIO': 0, 'VOS': 20}",1,12,189,0,Algún campo sin dato,1.Guatemala,15.Villa Nueva,0473,presidente
4742,,"{'UNE': 12, 'AZUL': 3, 'VALOR UNIONISTA': 7, 'CABAL': 7, 'TODOS': 0, 'VAMOS': 5, 'PHG': 0, 'PR': 0, 'PIN': 1, 'ELEFANTE': 0, 'VICTORIA': 3, 'SEMILLA': 52, 'FCN-NACION': 0, 'PPN': 0, 'UR': 2, 'URNG-MAIZ WINAQ': 0, 'CREO': 0, 'BIEN': 5, 'VIVA': 10, 'MI FAMILIA': 1, 'CAMBIO': 0, 'VOS': 13}",0,18,139,0,Algún campo sin dato,1.Guatemala,15.Villa Nueva,0473,presidente
4743,,"{'UNE': 19, 'AZUL': 1, 'VALOR UNIONISTA': 10, 'CABAL': 2, 'TODOS': 0, 'VAMOS': 8, 'PHG': 0, 'PR': 4, 'PIN': 0, 'ELEFANTE': 1, 'VICTORIA': 4, 'SEMILLA': 87, 'FCN-NACION': 0, 'PPN': 1, 'UR': 3, 'URNG-MAIZ WINAQ': 1, 'CREO': 1, 'BIEN': 15, 'VIVA': 11, 'MI FAMILIA': 2, 'CAMBIO': 0, 'VOS': 10}",2,25,207,0,Algún campo sin dato,1.Guatemala,15.Villa Nueva,0473,presidente
4744,,"{'UNE': 6, 'AZUL': 0, 'VALOR UNIONISTA': 18, 'CABAL': 3, 'TODOS': 0, 'VAMOS': 4, 'PHG': 0, 'PR': 0, 'PIN': 0, 'ELEFANTE': 0, 'VICTORIA': 5, 'SEMILLA': 63, 'FCN-NACION': 0, 'PPN': 1, 'UR': 1, 'URNG-MAIZ WINAQ': 4, 'CREO': 0, 'BIEN': 14, 'VIVA': 7, 'MI FAMILIA': 3, 'CAMBIO': 0, 'VOS': 9}",0,12,150,0,Algún campo sin dato,1.Guatemala,15.Villa Nueva,0473,presidente
4745,,"{'UNE': 9, 'AZUL': 0, 'VALOR UNIONISTA': 10, 'CABAL': 7, 'TODOS': 0, 'VAMOS': 3, 'PHG': 0, 'PR': 0, 'PIN': 2, 'ELEFANTE': 3, 'VICTORIA': 2, 'SEMILLA': 58, 'FCN-NACION': 0, 'PPN': 0, 'UR': 4, 'URNG-MAIZ WINAQ': 1, 'CREO': 0, 'BIEN': 9, 'VIVA': 5, 'MI FAMILIA': 2, 'CAMBIO': 0, 'VOS': 10}",1,8,134,0,Algún campo sin dato,1.Guatemala,15.Villa Nueva,0473,presidente
4746,,"{'UNE': 23, 'AZUL': 1, 'VALOR UNIONISTA': 29, 'CABAL': 16, 'TODOS': 2, 'VAMOS': 1, 'PHG': 1, 'PR': 5, 'PIN': 1, 'ELEFANTE': 5, 'VICTORIA': 9, 'SEMILLA': 54, 'FCN-NACION': 0, 'PPN': 0, 'UR': 4, 'URNG-MAIZ WINAQ': 2, 'CREO': 2, 'BIEN': 9, 'VIVA': 21, 'MI FAMILIA': 6, 'CAMBIO': 0, 'VOS': 12}",1,44,248,0,Sumas Asentadas sin cuadrar,1.Guatemala,15.Villa Nueva,0474,presidente
4747,,"{'UNE': 22, 'AZUL': 3, 'VALOR UNIONISTA': 31, 'CABAL': 7, 'TODOS': 0, 'VAMOS': 4, 'PHG': 0, 'PR': 1, 'PIN': 0, 'ELEFANTE': 11, 'VICTORIA': 5, 'SEMILLA': 37, 'FCN-NACION': 1, 'PPN': 0, 'UR': 5, 'URNG-MAIZ WINAQ': 3, 'CREO': 2, 'BIEN': 5, 'VIVA': 25, 'MI FAMILIA': 2, 'CAMBIO': 1, 'VOS': 23}",1,41,230,0,Algún campo sin dato,1.Guatemala,15.Villa Nueva,0474,presidente
4748,,"{'UNE': 19, 'AZUL': 3, 'VALOR UNIONISTA': 28, 'CABAL': 19, 'TODOS': 1, 'VAMOS': 4, 'PHG': 0, 'PR': 3, 'PIN': 1, 'ELEFANTE': 5, 'VICTORIA': 7, 'SEMILLA': 49, 'FCN-NACION': 1, 'PPN': 0, 'UR': 5, 'URNG-MAIZ WINAQ': 5, 'CREO': 4, 'BIEN': 10, 'VIVA': 31, 'MI FAMILIA': 1, 'CAMBIO': 1, 'VOS': 10}",2,33,242,0,Algún campo sin dato,1.Guatemala,15.Villa Nueva,0474,presidente
4749,,"{'UNE': 25, 'AZUL': 1, 'VALOR UNIONISTA': 27, 'CABAL': 11, 'TODOS': 0, 'VAMOS': 7, 'PHG': 0, 'PR': 3, 'PIN': 0, 'ELEFANTE': 2, 'VICTORIA': 7, 'SEMILLA': 51, 'FCN-NACION': 0, 'PPN': 2, 'UR': 4, 'URNG-MAIZ WINAQ': 7, 'CREO': 0, 'BIEN': 9, 'VIVA': 32, 'MI FAMILIA': 9, 'CAMBIO': 2, 'VOS': 15}",3,31,248,0,Sumas Asentadas sin cuadrar,1.Guatemala,15.Villa Nueva,0474,presidente
4750,,"{'UNE': 28, 'AZUL': 1, 'VALOR UNIONISTA': 25, 'CABAL': 11, 'TODOS': 1, 'VAMOS': 9, 'PHG': 1, 'PR': 6, 'PIN': 3, 'ELEFANTE': 8, 'VICTORIA': 9, 'SEMILLA': 54, 'FCN-NACION': 2, 'PPN': 0, 'UR': 5, 'URNG-MAIZ WINAQ': 3, 'CREO': 0, 'BIEN': 13, 'VIVA': 15, 'MI FAMILIA': 4, 'CAMBIO': 0, 'VOS': 15}",2,50,265,0,Algún campo sin dato,1.Guatemala,15.Villa Nueva,0474,presidente
4751,,"{'UNE': 21, 'AZUL': 5, 'VALOR UNIONISTA': 30, 'CABAL': 13, 'TODOS': 0, 'VAMOS': 11, 'PHG': 0, 'PR': 3, 'PIN': 0, 'ELEFANTE': 15, 'VICTORIA': 7, 'SEMILLA': 56, 'FCN-NACION': 0, 'PPN': 0, 'UR': 4, 'URNG-MAIZ WINAQ': 3, 'CREO': 1, 'BIEN': 10, 'VIVA': 28, 'MI FAMILIA': 7, 'CAMBIO': 0, 'VOS': 15}",2,53,284,0,Sumas Asentadas sin cuadrar,1.Guatemala,15.Villa Nueva,0474,presidente
4752,,"{'UNE': 27, 'AZUL': 4, 'VALOR UNIONISTA': 24, 'CABAL': 11, 'TODOS': 2, 'VAMOS': 3, 'PHG': 1, 'PR': 4, 'PIN': 0, 'ELEFANTE': 5, 'VICTORIA': 6, 'SEMILLA': 51, 'FCN-NACION': 1, 'PPN': 0, 'UR': 1, 'URNG-MAIZ WINAQ': 3, 'CREO': 4, 'BIEN': 8, 'VIVA': 26, 'MI FAMILIA': 9, 'CAMBIO': 1, 'VOS': 14}",0,45,250,0,Algún campo sin dato,1.Guatemala,15.Villa Nueva,0474,presidente
4753,,"{'UNE': 26, 'AZUL': 7, 'VALOR UNIONISTA': 23, 'CABAL': 14, 'TODOS': 0, 'VAMOS': 4, 'PHG': 0, 'PR': 3, 'PIN': 1, 'ELEFANTE': 12, 'VICTORIA': 5, 'SEMILLA': 46, 'FCN-NACION': 0, 'PPN': 0, 'UR': 8, 'URNG-MAIZ WINAQ': 4, 'CREO': 1, 'BIEN': 10, 'VIVA': 25, 'MI FAMILIA': 7, 'CAMBIO': 1, 'VOS': 24}",2,34,257,0,,1.Guatemala,15.Villa Nueva,0474,presidente
4754,,"{'UNE': 15, 'AZUL': 3, 'VALOR UNIONISTA': 25, 'CABAL': 15, 'TODOS': 0, 'VAMOS': 1, 'PHG': 0, 'PR': 2, 'PIN': 0, 'ELEFANTE': 4, 'VICTORIA': 8, 'SEMILLA': 80, 'FCN-NACION': 0, 'PPN': 2, 'UR': 3, 'URNG-MAIZ WINAQ': 3, 'CREO': 0, 'BIEN': 10, 'VIVA': 17, 'MI FAMILIA': 3, 'CAMBIO': 0, 'VOS': 16}",0,28,235,0,Algún campo sin dato,1.Guatemala,15.Villa Nueva,0474,presidente
4755,,"{'UNE': 14, 'AZUL': 0, 'VALOR UNIONISTA': 14, 'CABAL': 6, 'TODOS': 0, 'VAMOS': 2, 'PHG': 1, 'PR': 0, 'PIN': 1, 'ELEFANTE': 2, 'VICTORIA': 3, 'SEMILLA': 67, 'FCN-NACION': 0, 'PPN': 0, 'UR': 1, 'URNG-MAIZ WINAQ': 2, 'CREO': 2, 'BIEN': 16, 'VIVA': 20, 'MI FAMILIA': 2, 'CAMBIO': 0, 'VOS': 30}",1,32,216,0,Algún campo sin dato,1.Guatemala,15.Villa Nueva,0474,presidente
4756,,"{'UNE': 20, 'AZUL': 5, 'VALOR UNIONISTA': 16, 'CABAL': 10, 'TODOS': 0, 'VAMOS': 2, 'PHG': 0, 'PR': 1, 'PIN': 0, 'ELEFANTE': 6, 'VICTORIA': 6, 'SEMILLA': 49, 'FCN-NACION': 1, 'PPN': 0, 'UR': 1, 'URNG-MAIZ WINAQ': 6, 'CREO': 0, 'BIEN': 8, 'VIVA': 26, 'MI FAMILIA': 4, 'CAMBIO': 0, 'VOS': 16}",0,28,205,0,Algún campo sin dato,1.Guatemala,15.Villa Nueva,0474,presidente
4757,,"{'UNE': 24, 'AZUL': 6, 'VALOR UNIONISTA': 26, 'CABAL': 10, 'TODOS': 0, 'VAMOS': 6, 'PHG': 0, 'PR': 2, 'PIN': 1, 'ELEFANTE': 6, 'VICTORIA': 11, 'SEMILLA': 46, 'FCN-NACION': 1, 'PPN': 1, 'UR': 3, 'URNG-MAIZ WINAQ': 6, 'CREO': 2, 'BIEN': 10, 'VIVA': 16, 'MI FAMILIA': 4, 'CAMBIO': 2, 'VOS': 29}",1,34,247,0,Algún campo sin dato,1.Guatemala,15.Villa Nueva,0474,presidente
4758,,"{'UNE': 23, 'AZUL': 1, 'VALOR UNIONISTA': 26, 'CABAL': 7, 'TODOS': 1, 'VAMOS': 6, 'PHG': 0, 'PR': 1, 'PIN': 0, 'ELEFANTE': 9, 'VICTORIA': 4, 'SEMILLA': 56, 'FCN-NACION': 0, 'PPN': 0, 'UR': 3, 'URNG-MAIZ WINAQ': 6, 'CREO': 3, 'BIEN': 13, 'VIVA': 16, 'MI FAMILIA': 3, 'CAMBIO': 2, 'VOS': 22}",0,36,238,0,Algún campo sin dato,1.Guatemala,15.Villa Nueva,0474,presidente
4759,,"{'UNE': 15, 'AZUL': 6, 'VALOR UNIONISTA': 33, 'CABAL': 9, 'TODOS': 1, 'VAMOS': 6, 'PHG': 0, 'PR': 2, 'PIN': 1, 'ELEFANTE': 3, 'VICTORIA': 4, 'SEMILLA': 59, 'FCN-NACION': 0, 'PPN': 1, 'UR': 5, 'URNG-MAIZ WINAQ': 2, 'CREO': 8, 'BIEN': 15, 'VIVA': 26, 'MI FAMILIA': 6, 'CAMBIO': 0, 'VOS': 18}",0,28,248,0,Algún campo sin dato,1.Guatemala,15.Villa Nueva,0474,presidente
4760,,"{'UNE': 22, 'AZUL': 2, 'VALOR UNIONISTA': 32, 'CABAL': 10, 'TODOS': 0, 'VAMOS': 9, 'PHG': 0, 'PR': 1, 'PIN': 1, 'ELEFANTE': 8, 'VICTORIA': 8, 'SEMILLA': 57, 'FCN-NACION': 0, 'PPN': 5, 'UR': 1, 'URNG-MAIZ WINAQ': 6, 'CREO': 2, 'BIEN': 7, 'VIVA': 22, 'MI FAMILIA': 4, 'CAMBIO': 2, 'VOS': 22}",0,38,259,0,Algún campo sin dato,1.Guatemala,15.Villa Nueva,0474,presidente
4761,,"{'UNE': 27, 'AZUL': 4, 'VALOR UNIONISTA': 31, 'CABAL': 9, 'TODOS': 0, 'VAMOS': 4, 'PHG': 1, 'PR': 3, 'PIN': 0, 'ELEFANTE': 5, 'VICTORIA': 4, 'SEMILLA': 43, 'FCN-NACION': 1, 'PPN': 1, 'UR': 6, 'URNG-MAIZ WINAQ': 7, 'CREO': 2, 'BIEN': 9, 'VIVA': 26, 'MI FAMILIA': 6, 'CAMBIO': 1, 'VOS': 20}",1,34,245,0,Algún campo sin dato,1.Guatemala,15.Villa Nueva,0474,presidente
4762,,"{'UNE': 21, 'AZUL': 2, 'VALOR UNIONISTA': 26, 'CABAL': 8, 'TODOS': 0, 'VAMOS': 3, 'PHG': 0, 'PR': 3, 'PIN': 0, 'ELEFANTE': 6, 'VICTORIA': 8, 'SEMILLA': 63, 'FCN-NACION': 1, 'PPN': 0, 'UR': 3, 'URNG-MAIZ WINAQ': 3, 'CREO': 2, 'BIEN': 6, 'VIVA': 21, 'MI FAMILIA': 4, 'CAMBIO': 0, 'VOS': 26}",1,44,251,0,Algún campo sin dato,1.Guatemala,15.Villa Nueva,0474,presidente
4763,,"{'UNE': 19, 'AZUL': 4, 'VALOR UNIONISTA': 26, 'CABAL': 10, 'TODOS': 0, 'VAMOS': 3, 'PHG': 3, 'PR': 3, 'PIN': 0, 'ELEFANTE': 7, 'VICTORIA': 8, 'SEMILLA': 54, 'FCN-NACION': 0, 'PPN': 2, 'UR': 2, 'URNG-MAIZ WINAQ': 2, 'CREO': 2, 'BIEN': 14, 'VIVA': 22, 'MI FAMILIA': 9, 'CAMBIO': 0, 'VOS': 17}",2,33,242,0,Algún campo sin dato,1.Guatemala,15.Villa Nueva,0474,presidente
4764,,"{'UNE': 28, 'AZUL': 1, 'VALOR UNIONISTA': 32, 'CABAL': 12, 'TODOS': 1, 'VAMOS': 4, 'PHG': 0, 'PR': 5, 'PIN': 0, 'ELEFANTE': 1, 'VICTORIA': 10, 'SEMILLA': 60, 'FCN-NACION': 2, 'PPN': 1, 'UR': 3, 'URNG-MAIZ WINAQ': 5, 'CREO': 1, 'BIEN': 6, 'VIVA': 25, 'MI FAMILIA': 5, 'CAMBIO': 0, 'VOS': 20}",2,24,248,0,Algún campo sin dato,1.Guatemala,15.Villa Nueva,0474,presidente
4765,,"{'UNE': 22, 'AZUL': 1, 'VALOR UNIONISTA': 22, 'CABAL': 14, 'TODOS': 1, 'VAMOS': 2, 'PHG': 0, 'PR': 2, 'PIN': 0, 'ELEFANTE': 12, 'VICTORIA': 8, 'SEMILLA': 50, 'FCN-NACION': 1, 'PPN': 0, 'UR': 9, 'URNG-MAIZ WINAQ': 0, 'CREO': 1, 'BIEN': 9, 'VIVA': 27, 'MI FAMILIA': 3, 'CAMBIO': 0, 'VOS': 12}",4,30,230,0,Algún campo sin dato,1.Guatemala,15.Villa Nueva,0474,presidente
4766,,"{'UNE': 25, 'AZUL': 2, 'VALOR UNIONISTA': 34, 'CABAL': 11, 'TODOS': 1, 'VAMOS': 5, 'PHG': 0, 'PR': 1, 'PIN': 0, 'ELEFANTE': 7, 'VICTORIA': 6, 'SEMILLA': 35, 'FCN-NACION': 0, 'PPN': 1, 'UR': 4, 'URNG-MAIZ WINAQ': 1, 'CREO': 0, 'BIEN': 6, 'VIVA': 22, 'MI FAMILIA': 4, 'CAMBIO': 0, 'VOS': 26}",2,37,230,170,Algún campo sin dato,1.Guatemala,15.Villa Nueva,0475,presidente
4767,,"{'UNE': 19, 'AZUL': 2, 'VALOR UNIONISTA': 20, 'CABAL': 8, 'TODOS': 0, 'VAMOS': 3, 'PHG': 0, 'PR': 3, 'PIN': 0, 'ELEFANTE': 6, 'VICTORIA': 7, 'SEMILLA': 55, 'FCN-NACION': 1, 'PPN': 0, 'UR': 3, 'URNG-MAIZ WINAQ': 6, 'CREO': 6, 'BIEN': 6, 'VIVA': 15, 'MI FAMILIA': 4, 'CAMBIO': 0, 'VOS': 14}",0,28,206,0,Algún campo sin dato,1.Guatemala,15.Villa Nueva,0475,presidente
4768,,"{'UNE': 24, 'AZUL': 2, 'VALOR UNIONISTA': 23, 'CABAL': 8, 'TODOS': 0, 'VAMOS': 4, 'PHG': 0, 'PR': 0, 'PIN': 0, 'ELEFANTE': 4, 'VICTORIA': 6, 'SEMILLA': 46, 'FCN-NACION': 1, 'PPN': 2, 'UR': 0, 'URNG-MAIZ WINAQ': 2, 'CREO': 1, 'BIEN': 10, 'VIVA': 21, 'MI FAMILIA': 5, 'CAMBIO': 0, 'VOS': 21}",2,28,210,0,Algún campo sin dato,1.Guatemala,15.Villa Nueva,0475,presidente
4769,,"{'UNE': 20, 'AZUL': 3, 'VALOR UNIONISTA': 17, 'CABAL': 5, 'TODOS': 0, 'VAMOS': 2, 'PHG': 0, 'PR': 3, 'PIN': 1, 'ELEFANTE': 4, 'VICTORIA': 5, 'SEMILLA': 60, 'FCN-NACION': 0, 'PPN': 3, 'UR': 1, 'URNG-MAIZ WINAQ': 3, 'CREO': 1, 'BIEN': 13, 'VIVA': 21, 'MI FAMILIA': 2, 'CAMBIO': 0, 'VOS': 13}",0,39,216,0,Algún campo sin dato,1.Guatemala,15.Villa Nueva,0475,presidente
4770,,"{'UNE': 15, 'AZUL': 0, 'VALOR UNIONISTA': 0, 'CABAL': 5, 'TODOS': 1, 'VAMOS': 3, 'PHG': 0, 'PR': 2, 'PIN': 0, 'ELEFANTE': 3, 'VICTORIA': 4, 'SEMILLA': 71, 'FCN-NACION': 0, 'PPN': 1, 'UR': 4, 'URNG-MAIZ WINAQ': 2, 'CREO': 1, 'BIEN': 10, 'VIVA': 15, 'MI FAMILIA': 1, 'CAMBIO': 0, 'VOS': 16}",2,23,179,0,Sumas Asentadas sin cuadrar,1.Guatemala,15.Villa Nueva,0475,presidente
4771,,"{'UNE': 9, 'AZUL': 2, 'VALOR UNIONISTA': 20, 'CABAL': 4, 'TODOS': 1, 'VAMOS': 1, 'PHG': 1, 'PR': 1, 'PIN': 0, 'ELEFANTE': 6, 'VICTORIA': 0, 'SEMILLA': 124, 'FCN-NACION': 0, 'PPN': 1, 'UR': 1, 'URNG-MAIZ WINAQ': 3, 'CREO': 1, 'BIEN': 20, 'VIVA': 13, 'MI FAMILIA': 1, 'CAMBIO': 0, 'VOS': 29}",1,18,257,0,Algún campo sin dato,1.Guatemala,15.Villa Nueva,0475,presidente
4772,,"{'UNE': 6, 'AZUL': 0, 'VALOR UNIONISTA': 10, 'CABAL': 8, 'TODOS': 0, 'VAMOS': 1, 'PHG': 0, 'PR': 1, 'PIN': 0, 'ELEFANTE': 4, 'VICTORIA': 4, 'SEMILLA': 115, 'FCN-NACION': 1, 'PPN': 2, 'UR': 2, 'URNG-MAIZ WINAQ': 1, 'CREO': 3, 'BIEN': 14, 'VIVA': 11, 'MI FAMILIA': 0, 'CAMBIO': 1, 'VOS': 17}",0,17,218,0,Algún campo sin dato,1.Guatemala,15.Villa Nueva,0475,presidente
4773,,"{'UNE': 9, 'AZUL': 0, 'VALOR UNIONISTA': 5, 'CABAL': 7, 'TODOS': 1, 'VAMOS': 1, 'PHG': 1, 'PR': 0, 'PIN': 0, 'ELEFANTE': 2, 'VICTORIA': 5, 'SEMILLA': 62, 'FCN-NACION': 1, 'PPN': 0, 'UR': 1, 'URNG-MAIZ WINAQ': 2, 'CREO': 0, 'BIEN': 5, 'VIVA': 18, 'MI FAMILIA': 1, 'CAMBIO': 0, 'VOS': 5}",1,27,154,0,Algún campo sin dato,1.Guatemala,15.Villa Nueva,0475,presidente
4774,,"{'UNE': 20, 'AZUL': 2, 'VALOR UNIONISTA': 11, 'CABAL': 7, 'TODOS': 1, 'VAMOS': 0, 'PHG': 1, 'PR': 4, 'PIN': 0, 'ELEFANTE': 6, 'VICTORIA': 6, 'SEMILLA': 68, 'FCN-NACION': 0, 'PPN': 0, 'UR': 0, 'URNG-MAIZ WINAQ': 3, 'CREO': 1, 'BIEN': 9, 'VIVA': 16, 'MI FAMILIA': 3, 'CAMBIO': 1, 'VOS': 14}",1,20,194,0,Sumas Asentadas sin cuadrar,1.Guatemala,15.Villa Nueva,0475,presidente
4775,,"{'UNE': 4, 'AZUL': 0, 'VALOR UNIONISTA': 5, 'CABAL': 5, 'TODOS': 0, 'VAMOS': 0, 'PHG': 0, 'PR': 0, 'PIN': 0, 'ELEFANTE': 2, 'VICTORIA': 6, 'SEMILLA': 56, 'FCN-NACION': 1, 'PPN': 1, 'UR': 1, 'URNG-MAIZ WINAQ': 3, 'CREO': 0, 'BIEN': 3, 'VIVA': 4, 'MI FAMILIA': 0, 'CAMBIO': 1, 'VOS': 11}",0,10,113,0,Sumas Asentadas sin cuadrar,1.Guatemala,15.Villa Nueva,0475,presidente
4776,,"{'UNE': 11, 'AZUL': 0, 'VALOR UNIONISTA': 8, 'CABAL': 1, 'TODOS': 0, 'VAMOS': 4, 'PHG': 0, 'PR': 1, 'PIN': 0, 'ELEFANTE': 0, 'VICTORIA': 4, 'SEMILLA': 33, 'FCN-NACION': 3, 'PPN': 0, 'UR': 3, 'URNG-MAIZ WINAQ': 3, 'CREO': 0, 'BIEN': 4, 'VIVA': 7, 'MI FAMILIA': 0, 'CAMBIO': 0, 'VOS': 6}",1,9,98,0,Algún campo sin dato,1.Guatemala,15.Villa Nueva,0475,presidente
4777,,"{'UNE': 28, 'AZUL': 2, 'VALOR UNIONISTA': 26, 'CABAL': 8, 'TODOS': 1, 'VAMOS': 5, 'PHG': 0, 'PR': 4, 'PIN': 1, 'ELEFANTE': 2, 'VICTORIA': 5, 'SEMILLA': 52, 'FCN-NACION': 1, 'PPN': 2, 'UR': 9, 'URNG-MAIZ WINAQ': 7, 'CREO': 2, 'BIEN': 10, 'VIVA': 26, 'MI FAMILIA': 6, 'CAMBIO': 0, 'VOS': 23}",3,27,250,0,Algún campo sin dato,1.Guatemala,15.Villa Nueva,0476,presidente
4778,,"{'UNE': 21, 'AZUL': 4, 'VALOR UNIONISTA': 22, 'CABAL': 14, 'TODOS': 0, 'VAMOS': 8, 'PHG': 1, 'PR': 3, 'PIN': 1, 'ELEFANTE': 4, 'VICTORIA': 9, 'SEMILLA': 44, 'FCN-NACION': 1, 'PPN': 2, 'UR': 6, 'URNG-MAIZ WINAQ': 11, 'CREO': 1, 'BIEN': 8, 'VIVA': 22, 'MI FAMILIA': 11, 'CAMBIO': 0, 'VOS': 18}",4,50,265,0,,1.Guatemala,15.Villa Nueva,0476,presidente
4779,,"{'UNE': 21, 'AZUL': 5, 'VALOR UNIONISTA': 36, 'CABAL': 6, 'TODOS': 0, 'VAMOS': 4, 'PHG': 2, 'PR': 4, 'PIN': 0, 'ELEFANTE': 4, 'VICTORIA': 6, 'SEMILLA': 40, 'FCN-NACION': 2, 'PPN': 0, 'UR': 3, 'URNG-MAIZ WINAQ': 11, 'CREO': 4, 'BIEN': 9, 'VIVA': 36, 'MI FAMILIA': 5, 'CAMBIO': 0, 'VOS': 16}",7,41,262,0,Algún campo sin dato,1.Guatemala,15.Villa Nueva,0476,presidente
4780,,"{'UNE': 30, 'AZUL': 2, 'VALOR UNIONISTA': 39, 'CABAL': 7, 'TODOS': 0, 'VAMOS': 4, 'PHG': 0, 'PR': 2, 'PIN': 0, 'ELEFANTE': 4, 'VICTORIA': 10, 'SEMILLA': 39, 'FCN-NACION': 0, 'PPN': 0, 'UR': 6, 'URNG-MAIZ WINAQ': 4, 'CREO': 1, 'BIEN': 10, 'VIVA': 25, 'MI FAMILIA': 4, 'CAMBIO': 0, 'VOS': 23}",6,35,251,0,Sumas Asentadas sin cuadrar,1.Guatemala,15.Villa Nueva,0476,presidente
4781,,"{'UNE': 36, 'AZUL': 1, 'VALOR UNIONISTA': 34, 'CABAL': 2, 'TODOS': 0, 'VAMOS': 4, 'PHG': 0, 'PR': 1, 'PIN': 1, 'ELEFANTE': 2, 'VICTORIA': 4, 'SEMILLA': 44, 'FCN-NACION': 2, 'PPN': 0, 'UR': 7, 'URNG-MAIZ WINAQ': 10, 'CREO': 2, 'BIEN': 9, 'VIVA': 30, 'MI FAMILIA': 6, 'CAMBIO': 0, 'VOS': 19}",5,40,259,0,Sumas Asentadas sin cuadrar,1.Guatemala,15.Villa Nueva,0476,presidente
4782,,"{'UNE': 29, 'AZUL': 5, 'VALOR UNIONISTA': 29, 'CABAL': 15, 'TODOS': 2, 'VAMOS': 8, 'PHG': 0, 'PR': 4, 'PIN': 1, 'ELEFANTE': 4, 'VICTORIA': 11, 'SEMILLA': 43, 'FCN-NACION': 1, 'PPN': 1, 'UR': 1, 'URNG-MAIZ WINAQ': 13, 'CREO': 1, 'BIEN': 6, 'VIVA': 24, 'MI FAMILIA': 9, 'CAMBIO': 0, 'VOS': 16}",3,30,256,0,Algún campo sin dato,1.Guatemala,15.Villa Nueva,0476,presidente
4783,,"{'UNE': 36, 'AZUL': 2, 'VALOR UNIONISTA': 26, 'CABAL': 10, 'TODOS': 0, 'VAMOS': 8, 'PHG': 2, 'PR': 6, 'PIN': 2, 'ELEFANTE': 2, 'VICTORIA': 9, 'SEMILLA': 35, 'FCN-NACION': 0, 'PPN': 1, 'UR': 7, 'URNG-MAIZ WINAQ': 6, 'CREO': 3, 'BIEN': 11, 'VIVA': 21, 'MI FAMILIA': 11, 'CAMBIO': 0, 'VOS': 13}",1,41,253,0,Algún campo sin dato,1.Guatemala,15.Villa Nueva,0476,presidente
4784,,"{'UNE': 33, 'AZUL': 2, 'VALOR UNIONISTA': 32, 'CABAL': 5, 'TODOS': 1, 'VAMOS': 11, 'PHG': 0, 'PR': 4, 'PIN': 0, 'ELEFANTE': 5, 'VICTORIA': 7, 'SEMILLA': 45, 'FCN-NACION': 0, 'PPN': 0, 'UR': 0, 'URNG-MAIZ WINAQ': 10, 'CREO': 1, 'BIEN': 10, 'VIVA': 29, 'MI FAMILIA': 5, 'CAMBIO': 0, 'VOS': 18}",2,39,259,0,Algún campo sin dato,1.Guatemala,15.Villa Nueva,0476,presidente
4785,,"{'UNE': 34, 'AZUL': 3, 'VALOR UNIONISTA': 26, 'CABAL': 8, 'TODOS': 1, 'VAMOS': 7, 'PHG': 0, 'PR': 2, 'PIN': 1, 'ELEFANTE': 5, 'VICTORIA': 7, 'SEMILLA': 36, 'FCN-NACION': 2, 'PPN': 1, 'UR': 2, 'URNG-MAIZ WINAQ': 8, 'CREO': 1, 'BIEN': 8, 'VIVA': 23, 'MI FAMILIA': 7, 'CAMBIO': 1, 'VOS': 21}",3,34,241,0,Algún campo sin dato,1.Guatemala,15.Villa Nueva,0476,presidente
4786,,"{'UNE': 15, 'AZUL': 3, 'VALOR UNIONISTA': 18, 'CABAL': 8, 'TODOS': 0, 'VAMOS': 4, 'PHG': 0, 'PR': 2, 'PIN': 0, 'ELEFANTE': 2, 'VICTORIA': 2, 'SEMILLA': 61, 'FCN-NACION': 2, 'PPN': 2, 'UR': 0, 'URNG-MAIZ WINAQ': 5, 'CREO': 0, 'BIEN': 14, 'VIVA': 21, 'MI FAMILIA': 3, 'CAMBIO': 0, 'VOS': 19}",1,15,197,0,Algún campo sin dato,1.Guatemala,15.Villa Nueva,0476,presidente
4787,,"{'UNE': 17, 'AZUL': 2, 'VALOR UNIONISTA': 22, 'CABAL': 10, 'TODOS': 0, 'VAMOS': 5, 'PHG': 0, 'PR': 2, 'PIN': 0, 'ELEFANTE': 1, 'VICTORIA': 7, 'SEMILLA': 62, 'FCN-NACION': 1, 'PPN': 2, 'UR': 2, 'URNG-MAIZ WINAQ': 8, 'CREO': 0, 'BIEN': 9, 'VIVA': 27, 'MI FAMILIA': 4, 'CAMBIO': 1, 'VOS': 16}",3,26,227,0,Algún campo sin dato,1.Guatemala,15.Villa Nueva,0476,presidente
4788,,"{'UNE': 31, 'AZUL': 4, 'VALOR UNIONISTA': 1, 'CABAL': 11, 'TODOS': 1, 'VAMOS': 7, 'PHG': 0, 'PR': 3, 'PIN': 0, 'ELEFANTE': 2, 'VICTORIA': 7, 'SEMILLA': 39, 'FCN-NACION': 0, 'PPN': 0, 'UR': 4, 'URNG-MAIZ WINAQ': 0, 'CREO': 3, 'BIEN': 6, 'VIVA': 27, 'MI FAMILIA': 8, 'CAMBIO': 0, 'VOS': 23}",0,27,204,0,Sumas Asentadas sin cuadrar,1.Guatemala,15.Villa Nueva,0476,presidente
4789,,"{'UNE': 27, 'AZUL': 8, 'VALOR UNIONISTA': 29, 'CABAL': 7, 'TODOS': 0, 'VAMOS': 16, 'PHG': 0, 'PR': 2, 'PIN': 1, 'ELEFANTE': 0, 'VICTORIA': 9, 'SEMILLA': 39, 'FCN-NACION': 1, 'PPN': 0, 'UR': 2, 'URNG-MAIZ WINAQ': 4, 'CREO': 1, 'BIEN': 10, 'VIVA': 32, 'MI FAMILIA': 3, 'CAMBIO': 0, 'VOS': 13}",6,33,243,0,Algún campo sin dato,1.Guatemala,15.Villa Nueva,0476,presidente
4790,,"{'UNE': 32, 'AZUL': 5, 'VALOR UNIONISTA': 19, 'CABAL': 10, 'TODOS': 2, 'VAMOS': 7, 'PHG': 0, 'PR': 3, 'PIN': 1, 'ELEFANTE': 1, 'VICTORIA': 4, 'SEMILLA': 47, 'FCN-NACION': 1, 'PPN': 3, 'UR': 4, 'URNG-MAIZ WINAQ': 3, 'CREO': 1, 'BIEN': 11, 'VIVA': 26, 'MI FAMILIA': 4, 'CAMBIO': 1, 'VOS': 10}",1,36,232,0,Algún campo sin dato,1.Guatemala,15.Villa Nueva,0476,presidente
4791,,"{'UNE': 19, 'AZUL': 1, 'VALOR UNIONISTA': 32, 'CABAL': 10, 'TODOS': 0, 'VAMOS': 5, 'PHG': 0, 'PR': 1, 'PIN': 0, 'ELEFANTE': 3, 'VICTORIA': 7, 'SEMILLA': 53, 'FCN-NACION': 1, 'PPN': 1, 'UR': 3, 'URNG-MAIZ WINAQ': 8, 'CREO': 3, 'BIEN': 8, 'VIVA': 28, 'MI FAMILIA': 10, 'CAMBIO': 1, 'VOS': 19}",0,35,248,0,Algún campo sin dato,1.Guatemala,15.Villa Nueva,0476,presidente
4792,,"{'UNE': 29, 'AZUL': 6, 'VALOR UNIONISTA': 32, 'CABAL': 9, 'TODOS': 0, 'VAMOS': 9, 'PHG': 0, 'PR': 3, 'PIN': 0, 'ELEFANTE': 4, 'VICTORIA': 4, 'SEMILLA': 49, 'FCN-NACION': 1, 'PPN': 0, 'UR': 5, 'URNG-MAIZ WINAQ': 9, 'CREO': 2, 'BIEN': 6, 'VIVA': 28, 'MI FAMILIA': 4, 'CAMBIO': 2, 'VOS': 13}",3,35,253,0,Algún campo sin dato,1.Guatemala,15.Villa Nueva,0476,presidente
4793,,"{'UNE': 25, 'AZUL': 3, 'VALOR UNIONISTA': 30, 'CABAL': 12, 'TODOS': 0, 'VAMOS': 2, 'PHG': 1, 'PR': 2, 'PIN': 0, 'ELEFANTE': 2, 'VICTORIA': 3, 'SEMILLA': 45, 'FCN-NACION': 3, 'PPN': 3, 'UR': 4, 'URNG-MAIZ WINAQ': 9, 'CREO': 6, 'BIEN': 14, 'VIVA': 20, 'MI FAMILIA': 6, 'CAMBIO': 0, 'VOS': 21}",2,37,250,0,Algún campo sin dato,1.Guatemala,15.Villa Nueva,0476,presidente
4794,,"{'UNE': 19, 'AZUL': 4, 'VALOR UNIONISTA': 31, 'CABAL': 9, 'TODOS': 0, 'VAMOS': 9, 'PHG': 1, 'PR': 3, 'PIN': 1, 'ELEFANTE': 2, 'VICTORIA': 10, 'SEMILLA': 52, 'FCN-NACION': 0, 'PPN': 0, 'UR': 4, 'URNG-MAIZ WINAQ': 7, 'CREO': 0, 'BIEN': 9, 'VIVA': 19, 'MI FAMILIA': 4, 'CAMBIO': 0, 'VOS': 15}",0,27,226,0,Sumas Asentadas sin cuadrar,1.Guatemala,15.Villa Nueva,0476,presidente
4795,,"{'UNE': 32, 'AZUL': 4, 'VALOR UNIONISTA': 0, 'CABAL': 12, 'TODOS': 0, 'VAMOS': 7, 'PHG': 0, 'PR': 4, 'PIN': 1, 'ELEFANTE': 1, 'VICTORIA': 8, 'SEMILLA': 52, 'FCN-NACION': 1, 'PPN': 0, 'UR': 5, 'URNG-MAIZ WINAQ': 13, 'CREO': 5, 'BIEN': 11, 'VIVA': 19, 'MI FAMILIA': 4, 'CAMBIO': 0, 'VOS': 17}",3,31,230,0,Sumas Asentadas sin cuadrar,1.Guatemala,15.Villa Nueva,0476,presidente
4796,,"{'UNE': 34, 'AZUL': 4, 'VALOR UNIONISTA': 21, 'CABAL': 15, 'TODOS': 2, 'VAMOS': 5, 'PHG': 0, 'PR': 4, 'PIN': 0, 'ELEFANTE': 3, 'VICTORIA': 7, 'SEMILLA': 44, 'FCN-NACION': 1, 'PPN': 2, 'UR': 3, 'URNG-MAIZ WINAQ': 13, 'CREO': 4, 'BIEN': 7, 'VIVA': 18, 'MI FAMILIA': 6, 'CAMBIO': 0, 'VOS': 17}",2,33,245,0,Algún campo sin dato,1.Guatemala,15.Villa Nueva,0476,presidente
4797,,"{'UNE': 26, 'AZUL': 5, 'VALOR UNIONISTA': 35, 'CABAL': 10, 'TODOS': 1, 'VAMOS': 4, 'PHG': 0, 'PR': 1, 'PIN': 1, 'ELEFANTE': 2, 'VICTORIA': 5, 'SEMILLA': 50, 'FCN-NACION': 0, 'PPN': 2, 'UR': 4, 'URNG-MAIZ WINAQ': 5, 'CREO': 2, 'BIEN': 19, 'VIVA': 18, 'MI FAMILIA': 3, 'CAMBIO': 0, 'VOS': 22}",2,31,248,0,Algún campo sin dato,1.Guatemala,15.Villa Nueva,0476,presidente
4798,,"{'UNE': 29, 'AZUL': 2, 'VALOR UNIONISTA': 30, 'CABAL': 15, 'TODOS': 0, 'VAMOS': 9, 'PHG': 0, 'PR': 2, 'PIN': 0, 'ELEFANTE': 3, 'VICTORIA': 6, 'SEMILLA': 48, 'FCN-NACION': 4, 'PPN': 1, 'UR': 2, 'URNG-MAIZ WINAQ': 0, 'CREO': 1, 'BIEN': 6, 'VIVA': 27, 'MI FAMILIA': 3, 'CAMBIO': 1, 'VOS': 17}",0,40,246,0,Sumas Asentadas sin cuadrar,1.Guatemala,15.Villa Nueva,0476,presidente
4799,,"{'UNE': 45, 'AZUL': 4, 'VALOR UNIONISTA': 21, 'CABAL': 8, 'TODOS': 0, 'VAMOS': 5, 'PHG': 0, 'PR': 1, 'PIN': 0, 'ELEFANTE': 3, 'VICTORIA': 4, 'SEMILLA': 51, 'FCN-NACION': 1, 'PPN': 1, 'UR': 4, 'URNG-MAIZ WINAQ': 9, 'CREO': 3, 'BIEN': 9, 'VIVA': 25, 'MI FAMILIA': 3, 'CAMBIO': 1, 'VOS': 7}",5,22,232,0,Algún campo sin dato,1.Guatemala,15.Villa Nueva,0477,presidente
4800,,"{'UNE': 36, 'AZUL': 4, 'VALOR UNIONISTA': 25, 'CABAL': 7, 'TODOS': 0, 'VAMOS': 7, 'PHG': 0, 'PR': 1, 'PIN': 0, 'ELEFANTE': 2, 'VICTORIA': 8, 'SEMILLA': 49, 'FCN-NACION': 1, 'PPN': 1, 'UR': 11, 'URNG-MAIZ WINAQ': 13, 'CREO': 1, 'BIEN': 7, 'VIVA': 29, 'MI FAMILIA': 2, 'CAMBIO': 1, 'VOS': 14}",2,26,247,0,Algún campo sin dato,1.Guatemala,15.Villa Nueva,0477,presidente
4801,,"{'UNE': 33, 'AZUL': 1, 'VALOR UNIONISTA': 26, 'CABAL': 13, 'TODOS': 0, 'VAMOS': 9, 'PHG': 1, 'PR': 1, 'PIN': 0, 'ELEFANTE': 5, 'VICTORIA': 6, 'SEMILLA': 38, 'FCN-NACION': 0, 'PPN': 1, 'UR': 3, 'URNG-MAIZ WINAQ': 6, 'CREO': 2, 'BIEN': 7, 'VIVA': 29, 'MI FAMILIA': 7, 'CAMBIO': 1, 'VOS': 11}",3,20,223,0,Algún campo sin dato,1.Guatemala,15.Villa Nueva,0477,presidente
4802,,"{'UNE': 33, 'AZUL': 3, 'VALOR UNIONISTA': 21, 'CABAL': 6, 'TODOS': 0, 'VAMOS': 7, 'PHG': 0, 'PR': 1, 'PIN': 0, 'ELEFANTE': 2, 'VICTORIA': 11, 'SEMILLA': 37, 'FCN-NACION': 1, 'PPN': 1, 'UR': 8, 'URNG-MAIZ WINAQ': 6, 'CREO': 1, 'BIEN': 6, 'VIVA': 19, 'MI FAMILIA': 4, 'CAMBIO': 0, 'VOS': 15}",3,26,211,0,Algún campo sin dato,1.Guatemala,15.Villa Nueva,0477,presidente
4803,,"{'UNE': 36, 'AZUL': 2, 'VALOR UNIONISTA': 16, 'CABAL': 9, 'TODOS': 1, 'VAMOS': 9, 'PHG': 0, 'PR': 2, 'PIN': 0, 'ELEFANTE': 1, 'VICTORIA': 8, 'SEMILLA': 41, 'FCN-NACION': 3, 'PPN': 1, 'UR': 1, 'URNG-MAIZ WINAQ': 8, 'CREO': 2, 'BIEN': 13, 'VIVA': 30, 'MI FAMILIA': 8, 'CAMBIO': 1, 'VOS': 11}",4,27,234,0,Algún campo sin dato,1.Guatemala,15.Villa Nueva,0477,presidente
4804,,"{'UNE': 32, 'AZUL': 1, 'VALOR UNIONISTA': 24, 'CABAL': 6, 'TODOS': 0, 'VAMOS': 5, 'PHG': 0, 'PR': 2, 'PIN': 0, 'ELEFANTE': 2, 'VICTORIA': 5, 'SEMILLA': 48, 'FCN-NACION': 0, 'PPN': 0, 'UR': 8, 'URNG-MAIZ WINAQ': 2, 'CREO': 0, 'BIEN': 3, 'VIVA': 28, 'MI FAMILIA': 1, 'CAMBIO': 0, 'VOS': 14}",3,28,212,0,Algún campo sin dato,1.Guatemala,15.Villa Nueva,0477,presidente
4805,,"{'UNE': 18, 'AZUL': 2, 'VALOR UNIONISTA': 16, 'CABAL': 6, 'TODOS': 1, 'VAMOS': 4, 'PHG': 0, 'PR': 2, 'PIN': 0, 'ELEFANTE': 2, 'VICTORIA': 3, 'SEMILLA': 57, 'FCN-NACION': 1, 'PPN': 0, 'UR': 3, 'URNG-MAIZ WINAQ': 10, 'CREO': 1, 'BIEN': 11, 'VIVA': 19, 'MI FAMILIA': 0, 'CAMBIO': 0, 'VOS': 27}",2,27,212,0,Algún campo sin dato,1.Guatemala,15.Villa Nueva,0477,presidente
4806,,"{'UNE': 19, 'AZUL': 1, 'VALOR UNIONISTA': 24, 'CABAL': 5, 'TODOS': 1, 'VAMOS': 5, 'PHG': 0, 'PR': 3, 'PIN': 1, 'ELEFANTE': 2, 'VICTORIA': 4, 'SEMILLA': 79, 'FCN-NACION': 1, 'PPN': 0, 'UR': 2, 'URNG-MAIZ WINAQ': 3, 'CREO': 2, 'BIEN': 7, 'VIVA': 12, 'MI FAMILIA': 0, 'CAMBIO': 1, 'VOS': 22}",1,17,212,0,Algún campo sin dato,1.Guatemala,15.Villa Nueva,0477,presidente
4807,,"{'UNE': 13, 'AZUL': 0, 'VALOR UNIONISTA': 19, 'CABAL': 1, 'TODOS': 0, 'VAMOS': 8, 'PHG': 0, 'PR': 0, 'PIN': 0, 'ELEFANTE': 2, 'VICTORIA': 4, 'SEMILLA': 125, 'FCN-NACION': 0, 'PPN': 0, 'UR': 1, 'URNG-MAIZ WINAQ': 4, 'CREO': 1, 'BIEN': 14, 'VIVA': 16, 'MI FAMILIA': 3, 'CAMBIO': 2, 'VOS': 19}",0,14,246,0,Algún campo sin dato,1.Guatemala,15.Villa Nueva,0477,presidente
4808,,"{'UNE': 14, 'AZUL': 3, 'VALOR UNIONISTA': 17, 'CABAL': 7, 'TODOS': 0, 'VAMOS': 3, 'PHG': 0, 'PR': 0, 'PIN': 1, 'ELEFANTE': 1, 'VICTORIA': 3, 'SEMILLA': 109, 'FCN-NACION': 1, 'PPN': 0, 'UR': 2, 'URNG-MAIZ WINAQ': 5, 'CREO': 1, 'BIEN': 10, 'VIVA': 14, 'MI FAMILIA': 4, 'CAMBIO': 0, 'VOS': 11}",0,20,226,0,Algún campo sin dato,1.Guatemala,15.Villa Nueva,0477,presidente
4809,,"{'UNE': 24, 'AZUL': 3, 'VALOR UNIONISTA': 25, 'CABAL': 4, 'TODOS': 0, 'VAMOS': 6, 'PHG': 0, 'PR': 1, 'PIN': 1, 'ELEFANTE': 0, 'VICTORIA': 3, 'SEMILLA': 68, 'FCN-NACION': 2, 'PPN': 0, 'UR': 2, 'URNG-MAIZ WINAQ': 2, 'CREO': 3, 'BIEN': 8, 'VIVA': 11, 'MI FAMILIA': 2, 'CAMBIO': 1, 'VOS': 14}",0,15,195,0,Algún campo sin dato,1.Guatemala,15.Villa Nueva,0477,presidente
4810,,"{'UNE': 13, 'AZUL': 3, 'VALOR UNIONISTA': 12, 'CABAL': 3, 'TODOS': 0, 'VAMOS': 0, 'PHG': 0, 'PR': 0, 'PIN': 1, 'ELEFANTE': 2, 'VICTORIA': 2, 'SEMILLA': 56, 'FCN-NACION': 2, 'PPN': 0, 'UR': 1, 'URNG-MAIZ WINAQ': 8, 'CREO': 0, 'BIEN': 6, 'VIVA': 13, 'MI FAMILIA': 2, 'CAMBIO': 2, 'VOS': 12}",0,13,151,0,Algún campo sin dato,1.Guatemala,15.Villa Nueva,0477,presidente
4811,,"{'UNE': 26, 'AZUL': 1, 'VALOR UNIONISTA': 24, 'CABAL': 12, 'TODOS': 0, 'VAMOS': 8, 'PHG': 0, 'PR': 2, 'PIN': 1, 'ELEFANTE': 3, 'VICTORIA': 2, 'SEMILLA': 63, 'FCN-NACION': 1, 'PPN': 1, 'UR': 3, 'URNG-MAIZ WINAQ': 1, 'CREO': 1, 'BIEN': 6, 'VIVA': 9, 'MI FAMILIA': 0, 'CAMBIO': 0, 'VOS': 17}",1,14,196,0,Algún campo sin dato,1.Guatemala,15.Villa Nueva,0477,presidente
4812,,"{'UNE': 9, 'AZUL': 2, 'VALOR UNIONISTA': 19, 'CABAL': 7, 'TODOS': 0, 'VAMOS': 4, 'PHG': 0, 'PR': 0, 'PIN': 3, 'ELEFANTE': 2, 'VICTORIA': 3, 'SEMILLA': 92, 'FCN-NACION': 3, 'PPN': 1, 'UR': 0, 'URNG-MAIZ WINAQ': 3, 'CREO': 2, 'BIEN': 8, 'VIVA': 15, 'MI FAMILIA': 2, 'CAMBIO': 0, 'VOS': 9}",0,14,198,0,Algún campo sin dato,1.Guatemala,15.Villa Nueva,0477,presidente
4813,,"{'UNE': 16, 'AZUL': 3, 'VALOR UNIONISTA': 7, 'CABAL': 3, 'TODOS': 0, 'VAMOS': 3, 'PHG': 0, 'PR': 0, 'PIN': 1, 'ELEFANTE': 0, 'VICTORIA': 0, 'SEMILLA': 49, 'FCN-NACION': 3, 'PPN': 1, 'UR': 4, 'URNG-MAIZ WINAQ': 2, 'CREO': 0, 'BIEN': 2, 'VIVA': 7, 'MI FAMILIA': 3, 'CAMBIO': 0, 'VOS': 6}",1,9,120,0,Algún campo sin dato,1.Guatemala,15.Villa Nueva,0477,presidente
4814,,"{'UNE': 11, 'AZUL': 2, 'VALOR UNIONISTA': 7, 'CABAL': 5, 'TODOS': 0, 'VAMOS': 4, 'PHG': 0, 'PR': 0, 'PIN': 0, 'ELEFANTE': 0, 'VICTORIA': 3, 'SEMILLA': 32, 'FCN-NACION': 1, 'PPN': 0, 'UR': 1, 'URNG-MAIZ WINAQ': 0, 'CREO': 1, 'BIEN': 2, 'VIVA': 8, 'MI FAMILIA': 1, 'CAMBIO': 0, 'VOS': 8}",1,7,94,0,Algún campo sin dato,1.Guatemala,15.Villa Nueva,0477,presidente
4815,,"{'UNE': 16, 'AZUL': 2, 'VALOR UNIONISTA': 24, 'CABAL': 16, 'TODOS': 0, 'VAMOS': 2, 'PHG': 0, 'PR': 1, 'PIN': 4, 'ELEFANTE': 2, 'VICTORIA': 3, 'SEMILLA': 65, 'FCN-NACION': 0, 'PPN': 1, 'UR': 6, 'URNG-MAIZ WINAQ': 2, 'CREO': 1, 'BIEN': 16, 'VIVA': 23, 'MI FAMILIA': 5, 'CAMBIO': 0, 'VOS': 30}",2,33,254,0,,1.Guatemala,15.Villa Nueva,0478,presidente
4816,,"{'UNE': 5, 'AZUL': 3, 'VALOR UNIONISTA': 36, 'CABAL': 16, 'TODOS': 0, 'VAMOS': 6, 'PHG': 1, 'PR': 4, 'PIN': 0, 'ELEFANTE': 3, 'VICTORIA': 8, 'SEMILLA': 64, 'FCN-NACION': 0, 'PPN': 1, 'UR': 5, 'URNG-MAIZ WINAQ': 3, 'CREO': 3, 'BIEN': 17, 'VIVA': 14, 'MI FAMILIA': 4, 'CAMBIO': 0, 'VOS': 32}",0,33,258,0,,1.Guatemala,15.Villa Nueva,0478,presidente
4817,,"{'UNE': 7, 'AZUL': 4, 'VALOR UNIONISTA': 35, 'CABAL': 12, 'TODOS': 1, 'VAMOS': 7, 'PHG': 0, 'PR': 6, 'PIN': 3, 'ELEFANTE': 3, 'VICTORIA': 6, 'SEMILLA': 80, 'FCN-NACION': 0, 'PPN': 2, 'UR': 7, 'URNG-MAIZ WINAQ': 2, 'CREO': 2, 'BIEN': 20, 'VIVA': 13, 'MI FAMILIA': 6, 'CAMBIO': 1, 'VOS': 30}",1,26,274,0,Algún campo sin dato,1.Guatemala,15.Villa Nueva,0478,presidente
4818,,"{'UNE': 13, 'AZUL': 3, 'VALOR UNIONISTA': 28, 'CABAL': 11, 'TODOS': 3, 'VAMOS': 6, 'PHG': 0, 'PR': 4, 'PIN': 1, 'ELEFANTE': 3, 'VICTORIA': 5, 'SEMILLA': 62, 'FCN-NACION': 0, 'PPN': 2, 'UR': 3, 'URNG-MAIZ WINAQ': 7, 'CREO': 2, 'BIEN': 17, 'VIVA': 19, 'MI FAMILIA': 7, 'CAMBIO': 0, 'VOS': 36}",2,40,274,0,Algún campo sin dato,1.Guatemala,15.Villa Nueva,0478,presidente
4819,,"{'UNE': 18, 'AZUL': 2, 'VALOR UNIONISTA': 44, 'CABAL': 16, 'TODOS': 0, 'VAMOS': 8, 'PHG': 0, 'PR': 6, 'PIN': 3, 'ELEFANTE': 2, 'VICTORIA': 3, 'SEMILLA': 76, 'FCN-NACION': 1, 'PPN': 0, 'UR': 6, 'URNG-MAIZ WINAQ': 3, 'CREO': 1, 'BIEN': 18, 'VIVA': 14, 'MI FAMILIA': 8, 'CAMBIO': 1, 'VOS': 30}",1,36,297,0,Algún campo sin dato,1.Guatemala,15.Villa Nueva,0478,presidente
4820,,"{'UNE': 15, 'AZUL': 6, 'VALOR UNIONISTA': 38, 'CABAL': 12, 'TODOS': 0, 'VAMOS': 5, 'PHG': 0, 'PR': 2, 'PIN': 2, 'ELEFANTE': 4, 'VICTORIA': 5, 'SEMILLA': 77, 'FCN-NACION': 1, 'PPN': 0, 'UR': 4, 'URNG-MAIZ WINAQ': 3, 'CREO': 2, 'BIEN': 23, 'VIVA': 19, 'MI FAMILIA': 11, 'CAMBIO': 1, 'VOS': 22}",1,24,277,7,Algún campo sin dato,1.Guatemala,15.Villa Nueva,0478,presidente
4821,,"{'UNE': 14, 'AZUL': 4, 'VALOR UNIONISTA': 39, 'CABAL': 18, 'TODOS': 1, 'VAMOS': 7, 'PHG': 1, 'PR': 2, 'PIN': 0, 'ELEFANTE': 2, 'VICTORIA': 10, 'SEMILLA': 81, 'FCN-NACION': 1, 'PPN': 1, 'UR': 4, 'URNG-MAIZ WINAQ': 3, 'CREO': 0, 'BIEN': 17, 'VIVA': 16, 'MI FAMILIA': 4, 'CAMBIO': 0, 'VOS': 26}",0,18,269,0,Algún campo sin dato,1.Guatemala,15.Villa Nueva,0478,presidente
4822,,"{'UNE': 14, 'AZUL': 3, 'VALOR UNIONISTA': 19, 'CABAL': 11, 'TODOS': 0, 'VAMOS': 2, 'PHG': 0, 'PR': 1, 'PIN': 0, 'ELEFANTE': 2, 'VICTORIA': 3, 'SEMILLA': 111, 'FCN-NACION': 0, 'PPN': 0, 'UR': 3, 'URNG-MAIZ WINAQ': 4, 'CREO': 0, 'BIEN': 16, 'VIVA': 10, 'MI FAMILIA': 4, 'CAMBIO': 0, 'VOS': 28}",0,19,250,0,Algún campo sin dato,1.Guatemala,15.Villa Nueva,0478,presidente
4823,,"{'UNE': 9, 'AZUL': 4, 'VALOR UNIONISTA': 20, 'CABAL': 12, 'TODOS': 0, 'VAMOS': 6, 'PHG': 2, 'PR': 2, 'PIN': 1, 'ELEFANTE': 0, 'VICTORIA': 9, 'SEMILLA': 89, 'FCN-NACION': 1, 'PPN': 1, 'UR': 0, 'URNG-MAIZ WINAQ': 4, 'CREO': 3, 'BIEN': 14, 'VIVA': 11, 'MI FAMILIA': 3, 'CAMBIO': 1, 'VOS': 33}",0,17,242,13,Algún campo sin dato,1.Guatemala,15.Villa Nueva,0478,presidente
4824,,"{'UNE': 12, 'AZUL': 3, 'VALOR UNIONISTA': 39, 'CABAL': 13, 'TODOS': 2, 'VAMOS': 4, 'PHG': 0, 'PR': 4, 'PIN': 0, 'ELEFANTE': 0, 'VICTORIA': 2, 'SEMILLA': 81, 'FCN-NACION': 1, 'PPN': 1, 'UR': 4, 'URNG-MAIZ WINAQ': 5, 'CREO': 2, 'BIEN': 19, 'VIVA': 11, 'MI FAMILIA': 5, 'CAMBIO': 0, 'VOS': 19}",0,31,258,0,Sumas Asentadas sin cuadrar,1.Guatemala,15.Villa Nueva,0478,presidente
4825,,"{'UNE': 12, 'AZUL': 3, 'VALOR UNIONISTA': 34, 'CABAL': 16, 'TODOS': 0, 'VAMOS': 1, 'PHG': 0, 'PR': 1, 'PIN': 1, 'ELEFANTE': 5, 'VICTORIA': 9, 'SEMILLA': 85, 'FCN-NACION': 1, 'PPN': 1, 'UR': 1, 'URNG-MAIZ WINAQ': 2, 'CREO': 1, 'BIEN': 12, 'VIVA': 14, 'MI FAMILIA': 1, 'CAMBIO': 1, 'VOS': 29}",2,32,264,0,Algún campo sin dato,1.Guatemala,15.Villa Nueva,0478,presidente
4826,,"{'UNE': 8, 'AZUL': 4, 'VALOR UNIONISTA': 18, 'CABAL': 14, 'TODOS': 1, 'VAMOS': 2, 'PHG': 1, 'PR': 2, 'PIN': 0, 'ELEFANTE': 3, 'VICTORIA': 7, 'SEMILLA': 81, 'FCN-NACION': 0, 'PPN': 0, 'UR': 7, 'URNG-MAIZ WINAQ': 5, 'CREO': 4, 'BIEN': 9, 'VIVA': 11, 'MI FAMILIA': 1, 'CAMBIO': 0, 'VOS': 32}",1,42,253,0,Sumas Asentadas sin cuadrar,1.Guatemala,15.Villa Nueva,0478,presidente
4827,,"{'UNE': 13, 'AZUL': 2, 'VALOR UNIONISTA': 28, 'CABAL': 20, 'TODOS': 0, 'VAMOS': 4, 'PHG': 0, 'PR': 3, 'PIN': 2, 'ELEFANTE': 1, 'VICTORIA': 8, 'SEMILLA': 82, 'FCN-NACION': 2, 'PPN': 0, 'UR': 5, 'URNG-MAIZ WINAQ': 2, 'CREO': 1, 'BIEN': 17, 'VIVA': 18, 'MI FAMILIA': 6, 'CAMBIO': 0, 'VOS': 27}",0,29,270,0,Algún campo sin dato,1.Guatemala,15.Villa Nueva,0478,presidente
4828,,"{'UNE': 14, 'AZUL': 4, 'VALOR UNIONISTA': 24, 'CABAL': 13, 'TODOS': 0, 'VAMOS': 6, 'PHG': 1, 'PR': 3, 'PIN': 0, 'ELEFANTE': 6, 'VICTORIA': 12, 'SEMILLA': 71, 'FCN-NACION': 0, 'PPN': 0, 'UR': 8, 'URNG-MAIZ WINAQ': 5, 'CREO': 1, 'BIEN': 21, 'VIVA': 15, 'MI FAMILIA': 5, 'CAMBIO': 0, 'VOS': 28}",1,24,262,4,Algún campo sin dato,1.Guatemala,15.Villa Nueva,0478,presidente
4829,,"{'UNE': 12, 'AZUL': 5, 'VALOR UNIONISTA': 39, 'CABAL': 11, 'TODOS': 1, 'VAMOS': 6, 'PHG': 0, 'PR': 0, 'PIN': 0, 'ELEFANTE': 3, 'VICTORIA': 7, 'SEMILLA': 86, 'FCN-NACION': 2, 'PPN': 1, 'UR': 3, 'URNG-MAIZ WINAQ': 3, 'CREO': 5, 'BIEN': 21, 'VIVA': 3, 'MI FAMILIA': 5, 'CAMBIO': 0, 'VOS': 33}",1,25,272,0,Algún campo sin dato,1.Guatemala,15.Villa Nueva,0479,presidente
4830,,"{'UNE': 8, 'AZUL': 2, 'VALOR UNIONISTA': 27, 'CABAL': 14, 'TODOS': 2, 'VAMOS': 10, 'PHG': 2, 'PR': 3, 'PIN': 1, 'ELEFANTE': 4, 'VICTORIA': 11, 'SEMILLA': 83, 'FCN-NACION': 3, 'PPN': 0, 'UR': 7, 'URNG-MAIZ WINAQ': 6, 'CREO': 1, 'BIEN': 13, 'VIVA': 9, 'MI FAMILIA': 5, 'CAMBIO': 0, 'VOS': 33}",2,30,276,0,Algún campo sin dato,1.Guatemala,15.Villa Nueva,0479,presidente
4831,,"{'UNE': 11, 'AZUL': 4, 'VALOR UNIONISTA': 37, 'CABAL': 18, 'TODOS': 0, 'VAMOS': 4, 'PHG': 1, 'PR': 2, 'PIN': 1, 'ELEFANTE': 4, 'VICTORIA': 5, 'SEMILLA': 83, 'FCN-NACION': 2, 'PPN': 1, 'UR': 3, 'URNG-MAIZ WINAQ': 1, 'CREO': 0, 'BIEN': 25, 'VIVA': 15, 'MI FAMILIA': 2, 'CAMBIO': 0, 'VOS': 22}",1,35,277,1,Algún campo sin dato,1.Guatemala,15.Villa Nueva,0479,presidente
4832,,"{'UNE': 13, 'AZUL': 0, 'VALOR UNIONISTA': 21, 'CABAL': 6, 'TODOS': 1, 'VAMOS': 7, 'PHG': 0, 'PR': 2, 'PIN': 1, 'ELEFANTE': 1, 'VICTORIA': 2, 'SEMILLA': 85, 'FCN-NACION': 0, 'PPN': 2, 'UR': 6, 'URNG-MAIZ WINAQ': 3, 'CREO': 2, 'BIEN': 11, 'VIVA': 13, 'MI FAMILIA': 13, 'CAMBIO': 0, 'VOS': 20}",0,31,240,0,Algún campo sin dato,1.Guatemala,15.Villa Nueva,0479,presidente
4833,,"{'UNE': 12, 'AZUL': 2, 'VALOR UNIONISTA': 19, 'CABAL': 17, 'TODOS': 0, 'VAMOS': 4, 'PHG': 1, 'PR': 3, 'PIN': 1, 'ELEFANTE': 2, 'VICTORIA': 8, 'SEMILLA': 64, 'FCN-NACION': 1, 'PPN': 1, 'UR': 2, 'URNG-MAIZ WINAQ': 3, 'CREO': 1, 'BIEN': 19, 'VIVA': 11, 'MI FAMILIA': 3, 'CAMBIO': 0, 'VOS': 30}",0,25,229,0,Algún campo sin dato,1.Guatemala,15.Villa Nueva,0479,presidente
4834,,"{'UNE': 17, 'AZUL': 0, 'VALOR UNIONISTA': 22, 'CABAL': 13, 'TODOS': 1, 'VAMOS': 8, 'PHG': 0, 'PR': 4, 'PIN': 1, 'ELEFANTE': 3, 'VICTORIA': 5, 'SEMILLA': 74, 'FCN-NACION': 1, 'PPN': 0, 'UR': 3, 'URNG-MAIZ WINAQ': 1, 'CREO': 1, 'BIEN': 20, 'VIVA': 12, 'MI FAMILIA': 2, 'CAMBIO': 0, 'VOS': 20}",0,23,231,0,Algún campo sin dato,1.Guatemala,15.Villa Nueva,0479,presidente
4835,,"{'UNE': 7, 'AZUL': 3, 'VALOR UNIONISTA': 23, 'CABAL': 12, 'TODOS': 1, 'VAMOS': 6, 'PHG': 0, 'PR': 1, 'PIN': 0, 'ELEFANTE': 2, 'VICTORIA': 0, 'SEMILLA': 76, 'FCN-NACION': 0, 'PPN': 0, 'UR': 3, 'URNG-MAIZ WINAQ': 3, 'CREO': 0, 'BIEN': 23, 'VIVA': 10, 'MI FAMILIA': 1, 'CAMBIO': 1, 'VOS': 12}",1,27,212,0,Algún campo sin dato,1.Guatemala,15.Villa Nueva,0479,presidente
4836,,"{'UNE': 10, 'AZUL': 2, 'VALOR UNIONISTA': 19, 'CABAL': 13, 'TODOS': 1, 'VAMOS': 6, 'PHG': 1, 'PR': 2, 'PIN': 0, 'ELEFANTE': 1, 'VICTORIA': 4, 'SEMILLA': 101, 'FCN-NACION': 2, 'PPN': 1, 'UR': 1, 'URNG-MAIZ WINAQ': 0, 'CREO': 1, 'BIEN': 11, 'VIVA': 11, 'MI FAMILIA': 1, 'CAMBIO': 0, 'VOS': 21}",2,25,236,0,Algún campo sin dato,1.Guatemala,15.Villa Nueva,0479,presidente
4837,,"{'UNE': 6, 'AZUL': 2, 'VALOR UNIONISTA': 16, 'CABAL': 9, 'TODOS': 0, 'VAMOS': 0, 'PHG': 0, 'PR': 0, 'PIN': 1, 'ELEFANTE': 2, 'VICTORIA': 6, 'SEMILLA': 162, 'FCN-NACION': 0, 'PPN': 0, 'UR': 1, 'URNG-MAIZ WINAQ': 1, 'CREO': 3, 'BIEN': 13, 'VIVA': 4, 'MI FAMILIA': 1, 'CAMBIO': 1, 'VOS': 21}",0,17,266,0,Algún campo sin dato,1.Guatemala,15.Villa Nueva,0479,presidente
4838,,"{'UNE': 5, 'AZUL': 1, 'VALOR UNIONISTA': 15, 'CABAL': 9, 'TODOS': 0, 'VAMOS': 4, 'PHG': 1, 'PR': 1, 'PIN': 2, 'ELEFANTE': 0, 'VICTORIA': 3, 'SEMILLA': 159, 'FCN-NACION': 0, 'PPN': 0, 'UR': 2, 'URNG-MAIZ WINAQ': 1, 'CREO': 1, 'BIEN': 21, 'VIVA': 3, 'MI FAMILIA': 0, 'CAMBIO': 0, 'VOS': 21}",0,18,267,0,Algún campo sin dato,1.Guatemala,15.Villa Nueva,0479,presidente
4839,,"{'UNE': 6, 'AZUL': 3, 'VALOR UNIONISTA': 18, 'CABAL': 9, 'TODOS': 1, 'VAMOS': 3, 'PHG': 0, 'PR': 1, 'PIN': 0, 'ELEFANTE': 1, 'VICTORIA': 2, 'SEMILLA': 155, 'FCN-NACION': 0, 'PPN': 0, 'UR': 0, 'URNG-MAIZ WINAQ': 0, 'CREO': 0, 'BIEN': 12, 'VIVA': 5, 'MI FAMILIA': 1, 'CAMBIO': 0, 'VOS': 14}",0,10,241,0,Algún campo sin dato,1.Guatemala,15.Villa Nueva,0479,presidente
4840,,"{'UNE': 11, 'AZUL': 1, 'VALOR UNIONISTA': 14, 'CABAL': 8, 'TODOS': 0, 'VAMOS': 2, 'PHG': 0, 'PR': 1, 'PIN': 1, 'ELEFANTE': 0, 'VICTORIA': 3, 'SEMILLA': 99, 'FCN-NACION': 0, 'PPN': 0, 'UR': 4, 'URNG-MAIZ WINAQ': 1, 'CREO': 1, 'BIEN': 10, 'VIVA': 8, 'MI FAMILIA': 0, 'CAMBIO': 0, 'VOS': 8}",1,13,186,0,Algún campo sin dato,1.Guatemala,15.Villa Nueva,0479,presidente
4841,,"{'UNE': 2, 'AZUL': 1, 'VALOR UNIONISTA': 0, 'CABAL': 11, 'TODOS': 0, 'VAMOS': 4, 'PHG': 0, 'PR': 2, 'PIN': 1, 'ELEFANTE': 1, 'VICTORIA': 7, 'SEMILLA': 126, 'FCN-NACION': 0, 'PPN': 0, 'UR': 0, 'URNG-MAIZ WINAQ': 0, 'CREO': 2, 'BIEN': 10, 'VIVA': 3, 'MI FAMILIA': 1, 'CAMBIO': 0, 'VOS': 23}",1,15,210,0,Sumas Asentadas sin cuadrar,1.Guatemala,15.Villa Nueva,0479,presidente
4842,,"{'UNE': 1, 'AZUL': 3, 'VALOR UNIONISTA': 6, 'CABAL': 7, 'TODOS': 1, 'VAMOS': 2, 'PHG': 0, 'PR': 1, 'PIN': 0, 'ELEFANTE': 2, 'VICTORIA': 1, 'SEMILLA': 93, 'FCN-NACION': 0, 'PPN': 0, 'UR': 2, 'URNG-MAIZ WINAQ': 0, 'CREO': 0, 'BIEN': 1, 'VIVA': 2, 'MI FAMILIA': 1, 'CAMBIO': 0, 'VOS': 7}",0,10,140,0,Sumas Asentadas sin cuadrar,1.Guatemala,15.Villa Nueva,0479,presidente
4843,,"{'UNE': 5, 'AZUL': 0, 'VALOR UNIONISTA': 11, 'CABAL': 5, 'TODOS': 0, 'VAMOS': 1, 'PHG': 0, 'PR': 1, 'PIN': 2, 'ELEFANTE': 1, 'VICTORIA': 5, 'SEMILLA': 65, 'FCN-NACION': 4, 'PPN': 0, 'UR': 1, 'URNG-MAIZ WINAQ': 1, 'CREO': 0, 'BIEN': 7, 'VIVA': 3, 'MI FAMILIA': 0, 'CAMBIO': 0, 'VOS': 7}",1,10,130,0,Algún campo sin dato,1.Guatemala,15.Villa Nueva,0479,presidente
4844,,"{'UNE': 20, 'AZUL': 1, 'VALOR UNIONISTA': 33, 'CABAL': 13, 'TODOS': 0, 'VAMOS': 9, 'PHG': 1, 'PR': 3, 'PIN': 2, 'ELEFANTE': 2, 'VICTORIA': 6, 'SEMILLA': 49, 'FCN-NACION': 0, 'PPN': 1, 'UR': 3, 'URNG-MAIZ WINAQ': 6, 'CREO': 2, 'BIEN': 8, 'VIVA': 30, 'MI FAMILIA': 10, 'CAMBIO': 0, 'VOS': 12}",1,52,264,0,Algún campo sin dato,1.Guatemala,15.Villa Nueva,0480,presidente
4845,,"{'UNE': 15, 'AZUL': 4, 'VALOR UNIONISTA': 21, 'CABAL': 10, 'TODOS': 0, 'VAMOS': 6, 'PHG': 0, 'PR': 3, 'PIN': 1, 'ELEFANTE': 2, 'VICTORIA': 7, 'SEMILLA': 65, 'FCN-NACION': 0, 'PPN': 0, 'UR': 5, 'URNG-MAIZ WINAQ': 5, 'CREO': 6, 'BIEN': 16, 'VIVA': 23, 'MI FAMILIA': 1, 'CAMBIO': 0, 'VOS': 27}",2,41,260,0,Algún campo sin dato,1.Guatemala,15.Villa Nueva,0480,presidente
4846,,"{'UNE': 20, 'AZUL': 2, 'VALOR UNIONISTA': 25, 'CABAL': 11, 'TODOS': 2, 'VAMOS': 9, 'PHG': 0, 'PR': 3, 'PIN': 3, 'ELEFANTE': 1, 'VICTORIA': 5, 'SEMILLA': 71, 'FCN-NACION': 2, 'PPN': 0, 'UR': 3, 'URNG-MAIZ WINAQ': 2, 'CREO': 3, 'BIEN': 15, 'VIVA': 26, 'MI FAMILIA': 8, 'CAMBIO': 1, 'VOS': 16}",2,49,279,1,Algún campo sin dato,1.Guatemala,15.Villa Nueva,0480,presidente
4847,,"{'UNE': 16, 'AZUL': 2, 'VALOR UNIONISTA': 0, 'CABAL': 7, 'TODOS': 0, 'VAMOS': 7, 'PHG': 1, 'PR': 2, 'PIN': 2, 'ELEFANTE': 0, 'VICTORIA': 10, 'SEMILLA': 46, 'FCN-NACION': 0, 'PPN': 0, 'UR': 4, 'URNG-MAIZ WINAQ': 0, 'CREO': 2, 'BIEN': 11, 'VIVA': 27, 'MI FAMILIA': 6, 'CAMBIO': 0, 'VOS': 29}",3,48,223,1,Sumas Asentadas sin cuadrar,1.Guatemala,15.Villa Nueva,0480,presidente
4848,,"{'UNE': 14, 'AZUL': 4, 'VALOR UNIONISTA': 24, 'CABAL': 13, 'TODOS': 1, 'VAMOS': 12, 'PHG': 0, 'PR': 2, 'PIN': 2, 'ELEFANTE': 4, 'VICTORIA': 10, 'SEMILLA': 70, 'FCN-NACION': 2, 'PPN': 1, 'UR': 7, 'URNG-MAIZ WINAQ': 3, 'CREO': 3, 'BIEN': 10, 'VIVA': 21, 'MI FAMILIA': 8, 'CAMBIO': 0, 'VOS': 19}",1,30,261,0,Algún campo sin dato,1.Guatemala,15.Villa Nueva,0480,presidente
4849,,"{'UNE': 20, 'AZUL': 4, 'VALOR UNIONISTA': 30, 'CABAL': 7, 'TODOS': 1, 'VAMOS': 1, 'PHG': 0, 'PR': 3, 'PIN': 1, 'ELEFANTE': 2, 'VICTORIA': 9, 'SEMILLA': 52, 'FCN-NACION': 0, 'PPN': 3, 'UR': 6, 'URNG-MAIZ WINAQ': 3, 'CREO': 3, 'BIEN': 22, 'VIVA': 21, 'MI FAMILIA': 5, 'CAMBIO': 2, 'VOS': 11}",0,53,259,141,Algún campo sin dato,1.Guatemala,15.Villa Nueva,0480,presidente
4850,,"{'UNE': 19, 'AZUL': 4, 'VALOR UNIONISTA': 19, 'CABAL': 11, 'TODOS': 2, 'VAMOS': 1, 'PHG': 0, 'PR': 1, 'PIN': 1, 'ELEFANTE': 3, 'VICTORIA': 6, 'SEMILLA': 73, 'FCN-NACION': 1, 'PPN': 1, 'UR': 3, 'URNG-MAIZ WINAQ': 4, 'CREO': 2, 'BIEN': 10, 'VIVA': 16, 'MI FAMILIA': 1, 'CAMBIO': 0, 'VOS': 27}",3,37,245,2,Algún campo sin dato,1.Guatemala,15.Villa Nueva,0480,presidente
4851,,"{'UNE': 11, 'AZUL': 0, 'VALOR UNIONISTA': 26, 'CABAL': 10, 'TODOS': 0, 'VAMOS': 7, 'PHG': 0, 'PR': 1, 'PIN': 1, 'ELEFANTE': 3, 'VICTORIA': 7, 'SEMILLA': 66, 'FCN-NACION': 1, 'PPN': 0, 'UR': 2, 'URNG-MAIZ WINAQ': 3, 'CREO': 2, 'BIEN': 13, 'VIVA': 10, 'MI FAMILIA': 1, 'CAMBIO': 0, 'VOS': 28}",0,33,225,0,Algún campo sin dato,1.Guatemala,15.Villa Nueva,0480,presidente
4852,,"{'UNE': 15, 'AZUL': 2, 'VALOR UNIONISTA': 31, 'CABAL': 13, 'TODOS': 0, 'VAMOS': 10, 'PHG': 0, 'PR': 0, 'PIN': 1, 'ELEFANTE': 2, 'VICTORIA': 7, 'SEMILLA': 46, 'FCN-NACION': 3, 'PPN': 2, 'UR': 4, 'URNG-MAIZ WINAQ': 8, 'CREO': 1, 'BIEN': 7, 'VIVA': 21, 'MI FAMILIA': 8, 'CAMBIO': 0, 'VOS': 26}",3,43,253,1,Algún campo sin dato,1.Guatemala,15.Villa Nueva,0480,presidente
4853,,"{'UNE': 16, 'AZUL': 3, 'VALOR UNIONISTA': 16, 'CABAL': 15, 'TODOS': 1, 'VAMOS': 8, 'PHG': 0, 'PR': 1, 'PIN': 1, 'ELEFANTE': 5, 'VICTORIA': 3, 'SEMILLA': 69, 'FCN-NACION': 1, 'PPN': 1, 'UR': 6, 'URNG-MAIZ WINAQ': 4, 'CREO': 1, 'BIEN': 9, 'VIVA': 18, 'MI FAMILIA': 8, 'CAMBIO': 2, 'VOS': 14}",1,42,245,1,Algún campo sin dato,1.Guatemala,15.Villa Nueva,0480,presidente
4854,,"{'UNE': 14, 'AZUL': 3, 'VALOR UNIONISTA': 28, 'CABAL': 9, 'TODOS': 1, 'VAMOS': 3, 'PHG': 0, 'PR': 2, 'PIN': 2, 'ELEFANTE': 1, 'VICTORIA': 5, 'SEMILLA': 68, 'FCN-NACION': 2, 'PPN': 2, 'UR': 4, 'URNG-MAIZ WINAQ': 2, 'CREO': 3, 'BIEN': 13, 'VIVA': 20, 'MI FAMILIA': 6, 'CAMBIO': 1, 'VOS': 24}",1,37,251,0,Algún campo sin dato,1.Guatemala,15.Villa Nueva,0480,presidente
4855,,"{'UNE': 10, 'AZUL': 1, 'VALOR UNIONISTA': 26, 'CABAL': 12, 'TODOS': 2, 'VAMOS': 5, 'PHG': 1, 'PR': 2, 'PIN': 2, 'ELEFANTE': 3, 'VICTORIA': 7, 'SEMILLA': 59, 'FCN-NACION': 1, 'PPN': 0, 'UR': 4, 'URNG-MAIZ WINAQ': 3, 'CREO': 0, 'BIEN': 11, 'VIVA': 17, 'MI FAMILIA': 5, 'CAMBIO': 0, 'VOS': 17}",2,43,233,1,Algún campo sin dato,1.Guatemala,15.Villa Nueva,0480,presidente
4856,,"{'UNE': 19, 'AZUL': 3, 'VALOR UNIONISTA': 25, 'CABAL': 14, 'TODOS': 0, 'VAMOS': 6, 'PHG': 2, 'PR': 2, 'PIN': 1, 'ELEFANTE': 1, 'VICTORIA': 7, 'SEMILLA': 54, 'FCN-NACION': 2, 'PPN': 1, 'UR': 8, 'URNG-MAIZ WINAQ': 3, 'CREO': 4, 'BIEN': 8, 'VIVA': 14, 'MI FAMILIA': 4, 'CAMBIO': 1, 'VOS': 13}",1,46,239,0,Algún campo sin dato,1.Guatemala,15.Villa Nueva,0480,presidente
4857,,"{'UNE': 16, 'AZUL': 4, 'VALOR UNIONISTA': 29, 'CABAL': 11, 'TODOS': 1, 'VAMOS': 11, 'PHG': 0, 'PR': 4, 'PIN': 3, 'ELEFANTE': 2, 'VICTORIA': 7, 'SEMILLA': 40, 'FCN-NACION': 0, 'PPN': 0, 'UR': 4, 'URNG-MAIZ WINAQ': 2, 'CREO': 4, 'BIEN': 13, 'VIVA': 22, 'MI FAMILIA': 4, 'CAMBIO': 1, 'VOS': 19}",1,44,242,0,Sumas Asentadas sin cuadrar,1.Guatemala,15.Villa Nueva,0480,presidente
4858,,"{'UNE': 18, 'AZUL': 1, 'VALOR UNIONISTA': 27, 'CABAL': 8, 'TODOS': 0, 'VAMOS': 1, 'PHG': 0, 'PR': 8, 'PIN': 1, 'ELEFANTE': 3, 'VICTORIA': 5, 'SEMILLA': 48, 'FCN-NACION': 1, 'PPN': 1, 'UR': 4, 'URNG-MAIZ WINAQ': 6, 'CREO': 2, 'BIEN': 7, 'VIVA': 21, 'MI FAMILIA': 4, 'CAMBIO': 0, 'VOS': 24}",2,38,230,0,Algún campo sin dato,1.Guatemala,15.Villa Nueva,0480,presidente
4859,,"{'UNE': 14, 'AZUL': 5, 'VALOR UNIONISTA': 27, 'CABAL': 9, 'TODOS': 0, 'VAMOS': 3, 'PHG': 0, 'PR': 2, 'PIN': 0, 'ELEFANTE': 1, 'VICTORIA': 7, 'SEMILLA': 55, 'FCN-NACION': 3, 'PPN': 2, 'UR': 9, 'URNG-MAIZ WINAQ': 5, 'CREO': 3, 'BIEN': 17, 'VIVA': 24, 'MI FAMILIA': 6, 'CAMBIO': 0, 'VOS': 13}",2,41,248,0,Sumas Asentadas sin cuadrar,1.Guatemala,15.Villa Nueva,0481,presidente
4860,,"{'UNE': 17, 'AZUL': 1, 'VALOR UNIONISTA': 16, 'CABAL': 6, 'TODOS': 0, 'VAMOS': 8, 'PHG': 1, 'PR': 1, 'PIN': 1, 'ELEFANTE': 1, 'VICTORIA': 7, 'SEMILLA': 58, 'FCN-NACION': 0, 'PPN': 0, 'UR': 2, 'URNG-MAIZ WINAQ': 2, 'CREO': 3, 'BIEN': 10, 'VIVA': 17, 'MI FAMILIA': 8, 'CAMBIO': 0, 'VOS': 17}",3,42,221,0,Sumas Asentadas sin cuadrar,1.Guatemala,15.Villa Nueva,0481,presidente
4861,,"{'UNE': 10, 'AZUL': 4, 'VALOR UNIONISTA': 24, 'CABAL': 13, 'TODOS': 0, 'VAMOS': 2, 'PHG': 0, 'PR': 4, 'PIN': 2, 'ELEFANTE': 3, 'VICTORIA': 7, 'SEMILLA': 56, 'FCN-NACION': 3, 'PPN': 2, 'UR': 4, 'URNG-MAIZ WINAQ': 9, 'CREO': 4, 'BIEN': 12, 'VIVA': 15, 'MI FAMILIA': 4, 'CAMBIO': 1, 'VOS': 15}",0,37,231,0,Sumas Asentadas sin cuadrar,1.Guatemala,15.Villa Nueva,0481,presidente
4862,,"{'UNE': 14, 'AZUL': 4, 'VALOR UNIONISTA': 33, 'CABAL': 6, 'TODOS': 2, 'VAMOS': 3, 'PHG': 1, 'PR': 2, 'PIN': 1, 'ELEFANTE': 3, 'VICTORIA': 2, 'SEMILLA': 52, 'FCN-NACION': 3, 'PPN': 1, 'UR': 4, 'URNG-MAIZ WINAQ': 2, 'CREO': 0, 'BIEN': 12, 'VIVA': 25, 'MI FAMILIA': 4, 'CAMBIO': 0, 'VOS': 18}",1,32,225,0,Algún campo sin dato,1.Guatemala,15.Villa Nueva,0481,presidente
4863,,"{'UNE': 13, 'AZUL': 1, 'VALOR UNIONISTA': 24, 'CABAL': 9, 'TODOS': 1, 'VAMOS': 3, 'PHG': 0, 'PR': 0, 'PIN': 2, 'ELEFANTE': 5, 'VICTORIA': 5, 'SEMILLA': 65, 'FCN-NACION': 4, 'PPN': 0, 'UR': 10, 'URNG-MAIZ WINAQ': 2, 'CREO': 0, 'BIEN': 14, 'VIVA': 25, 'MI FAMILIA': 3, 'CAMBIO': 0, 'VOS': 14}",2,37,239,0,Algún campo sin dato,1.Guatemala,15.Villa Nueva,0481,presidente
4864,,"{'UNE': 3, 'AZUL': 4, 'VALOR UNIONISTA': 25, 'CABAL': 2, 'TODOS': 1, 'VAMOS': 5, 'PHG': 0, 'PR': 1, 'PIN': 0, 'ELEFANTE': 4, 'VICTORIA': 4, 'SEMILLA': 67, 'FCN-NACION': 0, 'PPN': 2, 'UR': 5, 'URNG-MAIZ WINAQ': 2, 'CREO': 5, 'BIEN': 17, 'VIVA': 16, 'MI FAMILIA': 4, 'CAMBIO': 0, 'VOS': 20}",1,28,216,0,Algún campo sin dato,1.Guatemala,15.Villa Nueva,0481,presidente
4865,,"{'UNE': 2, 'AZUL': 2, 'VALOR UNIONISTA': 10, 'CABAL': 7, 'TODOS': 0, 'VAMOS': 3, 'PHG': 0, 'PR': 2, 'PIN': 1, 'ELEFANTE': 1, 'VICTORIA': 6, 'SEMILLA': 127, 'FCN-NACION': 1, 'PPN': 0, 'UR': 1, 'URNG-MAIZ WINAQ': 3, 'CREO': 0, 'BIEN': 17, 'VIVA': 17, 'MI FAMILIA': 4, 'CAMBIO': 0, 'VOS': 29}",0,21,254,0,Algún campo sin dato,1.Guatemala,15.Villa Nueva,0481,presidente
4866,,"{'UNE': 8, 'AZUL': 2, 'VALOR UNIONISTA': 8, 'CABAL': 10, 'TODOS': 0, 'VAMOS': 3, 'PHG': 0, 'PR': 1, 'PIN': 0, 'ELEFANTE': 1, 'VICTORIA': 0, 'SEMILLA': 154, 'FCN-NACION': 0, 'PPN': 0, 'UR': 1, 'URNG-MAIZ WINAQ': 1, 'CREO': 1, 'BIEN': 13, 'VIVA': 13, 'MI FAMILIA': 1, 'CAMBIO': 0, 'VOS': 15}",0,15,247,0,Algún campo sin dato,1.Guatemala,15.Villa Nueva,0481,presidente
4867,,"{'UNE': 9, 'AZUL': 1, 'VALOR UNIONISTA': 14, 'CABAL': 2, 'TODOS': 1, 'VAMOS': 3, 'PHG': 0, 'PR': 0, 'PIN': 0, 'ELEFANTE': 1, 'VICTORIA': 6, 'SEMILLA': 106, 'FCN-NACION': 0, 'PPN': 0, 'UR': 2, 'URNG-MAIZ WINAQ': 2, 'CREO': 2, 'BIEN': 10, 'VIVA': 12, 'MI FAMILIA': 1, 'CAMBIO': 0, 'VOS': 13}",0,24,209,0,Algún campo sin dato,1.Guatemala,15.Villa Nueva,0481,presidente
4868,,"{'UNE': 6, 'AZUL': 1, 'VALOR UNIONISTA': 20, 'CABAL': 4, 'TODOS': 1, 'VAMOS': 5, 'PHG': 0, 'PR': 2, 'PIN': 1, 'ELEFANTE': 0, 'VICTORIA': 4, 'SEMILLA': 79, 'FCN-NACION': 0, 'PPN': 0, 'UR': 1, 'URNG-MAIZ WINAQ': 0, 'CREO': 0, 'BIEN': 17, 'VIVA': 12, 'MI FAMILIA': 2, 'CAMBIO': 0, 'VOS': 13}",193,36,397,0,Sumas Asentadas sin cuadrar,1.Guatemala,15.Villa Nueva,0481,presidente
4869,,"{'UNE': 8, 'AZUL': 1, 'VALOR UNIONISTA': 8, 'CABAL': 6, 'TODOS': 0, 'VAMOS': 1, 'PHG': 0, 'PR': 0, 'PIN': 0, 'ELEFANTE': 3, 'VICTORIA': 1, 'SEMILLA': 83, 'FCN-NACION': 1, 'PPN': 0, 'UR': 2, 'URNG-MAIZ WINAQ': 1, 'CREO': 3, 'BIEN': 7, 'VIVA': 9, 'MI FAMILIA': 4, 'CAMBIO': 0, 'VOS': 9}",0,14,161,0,Algún campo sin dato,1.Guatemala,15.Villa Nueva,0481,presidente
4870,,"{'UNE': 8, 'AZUL': 2, 'VALOR UNIONISTA': 9, 'CABAL': 3, 'TODOS': 0, 'VAMOS': 3, 'PHG': 0, 'PR': 2, 'PIN': 0, 'ELEFANTE': 0, 'VICTORIA': 4, 'SEMILLA': 66, 'FCN-NACION': 0, 'PPN': 0, 'UR': 1, 'URNG-MAIZ WINAQ': 1, 'CREO': 1, 'BIEN': 5, 'VIVA': 11, 'MI FAMILIA': 2, 'CAMBIO': 0, 'VOS': 6}",0,19,143,0,Algún campo sin dato,1.Guatemala,15.Villa Nueva,0481,presidente
4871,,"{'UNE': 20, 'AZUL': 3, 'VALOR UNIONISTA': 25, 'CABAL': 14, 'TODOS': 0, 'VAMOS': 4, 'PHG': 2, 'PR': 6, 'PIN': 6, 'ELEFANTE': 6, 'VICTORIA': 5, 'SEMILLA': 33, 'FCN-NACION': 1, 'PPN': 2, 'UR': 7, 'URNG-MAIZ WINAQ': 5, 'CREO': 0, 'BIEN': 6, 'VIVA': 15, 'MI FAMILIA': 5, 'CAMBIO': 1, 'VOS': 16}",3,36,221,0,Algún campo sin dato,1.Guatemala,15.Villa Nueva,0482,presidente
4872,,"{'UNE': 17, 'AZUL': 1, 'VALOR UNIONISTA': 31, 'CABAL': 19, 'TODOS': 0, 'VAMOS': 9, 'PHG': 0, 'PR': 2, 'PIN': 0, 'ELEFANTE': 2, 'VICTORIA': 3, 'SEMILLA': 30, 'FCN-NACION': 2, 'PPN': 2, 'UR': 6, 'URNG-MAIZ WINAQ': 5, 'CREO': 1, 'BIEN': 13, 'VIVA': 22, 'MI FAMILIA': 6, 'CAMBIO': 1, 'VOS': 9}",6,36,223,0,Algún campo sin dato,1.Guatemala,15.Villa Nueva,0482,presidente
4873,,"{'UNE': 18, 'AZUL': 3, 'VALOR UNIONISTA': 25, 'CABAL': 12, 'TODOS': 0, 'VAMOS': 9, 'PHG': 2, 'PR': 2, 'PIN': 2, 'ELEFANTE': 1, 'VICTORIA': 4, 'SEMILLA': 28, 'FCN-NACION': 0, 'PPN': 2, 'UR': 4, 'URNG-MAIZ WINAQ': 4, 'CREO': 2, 'BIEN': 9, 'VIVA': 8, 'MI FAMILIA': 5, 'CAMBIO': 1, 'VOS': 6}",2,30,179,0,Algún campo sin dato,1.Guatemala,15.Villa Nueva,0482,presidente
4874,,"{'UNE': 14, 'AZUL': 2, 'VALOR UNIONISTA': 25, 'CABAL': 15, 'TODOS': 0, 'VAMOS': 4, 'PHG': 0, 'PR': 1, 'PIN': 0, 'ELEFANTE': 1, 'VICTORIA': 4, 'SEMILLA': 40, 'FCN-NACION': 2, 'PPN': 2, 'UR': 6, 'URNG-MAIZ WINAQ': 3, 'CREO': 5, 'BIEN': 8, 'VIVA': 16, 'MI FAMILIA': 7, 'CAMBIO': 0, 'VOS': 15}",4,38,212,0,Algún campo sin dato,1.Guatemala,15.Villa Nueva,0482,presidente
4875,,"{'UNE': 23, 'AZUL': 3, 'VALOR UNIONISTA': 28, 'CABAL': 9, 'TODOS': 2, 'VAMOS': 6, 'PHG': 1, 'PR': 4, 'PIN': 0, 'ELEFANTE': 5, 'VICTORIA': 5, 'SEMILLA': 23, 'FCN-NACION': 1, 'PPN': 1, 'UR': 4, 'URNG-MAIZ WINAQ': 1, 'CREO': 2, 'BIEN': 4, 'VIVA': 12, 'MI FAMILIA': 2, 'CAMBIO': 0, 'VOS': 10}",2,39,187,0,Algún campo sin dato,1.Guatemala,15.Villa Nueva,0482,presidente
4876,,"{'UNE': 20, 'AZUL': 3, 'VALOR UNIONISTA': 17, 'CABAL': 17, 'TODOS': 0, 'VAMOS': 11, 'PHG': 0, 'PR': 5, 'PIN': 2, 'ELEFANTE': 5, 'VICTORIA': 10, 'SEMILLA': 37, 'FCN-NACION': 3, 'PPN': 1, 'UR': 8, 'URNG-MAIZ WINAQ': 3, 'CREO': 2, 'BIEN': 13, 'VIVA': 13, 'MI FAMILIA': 7, 'CAMBIO': 0, 'VOS': 15}",1,32,225,0,Algún campo sin dato,1.Guatemala,15.Villa Nueva,0482,presidente
4877,,"{'UNE': 11, 'AZUL': 1, 'VALOR UNIONISTA': 2, 'CABAL': 10, 'TODOS': 2, 'VAMOS': 6, 'PHG': 11, 'PR': 9, 'PIN': 2, 'ELEFANTE': 2, 'VICTORIA': 11, 'SEMILLA': 41, 'FCN-NACION': 1, 'PPN': 2, 'UR': 8, 'URNG-MAIZ WINAQ': 6, 'CREO': 6, 'BIEN': 6, 'VIVA': 13, 'MI FAMILIA': 8, 'CAMBIO': 3, 'VOS': 16}",7,28,212,0,Sumas Asentadas sin cuadrar,1.Guatemala,15.Villa Nueva,0482,presidente
4878,,"{'UNE': 20, 'AZUL': 1, 'VALOR UNIONISTA': 27, 'CABAL': 15, 'TODOS': 2, 'VAMOS': 5, 'PHG': 1, 'PR': 3, 'PIN': 0, 'ELEFANTE': 3, 'VICTORIA': 5, 'SEMILLA': 45, 'FCN-NACION': 1, 'PPN': 1, 'UR': 4, 'URNG-MAIZ WINAQ': 0, 'CREO': 0, 'BIEN': 10, 'VIVA': 16, 'MI FAMILIA': 6, 'CAMBIO': 0, 'VOS': 19}",1,35,220,0,Algún campo sin dato,1.Guatemala,15.Villa Nueva,0482,presidente
4879,,"{'UNE': 17, 'AZUL': 4, 'VALOR UNIONISTA': 19, 'CABAL': 9, 'TODOS': 0, 'VAMOS': 5, 'PHG': 0, 'PR': 3, 'PIN': 1, 'ELEFANTE': 2, 'VICTORIA': 11, 'SEMILLA': 31, 'FCN-NACION': 1, 'PPN': 0, 'UR': 9, 'URNG-MAIZ WINAQ': 1, 'CREO': 3, 'BIEN': 11, 'VIVA': 10, 'MI FAMILIA': 4, 'CAMBIO': 0, 'VOS': 9}",4,33,187,1,Algún campo sin dato,1.Guatemala,15.Villa Nueva,0482,presidente
4880,,"{'UNE': 17, 'AZUL': 3, 'VALOR UNIONISTA': 21, 'CABAL': 14, 'TODOS': 0, 'VAMOS': 7, 'PHG': 0, 'PR': 2, 'PIN': 0, 'ELEFANTE': 3, 'VICTORIA': 4, 'SEMILLA': 27, 'FCN-NACION': 1, 'PPN': 2, 'UR': 7, 'URNG-MAIZ WINAQ': 1, 'CREO': 4, 'BIEN': 6, 'VIVA': 14, 'MI FAMILIA': 6, 'CAMBIO': 0, 'VOS': 13}",5,23,180,0,Algún campo sin dato,1.Guatemala,15.Villa Nueva,0482,presidente
4881,,"{'UNE': 9, 'AZUL': 3, 'VALOR UNIONISTA': 25, 'CABAL': 7, 'TODOS': 1, 'VAMOS': 3, 'PHG': 1, 'PR': 2, 'PIN': 3, 'ELEFANTE': 1, 'VICTORIA': 5, 'SEMILLA': 27, 'FCN-NACION': 1, 'PPN': 1, 'UR': 6, 'URNG-MAIZ WINAQ': 1, 'CREO': 1, 'BIEN': 8, 'VIVA': 10, 'MI FAMILIA': 5, 'CAMBIO': 0, 'VOS': 7}",1,18,146,0,Algún campo sin dato,1.Guatemala,15.Villa Nueva,0482,presidente
4882,,"{'UNE': 14, 'AZUL': 1, 'VALOR UNIONISTA': 9, 'CABAL': 9, 'TODOS': 1, 'VAMOS': 6, 'PHG': 0, 'PR': 0, 'PIN': 0, 'ELEFANTE': 2, 'VICTORIA': 5, 'SEMILLA': 14, 'FCN-NACION': 0, 'PPN': 3, 'UR': 2, 'URNG-MAIZ WINAQ': 2, 'CREO': 3, 'BIEN': 9, 'VIVA': 6, 'MI FAMILIA': 0, 'CAMBIO': 0, 'VOS': 5}",1,17,109,0,Algún campo sin dato,1.Guatemala,15.Villa Nueva,0482,presidente
4883,,"{'UNE': 4, 'AZUL': 0, 'VALOR UNIONISTA': 6, 'CABAL': 5, 'TODOS': 0, 'VAMOS': 2, 'PHG': 0, 'PR': 1, 'PIN': 0, 'ELEFANTE': 2, 'VICTORIA': 3, 'SEMILLA': 4, 'FCN-NACION': 2, 'PPN': 1, 'UR': 1, 'URNG-MAIZ WINAQ': 1, 'CREO': 0, 'BIEN': 3, 'VIVA': 5, 'MI FAMILIA': 0, 'CAMBIO': 0, 'VOS': 2}",1,8,51,0,Algún campo sin dato,1.Guatemala,15.Villa Nueva,0482,presidente
4884,,"{'UNE': 2, 'AZUL': 2, 'VALOR UNIONISTA': 2, 'CABAL': 1, 'TODOS': 0, 'VAMOS': 1, 'PHG': 0, 'PR': 0, 'PIN': 0, 'ELEFANTE': 0, 'VICTORIA': 1, 'SEMILLA': 3, 'FCN-NACION': 0, 'PPN': 0, 'UR': 0, 'URNG-MAIZ WINAQ': 1, 'CREO': 0, 'BIEN': 1, 'VIVA': 0, 'MI FAMILIA': 0, 'CAMBIO': 0, 'VOS': 1}",1,4,20,0,Algún campo sin dato,1.Guatemala,15.Villa Nueva,0482,presidente
4885,,"{'UNE': 0, 'AZUL': 1, 'VALOR UNIONISTA': 2, 'CABAL': 1, 'TODOS': 0, 'VAMOS': 0, 'PHG': 0, 'PR': 0, 'PIN': 0, 'ELEFANTE': 0, 'VICTORIA': 0, 'SEMILLA': 2, 'FCN-NACION': 0, 'PPN': 1, 'UR': 1, 'URNG-MAIZ WINAQ': 0, 'CREO': 0, 'BIEN': 0, 'VIVA': 0, 'MI FAMILIA': 0, 'CAMBIO': 0, 'VOS': 1}",0,1,10,0,Algún campo sin dato,1.Guatemala,15.Villa Nueva,0482,presidente
