mesa,acta_url,partidos,votos_blanco,votos_nulos,votos_total,votos_invalidos,observaciones,departamento,municipio,centro,tipo
3541,,"{'UNE': 45, 'AZUL': 5, 'VALOR UNIONISTA': 15, 'CABAL': 25, 'TODOS': 0, 'VAMOS': 4, 'PHG': 0, 'PR': 3, 'PIN': 0, 'ELEFANTE': 2, 'VICTORIA': 7, 'SEMILLA': 42, 'FCN-NACION': 1, 'PPN': 2, 'UR': 5, 'URNG-MAIZ WINAQ': 8, 'CREO': 1, 'BIEN': 9, 'VIVA': 20, 'MI FAMILIA': 7, 'CAMBIO': 0, 'VOS': 17}",5,47,270,0,Algún campo sin dato,1.Guatemala,10.San Juan Sacatepéquez,0348,presidente
3542,,"{'UNE': 43, 'AZUL': 7, 'VALOR UNIONISTA': 17, 'CABAL': 15, 'TODOS': 0, 'VAMOS': 8, 'PHG': 0, 'PR': 4, 'PIN': 0, 'ELEFANTE': 0, 'VICTORIA': 13, 'SEMILLA': 40, 'FCN-NACION': 2, 'PPN': 2, 'UR': 3, 'URNG-MAIZ WINAQ': 6, 'CREO': 2, 'BIEN': 7, 'VIVA': 27, 'MI FAMILIA': 4, 'CAMBIO': 0, 'VOS': 14}",5,51,270,0,Algún campo sin dato,1.Guatemala,10.San Juan Sacatepéquez,0348,presidente
3543,,"{'UNE': 38, 'AZUL': 6, 'VALOR UNIONISTA': 21, 'CABAL': 22, 'TODOS': 0, 'VAMOS': 10, 'PHG': 0, 'PR': 4, 'PIN': 0, 'ELEFANTE': 4, 'VICTORIA': 10, 'SEMILLA': 31, 'FCN-NACION': 3, 'PPN': 2, 'UR': 4, 'URNG-MAIZ WINAQ': 2, 'CREO': 4, 'BIEN': 12, 'VIVA': 19, 'MI FAMILIA': 7, 'CAMBIO': 0, 'VOS': 11}",6,45,261,0,Algún campo sin dato,1.Guatemala,10.San Juan Sacatepéquez,0348,presidente
3544,,"{'UNE': 25, 'AZUL': 4, 'VALOR UNIONISTA': 16, 'CABAL': 29, 'TODOS': 1, 'VAMOS': 5, 'PHG': 0, 'PR': 1, 'PIN': 0, 'ELEFANTE': 4, 'VICTORIA': 10, 'SEMILLA': 52, 'FCN-NACION': 1, 'PPN': 2, 'UR': 2, 'URNG-MAIZ WINAQ': 3, 'CREO': 2, 'BIEN': 15, 'VIVA': 32, 'MI FAMILIA': 1, 'CAMBIO': 0, 'VOS': 19}",6,34,264,0,Algún campo sin dato,1.Guatemala,10.San Juan Sacatepéquez,0348,presidente
3545,,"{'UNE': 48, 'AZUL': 5, 'VALOR UNIONISTA': 18, 'CABAL': 19, 'TODOS': 0, 'VAMOS': 3, 'PHG': 0, 'PR': 7, 'PIN': 0, 'ELEFANTE': 1, 'VICTORIA': 12, 'SEMILLA': 39, 'FCN-NACION': 1, 'PPN': 2, 'UR': 5, 'URNG-MAIZ WINAQ': 3, 'CREO': 4, 'BIEN': 16, 'VIVA': 18, 'MI FAMILIA': 3, 'CAMBIO': 0, 'VOS': 16}",3,49,272,0,Algún campo sin dato,1.Guatemala,10.San Juan Sacatepéquez,0348,presidente
3546,,"{'UNE': 41, 'AZUL': 4, 'VALOR UNIONISTA': 16, 'CABAL': 17, 'TODOS': 0, 'VAMOS': 4, 'PHG': 0, 'PR': 4, 'PIN': 1, 'ELEFANTE': 4, 'VICTORIA': 7, 'SEMILLA': 51, 'FCN-NACION': 1, 'PPN': 1, 'UR': 5, 'URNG-MAIZ WINAQ': 6, 'CREO': 4, 'BIEN': 16, 'VIVA': 19, 'MI FAMILIA': 10, 'CAMBIO': 0, 'VOS': 14}",7,47,279,0,Algún campo sin dato,1.Guatemala,10.San Juan Sacatepéquez,0348,presidente
3547,,"{'UNE': 33, 'AZUL': 3, 'VALOR UNIONISTA': 19, 'CABAL': 23, 'TODOS': 1, 'VAMOS': 7, 'PHG': 0, 'PR': 6, 'PIN': 1, 'ELEFANTE': 4, 'VICTORIA': 10, 'SEMILLA': 47, 'FCN-NACION': 1, 'PPN': 3, 'UR': 1, 'URNG-MAIZ WINAQ': 9, 'CREO': 1, 'BIEN': 10, 'VIVA': 24, 'MI FAMILIA': 4, 'CAMBIO': 0, 'VOS': 23}",9,55,294,0,Algún campo sin dato,1.Guatemala,10.San Juan Sacatepéquez,0348,presidente
3548,,"{'UNE': 33, 'AZUL': 3, 'VALOR UNIONISTA': 22, 'CABAL': 16, 'TODOS': 2, 'VAMOS': 2, 'PHG': 1, 'PR': 5, 'PIN': 0, 'ELEFANTE': 3, 'VICTORIA': 14, 'SEMILLA': 51, 'FCN-NACION': 3, 'PPN': 1, 'UR': 7, 'URNG-MAIZ WINAQ': 11, 'CREO': 2, 'BIEN': 21, 'VIVA': 20, 'MI FAMILIA': 3, 'CAMBIO': 1, 'VOS': 23}",3,51,298,0,Algún campo sin dato,1.Guatemala,10.San Juan Sacatepéquez,0348,presidente
3549,,"{'UNE': 34, 'AZUL': 5, 'VALOR UNIONISTA': 15, 'CABAL': 14, 'TODOS': 0, 'VAMOS': 7, 'PHG': 0, 'PR': 9, 'PIN': 0, 'ELEFANTE': 3, 'VICTORIA': 10, 'SEMILLA': 58, 'FCN-NACION': 4, 'PPN': 1, 'UR': 3, 'URNG-MAIZ WINAQ': 12, 'CREO': 1, 'BIEN': 8, 'VIVA': 23, 'MI FAMILIA': 4, 'CAMBIO': 0, 'VOS': 27}",4,48,290,0,Algún campo sin dato,1.Guatemala,10.San Juan Sacatepéquez,0348,presidente
3550,,"{'UNE': 26, 'AZUL': 2, 'VALOR UNIONISTA': 8, 'CABAL': 15, 'TODOS': 1, 'VAMOS': 5, 'PHG': 0, 'PR': 1, 'PIN': 0, 'ELEFANTE': 3, 'VICTORIA': 12, 'SEMILLA': 59, 'FCN-NACION': 2, 'PPN': 1, 'UR': 3, 'URNG-MAIZ WINAQ': 2, 'CREO': 1, 'BIEN': 12, 'VIVA': 17, 'MI FAMILIA': 3, 'CAMBIO': 3, 'VOS': 24}",1,36,237,0,Algún campo sin dato,1.Guatemala,10.San Juan Sacatepéquez,0348,presidente
3551,,"{'UNE': 32, 'AZUL': 2, 'VALOR UNIONISTA': 18, 'CABAL': 16, 'TODOS': 1, 'VAMOS': 3, 'PHG': 0, 'PR': 3, 'PIN': 0, 'ELEFANTE': 2, 'VICTORIA': 10, 'SEMILLA': 66, 'FCN-NACION': 3, 'PPN': 0, 'UR': 2, 'URNG-MAIZ WINAQ': 5, 'CREO': 0, 'BIEN': 9, 'VIVA': 16, 'MI FAMILIA': 2, 'CAMBIO': 1, 'VOS': 22}",5,45,263,0,Algún campo sin dato,1.Guatemala,10.San Juan Sacatepéquez,0348,presidente
3552,,"{'UNE': 32, 'AZUL': 6, 'VALOR UNIONISTA': 21, 'CABAL': 13, 'TODOS': 0, 'VAMOS': 3, 'PHG': 0, 'PR': 5, 'PIN': 1, 'ELEFANTE': 1, 'VICTORIA': 14, 'SEMILLA': 55, 'FCN-NACION': 0, 'PPN': 1, 'UR': 5, 'URNG-MAIZ WINAQ': 3, 'CREO': 1, 'BIEN': 8, 'VIVA': 22, 'MI FAMILIA': 1, 'CAMBIO': 0, 'VOS': 18}",5,45,260,0,Algún campo sin dato,1.Guatemala,10.San Juan Sacatepéquez,0348,presidente
3553,,"{'UNE': 31, 'AZUL': 3, 'VALOR UNIONISTA': 16, 'CABAL': 9, 'TODOS': 0, 'VAMOS': 3, 'PHG': 1, 'PR': 4, 'PIN': 0, 'ELEFANTE': 0, 'VICTORIA': 9, 'SEMILLA': 53, 'FCN-NACION': 1, 'PPN': 1, 'UR': 5, 'URNG-MAIZ WINAQ': 8, 'CREO': 3, 'BIEN': 8, 'VIVA': 21, 'MI FAMILIA': 3, 'CAMBIO': 0, 'VOS': 28}",4,49,260,0,Algún campo sin dato,1.Guatemala,10.San Juan Sacatepéquez,0348,presidente
3554,,"{'UNE': 26, 'AZUL': 7, 'VALOR UNIONISTA': 15, 'CABAL': 23, 'TODOS': 0, 'VAMOS': 4, 'PHG': 0, 'PR': 2, 'PIN': 0, 'ELEFANTE': 4, 'VICTORIA': 10, 'SEMILLA': 55, 'FCN-NACION': 2, 'PPN': 0, 'UR': 3, 'URNG-MAIZ WINAQ': 10, 'CREO': 2, 'BIEN': 10, 'VIVA': 25, 'MI FAMILIA': 4, 'CAMBIO': 0, 'VOS': 21}",3,36,262,0,Algún campo sin dato,1.Guatemala,10.San Juan Sacatepéquez,0348,presidente
3555,,"{'UNE': 36, 'AZUL': 4, 'VALOR UNIONISTA': 16, 'CABAL': 19, 'TODOS': 1, 'VAMOS': 3, 'PHG': 1, 'PR': 2, 'PIN': 1, 'ELEFANTE': 2, 'VICTORIA': 12, 'SEMILLA': 40, 'FCN-NACION': 3, 'PPN': 3, 'UR': 4, 'URNG-MAIZ WINAQ': 3, 'CREO': 0, 'BIEN': 16, 'VIVA': 33, 'MI FAMILIA': 6, 'CAMBIO': 0, 'VOS': 17}",7,44,273,0,Algún campo sin dato,1.Guatemala,10.San Juan Sacatepéquez,0349,presidente
3556,,"{'UNE': 42, 'AZUL': 2, 'VALOR UNIONISTA': 18, 'CABAL': 19, 'TODOS': 0, 'VAMOS': 8, 'PHG': 0, 'PR': 4, 'PIN': 0, 'ELEFANTE': 7, 'VICTORIA': 10, 'SEMILLA': 49, 'FCN-NACION': 2, 'PPN': 2, 'UR': 2, 'URNG-MAIZ WINAQ': 4, 'CREO': 0, 'BIEN': 13, 'VIVA': 20, 'MI FAMILIA': 4, 'CAMBIO': 0, 'VOS': 18}",2,48,274,0,Algún campo sin dato,1.Guatemala,10.San Juan Sacatepéquez,0349,presidente
3557,,"{'UNE': 23, 'AZUL': 7, 'VALOR UNIONISTA': 19, 'CABAL': 30, 'TODOS': 0, 'VAMOS': 6, 'PHG': 0, 'PR': 1, 'PIN': 0, 'ELEFANTE': 4, 'VICTORIA': 4, 'SEMILLA': 75, 'FCN-NACION': 0, 'PPN': 0, 'UR': 3, 'URNG-MAIZ WINAQ': 11, 'CREO': 1, 'BIEN': 9, 'VIVA': 19, 'MI FAMILIA': 7, 'CAMBIO': 1, 'VOS': 21}",5,38,284,0,Algún campo sin dato,1.Guatemala,10.San Juan Sacatepéquez,0349,presidente
3558,,"{'UNE': 36, 'AZUL': 2, 'VALOR UNIONISTA': 18, 'CABAL': 17, 'TODOS': 1, 'VAMOS': 7, 'PHG': 0, 'PR': 4, 'PIN': 0, 'ELEFANTE': 5, 'VICTORIA': 14, 'SEMILLA': 39, 'FCN-NACION': 3, 'PPN': 3, 'UR': 3, 'URNG-MAIZ WINAQ': 7, 'CREO': 1, 'BIEN': 6, 'VIVA': 20, 'MI FAMILIA': 5, 'CAMBIO': 0, 'VOS': 19}",4,55,269,0,Algún campo sin dato,1.Guatemala,10.San Juan Sacatepéquez,0349,presidente
3559,,"{'UNE': 43, 'AZUL': 5, 'VALOR UNIONISTA': 13, 'CABAL': 14, 'TODOS': 1, 'VAMOS': 9, 'PHG': 1, 'PR': 7, 'PIN': 1, 'ELEFANTE': 2, 'VICTORIA': 9, 'SEMILLA': 47, 'FCN-NACION': 2, 'PPN': 1, 'UR': 2, 'URNG-MAIZ WINAQ': 7, 'CREO': 1, 'BIEN': 7, 'VIVA': 24, 'MI FAMILIA': 5, 'CAMBIO': 1, 'VOS': 11}",9,48,270,0,Algún campo sin dato,1.Guatemala,10.San Juan Sacatepéquez,0349,presidente
3560,,"{'UNE': 40, 'AZUL': 0, 'VALOR UNIONISTA': 8, 'CABAL': 14, 'TODOS': 1, 'VAMOS': 5, 'PHG': 0, 'PR': 2, 'PIN': 0, 'ELEFANTE': 3, 'VICTORIA': 13, 'SEMILLA': 54, 'FCN-NACION': 1, 'PPN': 3, 'UR': 7, 'URNG-MAIZ WINAQ': 13, 'CREO': 1, 'BIEN': 12, 'VIVA': 17, 'MI FAMILIA': 3, 'CAMBIO': 1, 'VOS': 11}",9,56,274,0,Algún campo sin dato,1.Guatemala,10.San Juan Sacatepéquez,0349,presidente
3561,,"{'UNE': 36, 'AZUL': 2, 'VALOR UNIONISTA': 8, 'CABAL': 14, 'TODOS': 1, 'VAMOS': 6, 'PHG': 0, 'PR': 6, 'PIN': 0, 'ELEFANTE': 0, 'VICTORIA': 14, 'SEMILLA': 50, 'FCN-NACION': 3, 'PPN': 1, 'UR': 8, 'URNG-MAIZ WINAQ': 4, 'CREO': 3, 'BIEN': 11, 'VIVA': 14, 'MI FAMILIA': 4, 'CAMBIO': 0, 'VOS': 17}",8,34,244,0,Algún campo sin dato,1.Guatemala,10.San Juan Sacatepéquez,0349,presidente
3562,,"{'UNE': 39, 'AZUL': 5, 'VALOR UNIONISTA': 11, 'CABAL': 18, 'TODOS': 0, 'VAMOS': 8, 'PHG': 0, 'PR': 5, 'PIN': 0, 'ELEFANTE': 8, 'VICTORIA': 7, 'SEMILLA': 47, 'FCN-NACION': 2, 'PPN': 0, 'UR': 4, 'URNG-MAIZ WINAQ': 3, 'CREO': 1, 'BIEN': 6, 'VIVA': 17, 'MI FAMILIA': 8, 'CAMBIO': 1, 'VOS': 14}",8,38,250,0,Algún campo sin dato,1.Guatemala,10.San Juan Sacatepéquez,0349,presidente
3563,,"{'UNE': 43, 'AZUL': 4, 'VALOR UNIONISTA': 6, 'CABAL': 24, 'TODOS': 1, 'VAMOS': 6, 'PHG': 1, 'PR': 3, 'PIN': 1, 'ELEFANTE': 5, 'VICTORIA': 10, 'SEMILLA': 37, 'FCN-NACION': 1, 'PPN': 2, 'UR': 5, 'URNG-MAIZ WINAQ': 4, 'CREO': 1, 'BIEN': 11, 'VIVA': 17, 'MI FAMILIA': 6, 'CAMBIO': 0, 'VOS': 17}",11,37,253,0,Algún campo sin dato,1.Guatemala,10.San Juan Sacatepéquez,0349,presidente
3564,,"{'UNE': 43, 'AZUL': 1, 'VALOR UNIONISTA': 24, 'CABAL': 11, 'TODOS': 1, 'VAMOS': 6, 'PHG': 0, 'PR': 2, 'PIN': 3, 'ELEFANTE': 0, 'VICTORIA': 9, 'SEMILLA': 45, 'FCN-NACION': 4, 'PPN': 1, 'UR': 2, 'URNG-MAIZ WINAQ': 3, 'CREO': 0, 'BIEN': 9, 'VIVA': 15, 'MI FAMILIA': 2, 'CAMBIO': 0, 'VOS': 11}",5,38,235,4,Algún campo sin dato,1.Guatemala,10.San Juan Sacatepéquez,0349,presidente
3565,,"{'UNE': 42, 'AZUL': 2, 'VALOR UNIONISTA': 10, 'CABAL': 17, 'TODOS': 1, 'VAMOS': 3, 'PHG': 1, 'PR': 1, 'PIN': 0, 'ELEFANTE': 2, 'VICTORIA': 7, 'SEMILLA': 33, 'FCN-NACION': 0, 'PPN': 1, 'UR': 5, 'URNG-MAIZ WINAQ': 3, 'CREO': 0, 'BIEN': 13, 'VIVA': 16, 'MI FAMILIA': 1, 'CAMBIO': 1, 'VOS': 21}",4,45,229,0,Algún campo sin dato,1.Guatemala,10.San Juan Sacatepéquez,0349,presidente
3566,,"{'UNE': 30, 'AZUL': 1, 'VALOR UNIONISTA': 10, 'CABAL': 11, 'TODOS': 1, 'VAMOS': 9, 'PHG': 0, 'PR': 1, 'PIN': 1, 'ELEFANTE': 1, 'VICTORIA': 7, 'SEMILLA': 49, 'FCN-NACION': 2, 'PPN': 0, 'UR': 2, 'URNG-MAIZ WINAQ': 1, 'CREO': 2, 'BIEN': 8, 'VIVA': 16, 'MI FAMILIA': 3, 'CAMBIO': 0, 'VOS': 20}",3,42,220,0,Algún campo sin dato,1.Guatemala,10.San Juan Sacatepéquez,0349,presidente
3567,,"{'UNE': 21, 'AZUL': 2, 'VALOR UNIONISTA': 9, 'CABAL': 9, 'TODOS': 1, 'VAMOS': 3, 'PHG': 1, 'PR': 1, 'PIN': 0, 'ELEFANTE': 2, 'VICTORIA': 4, 'SEMILLA': 100, 'FCN-NACION': 2, 'PPN': 2, 'UR': 3, 'URNG-MAIZ WINAQ': 3, 'CREO': 2, 'BIEN': 17, 'VIVA': 17, 'MI FAMILIA': 1, 'CAMBIO': 1, 'VOS': 23}",0,26,250,0,Algún campo sin dato,1.Guatemala,10.San Juan Sacatepéquez,0349,presidente
3568,,"{'UNE': 20, 'AZUL': 3, 'VALOR UNIONISTA': 7, 'CABAL': 11, 'TODOS': 0, 'VAMOS': 1, 'PHG': 0, 'PR': 0, 'PIN': 0, 'ELEFANTE': 3, 'VICTORIA': 7, 'SEMILLA': 90, 'FCN-NACION': 1, 'PPN': 2, 'UR': 3, 'URNG-MAIZ WINAQ': 2, 'CREO': 0, 'BIEN': 15, 'VIVA': 10, 'MI FAMILIA': 1, 'CAMBIO': 0, 'VOS': 19}",0,32,227,0,Algún campo sin dato,1.Guatemala,10.San Juan Sacatepéquez,0349,presidente
3569,,"{'UNE': 10, 'AZUL': 2, 'VALOR UNIONISTA': 10, 'CABAL': 9, 'TODOS': 0, 'VAMOS': 5, 'PHG': 0, 'PR': 0, 'PIN': 0, 'ELEFANTE': 2, 'VICTORIA': 1, 'SEMILLA': 104, 'FCN-NACION': 3, 'PPN': 0, 'UR': 1, 'URNG-MAIZ WINAQ': 2, 'CREO': 0, 'BIEN': 10, 'VIVA': 7, 'MI FAMILIA': 2, 'CAMBIO': 0, 'VOS': 16}",0,27,211,189,Algún campo sin dato,1.Guatemala,10.San Juan Sacatepéquez,0349,presidente
3570,,"{'UNE': 15, 'AZUL': 2, 'VALOR UNIONISTA': 4, 'CABAL': 16, 'TODOS': 0, 'VAMOS': 2, 'PHG': 0, 'PR': 1, 'PIN': 1, 'ELEFANTE': 2, 'VICTORIA': 9, 'SEMILLA': 99, 'FCN-NACION': 2, 'PPN': 2, 'UR': 1, 'URNG-MAIZ WINAQ': 4, 'CREO': 2, 'BIEN': 7, 'VIVA': 14, 'MI FAMILIA': 9, 'CAMBIO': 1, 'VOS': 17}",3,30,243,0,Algún campo sin dato,1.Guatemala,10.San Juan Sacatepéquez,0349,presidente
3571,,"{'UNE': 13, 'AZUL': 0, 'VALOR UNIONISTA': 8, 'CABAL': 9, 'TODOS': 0, 'VAMOS': 0, 'PHG': 0, 'PR': 2, 'PIN': 1, 'ELEFANTE': 2, 'VICTORIA': 7, 'SEMILLA': 99, 'FCN-NACION': 1, 'PPN': 2, 'UR': 3, 'URNG-MAIZ WINAQ': 2, 'CREO': 0, 'BIEN': 8, 'VIVA': 11, 'MI FAMILIA': 3, 'CAMBIO': 0, 'VOS': 20}",1,26,218,0,Algún campo sin dato,1.Guatemala,10.San Juan Sacatepéquez,0349,presidente
3572,,"{'UNE': 23, 'AZUL': 1, 'VALOR UNIONISTA': 2, 'CABAL': 12, 'TODOS': 0, 'VAMOS': 4, 'PHG': 0, 'PR': 0, 'PIN': 0, 'ELEFANTE': 1, 'VICTORIA': 7, 'SEMILLA': 70, 'FCN-NACION': 2, 'PPN': 3, 'UR': 3, 'URNG-MAIZ WINAQ': 1, 'CREO': 1, 'BIEN': 8, 'VIVA': 17, 'MI FAMILIA': 2, 'CAMBIO': 0, 'VOS': 11}",2,29,199,0,Algún campo sin dato,1.Guatemala,10.San Juan Sacatepéquez,0349,presidente
3573,,"{'UNE': 20, 'AZUL': 0, 'VALOR UNIONISTA': 7, 'CABAL': 17, 'TODOS': 0, 'VAMOS': 6, 'PHG': 0, 'PR': 0, 'PIN': 0, 'ELEFANTE': 1, 'VICTORIA': 6, 'SEMILLA': 70, 'FCN-NACION': 1, 'PPN': 1, 'UR': 4, 'URNG-MAIZ WINAQ': 2, 'CREO': 0, 'BIEN': 4, 'VIVA': 18, 'MI FAMILIA': 2, 'CAMBIO': 0, 'VOS': 14}",5,21,199,0,Algún campo sin dato,1.Guatemala,10.San Juan Sacatepéquez,0350,presidente
3574,,"{'UNE': 24, 'AZUL': 2, 'VALOR UNIONISTA': 9, 'CABAL': 9, 'TODOS': 0, 'VAMOS': 1, 'PHG': 0, 'PR': 0, 'PIN': 0, 'ELEFANTE': 2, 'VICTORIA': 4, 'SEMILLA': 53, 'FCN-NACION': 4, 'PPN': 0, 'UR': 3, 'URNG-MAIZ WINAQ': 6, 'CREO': 0, 'BIEN': 9, 'VIVA': 13, 'MI FAMILIA': 0, 'CAMBIO': 1, 'VOS': 12}",4,22,178,0,Algún campo sin dato,1.Guatemala,10.San Juan Sacatepéquez,0350,presidente
3575,,"{'UNE': 9, 'AZUL': 1, 'VALOR UNIONISTA': 0, 'CABAL': 7, 'TODOS': 0, 'VAMOS': 6, 'PHG': 0, 'PR': 2, 'PIN': 0, 'ELEFANTE': 1, 'VICTORIA': 5, 'SEMILLA': 48, 'FCN-NACION': 3, 'PPN': 1, 'UR': 1, 'URNG-MAIZ WINAQ': 6, 'CREO': 0, 'BIEN': 1, 'VIVA': 13, 'MI FAMILIA': 3, 'CAMBIO': 0, 'VOS': 12}",3,33,155,0,Algún campo sin dato,1.Guatemala,10.San Juan Sacatepéquez,0350,presidente
3576,,"{'UNE': 22, 'AZUL': 4, 'VALOR UNIONISTA': 3, 'CABAL': 5, 'TODOS': 1, 'VAMOS': 2, 'PHG': 0, 'PR': 1, 'PIN': 0, 'ELEFANTE': 0, 'VICTORIA': 4, 'SEMILLA': 52, 'FCN-NACION': 0, 'PPN': 2, 'UR': 2, 'URNG-MAIZ WINAQ': 2, 'CREO': 2, 'BIEN': 9, 'VIVA': 17, 'MI FAMILIA': 1, 'CAMBIO': 0, 'VOS': 7}",2,16,154,0,Algún campo sin dato,1.Guatemala,10.San Juan Sacatepéquez,0350,presidente
3577,,"{'UNE': 64, 'AZUL': 6, 'VALOR UNIONISTA': 5, 'CABAL': 20, 'TODOS': 3, 'VAMOS': 6, 'PHG': 0, 'PR': 9, 'PIN': 0, 'ELEFANTE': 0, 'VICTORIA': 10, 'SEMILLA': 31, 'FCN-NACION': 5, 'PPN': 2, 'UR': 7, 'URNG-MAIZ WINAQ': 4, 'CREO': 2, 'BIEN': 7, 'VIVA': 29, 'MI FAMILIA': 8, 'CAMBIO': 0, 'VOS': 9}",25,48,300,0,Algún campo sin dato,1.Guatemala,10.San Juan Sacatepéquez,0351,presidente
3578,,"{'UNE': 49, 'AZUL': 4, 'VALOR UNIONISTA': 8, 'CABAL': 10, 'TODOS': 0, 'VAMOS': 4, 'PHG': 0, 'PR': 5, 'PIN': 1, 'ELEFANTE': 2, 'VICTORIA': 8, 'SEMILLA': 37, 'FCN-NACION': 5, 'PPN': 1, 'UR': 5, 'URNG-MAIZ WINAQ': 5, 'CREO': 0, 'BIEN': 17, 'VIVA': 25, 'MI FAMILIA': 4, 'CAMBIO': 0, 'VOS': 22}",3,51,266,0,Algún campo sin dato,1.Guatemala,10.San Juan Sacatepéquez,0351,presidente
3579,,"{'UNE': 61, 'AZUL': 2, 'VALOR UNIONISTA': 9, 'CABAL': 14, 'TODOS': 1, 'VAMOS': 9, 'PHG': 0, 'PR': 8, 'PIN': 1, 'ELEFANTE': 1, 'VICTORIA': 8, 'SEMILLA': 18, 'FCN-NACION': 2, 'PPN': 3, 'UR': 3, 'URNG-MAIZ WINAQ': 5, 'CREO': 1, 'BIEN': 12, 'VIVA': 18, 'MI FAMILIA': 6, 'CAMBIO': 0, 'VOS': 20}",10,48,260,0,Algún campo sin dato,1.Guatemala,10.San Juan Sacatepéquez,0351,presidente
3580,,"{'UNE': 31, 'AZUL': 3, 'VALOR UNIONISTA': 4, 'CABAL': 3, 'TODOS': 3, 'VAMOS': 2, 'PHG': 0, 'PR': 1, 'PIN': 0, 'ELEFANTE': 4, 'VICTORIA': 7, 'SEMILLA': 32, 'FCN-NACION': 2, 'PPN': 2, 'UR': 1, 'URNG-MAIZ WINAQ': 2, 'CREO': 1, 'BIEN': 7, 'VIVA': 15, 'MI FAMILIA': 5, 'CAMBIO': 0, 'VOS': 5}",0,38,168,0,Algún campo sin dato,1.Guatemala,10.San Juan Sacatepéquez,0351,presidente
3581,,"{'UNE': 21, 'AZUL': 3, 'VALOR UNIONISTA': 6, 'CABAL': 13, 'TODOS': 0, 'VAMOS': 1, 'PHG': 0, 'PR': 0, 'PIN': 0, 'ELEFANTE': 1, 'VICTORIA': 4, 'SEMILLA': 30, 'FCN-NACION': 0, 'PPN': 0, 'UR': 2, 'URNG-MAIZ WINAQ': 0, 'CREO': 0, 'BIEN': 3, 'VIVA': 25, 'MI FAMILIA': 3, 'CAMBIO': 0, 'VOS': 5}",3,17,137,0,Algún campo sin dato,1.Guatemala,10.San Juan Sacatepéquez,0351,presidente
3582,,"{'UNE': 30, 'AZUL': 6, 'VALOR UNIONISTA': 17, 'CABAL': 10, 'TODOS': 1, 'VAMOS': 17, 'PHG': 1, 'PR': 2, 'PIN': 0, 'ELEFANTE': 7, 'VICTORIA': 4, 'SEMILLA': 21, 'FCN-NACION': 2, 'PPN': 1, 'UR': 3, 'URNG-MAIZ WINAQ': 4, 'CREO': 0, 'BIEN': 16, 'VIVA': 31, 'MI FAMILIA': 2, 'CAMBIO': 1, 'VOS': 5}",8,57,246,0,Algún campo sin dato,1.Guatemala,10.San Juan Sacatepéquez,0352,presidente
3583,,"{'UNE': 61, 'AZUL': 4, 'VALOR UNIONISTA': 21, 'CABAL': 9, 'TODOS': 8, 'VAMOS': 14, 'PHG': 0, 'PR': 1, 'PIN': 0, 'ELEFANTE': 1, 'VICTORIA': 9, 'SEMILLA': 16, 'FCN-NACION': 2, 'PPN': 1, 'UR': 4, 'URNG-MAIZ WINAQ': 2, 'CREO': 5, 'BIEN': 14, 'VIVA': 18, 'MI FAMILIA': 2, 'CAMBIO': 0, 'VOS': 5}",13,49,259,0,Algún campo sin dato,1.Guatemala,10.San Juan Sacatepéquez,0352,presidente
3584,,"{'UNE': 25, 'AZUL': 3, 'VALOR UNIONISTA': 19, 'CABAL': 11, 'TODOS': 3, 'VAMOS': 8, 'PHG': 0, 'PR': 3, 'PIN': 0, 'ELEFANTE': 2, 'VICTORIA': 7, 'SEMILLA': 32, 'FCN-NACION': 3, 'PPN': 2, 'UR': 4, 'URNG-MAIZ WINAQ': 4, 'CREO': 1, 'BIEN': 12, 'VIVA': 39, 'MI FAMILIA': 2, 'CAMBIO': 0, 'VOS': 7}",10,52,249,0,Algún campo sin dato,1.Guatemala,10.San Juan Sacatepéquez,0352,presidente
3585,,"{'UNE': 29, 'AZUL': 5, 'VALOR UNIONISTA': 9, 'CABAL': 9, 'TODOS': 0, 'VAMOS': 11, 'PHG': 1, 'PR': 0, 'PIN': 0, 'ELEFANTE': 6, 'VICTORIA': 12, 'SEMILLA': 25, 'FCN-NACION': 4, 'PPN': 1, 'UR': 6, 'URNG-MAIZ WINAQ': 2, 'CREO': 0, 'BIEN': 12, 'VIVA': 35, 'MI FAMILIA': 4, 'CAMBIO': 0, 'VOS': 4}",9,59,243,0,Algún campo sin dato,1.Guatemala,10.San Juan Sacatepéquez,0352,presidente
3586,,"{'UNE': 50, 'AZUL': 6, 'VALOR UNIONISTA': 18, 'CABAL': 8, 'TODOS': 1, 'VAMOS': 14, 'PHG': 1, 'PR': 3, 'PIN': 0, 'ELEFANTE': 1, 'VICTORIA': 7, 'SEMILLA': 19, 'FCN-NACION': 1, 'PPN': 3, 'UR': 4, 'URNG-MAIZ WINAQ': 6, 'CREO': 1, 'BIEN': 14, 'VIVA': 24, 'MI FAMILIA': 2, 'CAMBIO': 0, 'VOS': 8}",3,44,238,0,Algún campo sin dato,1.Guatemala,10.San Juan Sacatepéquez,0352,presidente
3587,,"{'UNE': 36, 'AZUL': 2, 'VALOR UNIONISTA': 8, 'CABAL': 5, 'TODOS': 1, 'VAMOS': 12, 'PHG': 0, 'PR': 2, 'PIN': 4, 'ELEFANTE': 6, 'VICTORIA': 9, 'SEMILLA': 17, 'FCN-NACION': 1, 'PPN': 4, 'UR': 2, 'URNG-MAIZ WINAQ': 5, 'CREO': 1, 'BIEN': 17, 'VIVA': 30, 'MI FAMILIA': 2, 'CAMBIO': 0, 'VOS': 6}",21,39,230,0,Algún campo sin dato,1.Guatemala,10.San Juan Sacatepéquez,0352,presidente
3588,,"{'UNE': 28, 'AZUL': 0, 'VALOR UNIONISTA': 4, 'CABAL': 11, 'TODOS': 0, 'VAMOS': 8, 'PHG': 0, 'PR': 1, 'PIN': 0, 'ELEFANTE': 0, 'VICTORIA': 5, 'SEMILLA': 34, 'FCN-NACION': 0, 'PPN': 1, 'UR': 6, 'URNG-MAIZ WINAQ': 2, 'CREO': 0, 'BIEN': 7, 'VIVA': 27, 'MI FAMILIA': 3, 'CAMBIO': 0, 'VOS': 10}",5,38,190,0,Algún campo sin dato,1.Guatemala,10.San Juan Sacatepéquez,0352,presidente
3589,,"{'UNE': 17, 'AZUL': 0, 'VALOR UNIONISTA': 5, 'CABAL': 4, 'TODOS': 1, 'VAMOS': 8, 'PHG': 0, 'PR': 0, 'PIN': 0, 'ELEFANTE': 1, 'VICTORIA': 5, 'SEMILLA': 39, 'FCN-NACION': 2, 'PPN': 0, 'UR': 1, 'URNG-MAIZ WINAQ': 1, 'CREO': 1, 'BIEN': 8, 'VIVA': 10, 'MI FAMILIA': 0, 'CAMBIO': 0, 'VOS': 2}",4,26,135,0,Algún campo sin dato,1.Guatemala,10.San Juan Sacatepéquez,0352,presidente
3590,,"{'UNE': 9, 'AZUL': 0, 'VALOR UNIONISTA': 4, 'CABAL': 6, 'TODOS': 1, 'VAMOS': 5, 'PHG': 0, 'PR': 2, 'PIN': 1, 'ELEFANTE': 1, 'VICTORIA': 6, 'SEMILLA': 18, 'FCN-NACION': 0, 'PPN': 0, 'UR': 1, 'URNG-MAIZ WINAQ': 2, 'CREO': 0, 'BIEN': 5, 'VIVA': 21, 'MI FAMILIA': 0, 'CAMBIO': 0, 'VOS': 5}",4,27,118,0,Algún campo sin dato,1.Guatemala,10.San Juan Sacatepéquez,0352,presidente
3591,,"{'UNE': 70, 'AZUL': 5, 'VALOR UNIONISTA': 16, 'CABAL': 8, 'TODOS': 2, 'VAMOS': 3, 'PHG': 1, 'PR': 2, 'PIN': 0, 'ELEFANTE': 1, 'VICTORIA': 8, 'SEMILLA': 19, 'FCN-NACION': 2, 'PPN': 1, 'UR': 4, 'URNG-MAIZ WINAQ': 4, 'CREO': 1, 'BIEN': 19, 'VIVA': 27, 'MI FAMILIA': 2, 'CAMBIO': 2, 'VOS': 6}",7,42,252,0,Algún campo sin dato,1.Guatemala,10.San Juan Sacatepéquez,0353,presidente
3592,,"{'UNE': 85, 'AZUL': 3, 'VALOR UNIONISTA': 25, 'CABAL': 6, 'TODOS': 0, 'VAMOS': 2, 'PHG': 0, 'PR': 1, 'PIN': 0, 'ELEFANTE': 1, 'VICTORIA': 7, 'SEMILLA': 9, 'FCN-NACION': 1, 'PPN': 1, 'UR': 1, 'URNG-MAIZ WINAQ': 4, 'CREO': 0, 'BIEN': 20, 'VIVA': 18, 'MI FAMILIA': 2, 'CAMBIO': 1, 'VOS': 4}",7,52,250,0,Algún campo sin dato,1.Guatemala,10.San Juan Sacatepéquez,0353,presidente
3593,,"{'UNE': 67, 'AZUL': 1, 'VALOR UNIONISTA': 12, 'CABAL': 11, 'TODOS': 1, 'VAMOS': 0, 'PHG': 0, 'PR': 1, 'PIN': 0, 'ELEFANTE': 3, 'VICTORIA': 13, 'SEMILLA': 22, 'FCN-NACION': 0, 'PPN': 1, 'UR': 8, 'URNG-MAIZ WINAQ': 4, 'CREO': 0, 'BIEN': 13, 'VIVA': 25, 'MI FAMILIA': 3, 'CAMBIO': 0, 'VOS': 10}",6,48,249,0,Algún campo sin dato,1.Guatemala,10.San Juan Sacatepéquez,0353,presidente
3594,,"{'UNE': 64, 'AZUL': 3, 'VALOR UNIONISTA': 12, 'CABAL': 6, 'TODOS': 0, 'VAMOS': 4, 'PHG': 0, 'PR': 0, 'PIN': 0, 'ELEFANTE': 0, 'VICTORIA': 6, 'SEMILLA': 29, 'FCN-NACION': 0, 'PPN': 0, 'UR': 1, 'URNG-MAIZ WINAQ': 3, 'CREO': 2, 'BIEN': 10, 'VIVA': 16, 'MI FAMILIA': 4, 'CAMBIO': 0, 'VOS': 12}",14,50,236,0,Algún campo sin dato,1.Guatemala,10.San Juan Sacatepéquez,0353,presidente
3595,,"{'UNE': 60, 'AZUL': 2, 'VALOR UNIONISTA': 15, 'CABAL': 8, 'TODOS': 0, 'VAMOS': 4, 'PHG': 0, 'PR': 1, 'PIN': 0, 'ELEFANTE': 1, 'VICTORIA': 8, 'SEMILLA': 21, 'FCN-NACION': 1, 'PPN': 0, 'UR': 4, 'URNG-MAIZ WINAQ': 7, 'CREO': 2, 'BIEN': 12, 'VIVA': 25, 'MI FAMILIA': 3, 'CAMBIO': 1, 'VOS': 8}",3,32,218,0,Algún campo sin dato,1.Guatemala,10.San Juan Sacatepéquez,0353,presidente
3596,,"{'UNE': 41, 'AZUL': 3, 'VALOR UNIONISTA': 16, 'CABAL': 8, 'TODOS': 1, 'VAMOS': 8, 'PHG': 0, 'PR': 4, 'PIN': 0, 'ELEFANTE': 0, 'VICTORIA': 8, 'SEMILLA': 29, 'FCN-NACION': 2, 'PPN': 1, 'UR': 8, 'URNG-MAIZ WINAQ': 4, 'CREO': 4, 'BIEN': 16, 'VIVA': 35, 'MI FAMILIA': 1, 'CAMBIO': 1, 'VOS': 12}",6,43,251,0,Algún campo sin dato,1.Guatemala,10.San Juan Sacatepéquez,0353,presidente
3597,,"{'UNE': 48, 'AZUL': 5, 'VALOR UNIONISTA': 18, 'CABAL': 12, 'TODOS': 1, 'VAMOS': 4, 'PHG': 1, 'PR': 3, 'PIN': 0, 'ELEFANTE': 2, 'VICTORIA': 10, 'SEMILLA': 21, 'FCN-NACION': 1, 'PPN': 2, 'UR': 2, 'URNG-MAIZ WINAQ': 1, 'CREO': 1, 'BIEN': 8, 'VIVA': 22, 'MI FAMILIA': 1, 'CAMBIO': 0, 'VOS': 11}",9,38,221,0,,1.Guatemala,10.San Juan Sacatepéquez,0353,presidente
3598,,"{'UNE': 29, 'AZUL': 2, 'VALOR UNIONISTA': 10, 'CABAL': 11, 'TODOS': 0, 'VAMOS': 6, 'PHG': 1, 'PR': 1, 'PIN': 2, 'ELEFANTE': 0, 'VICTORIA': 6, 'SEMILLA': 47, 'FCN-NACION': 2, 'PPN': 0, 'UR': 4, 'URNG-MAIZ WINAQ': 3, 'CREO': 0, 'BIEN': 7, 'VIVA': 22, 'MI FAMILIA': 3, 'CAMBIO': 0, 'VOS': 8}",3,25,192,0,Algún campo sin dato,1.Guatemala,10.San Juan Sacatepéquez,0353,presidente
3599,,"{'UNE': 41, 'AZUL': 3, 'VALOR UNIONISTA': 18, 'CABAL': 3, 'TODOS': 0, 'VAMOS': 3, 'PHG': 0, 'PR': 0, 'PIN': 0, 'ELEFANTE': 1, 'VICTORIA': 11, 'SEMILLA': 46, 'FCN-NACION': 0, 'PPN': 2, 'UR': 1, 'URNG-MAIZ WINAQ': 2, 'CREO': 0, 'BIEN': 7, 'VIVA': 22, 'MI FAMILIA': 0, 'CAMBIO': 0, 'VOS': 10}",1,22,193,0,Algún campo sin dato,1.Guatemala,10.San Juan Sacatepéquez,0353,presidente
3600,,"{'UNE': 29, 'AZUL': 0, 'VALOR UNIONISTA': 6, 'CABAL': 3, 'TODOS': 1, 'VAMOS': 2, 'PHG': 0, 'PR': 1, 'PIN': 0, 'ELEFANTE': 0, 'VICTORIA': 3, 'SEMILLA': 45, 'FCN-NACION': 0, 'PPN': 0, 'UR': 0, 'URNG-MAIZ WINAQ': 1, 'CREO': 0, 'BIEN': 8, 'VIVA': 15, 'MI FAMILIA': 2, 'CAMBIO': 0, 'VOS': 6}",0,23,145,0,Algún campo sin dato,1.Guatemala,10.San Juan Sacatepéquez,0353,presidente
3601,,"{'UNE': 58, 'AZUL': 5, 'VALOR UNIONISTA': 10, 'CABAL': 22, 'TODOS': 0, 'VAMOS': 9, 'PHG': 0, 'PR': 1, 'PIN': 1, 'ELEFANTE': 3, 'VICTORIA': 11, 'SEMILLA': 14, 'FCN-NACION': 3, 'PPN': 6, 'UR': 5, 'URNG-MAIZ WINAQ': 10, 'CREO': 1, 'BIEN': 10, 'VIVA': 33, 'MI FAMILIA': 3, 'CAMBIO': 0, 'VOS': 6}",10,54,275,0,Algún campo sin dato,1.Guatemala,10.San Juan Sacatepéquez,0354,presidente
3602,,"{'UNE': 50, 'AZUL': 1, 'VALOR UNIONISTA': 12, 'CABAL': 23, 'TODOS': 2, 'VAMOS': 3, 'PHG': 1, 'PR': 0, 'PIN': 0, 'ELEFANTE': 3, 'VICTORIA': 11, 'SEMILLA': 17, 'FCN-NACION': 3, 'PPN': 3, 'UR': 4, 'URNG-MAIZ WINAQ': 12, 'CREO': 1, 'BIEN': 8, 'VIVA': 34, 'MI FAMILIA': 4, 'CAMBIO': 0, 'VOS': 13}",11,65,281,0,Algún campo sin dato,1.Guatemala,10.San Juan Sacatepéquez,0354,presidente
3603,,"{'UNE': 64, 'AZUL': 0, 'VALOR UNIONISTA': 12, 'CABAL': 15, 'TODOS': 0, 'VAMOS': 7, 'PHG': 0, 'PR': 5, 'PIN': 1, 'ELEFANTE': 1, 'VICTORIA': 9, 'SEMILLA': 13, 'FCN-NACION': 4, 'PPN': 0, 'UR': 4, 'URNG-MAIZ WINAQ': 11, 'CREO': 0, 'BIEN': 6, 'VIVA': 22, 'MI FAMILIA': 4, 'CAMBIO': 5, 'VOS': 10}",19,54,266,0,Algún campo sin dato,1.Guatemala,10.San Juan Sacatepéquez,0354,presidente
3604,,"{'UNE': 55, 'AZUL': 2, 'VALOR UNIONISTA': 5, 'CABAL': 21, 'TODOS': 1, 'VAMOS': 5, 'PHG': 0, 'PR': 2, 'PIN': 0, 'ELEFANTE': 1, 'VICTORIA': 7, 'SEMILLA': 33, 'FCN-NACION': 7, 'PPN': 5, 'UR': 3, 'URNG-MAIZ WINAQ': 7, 'CREO': 1, 'BIEN': 13, 'VIVA': 42, 'MI FAMILIA': 3, 'CAMBIO': 0, 'VOS': 12}",11,51,287,0,Algún campo sin dato,1.Guatemala,10.San Juan Sacatepéquez,0354,presidente
3605,,"{'UNE': 52, 'AZUL': 3, 'VALOR UNIONISTA': 8, 'CABAL': 8, 'TODOS': 1, 'VAMOS': 9, 'PHG': 0, 'PR': 1, 'PIN': 0, 'ELEFANTE': 2, 'VICTORIA': 7, 'SEMILLA': 28, 'FCN-NACION': 2, 'PPN': 2, 'UR': 3, 'URNG-MAIZ WINAQ': 8, 'CREO': 3, 'BIEN': 12, 'VIVA': 30, 'MI FAMILIA': 4, 'CAMBIO': 1, 'VOS': 10}",4,61,259,0,Algún campo sin dato,1.Guatemala,10.San Juan Sacatepéquez,0354,presidente
3606,,"{'UNE': 46, 'AZUL': 1, 'VALOR UNIONISTA': 8, 'CABAL': 12, 'TODOS': 0, 'VAMOS': 4, 'PHG': 1, 'PR': 4, 'PIN': 1, 'ELEFANTE': 3, 'VICTORIA': 11, 'SEMILLA': 29, 'FCN-NACION': 6, 'PPN': 3, 'UR': 8, 'URNG-MAIZ WINAQ': 5, 'CREO': 3, 'BIEN': 12, 'VIVA': 28, 'MI FAMILIA': 6, 'CAMBIO': 0, 'VOS': 9}",8,56,264,0,Algún campo sin dato,1.Guatemala,10.San Juan Sacatepéquez,0354,presidente
3607,,"{'UNE': 47, 'AZUL': 2, 'VALOR UNIONISTA': 12, 'CABAL': 17, 'TODOS': 1, 'VAMOS': 9, 'PHG': 2, 'PR': 2, 'PIN': 0, 'ELEFANTE': 1, 'VICTORIA': 5, 'SEMILLA': 28, 'FCN-NACION': 2, 'PPN': 3, 'UR': 2, 'URNG-MAIZ WINAQ': 4, 'CREO': 2, 'BIEN': 8, 'VIVA': 31, 'MI FAMILIA': 4, 'CAMBIO': 1, 'VOS': 9}",13,58,263,0,Algún campo sin dato,1.Guatemala,10.San Juan Sacatepéquez,0354,presidente
3608,,"{'UNE': 49, 'AZUL': 3, 'VALOR UNIONISTA': 9, 'CABAL': 12, 'TODOS': 2, 'VAMOS': 5, 'PHG': 1, 'PR': 4, 'PIN': 1, 'ELEFANTE': 1, 'VICTORIA': 10, 'SEMILLA': 24, 'FCN-NACION': 4, 'PPN': 5, 'UR': 7, 'URNG-MAIZ WINAQ': 10, 'CREO': 1, 'BIEN': 3, 'VIVA': 26, 'MI FAMILIA': 5, 'CAMBIO': 1, 'VOS': 16}",10,52,261,0,Algún campo sin dato,1.Guatemala,10.San Juan Sacatepéquez,0354,presidente
3609,,"{'UNE': 50, 'AZUL': 2, 'VALOR UNIONISTA': 12, 'CABAL': 17, 'TODOS': 3, 'VAMOS': 5, 'PHG': 0, 'PR': 4, 'PIN': 2, 'ELEFANTE': 1, 'VICTORIA': 10, 'SEMILLA': 19, 'FCN-NACION': 3, 'PPN': 2, 'UR': 5, 'URNG-MAIZ WINAQ': 3, 'CREO': 2, 'BIEN': 12, 'VIVA': 22, 'MI FAMILIA': 5, 'CAMBIO': 3, 'VOS': 12}",7,47,248,0,Algún campo sin dato,1.Guatemala,10.San Juan Sacatepéquez,0354,presidente
3610,,"{'UNE': 51, 'AZUL': 6, 'VALOR UNIONISTA': 12, 'CABAL': 18, 'TODOS': 0, 'VAMOS': 3, 'PHG': 2, 'PR': 1, 'PIN': 2, 'ELEFANTE': 3, 'VICTORIA': 7, 'SEMILLA': 26, 'FCN-NACION': 3, 'PPN': 4, 'UR': 5, 'URNG-MAIZ WINAQ': 6, 'CREO': 1, 'BIEN': 17, 'VIVA': 17, 'MI FAMILIA': 5, 'CAMBIO': 1, 'VOS': 9}",12,55,266,0,Algún campo sin dato,1.Guatemala,10.San Juan Sacatepéquez,0354,presidente
3611,,"{'UNE': 67, 'AZUL': 2, 'VALOR UNIONISTA': 13, 'CABAL': 19, 'TODOS': 4, 'VAMOS': 7, 'PHG': 0, 'PR': 2, 'PIN': 1, 'ELEFANTE': 6, 'VICTORIA': 9, 'SEMILLA': 22, 'FCN-NACION': 1, 'PPN': 3, 'UR': 5, 'URNG-MAIZ WINAQ': 11, 'CREO': 1, 'BIEN': 9, 'VIVA': 15, 'MI FAMILIA': 3, 'CAMBIO': 1, 'VOS': 6}",12,54,273,0,Algún campo sin dato,1.Guatemala,10.San Juan Sacatepéquez,0354,presidente
3612,,"{'UNE': 70, 'AZUL': 3, 'VALOR UNIONISTA': 10, 'CABAL': 12, 'TODOS': 0, 'VAMOS': 4, 'PHG': 0, 'PR': 2, 'PIN': 0, 'ELEFANTE': 0, 'VICTORIA': 7, 'SEMILLA': 13, 'FCN-NACION': 5, 'PPN': 2, 'UR': 6, 'URNG-MAIZ WINAQ': 3, 'CREO': 2, 'BIEN': 7, 'VIVA': 12, 'MI FAMILIA': 5, 'CAMBIO': 1, 'VOS': 10}",14,52,240,0,Algún campo sin dato,1.Guatemala,10.San Juan Sacatepéquez,0354,presidente
3613,,"{'UNE': 57, 'AZUL': 2, 'VALOR UNIONISTA': 11, 'CABAL': 14, 'TODOS': 0, 'VAMOS': 4, 'PHG': 0, 'PR': 1, 'PIN': 1, 'ELEFANTE': 1, 'VICTORIA': 11, 'SEMILLA': 10, 'FCN-NACION': 2, 'PPN': 3, 'UR': 2, 'URNG-MAIZ WINAQ': 5, 'CREO': 0, 'BIEN': 3, 'VIVA': 16, 'MI FAMILIA': 3, 'CAMBIO': 0, 'VOS': 7}",18,60,231,0,Algún campo sin dato,1.Guatemala,10.San Juan Sacatepéquez,0354,presidente
3614,,"{'UNE': 59, 'AZUL': 0, 'VALOR UNIONISTA': 9, 'CABAL': 14, 'TODOS': 1, 'VAMOS': 9, 'PHG': 0, 'PR': 7, 'PIN': 0, 'ELEFANTE': 2, 'VICTORIA': 7, 'SEMILLA': 14, 'FCN-NACION': 3, 'PPN': 0, 'UR': 4, 'URNG-MAIZ WINAQ': 4, 'CREO': 1, 'BIEN': 8, 'VIVA': 21, 'MI FAMILIA': 5, 'CAMBIO': 1, 'VOS': 5}",14,45,233,0,Algún campo sin dato,1.Guatemala,10.San Juan Sacatepéquez,0354,presidente
3615,,"{'UNE': 50, 'AZUL': 2, 'VALOR UNIONISTA': 10, 'CABAL': 18, 'TODOS': 2, 'VAMOS': 8, 'PHG': 0, 'PR': 1, 'PIN': 0, 'ELEFANTE': 2, 'VICTORIA': 10, 'SEMILLA': 28, 'FCN-NACION': 3, 'PPN': 0, 'UR': 1, 'URNG-MAIZ WINAQ': 5, 'CREO': 3, 'BIEN': 6, 'VIVA': 30, 'MI FAMILIA': 4, 'CAMBIO': 0, 'VOS': 5}",6,49,243,0,Algún campo sin dato,1.Guatemala,10.San Juan Sacatepéquez,0354,presidente
3616,,"{'UNE': 22, 'AZUL': 1, 'VALOR UNIONISTA': 8, 'CABAL': 12, 'TODOS': 0, 'VAMOS': 6, 'PHG': 1, 'PR': 0, 'PIN': 0, 'ELEFANTE': 1, 'VICTORIA': 11, 'SEMILLA': 60, 'FCN-NACION': 4, 'PPN': 0, 'UR': 0, 'URNG-MAIZ WINAQ': 3, 'CREO': 3, 'BIEN': 6, 'VIVA': 26, 'MI FAMILIA': 2, 'CAMBIO': 1, 'VOS': 12}",3,43,225,0,Algún campo sin dato,1.Guatemala,10.San Juan Sacatepéquez,0354,presidente
3617,,"{'UNE': 21, 'AZUL': 1, 'VALOR UNIONISTA': 6, 'CABAL': 11, 'TODOS': 0, 'VAMOS': 2, 'PHG': 0, 'PR': 1, 'PIN': 0, 'ELEFANTE': 1, 'VICTORIA': 4, 'SEMILLA': 58, 'FCN-NACION': 3, 'PPN': 2, 'UR': 4, 'URNG-MAIZ WINAQ': 4, 'CREO': 0, 'BIEN': 7, 'VIVA': 33, 'MI FAMILIA': 1, 'CAMBIO': 1, 'VOS': 15}",1,37,213,0,,1.Guatemala,10.San Juan Sacatepéquez,0354,presidente
3618,,"{'UNE': 26, 'AZUL': 3, 'VALOR UNIONISTA': 5, 'CABAL': 14, 'TODOS': 2, 'VAMOS': 3, 'PHG': 1, 'PR': 0, 'PIN': 0, 'ELEFANTE': 1, 'VICTORIA': 5, 'SEMILLA': 40, 'FCN-NACION': 4, 'PPN': 0, 'UR': 8, 'URNG-MAIZ WINAQ': 1, 'CREO': 0, 'BIEN': 4, 'VIVA': 17, 'MI FAMILIA': 0, 'CAMBIO': 2, 'VOS': 14}",5,31,186,0,Algún campo sin dato,1.Guatemala,10.San Juan Sacatepéquez,0354,presidente
3619,,"{'UNE': 25, 'AZUL': 1, 'VALOR UNIONISTA': 2, 'CABAL': 7, 'TODOS': 0, 'VAMOS': 4, 'PHG': 0, 'PR': 0, 'PIN': 0, 'ELEFANTE': 1, 'VICTORIA': 3, 'SEMILLA': 13, 'FCN-NACION': 1, 'PPN': 1, 'UR': 3, 'URNG-MAIZ WINAQ': 0, 'CREO': 0, 'BIEN': 6, 'VIVA': 8, 'MI FAMILIA': 1, 'CAMBIO': 0, 'VOS': 1}",3,20,100,0,Algún campo sin dato,1.Guatemala,10.San Juan Sacatepéquez,0354,presidente
3620,,"{'UNE': 38, 'AZUL': 0, 'VALOR UNIONISTA': 11, 'CABAL': 8, 'TODOS': 0, 'VAMOS': 4, 'PHG': 0, 'PR': 1, 'PIN': 0, 'ELEFANTE': 0, 'VICTORIA': 8, 'SEMILLA': 18, 'FCN-NACION': 3, 'PPN': 0, 'UR': 1, 'URNG-MAIZ WINAQ': 3, 'CREO': 0, 'BIEN': 6, 'VIVA': 10, 'MI FAMILIA': 0, 'CAMBIO': 0, 'VOS': 7}",6,11,135,0,Algún campo sin dato,1.Guatemala,10.San Juan Sacatepéquez,0354,presidente
3621,,"{'UNE': 66, 'AZUL': 2, 'VALOR UNIONISTA': 9, 'CABAL': 9, 'TODOS': 1, 'VAMOS': 8, 'PHG': 0, 'PR': 3, 'PIN': 0, 'ELEFANTE': 3, 'VICTORIA': 10, 'SEMILLA': 11, 'FCN-NACION': 3, 'PPN': 4, 'UR': 7, 'URNG-MAIZ WINAQ': 20, 'CREO': 3, 'BIEN': 8, 'VIVA': 23, 'MI FAMILIA': 7, 'CAMBIO': 1, 'VOS': 4}",7,67,276,0,Algún campo sin dato,1.Guatemala,10.San Juan Sacatepéquez,0355,presidente
3622,,"{'UNE': 45, 'AZUL': 3, 'VALOR UNIONISTA': 22, 'CABAL': 15, 'TODOS': 1, 'VAMOS': 8, 'PHG': 0, 'PR': 4, 'PIN': 1, 'ELEFANTE': 2, 'VICTORIA': 8, 'SEMILLA': 13, 'FCN-NACION': 5, 'PPN': 4, 'UR': 5, 'URNG-MAIZ WINAQ': 13, 'CREO': 1, 'BIEN': 3, 'VIVA': 26, 'MI FAMILIA': 2, 'CAMBIO': 1, 'VOS': 5}",8,62,257,0,Algún campo sin dato,1.Guatemala,10.San Juan Sacatepéquez,0355,presidente
3623,,"{'UNE': 55, 'AZUL': 2, 'VALOR UNIONISTA': 10, 'CABAL': 21, 'TODOS': 3, 'VAMOS': 7, 'PHG': 0, 'PR': 5, 'PIN': 0, 'ELEFANTE': 3, 'VICTORIA': 12, 'SEMILLA': 16, 'FCN-NACION': 3, 'PPN': 0, 'UR': 5, 'URNG-MAIZ WINAQ': 13, 'CREO': 1, 'BIEN': 3, 'VIVA': 25, 'MI FAMILIA': 2, 'CAMBIO': 1, 'VOS': 7}",8,71,273,0,,1.Guatemala,10.San Juan Sacatepéquez,0355,presidente
3624,,"{'UNE': 65, 'AZUL': 3, 'VALOR UNIONISTA': 11, 'CABAL': 11, 'TODOS': 1, 'VAMOS': 5, 'PHG': 0, 'PR': 1, 'PIN': 0, 'ELEFANTE': 2, 'VICTORIA': 5, 'SEMILLA': 15, 'FCN-NACION': 4, 'PPN': 2, 'UR': 8, 'URNG-MAIZ WINAQ': 14, 'CREO': 0, 'BIEN': 10, 'VIVA': 22, 'MI FAMILIA': 3, 'CAMBIO': 1, 'VOS': 2}",16,54,255,0,Algún campo sin dato,1.Guatemala,10.San Juan Sacatepéquez,0355,presidente
3625,,"{'UNE': 50, 'AZUL': 3, 'VALOR UNIONISTA': 7, 'CABAL': 9, 'TODOS': 1, 'VAMOS': 15, 'PHG': 0, 'PR': 2, 'PIN': 0, 'ELEFANTE': 1, 'VICTORIA': 6, 'SEMILLA': 6, 'FCN-NACION': 4, 'PPN': 8, 'UR': 3, 'URNG-MAIZ WINAQ': 11, 'CREO': 2, 'BIEN': 6, 'VIVA': 13, 'MI FAMILIA': 4, 'CAMBIO': 0, 'VOS': 5}",9,50,215,0,Algún campo sin dato,1.Guatemala,10.San Juan Sacatepéquez,0355,presidente
3626,,"{'UNE': 42, 'AZUL': 2, 'VALOR UNIONISTA': 10, 'CABAL': 16, 'TODOS': 3, 'VAMOS': 9, 'PHG': 0, 'PR': 1, 'PIN': 0, 'ELEFANTE': 1, 'VICTORIA': 6, 'SEMILLA': 6, 'FCN-NACION': 1, 'PPN': 6, 'UR': 0, 'URNG-MAIZ WINAQ': 15, 'CREO': 1, 'BIEN': 4, 'VIVA': 16, 'MI FAMILIA': 1, 'CAMBIO': 1, 'VOS': 6}",11,39,197,0,Algún campo sin dato,1.Guatemala,10.San Juan Sacatepéquez,0355,presidente
3627,,"{'UNE': 40, 'AZUL': 2, 'VALOR UNIONISTA': 10, 'CABAL': 5, 'TODOS': 1, 'VAMOS': 4, 'PHG': 0, 'PR': 0, 'PIN': 1, 'ELEFANTE': 1, 'VICTORIA': 6, 'SEMILLA': 38, 'FCN-NACION': 0, 'PPN': 0, 'UR': 4, 'URNG-MAIZ WINAQ': 7, 'CREO': 0, 'BIEN': 3, 'VIVA': 24, 'MI FAMILIA': 3, 'CAMBIO': 0, 'VOS': 9}",12,48,218,0,Algún campo sin dato,1.Guatemala,10.San Juan Sacatepéquez,0355,presidente
3628,,"{'UNE': 31, 'AZUL': 0, 'VALOR UNIONISTA': 5, 'CABAL': 3, 'TODOS': 0, 'VAMOS': 2, 'PHG': 1, 'PR': 0, 'PIN': 0, 'ELEFANTE': 2, 'VICTORIA': 5, 'SEMILLA': 15, 'FCN-NACION': 1, 'PPN': 0, 'UR': 3, 'URNG-MAIZ WINAQ': 4, 'CREO': 0, 'BIEN': 4, 'VIVA': 14, 'MI FAMILIA': 1, 'CAMBIO': 0, 'VOS': 1}",5,34,131,0,Algún campo sin dato,1.Guatemala,10.San Juan Sacatepéquez,0355,presidente
3629,,"{'UNE': 24, 'AZUL': 0, 'VALOR UNIONISTA': 3, 'CABAL': 9, 'TODOS': 0, 'VAMOS': 9, 'PHG': 0, 'PR': 0, 'PIN': 0, 'ELEFANTE': 1, 'VICTORIA': 5, 'SEMILLA': 6, 'FCN-NACION': 1, 'PPN': 1, 'UR': 0, 'URNG-MAIZ WINAQ': 2, 'CREO': 0, 'BIEN': 2, 'VIVA': 13, 'MI FAMILIA': 2, 'CAMBIO': 0, 'VOS': 0}",5,20,103,0,Algún campo sin dato,1.Guatemala,10.San Juan Sacatepéquez,0355,presidente
3630,,"{'UNE': 36, 'AZUL': 2, 'VALOR UNIONISTA': 5, 'CABAL': 9, 'TODOS': 4, 'VAMOS': 31, 'PHG': 0, 'PR': 3, 'PIN': 0, 'ELEFANTE': 3, 'VICTORIA': 9, 'SEMILLA': 10, 'FCN-NACION': 7, 'PPN': 6, 'UR': 6, 'URNG-MAIZ WINAQ': 14, 'CREO': 0, 'BIEN': 8, 'VIVA': 19, 'MI FAMILIA': 4, 'CAMBIO': 1, 'VOS': 7}",18,42,244,0,Algún campo sin dato,1.Guatemala,10.San Juan Sacatepéquez,0356,presidente
3631,,"{'UNE': 38, 'AZUL': 2, 'VALOR UNIONISTA': 3, 'CABAL': 11, 'TODOS': 0, 'VAMOS': 44, 'PHG': 0, 'PR': 3, 'PIN': 0, 'ELEFANTE': 1, 'VICTORIA': 6, 'SEMILLA': 4, 'FCN-NACION': 4, 'PPN': 2, 'UR': 2, 'URNG-MAIZ WINAQ': 12, 'CREO': 1, 'BIEN': 9, 'VIVA': 24, 'MI FAMILIA': 2, 'CAMBIO': 1, 'VOS': 4}",27,56,256,0,Algún campo sin dato,1.Guatemala,10.San Juan Sacatepéquez,0356,presidente
3632,,"{'UNE': 27, 'AZUL': 4, 'VALOR UNIONISTA': 7, 'CABAL': 10, 'TODOS': 1, 'VAMOS': 32, 'PHG': 2, 'PR': 2, 'PIN': 0, 'ELEFANTE': 2, 'VICTORIA': 6, 'SEMILLA': 3, 'FCN-NACION': 5, 'PPN': 7, 'UR': 3, 'URNG-MAIZ WINAQ': 16, 'CREO': 1, 'BIEN': 9, 'VIVA': 30, 'MI FAMILIA': 1, 'CAMBIO': 3, 'VOS': 2}",20,49,242,0,Algún campo sin dato,1.Guatemala,10.San Juan Sacatepéquez,0356,presidente
3633,,"{'UNE': 18, 'AZUL': 2, 'VALOR UNIONISTA': 7, 'CABAL': 8, 'TODOS': 2, 'VAMOS': 26, 'PHG': 0, 'PR': 1, 'PIN': 1, 'ELEFANTE': 4, 'VICTORIA': 8, 'SEMILLA': 5, 'FCN-NACION': 3, 'PPN': 3, 'UR': 3, 'URNG-MAIZ WINAQ': 8, 'CREO': 0, 'BIEN': 6, 'VIVA': 31, 'MI FAMILIA': 1, 'CAMBIO': 1, 'VOS': 6}",16,35,195,7,,1.Guatemala,10.San Juan Sacatepéquez,0356,presidente
3634,,"{'UNE': 33, 'AZUL': 1, 'VALOR UNIONISTA': 4, 'CABAL': 7, 'TODOS': 2, 'VAMOS': 27, 'PHG': 0, 'PR': 0, 'PIN': 0, 'ELEFANTE': 2, 'VICTORIA': 10, 'SEMILLA': 6, 'FCN-NACION': 4, 'PPN': 6, 'UR': 5, 'URNG-MAIZ WINAQ': 9, 'CREO': 1, 'BIEN': 7, 'VIVA': 21, 'MI FAMILIA': 1, 'CAMBIO': 0, 'VOS': 1}",11,30,188,0,Algún campo sin dato,1.Guatemala,10.San Juan Sacatepéquez,0356,presidente
3635,,"{'UNE': 27, 'AZUL': 1, 'VALOR UNIONISTA': 11, 'CABAL': 14, 'TODOS': 3, 'VAMOS': 25, 'PHG': 0, 'PR': 1, 'PIN': 1, 'ELEFANTE': 1, 'VICTORIA': 6, 'SEMILLA': 1, 'FCN-NACION': 0, 'PPN': 2, 'UR': 2, 'URNG-MAIZ WINAQ': 9, 'CREO': 1, 'BIEN': 5, 'VIVA': 15, 'MI FAMILIA': 1, 'CAMBIO': 1, 'VOS': 4}",15,45,191,189,Algún campo sin dato,1.Guatemala,10.San Juan Sacatepéquez,0356,presidente
3636,,"{'UNE': 32, 'AZUL': 2, 'VALOR UNIONISTA': 11, 'CABAL': 14, 'TODOS': 1, 'VAMOS': 22, 'PHG': 0, 'PR': 3, 'PIN': 0, 'ELEFANTE': 2, 'VICTORIA': 13, 'SEMILLA': 5, 'FCN-NACION': 3, 'PPN': 1, 'UR': 2, 'URNG-MAIZ WINAQ': 2, 'CREO': 0, 'BIEN': 6, 'VIVA': 24, 'MI FAMILIA': 0, 'CAMBIO': 0, 'VOS': 3}",7,43,196,0,Algún campo sin dato,1.Guatemala,10.San Juan Sacatepéquez,0356,presidente
3637,,"{'UNE': 24, 'AZUL': 1, 'VALOR UNIONISTA': 6, 'CABAL': 6, 'TODOS': 0, 'VAMOS': 27, 'PHG': 1, 'PR': 2, 'PIN': 1, 'ELEFANTE': 3, 'VICTORIA': 9, 'SEMILLA': 4, 'FCN-NACION': 8, 'PPN': 3, 'UR': 3, 'URNG-MAIZ WINAQ': 7, 'CREO': 0, 'BIEN': 6, 'VIVA': 23, 'MI FAMILIA': 4, 'CAMBIO': 0, 'VOS': 5}",19,49,211,0,Algún campo sin dato,1.Guatemala,10.San Juan Sacatepéquez,0356,presidente
3638,,"{'UNE': 42, 'AZUL': 6, 'VALOR UNIONISTA': 9, 'CABAL': 14, 'TODOS': 1, 'VAMOS': 24, 'PHG': 0, 'PR': 0, 'PIN': 0, 'ELEFANTE': 0, 'VICTORIA': 4, 'SEMILLA': 3, 'FCN-NACION': 5, 'PPN': 0, 'UR': 2, 'URNG-MAIZ WINAQ': 11, 'CREO': 2, 'BIEN': 9, 'VIVA': 19, 'MI FAMILIA': 5, 'CAMBIO': 0, 'VOS': 3}",18,35,212,0,Algún campo sin dato,1.Guatemala,10.San Juan Sacatepéquez,0356,presidente
3639,,"{'UNE': 38, 'AZUL': 0, 'VALOR UNIONISTA': 2, 'CABAL': 13, 'TODOS': 1, 'VAMOS': 34, 'PHG': 0, 'PR': 2, 'PIN': 1, 'ELEFANTE': 2, 'VICTORIA': 12, 'SEMILLA': 3, 'FCN-NACION': 4, 'PPN': 4, 'UR': 6, 'URNG-MAIZ WINAQ': 12, 'CREO': 1, 'BIEN': 5, 'VIVA': 26, 'MI FAMILIA': 3, 'CAMBIO': 2, 'VOS': 1}",14,44,230,0,Algún campo sin dato,1.Guatemala,10.San Juan Sacatepéquez,0356,presidente
3640,,"{'UNE': 30, 'AZUL': 2, 'VALOR UNIONISTA': 3, 'CABAL': 12, 'TODOS': 3, 'VAMOS': 21, 'PHG': 0, 'PR': 1, 'PIN': 0, 'ELEFANTE': 3, 'VICTORIA': 8, 'SEMILLA': 6, 'FCN-NACION': 4, 'PPN': 6, 'UR': 4, 'URNG-MAIZ WINAQ': 14, 'CREO': 2, 'BIEN': 8, 'VIVA': 26, 'MI FAMILIA': 2, 'CAMBIO': 0, 'VOS': 3}",34,43,235,0,Algún campo sin dato,1.Guatemala,10.San Juan Sacatepéquez,0356,presidente
3641,,"{'UNE': 30, 'AZUL': 6, 'VALOR UNIONISTA': 7, 'CABAL': 11, 'TODOS': 2, 'VAMOS': 38, 'PHG': 0, 'PR': 2, 'PIN': 0, 'ELEFANTE': 5, 'VICTORIA': 12, 'SEMILLA': 3, 'FCN-NACION': 3, 'PPN': 4, 'UR': 4, 'URNG-MAIZ WINAQ': 12, 'CREO': 1, 'BIEN': 5, 'VIVA': 20, 'MI FAMILIA': 0, 'CAMBIO': 0, 'VOS': 2}",23,50,240,0,Algún campo sin dato,1.Guatemala,10.San Juan Sacatepéquez,0357,presidente
3642,,"{'UNE': 34, 'AZUL': 4, 'VALOR UNIONISTA': 10, 'CABAL': 10, 'TODOS': 1, 'VAMOS': 46, 'PHG': 1, 'PR': 2, 'PIN': 0, 'ELEFANTE': 2, 'VICTORIA': 5, 'SEMILLA': 1, 'FCN-NACION': 2, 'PPN': 8, 'UR': 0, 'URNG-MAIZ WINAQ': 15, 'CREO': 2, 'BIEN': 5, 'VIVA': 8, 'MI FAMILIA': 1, 'CAMBIO': 0, 'VOS': 4}",19,38,218,0,Algún campo sin dato,1.Guatemala,10.San Juan Sacatepéquez,0357,presidente
3643,,"{'UNE': 30, 'AZUL': 2, 'VALOR UNIONISTA': 2, 'CABAL': 3, 'TODOS': 1, 'VAMOS': 43, 'PHG': 0, 'PR': 2, 'PIN': 1, 'ELEFANTE': 0, 'VICTORIA': 10, 'SEMILLA': 8, 'FCN-NACION': 1, 'PPN': 7, 'UR': 2, 'URNG-MAIZ WINAQ': 9, 'CREO': 3, 'BIEN': 6, 'VIVA': 17, 'MI FAMILIA': 1, 'CAMBIO': 0, 'VOS': 1}",42,47,238,0,Algún campo sin dato,1.Guatemala,10.San Juan Sacatepéquez,0357,presidente
3644,,"{'UNE': 29, 'AZUL': 1, 'VALOR UNIONISTA': 3, 'CABAL': 8, 'TODOS': 5, 'VAMOS': 41, 'PHG': 0, 'PR': 3, 'PIN': 0, 'ELEFANTE': 3, 'VICTORIA': 6, 'SEMILLA': 5, 'FCN-NACION': 3, 'PPN': 6, 'UR': 0, 'URNG-MAIZ WINAQ': 18, 'CREO': 3, 'BIEN': 5, 'VIVA': 17, 'MI FAMILIA': 2, 'CAMBIO': 0, 'VOS': 3}",24,38,223,0,Sumas Asentadas sin cuadrar,1.Guatemala,10.San Juan Sacatepéquez,0357,presidente
3645,,"{'UNE': 32, 'AZUL': 4, 'VALOR UNIONISTA': 3, 'CABAL': 11, 'TODOS': 1, 'VAMOS': 34, 'PHG': 0, 'PR': 0, 'PIN': 1, 'ELEFANTE': 0, 'VICTORIA': 9, 'SEMILLA': 2, 'FCN-NACION': 2, 'PPN': 3, 'UR': 1, 'URNG-MAIZ WINAQ': 10, 'CREO': 1, 'BIEN': 8, 'VIVA': 16, 'MI FAMILIA': 2, 'CAMBIO': 0, 'VOS': 5}",28,27,200,0,Algún campo sin dato,1.Guatemala,10.San Juan Sacatepéquez,0357,presidente
3646,,"{'UNE': 26, 'AZUL': 2, 'VALOR UNIONISTA': 4, 'CABAL': 9, 'TODOS': 1, 'VAMOS': 34, 'PHG': 0, 'PR': 3, 'PIN': 0, 'ELEFANTE': 1, 'VICTORIA': 7, 'SEMILLA': 5, 'FCN-NACION': 2, 'PPN': 6, 'UR': 0, 'URNG-MAIZ WINAQ': 12, 'CREO': 0, 'BIEN': 7, 'VIVA': 14, 'MI FAMILIA': 3, 'CAMBIO': 0, 'VOS': 1}",26,39,202,0,Algún campo sin dato,1.Guatemala,10.San Juan Sacatepéquez,0357,presidente
3647,,"{'UNE': 41, 'AZUL': 1, 'VALOR UNIONISTA': 6, 'CABAL': 3, 'TODOS': 1, 'VAMOS': 35, 'PHG': 0, 'PR': 1, 'PIN': 1, 'ELEFANTE': 1, 'VICTORIA': 5, 'SEMILLA': 4, 'FCN-NACION': 6, 'PPN': 4, 'UR': 3, 'URNG-MAIZ WINAQ': 7, 'CREO': 3, 'BIEN': 4, 'VIVA': 9, 'MI FAMILIA': 0, 'CAMBIO': 0, 'VOS': 0}",21,34,190,0,Algún campo sin dato,1.Guatemala,10.San Juan Sacatepéquez,0358,presidente
3648,,"{'UNE': 26, 'AZUL': 2, 'VALOR UNIONISTA': 2, 'CABAL': 7, 'TODOS': 1, 'VAMOS': 25, 'PHG': 0, 'PR': 1, 'PIN': 0, 'ELEFANTE': 1, 'VICTORIA': 8, 'SEMILLA': 3, 'FCN-NACION': 3, 'PPN': 2, 'UR': 3, 'URNG-MAIZ WINAQ': 7, 'CREO': 0, 'BIEN': 4, 'VIVA': 17, 'MI FAMILIA': 0, 'CAMBIO': 1, 'VOS': 2}",28,27,170,3,Algún campo sin dato,1.Guatemala,10.San Juan Sacatepéquez,0358,presidente
3649,,"{'UNE': 36, 'AZUL': 1, 'VALOR UNIONISTA': 5, 'CABAL': 5, 'TODOS': 2, 'VAMOS': 29, 'PHG': 0, 'PR': 1, 'PIN': 0, 'ELEFANTE': 2, 'VICTORIA': 5, 'SEMILLA': 14, 'FCN-NACION': 1, 'PPN': 1, 'UR': 1, 'URNG-MAIZ WINAQ': 10, 'CREO': 1, 'BIEN': 3, 'VIVA': 14, 'MI FAMILIA': 2, 'CAMBIO': 0, 'VOS': 3}",12,32,180,0,Algún campo sin dato,1.Guatemala,10.San Juan Sacatepéquez,0358,presidente
3650,,"{'UNE': 16, 'AZUL': 0, 'VALOR UNIONISTA': 5, 'CABAL': 8, 'TODOS': 2, 'VAMOS': 22, 'PHG': 0, 'PR': 1, 'PIN': 0, 'ELEFANTE': 0, 'VICTORIA': 10, 'SEMILLA': 12, 'FCN-NACION': 3, 'PPN': 2, 'UR': 1, 'URNG-MAIZ WINAQ': 9, 'CREO': 0, 'BIEN': 2, 'VIVA': 25, 'MI FAMILIA': 1, 'CAMBIO': 0, 'VOS': 2}",7,48,176,0,Algún campo sin dato,1.Guatemala,10.San Juan Sacatepéquez,0359,presidente
3651,,"{'UNE': 27, 'AZUL': 0, 'VALOR UNIONISTA': 4, 'CABAL': 10, 'TODOS': 1, 'VAMOS': 23, 'PHG': 0, 'PR': 1, 'PIN': 1, 'ELEFANTE': 2, 'VICTORIA': 7, 'SEMILLA': 4, 'FCN-NACION': 4, 'PPN': 1, 'UR': 4, 'URNG-MAIZ WINAQ': 2, 'CREO': 1, 'BIEN': 6, 'VIVA': 21, 'MI FAMILIA': 0, 'CAMBIO': 0, 'VOS': 4}",10,34,167,0,Algún campo sin dato,1.Guatemala,10.San Juan Sacatepéquez,0359,presidente
3652,,"{'UNE': 22, 'AZUL': 3, 'VALOR UNIONISTA': 5, 'CABAL': 1, 'TODOS': 4, 'VAMOS': 26, 'PHG': 0, 'PR': 0, 'PIN': 0, 'ELEFANTE': 1, 'VICTORIA': 7, 'SEMILLA': 13, 'FCN-NACION': 7, 'PPN': 1, 'UR': 3, 'URNG-MAIZ WINAQ': 2, 'CREO': 0, 'BIEN': 7, 'VIVA': 17, 'MI FAMILIA': 0, 'CAMBIO': 0, 'VOS': 0}",9,40,168,0,Algún campo sin dato,1.Guatemala,10.San Juan Sacatepéquez,0359,presidente
3653,,"{'UNE': 15, 'AZUL': 0, 'VALOR UNIONISTA': 5, 'CABAL': 10, 'TODOS': 2, 'VAMOS': 25, 'PHG': 0, 'PR': 0, 'PIN': 1, 'ELEFANTE': 1, 'VICTORIA': 2, 'SEMILLA': 9, 'FCN-NACION': 2, 'PPN': 1, 'UR': 1, 'URNG-MAIZ WINAQ': 2, 'CREO': 0, 'BIEN': 6, 'VIVA': 19, 'MI FAMILIA': 2, 'CAMBIO': 0, 'VOS': 4}",6,27,140,0,Algún campo sin dato,1.Guatemala,10.San Juan Sacatepéquez,0359,presidente
3654,,"{'UNE': 19, 'AZUL': 0, 'VALOR UNIONISTA': 0, 'CABAL': 3, 'TODOS': 0, 'VAMOS': 32, 'PHG': 0, 'PR': 0, 'PIN': 0, 'ELEFANTE': 2, 'VICTORIA': 9, 'SEMILLA': 3, 'FCN-NACION': 1, 'PPN': 0, 'UR': 1, 'URNG-MAIZ WINAQ': 3, 'CREO': 0, 'BIEN': 4, 'VIVA': 15, 'MI FAMILIA': 5, 'CAMBIO': 2, 'VOS': 1}",17,28,145,0,Algún campo sin dato,1.Guatemala,10.San Juan Sacatepéquez,0360,presidente
3655,,"{'UNE': 12, 'AZUL': 0, 'VALOR UNIONISTA': 1, 'CABAL': 5, 'TODOS': 2, 'VAMOS': 27, 'PHG': 0, 'PR': 0, 'PIN': 0, 'ELEFANTE': 1, 'VICTORIA': 5, 'SEMILLA': 4, 'FCN-NACION': 2, 'PPN': 2, 'UR': 1, 'URNG-MAIZ WINAQ': 3, 'CREO': 0, 'BIEN': 2, 'VIVA': 13, 'MI FAMILIA': 2, 'CAMBIO': 0, 'VOS': 1}",1,14,98,0,Algún campo sin dato,1.Guatemala,10.San Juan Sacatepéquez,0360,presidente
3656,,"{'UNE': 17, 'AZUL': 0, 'VALOR UNIONISTA': 2, 'CABAL': 2, 'TODOS': 1, 'VAMOS': 23, 'PHG': 0, 'PR': 1, 'PIN': 0, 'ELEFANTE': 0, 'VICTORIA': 7, 'SEMILLA': 2, 'FCN-NACION': 0, 'PPN': 1, 'UR': 2, 'URNG-MAIZ WINAQ': 3, 'CREO': 1, 'BIEN': 7, 'VIVA': 9, 'MI FAMILIA': 1, 'CAMBIO': 0, 'VOS': 2}",12,27,120,0,Algún campo sin dato,1.Guatemala,10.San Juan Sacatepéquez,0360,presidente
3657,,"{'UNE': 12, 'AZUL': 0, 'VALOR UNIONISTA': 18, 'CABAL': 11, 'TODOS': 0, 'VAMOS': 13, 'PHG': 0, 'PR': 6, 'PIN': 0, 'ELEFANTE': 3, 'VICTORIA': 13, 'SEMILLA': 41, 'FCN-NACION': 0, 'PPN': 3, 'UR': 4, 'URNG-MAIZ WINAQ': 6, 'CREO': 2, 'BIEN': 2, 'VIVA': 36, 'MI FAMILIA': 5, 'CAMBIO': 0, 'VOS': 10}",5,61,251,0,Algún campo sin dato,1.Guatemala,10.San Juan Sacatepéquez,0361,presidente
3658,,"{'UNE': 26, 'AZUL': 2, 'VALOR UNIONISTA': 17, 'CABAL': 13, 'TODOS': 0, 'VAMOS': 15, 'PHG': 2, 'PR': 4, 'PIN': 2, 'ELEFANTE': 6, 'VICTORIA': 11, 'SEMILLA': 28, 'FCN-NACION': 2, 'PPN': 2, 'UR': 4, 'URNG-MAIZ WINAQ': 7, 'CREO': 1, 'BIEN': 5, 'VIVA': 34, 'MI FAMILIA': 2, 'CAMBIO': 0, 'VOS': 17}",13,48,261,0,Algún campo sin dato,1.Guatemala,10.San Juan Sacatepéquez,0361,presidente
3659,,"{'UNE': 22, 'AZUL': 3, 'VALOR UNIONISTA': 21, 'CABAL': 23, 'TODOS': 3, 'VAMOS': 18, 'PHG': 0, 'PR': 2, 'PIN': 0, 'ELEFANTE': 2, 'VICTORIA': 11, 'SEMILLA': 41, 'FCN-NACION': 2, 'PPN': 2, 'UR': 3, 'URNG-MAIZ WINAQ': 5, 'CREO': 4, 'BIEN': 5, 'VIVA': 28, 'MI FAMILIA': 10, 'CAMBIO': 0, 'VOS': 6}",7,50,268,0,Algún campo sin dato,1.Guatemala,10.San Juan Sacatepéquez,0361,presidente
3660,,"{'UNE': 11, 'AZUL': 1, 'VALOR UNIONISTA': 14, 'CABAL': 7, 'TODOS': 2, 'VAMOS': 19, 'PHG': 0, 'PR': 2, 'PIN': 2, 'ELEFANTE': 2, 'VICTORIA': 7, 'SEMILLA': 41, 'FCN-NACION': 0, 'PPN': 4, 'UR': 6, 'URNG-MAIZ WINAQ': 5, 'CREO': 0, 'BIEN': 9, 'VIVA': 43, 'MI FAMILIA': 8, 'CAMBIO': 1, 'VOS': 12}",7,55,258,1,Algún campo sin dato,1.Guatemala,10.San Juan Sacatepéquez,0361,presidente
3661,,"{'UNE': 19, 'AZUL': 5, 'VALOR UNIONISTA': 25, 'CABAL': 12, 'TODOS': 1, 'VAMOS': 13, 'PHG': 0, 'PR': 4, 'PIN': 1, 'ELEFANTE': 4, 'VICTORIA': 8, 'SEMILLA': 36, 'FCN-NACION': 1, 'PPN': 2, 'UR': 6, 'URNG-MAIZ WINAQ': 5, 'CREO': 0, 'BIEN': 7, 'VIVA': 42, 'MI FAMILIA': 6, 'CAMBIO': 0, 'VOS': 10}",6,45,258,0,Algún campo sin dato,1.Guatemala,10.San Juan Sacatepéquez,0361,presidente
3662,,"{'UNE': 13, 'AZUL': 0, 'VALOR UNIONISTA': 14, 'CABAL': 10, 'TODOS': 0, 'VAMOS': 14, 'PHG': 0, 'PR': 1, 'PIN': 0, 'ELEFANTE': 2, 'VICTORIA': 21, 'SEMILLA': 34, 'FCN-NACION': 0, 'PPN': 1, 'UR': 5, 'URNG-MAIZ WINAQ': 6, 'CREO': 0, 'BIEN': 11, 'VIVA': 33, 'MI FAMILIA': 1, 'CAMBIO': 1, 'VOS': 11}",2,35,215,0,Algún campo sin dato,1.Guatemala,10.San Juan Sacatepéquez,0361,presidente
3663,,"{'UNE': 12, 'AZUL': 2, 'VALOR UNIONISTA': 15, 'CABAL': 12, 'TODOS': 1, 'VAMOS': 9, 'PHG': 0, 'PR': 1, 'PIN': 0, 'ELEFANTE': 2, 'VICTORIA': 12, 'SEMILLA': 47, 'FCN-NACION': 0, 'PPN': 0, 'UR': 5, 'URNG-MAIZ WINAQ': 5, 'CREO': 0, 'BIEN': 6, 'VIVA': 31, 'MI FAMILIA': 6, 'CAMBIO': 1, 'VOS': 23}",4,42,236,0,Algún campo sin dato,1.Guatemala,10.San Juan Sacatepéquez,0362,presidente
3664,,"{'UNE': 14, 'AZUL': 1, 'VALOR UNIONISTA': 19, 'CABAL': 11, 'TODOS': 3, 'VAMOS': 17, 'PHG': 1, 'PR': 0, 'PIN': 2, 'ELEFANTE': 4, 'VICTORIA': 14, 'SEMILLA': 41, 'FCN-NACION': 1, 'PPN': 0, 'UR': 5, 'URNG-MAIZ WINAQ': 4, 'CREO': 1, 'BIEN': 4, 'VIVA': 30, 'MI FAMILIA': 4, 'CAMBIO': 0, 'VOS': 19}",7,46,248,0,Algún campo sin dato,1.Guatemala,10.San Juan Sacatepéquez,0362,presidente
3665,,"{'UNE': 23, 'AZUL': 1, 'VALOR UNIONISTA': 14, 'CABAL': 4, 'TODOS': 1, 'VAMOS': 20, 'PHG': 0, 'PR': 2, 'PIN': 0, 'ELEFANTE': 3, 'VICTORIA': 17, 'SEMILLA': 35, 'FCN-NACION': 0, 'PPN': 1, 'UR': 6, 'URNG-MAIZ WINAQ': 4, 'CREO': 1, 'BIEN': 5, 'VIVA': 29, 'MI FAMILIA': 7, 'CAMBIO': 0, 'VOS': 16}",5,44,238,0,Algún campo sin dato,1.Guatemala,10.San Juan Sacatepéquez,0362,presidente
3666,,"{'UNE': 16, 'AZUL': 1, 'VALOR UNIONISTA': 8, 'CABAL': 7, 'TODOS': 1, 'VAMOS': 23, 'PHG': 0, 'PR': 0, 'PIN': 0, 'ELEFANTE': 3, 'VICTORIA': 17, 'SEMILLA': 50, 'FCN-NACION': 0, 'PPN': 1, 'UR': 10, 'URNG-MAIZ WINAQ': 5, 'CREO': 0, 'BIEN': 6, 'VIVA': 39, 'MI FAMILIA': 8, 'CAMBIO': 1, 'VOS': 10}",7,39,252,0,Algún campo sin dato,1.Guatemala,10.San Juan Sacatepéquez,0362,presidente
3667,,"{'UNE': 29, 'AZUL': 3, 'VALOR UNIONISTA': 18, 'CABAL': 6, 'TODOS': 0, 'VAMOS': 24, 'PHG': 1, 'PR': 1, 'PIN': 1, 'ELEFANTE': 2, 'VICTORIA': 14, 'SEMILLA': 37, 'FCN-NACION': 3, 'PPN': 2, 'UR': 7, 'URNG-MAIZ WINAQ': 9, 'CREO': 0, 'BIEN': 5, 'VIVA': 32, 'MI FAMILIA': 3, 'CAMBIO': 1, 'VOS': 12}",3,40,253,0,Algún campo sin dato,1.Guatemala,10.San Juan Sacatepéquez,0362,presidente
3668,,"{'UNE': 22, 'AZUL': 3, 'VALOR UNIONISTA': 22, 'CABAL': 9, 'TODOS': 0, 'VAMOS': 15, 'PHG': 1, 'PR': 0, 'PIN': 1, 'ELEFANTE': 2, 'VICTORIA': 17, 'SEMILLA': 39, 'FCN-NACION': 0, 'PPN': 0, 'UR': 7, 'URNG-MAIZ WINAQ': 6, 'CREO': 3, 'BIEN': 4, 'VIVA': 32, 'MI FAMILIA': 8, 'CAMBIO': 0, 'VOS': 14}",9,54,268,0,Algún campo sin dato,1.Guatemala,10.San Juan Sacatepéquez,0362,presidente
3669,,"{'UNE': 25, 'AZUL': 1, 'VALOR UNIONISTA': 17, 'CABAL': 13, 'TODOS': 1, 'VAMOS': 22, 'PHG': 0, 'PR': 2, 'PIN': 1, 'ELEFANTE': 4, 'VICTORIA': 9, 'SEMILLA': 47, 'FCN-NACION': 1, 'PPN': 3, 'UR': 2, 'URNG-MAIZ WINAQ': 3, 'CREO': 3, 'BIEN': 6, 'VIVA': 35, 'MI FAMILIA': 3, 'CAMBIO': 0, 'VOS': 11}",5,41,255,0,Algún campo sin dato,1.Guatemala,10.San Juan Sacatepéquez,0362,presidente
3670,,"{'UNE': 21, 'AZUL': 2, 'VALOR UNIONISTA': 13, 'CABAL': 7, 'TODOS': 0, 'VAMOS': 22, 'PHG': 0, 'PR': 1, 'PIN': 1, 'ELEFANTE': 2, 'VICTORIA': 15, 'SEMILLA': 34, 'FCN-NACION': 1, 'PPN': 4, 'UR': 8, 'URNG-MAIZ WINAQ': 0, 'CREO': 1, 'BIEN': 1, 'VIVA': 34, 'MI FAMILIA': 5, 'CAMBIO': 0, 'VOS': 10}",8,54,244,0,Algún campo sin dato,1.Guatemala,10.San Juan Sacatepéquez,0362,presidente
3671,,"{'UNE': 23, 'AZUL': 1, 'VALOR UNIONISTA': 15, 'CABAL': 5, 'TODOS': 0, 'VAMOS': 18, 'PHG': 1, 'PR': 1, 'PIN': 1, 'ELEFANTE': 3, 'VICTORIA': 16, 'SEMILLA': 20, 'FCN-NACION': 0, 'PPN': 4, 'UR': 4, 'URNG-MAIZ WINAQ': 6, 'CREO': 2, 'BIEN': 8, 'VIVA': 31, 'MI FAMILIA': 5, 'CAMBIO': 0, 'VOS': 12}",14,51,241,0,Algún campo sin dato,1.Guatemala,10.San Juan Sacatepéquez,0362,presidente
3672,,"{'UNE': 19, 'AZUL': 0, 'VALOR UNIONISTA': 12, 'CABAL': 4, 'TODOS': 0, 'VAMOS': 23, 'PHG': 1, 'PR': 1, 'PIN': 2, 'ELEFANTE': 4, 'VICTORIA': 18, 'SEMILLA': 32, 'FCN-NACION': 0, 'PPN': 2, 'UR': 3, 'URNG-MAIZ WINAQ': 3, 'CREO': 2, 'BIEN': 12, 'VIVA': 33, 'MI FAMILIA': 3, 'CAMBIO': 0, 'VOS': 16}",5,43,238,0,Algún campo sin dato,1.Guatemala,10.San Juan Sacatepéquez,0362,presidente
3673,,"{'UNE': 23, 'AZUL': 1, 'VALOR UNIONISTA': 0, 'CABAL': 9, 'TODOS': 0, 'VAMOS': 21, 'PHG': 16, 'PR': 6, 'PIN': 1, 'ELEFANTE': 5, 'VICTORIA': 15, 'SEMILLA': 35, 'FCN-NACION': 4, 'PPN': 3, 'UR': 2, 'URNG-MAIZ WINAQ': 4, 'CREO': 0, 'BIEN': 8, 'VIVA': 25, 'MI FAMILIA': 5, 'CAMBIO': 0, 'VOS': 10}",8,36,237,0,Algún campo sin dato,1.Guatemala,10.San Juan Sacatepéquez,0362,presidente
3674,,"{'UNE': 18, 'AZUL': 0, 'VALOR UNIONISTA': 8, 'CABAL': 5, 'TODOS': 2, 'VAMOS': 24, 'PHG': 0, 'PR': 0, 'PIN': 0, 'ELEFANTE': 3, 'VICTORIA': 11, 'SEMILLA': 25, 'FCN-NACION': 1, 'PPN': 2, 'UR': 3, 'URNG-MAIZ WINAQ': 0, 'CREO': 2, 'BIEN': 6, 'VIVA': 37, 'MI FAMILIA': 2, 'CAMBIO': 0, 'VOS': 10}",7,59,225,0,Algún campo sin dato,1.Guatemala,10.San Juan Sacatepéquez,0362,presidente
3675,,"{'UNE': 22, 'AZUL': 3, 'VALOR UNIONISTA': 14, 'CABAL': 13, 'TODOS': 1, 'VAMOS': 12, 'PHG': 0, 'PR': 3, 'PIN': 1, 'ELEFANTE': 4, 'VICTORIA': 14, 'SEMILLA': 32, 'FCN-NACION': 0, 'PPN': 4, 'UR': 5, 'URNG-MAIZ WINAQ': 1, 'CREO': 0, 'BIEN': 5, 'VIVA': 23, 'MI FAMILIA': 4, 'CAMBIO': 0, 'VOS': 14}",4,41,220,0,Algún campo sin dato,1.Guatemala,10.San Juan Sacatepéquez,0362,presidente
3676,,"{'UNE': 19, 'AZUL': 0, 'VALOR UNIONISTA': 18, 'CABAL': 8, 'TODOS': 1, 'VAMOS': 9, 'PHG': 0, 'PR': 0, 'PIN': 0, 'ELEFANTE': 2, 'VICTORIA': 9, 'SEMILLA': 67, 'FCN-NACION': 4, 'PPN': 3, 'UR': 4, 'URNG-MAIZ WINAQ': 2, 'CREO': 2, 'BIEN': 5, 'VIVA': 21, 'MI FAMILIA': 1, 'CAMBIO': 0, 'VOS': 10}",3,36,224,0,Algún campo sin dato,1.Guatemala,10.San Juan Sacatepéquez,0362,presidente
3677,,"{'UNE': 14, 'AZUL': 1, 'VALOR UNIONISTA': 5, 'CABAL': 9, 'TODOS': 1, 'VAMOS': 13, 'PHG': 0, 'PR': 1, 'PIN': 0, 'ELEFANTE': 1, 'VICTORIA': 5, 'SEMILLA': 81, 'FCN-NACION': 1, 'PPN': 0, 'UR': 5, 'URNG-MAIZ WINAQ': 2, 'CREO': 1, 'BIEN': 10, 'VIVA': 14, 'MI FAMILIA': 2, 'CAMBIO': 0, 'VOS': 16}",0,26,208,0,Algún campo sin dato,1.Guatemala,10.San Juan Sacatepéquez,0363,presidente
3678,,"{'UNE': 6, 'AZUL': 2, 'VALOR UNIONISTA': 1, 'CABAL': 6, 'TODOS': 0, 'VAMOS': 4, 'PHG': 0, 'PR': 1, 'PIN': 0, 'ELEFANTE': 1, 'VICTORIA': 8, 'SEMILLA': 95, 'FCN-NACION': 0, 'PPN': 0, 'UR': 6, 'URNG-MAIZ WINAQ': 4, 'CREO': 0, 'BIEN': 7, 'VIVA': 12, 'MI FAMILIA': 3, 'CAMBIO': 0, 'VOS': 15}",3,18,192,0,Algún campo sin dato,1.Guatemala,10.San Juan Sacatepéquez,0363,presidente
3679,,"{'UNE': 7, 'AZUL': 1, 'VALOR UNIONISTA': 9, 'CABAL': 4, 'TODOS': 2, 'VAMOS': 14, 'PHG': 1, 'PR': 5, 'PIN': 1, 'ELEFANTE': 2, 'VICTORIA': 3, 'SEMILLA': 74, 'FCN-NACION': 2, 'PPN': 1, 'UR': 0, 'URNG-MAIZ WINAQ': 4, 'CREO': 1, 'BIEN': 3, 'VIVA': 28, 'MI FAMILIA': 3, 'CAMBIO': 0, 'VOS': 15}",0,19,199,0,Algún campo sin dato,1.Guatemala,10.San Juan Sacatepéquez,0363,presidente
3680,,"{'UNE': 5, 'AZUL': 2, 'VALOR UNIONISTA': 4, 'CABAL': 9, 'TODOS': 0, 'VAMOS': 6, 'PHG': 0, 'PR': 0, 'PIN': 1, 'ELEFANTE': 1, 'VICTORIA': 8, 'SEMILLA': 49, 'FCN-NACION': 0, 'PPN': 2, 'UR': 3, 'URNG-MAIZ WINAQ': 2, 'CREO': 0, 'BIEN': 6, 'VIVA': 24, 'MI FAMILIA': 2, 'CAMBIO': 0, 'VOS': 5}",3,26,158,0,Algún campo sin dato,1.Guatemala,10.San Juan Sacatepéquez,0363,presidente
3681,,"{'UNE': 6, 'AZUL': 2, 'VALOR UNIONISTA': 9, 'CABAL': 4, 'TODOS': 0, 'VAMOS': 6, 'PHG': 0, 'PR': 0, 'PIN': 0, 'ELEFANTE': 0, 'VICTORIA': 5, 'SEMILLA': 63, 'FCN-NACION': 1, 'PPN': 1, 'UR': 5, 'URNG-MAIZ WINAQ': 2, 'CREO': 0, 'BIEN': 5, 'VIVA': 8, 'MI FAMILIA': 3, 'CAMBIO': 0, 'VOS': 6}",1,27,154,0,Algún campo sin dato,1.Guatemala,10.San Juan Sacatepéquez,0363,presidente
3682,,"{'UNE': 37, 'AZUL': 3, 'VALOR UNIONISTA': 6, 'CABAL': 3, 'TODOS': 1, 'VAMOS': 7, 'PHG': 0, 'PR': 0, 'PIN': 0, 'ELEFANTE': 2, 'VICTORIA': 4, 'SEMILLA': 16, 'FCN-NACION': 0, 'PPN': 2, 'UR': 11, 'URNG-MAIZ WINAQ': 11, 'CREO': 0, 'BIEN': 8, 'VIVA': 14, 'MI FAMILIA': 0, 'CAMBIO': 0, 'VOS': 4}",18,71,218,0,Algún campo sin dato,1.Guatemala,10.San Juan Sacatepéquez,0364,presidente
3683,,"{'UNE': 39, 'AZUL': 4, 'VALOR UNIONISTA': 5, 'CABAL': 7, 'TODOS': 1, 'VAMOS': 6, 'PHG': 0, 'PR': 2, 'PIN': 0, 'ELEFANTE': 0, 'VICTORIA': 7, 'SEMILLA': 5, 'FCN-NACION': 2, 'PPN': 0, 'UR': 6, 'URNG-MAIZ WINAQ': 7, 'CREO': 1, 'BIEN': 17, 'VIVA': 19, 'MI FAMILIA': 3, 'CAMBIO': 0, 'VOS': 5}",10,65,211,0,Algún campo sin dato,1.Guatemala,10.San Juan Sacatepéquez,0364,presidente
3684,,"{'UNE': 40, 'AZUL': 3, 'VALOR UNIONISTA': 3, 'CABAL': 1, 'TODOS': 1, 'VAMOS': 4, 'PHG': 0, 'PR': 0, 'PIN': 0, 'ELEFANTE': 5, 'VICTORIA': 7, 'SEMILLA': 9, 'FCN-NACION': 2, 'PPN': 4, 'UR': 11, 'URNG-MAIZ WINAQ': 5, 'CREO': 0, 'BIEN': 14, 'VIVA': 21, 'MI FAMILIA': 1, 'CAMBIO': 1, 'VOS': 1}",14,53,200,0,Sumas Asentadas sin cuadrar,1.Guatemala,10.San Juan Sacatepéquez,0364,presidente
3685,,"{'UNE': 39, 'AZUL': 2, 'VALOR UNIONISTA': 7, 'CABAL': 4, 'TODOS': 0, 'VAMOS': 11, 'PHG': 0, 'PR': 2, 'PIN': 1, 'ELEFANTE': 5, 'VICTORIA': 8, 'SEMILLA': 6, 'FCN-NACION': 0, 'PPN': 2, 'UR': 8, 'URNG-MAIZ WINAQ': 5, 'CREO': 0, 'BIEN': 13, 'VIVA': 27, 'MI FAMILIA': 3, 'CAMBIO': 0, 'VOS': 3}",11,58,215,6,Algún campo sin dato,1.Guatemala,10.San Juan Sacatepéquez,0364,presidente
3686,,"{'UNE': 54, 'AZUL': 0, 'VALOR UNIONISTA': 10, 'CABAL': 7, 'TODOS': 2, 'VAMOS': 4, 'PHG': 0, 'PR': 1, 'PIN': 0, 'ELEFANTE': 2, 'VICTORIA': 4, 'SEMILLA': 9, 'FCN-NACION': 1, 'PPN': 0, 'UR': 8, 'URNG-MAIZ WINAQ': 5, 'CREO': 1, 'BIEN': 13, 'VIVA': 24, 'MI FAMILIA': 2, 'CAMBIO': 0, 'VOS': 2}",16,49,214,0,Algún campo sin dato,1.Guatemala,10.San Juan Sacatepéquez,0364,presidente
3687,,"{'UNE': 60, 'AZUL': 2, 'VALOR UNIONISTA': 5, 'CABAL': 4, 'TODOS': 1, 'VAMOS': 10, 'PHG': 0, 'PR': 3, 'PIN': 1, 'ELEFANTE': 3, 'VICTORIA': 5, 'SEMILLA': 6, 'FCN-NACION': 3, 'PPN': 0, 'UR': 5, 'URNG-MAIZ WINAQ': 8, 'CREO': 2, 'BIEN': 18, 'VIVA': 13, 'MI FAMILIA': 2, 'CAMBIO': 0, 'VOS': 3}",18,52,224,0,Algún campo sin dato,1.Guatemala,10.San Juan Sacatepéquez,0364,presidente
3688,,"{'UNE': 50, 'AZUL': 2, 'VALOR UNIONISTA': 5, 'CABAL': 5, 'TODOS': 2, 'VAMOS': 8, 'PHG': 5, 'PR': 1, 'PIN': 1, 'ELEFANTE': 4, 'VICTORIA': 6, 'SEMILLA': 2, 'FCN-NACION': 2, 'PPN': 5, 'UR': 3, 'URNG-MAIZ WINAQ': 1, 'CREO': 1, 'BIEN': 13, 'VIVA': 17, 'MI FAMILIA': 2, 'CAMBIO': 0, 'VOS': 5}",12,81,233,0,Sumas Asentadas sin cuadrar,1.Guatemala,10.San Juan Sacatepéquez,0364,presidente
3689,,"{'UNE': 52, 'AZUL': 4, 'VALOR UNIONISTA': 4, 'CABAL': 6, 'TODOS': 1, 'VAMOS': 9, 'PHG': 0, 'PR': 1, 'PIN': 0, 'ELEFANTE': 9, 'VICTORIA': 2, 'SEMILLA': 8, 'FCN-NACION': 1, 'PPN': 1, 'UR': 9, 'URNG-MAIZ WINAQ': 4, 'CREO': 0, 'BIEN': 12, 'VIVA': 16, 'MI FAMILIA': 1, 'CAMBIO': 1, 'VOS': 0}",15,62,218,0,Algún campo sin dato,1.Guatemala,10.San Juan Sacatepéquez,0364,presidente
3690,,"{'UNE': 42, 'AZUL': 2, 'VALOR UNIONISTA': 5, 'CABAL': 7, 'TODOS': 0, 'VAMOS': 7, 'PHG': 0, 'PR': 3, 'PIN': 0, 'ELEFANTE': 2, 'VICTORIA': 6, 'SEMILLA': 12, 'FCN-NACION': 2, 'PPN': 1, 'UR': 7, 'URNG-MAIZ WINAQ': 2, 'CREO': 1, 'BIEN': 14, 'VIVA': 21, 'MI FAMILIA': 4, 'CAMBIO': 0, 'VOS': 5}",4,66,213,0,Algún campo sin dato,1.Guatemala,10.San Juan Sacatepéquez,0364,presidente
3691,,"{'UNE': 57, 'AZUL': 1, 'VALOR UNIONISTA': 10, 'CABAL': 4, 'TODOS': 0, 'VAMOS': 12, 'PHG': 0, 'PR': 2, 'PIN': 0, 'ELEFANTE': 0, 'VICTORIA': 7, 'SEMILLA': 3, 'FCN-NACION': 1, 'PPN': 3, 'UR': 6, 'URNG-MAIZ WINAQ': 5, 'CREO': 2, 'BIEN': 22, 'VIVA': 11, 'MI FAMILIA': 2, 'CAMBIO': 0, 'VOS': 4}",17,50,219,0,Sumas Asentadas sin cuadrar,1.Guatemala,10.San Juan Sacatepéquez,0364,presidente
3692,,"{'UNE': 53, 'AZUL': 1, 'VALOR UNIONISTA': 1, 'CABAL': 4, 'TODOS': 0, 'VAMOS': 6, 'PHG': 0, 'PR': 1, 'PIN': 0, 'ELEFANTE': 1, 'VICTORIA': 7, 'SEMILLA': 7, 'FCN-NACION': 3, 'PPN': 1, 'UR': 3, 'URNG-MAIZ WINAQ': 4, 'CREO': 2, 'BIEN': 13, 'VIVA': 22, 'MI FAMILIA': 2, 'CAMBIO': 0, 'VOS': 1}",27,66,225,0,Algún campo sin dato,1.Guatemala,10.San Juan Sacatepéquez,0364,presidente
3693,,"{'UNE': 43, 'AZUL': 2, 'VALOR UNIONISTA': 9, 'CABAL': 1, 'TODOS': 1, 'VAMOS': 9, 'PHG': 0, 'PR': 2, 'PIN': 1, 'ELEFANTE': 3, 'VICTORIA': 1, 'SEMILLA': 12, 'FCN-NACION': 5, 'PPN': 0, 'UR': 8, 'URNG-MAIZ WINAQ': 2, 'CREO': 1, 'BIEN': 11, 'VIVA': 25, 'MI FAMILIA': 3, 'CAMBIO': 0, 'VOS': 2}",13,63,217,0,Algún campo sin dato,1.Guatemala,10.San Juan Sacatepéquez,0364,presidente
3694,,"{'UNE': 37, 'AZUL': 2, 'VALOR UNIONISTA': 5, 'CABAL': 5, 'TODOS': 1, 'VAMOS': 6, 'PHG': 1, 'PR': 1, 'PIN': 1, 'ELEFANTE': 4, 'VICTORIA': 8, 'SEMILLA': 15, 'FCN-NACION': 4, 'PPN': 1, 'UR': 4, 'URNG-MAIZ WINAQ': 7, 'CREO': 1, 'BIEN': 14, 'VIVA': 22, 'MI FAMILIA': 1, 'CAMBIO': 0, 'VOS': 3}",12,50,205,11,Algún campo sin dato,1.Guatemala,10.San Juan Sacatepéquez,0364,presidente
3695,,"{'UNE': 37, 'AZUL': 4, 'VALOR UNIONISTA': 5, 'CABAL': 0, 'TODOS': 1, 'VAMOS': 3, 'PHG': 2, 'PR': 0, 'PIN': 0, 'ELEFANTE': 3, 'VICTORIA': 5, 'SEMILLA': 16, 'FCN-NACION': 1, 'PPN': 0, 'UR': 7, 'URNG-MAIZ WINAQ': 6, 'CREO': 0, 'BIEN': 13, 'VIVA': 22, 'MI FAMILIA': 0, 'CAMBIO': 0, 'VOS': 7}",7,52,191,0,Algún campo sin dato,1.Guatemala,10.San Juan Sacatepéquez,0364,presidente
3696,,"{'UNE': 36, 'AZUL': 1, 'VALOR UNIONISTA': 5, 'CABAL': 3, 'TODOS': 2, 'VAMOS': 6, 'PHG': 0, 'PR': 1, 'PIN': 0, 'ELEFANTE': 1, 'VICTORIA': 6, 'SEMILLA': 18, 'FCN-NACION': 1, 'PPN': 2, 'UR': 5, 'URNG-MAIZ WINAQ': 5, 'CREO': 1, 'BIEN': 7, 'VIVA': 20, 'MI FAMILIA': 0, 'CAMBIO': 0, 'VOS': 8}",7,48,183,0,Algún campo sin dato,1.Guatemala,10.San Juan Sacatepéquez,0364,presidente
3697,,"{'UNE': 41, 'AZUL': 0, 'VALOR UNIONISTA': 4, 'CABAL': 10, 'TODOS': 0, 'VAMOS': 7, 'PHG': 0, 'PR': 0, 'PIN': 0, 'ELEFANTE': 5, 'VICTORIA': 7, 'SEMILLA': 13, 'FCN-NACION': 0, 'PPN': 0, 'UR': 7, 'URNG-MAIZ WINAQ': 3, 'CREO': 0, 'BIEN': 11, 'VIVA': 26, 'MI FAMILIA': 1, 'CAMBIO': 0, 'VOS': 5}",10,49,199,0,Algún campo sin dato,1.Guatemala,10.San Juan Sacatepéquez,0364,presidente
3698,,"{'UNE': 48, 'AZUL': 2, 'VALOR UNIONISTA': 3, 'CABAL': 5, 'TODOS': 2, 'VAMOS': 2, 'PHG': 0, 'PR': 1, 'PIN': 0, 'ELEFANTE': 7, 'VICTORIA': 3, 'SEMILLA': 11, 'FCN-NACION': 2, 'PPN': 1, 'UR': 6, 'URNG-MAIZ WINAQ': 2, 'CREO': 2, 'BIEN': 10, 'VIVA': 20, 'MI FAMILIA': 1, 'CAMBIO': 0, 'VOS': 3}",12,50,193,0,Algún campo sin dato,1.Guatemala,10.San Juan Sacatepéquez,0364,presidente
3699,,"{'UNE': 36, 'AZUL': 2, 'VALOR UNIONISTA': 2, 'CABAL': 5, 'TODOS': 1, 'VAMOS': 5, 'PHG': 0, 'PR': 0, 'PIN': 0, 'ELEFANTE': 7, 'VICTORIA': 6, 'SEMILLA': 11, 'FCN-NACION': 4, 'PPN': 1, 'UR': 13, 'URNG-MAIZ WINAQ': 3, 'CREO': 0, 'BIEN': 10, 'VIVA': 26, 'MI FAMILIA': 2, 'CAMBIO': 0, 'VOS': 4}",6,50,194,0,Algún campo sin dato,1.Guatemala,10.San Juan Sacatepéquez,0364,presidente
3700,,"{'UNE': 37, 'AZUL': 2, 'VALOR UNIONISTA': 4, 'CABAL': 4, 'TODOS': 2, 'VAMOS': 3, 'PHG': 0, 'PR': 2, 'PIN': 0, 'ELEFANTE': 4, 'VICTORIA': 5, 'SEMILLA': 14, 'FCN-NACION': 1, 'PPN': 0, 'UR': 14, 'URNG-MAIZ WINAQ': 3, 'CREO': 1, 'BIEN': 11, 'VIVA': 17, 'MI FAMILIA': 0, 'CAMBIO': 0, 'VOS': 8}",14,57,203,0,Algún campo sin dato,1.Guatemala,10.San Juan Sacatepéquez,0364,presidente
3701,,"{'UNE': 39, 'AZUL': 0, 'VALOR UNIONISTA': 9, 'CABAL': 5, 'TODOS': 1, 'VAMOS': 5, 'PHG': 0, 'PR': 2, 'PIN': 0, 'ELEFANTE': 6, 'VICTORIA': 9, 'SEMILLA': 7, 'FCN-NACION': 3, 'PPN': 2, 'UR': 9, 'URNG-MAIZ WINAQ': 3, 'CREO': 2, 'BIEN': 12, 'VIVA': 23, 'MI FAMILIA': 2, 'CAMBIO': 0, 'VOS': 6}",16,54,215,0,Algún campo sin dato,1.Guatemala,10.San Juan Sacatepéquez,0364,presidente
3702,,"{'UNE': 48, 'AZUL': 2, 'VALOR UNIONISTA': 6, 'CABAL': 3, 'TODOS': 2, 'VAMOS': 7, 'PHG': 0, 'PR': 0, 'PIN': 0, 'ELEFANTE': 1, 'VICTORIA': 5, 'SEMILLA': 8, 'FCN-NACION': 3, 'PPN': 1, 'UR': 7, 'URNG-MAIZ WINAQ': 4, 'CREO': 0, 'BIEN': 16, 'VIVA': 26, 'MI FAMILIA': 0, 'CAMBIO': 0, 'VOS': 0}",13,50,202,0,Algún campo sin dato,1.Guatemala,10.San Juan Sacatepéquez,0364,presidente
3703,,"{'UNE': 36, 'AZUL': 1, 'VALOR UNIONISTA': 10, 'CABAL': 4, 'TODOS': 1, 'VAMOS': 5, 'PHG': 1, 'PR': 2, 'PIN': 0, 'ELEFANTE': 9, 'VICTORIA': 4, 'SEMILLA': 15, 'FCN-NACION': 1, 'PPN': 0, 'UR': 9, 'URNG-MAIZ WINAQ': 7, 'CREO': 1, 'BIEN': 12, 'VIVA': 16, 'MI FAMILIA': 3, 'CAMBIO': 1, 'VOS': 3}",7,51,199,0,Algún campo sin dato,1.Guatemala,10.San Juan Sacatepéquez,0364,presidente
3704,,"{'UNE': 40, 'AZUL': 3, 'VALOR UNIONISTA': 5, 'CABAL': 4, 'TODOS': 0, 'VAMOS': 6, 'PHG': 0, 'PR': 0, 'PIN': 1, 'ELEFANTE': 6, 'VICTORIA': 3, 'SEMILLA': 7, 'FCN-NACION': 0, 'PPN': 0, 'UR': 4, 'URNG-MAIZ WINAQ': 3, 'CREO': 2, 'BIEN': 18, 'VIVA': 20, 'MI FAMILIA': 0, 'CAMBIO': 0, 'VOS': 5}",19,52,198,0,Sumas Asentadas sin cuadrar,1.Guatemala,10.San Juan Sacatepéquez,0364,presidente
3705,,"{'UNE': 29, 'AZUL': 2, 'VALOR UNIONISTA': 4, 'CABAL': 8, 'TODOS': 1, 'VAMOS': 4, 'PHG': 1, 'PR': 0, 'PIN': 1, 'ELEFANTE': 11, 'VICTORIA': 4, 'SEMILLA': 15, 'FCN-NACION': 2, 'PPN': 2, 'UR': 5, 'URNG-MAIZ WINAQ': 1, 'CREO': 1, 'BIEN': 10, 'VIVA': 19, 'MI FAMILIA': 2, 'CAMBIO': 0, 'VOS': 2}",10,53,187,0,Algún campo sin dato,1.Guatemala,10.San Juan Sacatepéquez,0365,presidente
3706,,"{'UNE': 39, 'AZUL': 1, 'VALOR UNIONISTA': 10, 'CABAL': 4, 'TODOS': 1, 'VAMOS': 8, 'PHG': 0, 'PR': 4, 'PIN': 0, 'ELEFANTE': 8, 'VICTORIA': 5, 'SEMILLA': 9, 'FCN-NACION': 0, 'PPN': 1, 'UR': 9, 'URNG-MAIZ WINAQ': 4, 'CREO': 0, 'BIEN': 12, 'VIVA': 20, 'MI FAMILIA': 3, 'CAMBIO': 0, 'VOS': 9}",6,43,196,0,Algún campo sin dato,1.Guatemala,10.San Juan Sacatepéquez,0365,presidente
3707,,"{'UNE': 36, 'AZUL': 1, 'VALOR UNIONISTA': 10, 'CABAL': 2, 'TODOS': 0, 'VAMOS': 3, 'PHG': 0, 'PR': 1, 'PIN': 0, 'ELEFANTE': 6, 'VICTORIA': 8, 'SEMILLA': 10, 'FCN-NACION': 1, 'PPN': 0, 'UR': 8, 'URNG-MAIZ WINAQ': 3, 'CREO': 4, 'BIEN': 7, 'VIVA': 16, 'MI FAMILIA': 1, 'CAMBIO': 0, 'VOS': 4}",11,37,169,0,Algún campo sin dato,1.Guatemala,10.San Juan Sacatepéquez,0365,presidente
3708,,"{'UNE': 38, 'AZUL': 4, 'VALOR UNIONISTA': 7, 'CABAL': 2, 'TODOS': 0, 'VAMOS': 5, 'PHG': 0, 'PR': 2, 'PIN': 0, 'ELEFANTE': 3, 'VICTORIA': 4, 'SEMILLA': 4, 'FCN-NACION': 5, 'PPN': 1, 'UR': 7, 'URNG-MAIZ WINAQ': 3, 'CREO': 0, 'BIEN': 19, 'VIVA': 8, 'MI FAMILIA': 2, 'CAMBIO': 0, 'VOS': 3}",8,49,174,0,Algún campo sin dato,1.Guatemala,10.San Juan Sacatepéquez,0365,presidente
3709,,"{'UNE': 32, 'AZUL': 1, 'VALOR UNIONISTA': 1, 'CABAL': 6, 'TODOS': 2, 'VAMOS': 7, 'PHG': 0, 'PR': 0, 'PIN': 0, 'ELEFANTE': 6, 'VICTORIA': 1, 'SEMILLA': 5, 'FCN-NACION': 3, 'PPN': 2, 'UR': 3, 'URNG-MAIZ WINAQ': 2, 'CREO': 2, 'BIEN': 15, 'VIVA': 9, 'MI FAMILIA': 1, 'CAMBIO': 0, 'VOS': 2}",11,59,170,0,,1.Guatemala,10.San Juan Sacatepéquez,0365,presidente
3710,,"{'UNE': 34, 'AZUL': 1, 'VALOR UNIONISTA': 7, 'CABAL': 3, 'TODOS': 2, 'VAMOS': 2, 'PHG': 0, 'PR': 1, 'PIN': 1, 'ELEFANTE': 5, 'VICTORIA': 6, 'SEMILLA': 5, 'FCN-NACION': 2, 'PPN': 1, 'UR': 5, 'URNG-MAIZ WINAQ': 0, 'CREO': 0, 'BIEN': 18, 'VIVA': 9, 'MI FAMILIA': 3, 'CAMBIO': 0, 'VOS': 1}",13,44,163,0,Algún campo sin dato,1.Guatemala,10.San Juan Sacatepéquez,0365,presidente
3711,,"{'UNE': 33, 'AZUL': 0, 'VALOR UNIONISTA': 6, 'CABAL': 5, 'TODOS': 1, 'VAMOS': 0, 'PHG': 2, 'PR': 2, 'PIN': 1, 'ELEFANTE': 1, 'VICTORIA': 3, 'SEMILLA': 14, 'FCN-NACION': 1, 'PPN': 2, 'UR': 4, 'URNG-MAIZ WINAQ': 1, 'CREO': 2, 'BIEN': 5, 'VIVA': 27, 'MI FAMILIA': 0, 'CAMBIO': 0, 'VOS': 5}",5,21,141,0,Algún campo sin dato,1.Guatemala,10.San Juan Sacatepéquez,0365,presidente
3712,,"{'UNE': 32, 'AZUL': 1, 'VALOR UNIONISTA': 3, 'CABAL': 4, 'TODOS': 1, 'VAMOS': 6, 'PHG': 0, 'PR': 0, 'PIN': 0, 'ELEFANTE': 3, 'VICTORIA': 7, 'SEMILLA': 23, 'FCN-NACION': 0, 'PPN': 1, 'UR': 5, 'URNG-MAIZ WINAQ': 0, 'CREO': 1, 'BIEN': 8, 'VIVA': 14, 'MI FAMILIA': 0, 'CAMBIO': 0, 'VOS': 8}",6,33,156,0,Sumas Asentadas sin cuadrar,1.Guatemala,10.San Juan Sacatepéquez,0365,presidente
3713,,"{'UNE': 26, 'AZUL': 1, 'VALOR UNIONISTA': 5, 'CABAL': 2, 'TODOS': 0, 'VAMOS': 0, 'PHG': 0, 'PR': 0, 'PIN': 0, 'ELEFANTE': 2, 'VICTORIA': 6, 'SEMILLA': 19, 'FCN-NACION': 1, 'PPN': 0, 'UR': 4, 'URNG-MAIZ WINAQ': 4, 'CREO': 0, 'BIEN': 7, 'VIVA': 28, 'MI FAMILIA': 0, 'CAMBIO': 0, 'VOS': 13}",4,45,167,0,Algún campo sin dato,1.Guatemala,10.San Juan Sacatepéquez,0365,presidente
3714,,"{'UNE': 37, 'AZUL': 0, 'VALOR UNIONISTA': 3, 'CABAL': 3, 'TODOS': 0, 'VAMOS': 7, 'PHG': 0, 'PR': 0, 'PIN': 1, 'ELEFANTE': 4, 'VICTORIA': 3, 'SEMILLA': 20, 'FCN-NACION': 0, 'PPN': 0, 'UR': 3, 'URNG-MAIZ WINAQ': 4, 'CREO': 2, 'BIEN': 8, 'VIVA': 32, 'MI FAMILIA': 2, 'CAMBIO': 0, 'VOS': 3}",3,29,164,0,Algún campo sin dato,1.Guatemala,10.San Juan Sacatepéquez,0365,presidente
3715,,"{'UNE': 25, 'AZUL': 0, 'VALOR UNIONISTA': 6, 'CABAL': 2, 'TODOS': 0, 'VAMOS': 2, 'PHG': 1, 'PR': 0, 'PIN': 0, 'ELEFANTE': 3, 'VICTORIA': 2, 'SEMILLA': 31, 'FCN-NACION': 3, 'PPN': 0, 'UR': 5, 'URNG-MAIZ WINAQ': 2, 'CREO': 0, 'BIEN': 6, 'VIVA': 9, 'MI FAMILIA': 0, 'CAMBIO': 0, 'VOS': 2}",6,39,144,0,Algún campo sin dato,1.Guatemala,10.San Juan Sacatepéquez,0365,presidente
3716,,"{'UNE': 29, 'AZUL': 1, 'VALOR UNIONISTA': 3, 'CABAL': 5, 'TODOS': 0, 'VAMOS': 9, 'PHG': 1, 'PR': 0, 'PIN': 0, 'ELEFANTE': 3, 'VICTORIA': 3, 'SEMILLA': 16, 'FCN-NACION': 1, 'PPN': 2, 'UR': 1, 'URNG-MAIZ WINAQ': 1, 'CREO': 0, 'BIEN': 7, 'VIVA': 14, 'MI FAMILIA': 1, 'CAMBIO': 0, 'VOS': 7}",2,42,148,0,Algún campo sin dato,1.Guatemala,10.San Juan Sacatepéquez,0365,presidente
3717,,"{'UNE': 20, 'AZUL': 0, 'VALOR UNIONISTA': 2, 'CABAL': 3, 'TODOS': 0, 'VAMOS': 5, 'PHG': 0, 'PR': 0, 'PIN': 0, 'ELEFANTE': 0, 'VICTORIA': 4, 'SEMILLA': 16, 'FCN-NACION': 0, 'PPN': 2, 'UR': 4, 'URNG-MAIZ WINAQ': 1, 'CREO': 10, 'BIEN': 5, 'VIVA': 1, 'MI FAMILIA': 0, 'CAMBIO': 0, 'VOS': 1}",5,26,105,0,Algún campo sin dato,1.Guatemala,10.San Juan Sacatepéquez,0365,presidente
3718,,"{'UNE': 25, 'AZUL': 0, 'VALOR UNIONISTA': 6, 'CABAL': 3, 'TODOS': 1, 'VAMOS': 4, 'PHG': 1, 'PR': 0, 'PIN': 0, 'ELEFANTE': 2, 'VICTORIA': 3, 'SEMILLA': 12, 'FCN-NACION': 0, 'PPN': 1, 'UR': 2, 'URNG-MAIZ WINAQ': 2, 'CREO': 0, 'BIEN': 9, 'VIVA': 11, 'MI FAMILIA': 0, 'CAMBIO': 0, 'VOS': 2}",6,20,110,0,Algún campo sin dato,1.Guatemala,10.San Juan Sacatepéquez,0365,presidente
3719,,"{'UNE': 23, 'AZUL': 1, 'VALOR UNIONISTA': 7, 'CABAL': 4, 'TODOS': 0, 'VAMOS': 2, 'PHG': 0, 'PR': 0, 'PIN': 0, 'ELEFANTE': 2, 'VICTORIA': 4, 'SEMILLA': 16, 'FCN-NACION': 2, 'PPN': 1, 'UR': 4, 'URNG-MAIZ WINAQ': 2, 'CREO': 0, 'BIEN': 9, 'VIVA': 9, 'MI FAMILIA': 0, 'CAMBIO': 0, 'VOS': 4}",7,26,123,0,Algún campo sin dato,1.Guatemala,10.San Juan Sacatepéquez,0365,presidente
3720,,"{'UNE': 14, 'AZUL': 0, 'VALOR UNIONISTA': 4, 'CABAL': 2, 'TODOS': 1, 'VAMOS': 1, 'PHG': 0, 'PR': 0, 'PIN': 0, 'ELEFANTE': 2, 'VICTORIA': 3, 'SEMILLA': 8, 'FCN-NACION': 0, 'PPN': 1, 'UR': 4, 'URNG-MAIZ WINAQ': 0, 'CREO': 0, 'BIEN': 4, 'VIVA': 8, 'MI FAMILIA': 0, 'CAMBIO': 0, 'VOS': 0}",3,27,82,0,Algún campo sin dato,1.Guatemala,10.San Juan Sacatepéquez,0365,presidente
3721,,"{'UNE': 39, 'AZUL': 3, 'VALOR UNIONISTA': 14, 'CABAL': 9, 'TODOS': 1, 'VAMOS': 13, 'PHG': 1, 'PR': 3, 'PIN': 0, 'ELEFANTE': 3, 'VICTORIA': 14, 'SEMILLA': 34, 'FCN-NACION': 1, 'PPN': 2, 'UR': 3, 'URNG-MAIZ WINAQ': 7, 'CREO': 3, 'BIEN': 5, 'VIVA': 20, 'MI FAMILIA': 3, 'CAMBIO': 0, 'VOS': 16}",6,52,252,0,Algún campo sin dato,1.Guatemala,10.San Juan Sacatepéquez,0366,presidente
3722,,"{'UNE': 27, 'AZUL': 3, 'VALOR UNIONISTA': 20, 'CABAL': 6, 'TODOS': 0, 'VAMOS': 12, 'PHG': 0, 'PR': 1, 'PIN': 1, 'ELEFANTE': 6, 'VICTORIA': 7, 'SEMILLA': 23, 'FCN-NACION': 2, 'PPN': 2, 'UR': 2, 'URNG-MAIZ WINAQ': 7, 'CREO': 2, 'BIEN': 6, 'VIVA': 25, 'MI FAMILIA': 6, 'CAMBIO': 0, 'VOS': 12}",11,61,242,0,Algún campo sin dato,1.Guatemala,10.San Juan Sacatepéquez,0366,presidente
3723,,"{'UNE': 27, 'AZUL': 4, 'VALOR UNIONISTA': 23, 'CABAL': 8, 'TODOS': 2, 'VAMOS': 16, 'PHG': 0, 'PR': 4, 'PIN': 1, 'ELEFANTE': 4, 'VICTORIA': 11, 'SEMILLA': 39, 'FCN-NACION': 1, 'PPN': 3, 'UR': 5, 'URNG-MAIZ WINAQ': 7, 'CREO': 6, 'BIEN': 7, 'VIVA': 29, 'MI FAMILIA': 5, 'CAMBIO': 0, 'VOS': 11}",6,42,261,0,Algún campo sin dato,1.Guatemala,10.San Juan Sacatepéquez,0366,presidente
3724,,"{'UNE': 34, 'AZUL': 3, 'VALOR UNIONISTA': 24, 'CABAL': 12, 'TODOS': 1, 'VAMOS': 10, 'PHG': 0, 'PR': 2, 'PIN': 0, 'ELEFANTE': 3, 'VICTORIA': 10, 'SEMILLA': 35, 'FCN-NACION': 0, 'PPN': 4, 'UR': 4, 'URNG-MAIZ WINAQ': 6, 'CREO': 1, 'BIEN': 2, 'VIVA': 31, 'MI FAMILIA': 8, 'CAMBIO': 0, 'VOS': 18}",43,46,297,0,Algún campo sin dato,1.Guatemala,10.San Juan Sacatepéquez,0366,presidente
3725,,"{'UNE': 41, 'AZUL': 5, 'VALOR UNIONISTA': 21, 'CABAL': 6, 'TODOS': 1, 'VAMOS': 15, 'PHG': 1, 'PR': 1, 'PIN': 0, 'ELEFANTE': 4, 'VICTORIA': 14, 'SEMILLA': 31, 'FCN-NACION': 2, 'PPN': 2, 'UR': 0, 'URNG-MAIZ WINAQ': 6, 'CREO': 1, 'BIEN': 7, 'VIVA': 34, 'MI FAMILIA': 4, 'CAMBIO': 0, 'VOS': 13}",8,43,260,0,Algún campo sin dato,1.Guatemala,10.San Juan Sacatepéquez,0366,presidente
3726,,"{'UNE': 31, 'AZUL': 2, 'VALOR UNIONISTA': 30, 'CABAL': 6, 'TODOS': 1, 'VAMOS': 12, 'PHG': 0, 'PR': 1, 'PIN': 0, 'ELEFANTE': 5, 'VICTORIA': 12, 'SEMILLA': 23, 'FCN-NACION': 0, 'PPN': 4, 'UR': 2, 'URNG-MAIZ WINAQ': 8, 'CREO': 2, 'BIEN': 7, 'VIVA': 26, 'MI FAMILIA': 6, 'CAMBIO': 1, 'VOS': 11}",6,46,242,0,Algún campo sin dato,1.Guatemala,10.San Juan Sacatepéquez,0366,presidente
3727,,"{'UNE': 28, 'AZUL': 3, 'VALOR UNIONISTA': 24, 'CABAL': 8, 'TODOS': 0, 'VAMOS': 9, 'PHG': 0, 'PR': 1, 'PIN': 0, 'ELEFANTE': 6, 'VICTORIA': 13, 'SEMILLA': 31, 'FCN-NACION': 2, 'PPN': 4, 'UR': 6, 'URNG-MAIZ WINAQ': 9, 'CREO': 0, 'BIEN': 5, 'VIVA': 32, 'MI FAMILIA': 7, 'CAMBIO': 0, 'VOS': 11}",6,42,247,0,Algún campo sin dato,1.Guatemala,10.San Juan Sacatepéquez,0366,presidente
3728,,"{'UNE': 21, 'AZUL': 4, 'VALOR UNIONISTA': 14, 'CABAL': 11, 'TODOS': 0, 'VAMOS': 13, 'PHG': 1, 'PR': 1, 'PIN': 0, 'ELEFANTE': 5, 'VICTORIA': 5, 'SEMILLA': 29, 'FCN-NACION': 2, 'PPN': 1, 'UR': 4, 'URNG-MAIZ WINAQ': 12, 'CREO': 2, 'BIEN': 4, 'VIVA': 26, 'MI FAMILIA': 2, 'CAMBIO': 0, 'VOS': 20}",3,43,223,0,Algún campo sin dato,1.Guatemala,10.San Juan Sacatepéquez,0366,presidente
3729,,"{'UNE': 30, 'AZUL': 0, 'VALOR UNIONISTA': 18, 'CABAL': 11, 'TODOS': 1, 'VAMOS': 14, 'PHG': 2, 'PR': 1, 'PIN': 0, 'ELEFANTE': 6, 'VICTORIA': 14, 'SEMILLA': 29, 'FCN-NACION': 0, 'PPN': 1, 'UR': 6, 'URNG-MAIZ WINAQ': 10, 'CREO': 1, 'BIEN': 6, 'VIVA': 30, 'MI FAMILIA': 5, 'CAMBIO': 0, 'VOS': 17}",1,36,239,0,Algún campo sin dato,1.Guatemala,10.San Juan Sacatepéquez,0366,presidente
3730,,"{'UNE': 19, 'AZUL': 2, 'VALOR UNIONISTA': 9, 'CABAL': 10, 'TODOS': 0, 'VAMOS': 9, 'PHG': 0, 'PR': 4, 'PIN': 1, 'ELEFANTE': 5, 'VICTORIA': 14, 'SEMILLA': 44, 'FCN-NACION': 1, 'PPN': 1, 'UR': 7, 'URNG-MAIZ WINAQ': 3, 'CREO': 1, 'BIEN': 6, 'VIVA': 30, 'MI FAMILIA': 2, 'CAMBIO': 1, 'VOS': 17}",1,30,217,0,Algún campo sin dato,1.Guatemala,10.San Juan Sacatepéquez,0366,presidente
3731,,"{'UNE': 0, 'AZUL': 0, 'VALOR UNIONISTA': 0, 'CABAL': 0, 'TODOS': 0, 'VAMOS': 0, 'PHG': 0, 'PR': 0, 'PIN': 0, 'ELEFANTE': 0, 'VICTORIA': 0, 'SEMILLA': 0, 'FCN-NACION': 0, 'PPN': 0, 'UR': 0, 'URNG-MAIZ WINAQ': 0, 'CREO': 0, 'BIEN': 0, 'VIVA': 0, 'MI FAMILIA': 0, 'CAMBIO': 0, 'VOS': 0}",0,0,0,0,Acta ilegible,1.Guatemala,10.San Juan Sacatepéquez,0366,presidente
3732,,"{'UNE': 31, 'AZUL': 2, 'VALOR UNIONISTA': 9, 'CABAL': 10, 'TODOS': 0, 'VAMOS': 9, 'PHG': 0, 'PR': 1, 'PIN': 1, 'ELEFANTE': 5, 'VICTORIA': 10, 'SEMILLA': 41, 'FCN-NACION': 1, 'PPN': 1, 'UR': 4, 'URNG-MAIZ WINAQ': 10, 'CREO': 2, 'BIEN': 6, 'VIVA': 35, 'MI FAMILIA': 3, 'CAMBIO': 0, 'VOS': 11}",4,44,240,0,Algún campo sin dato,1.Guatemala,10.San Juan Sacatepéquez,0366,presidente
3733,,"{'UNE': 30, 'AZUL': 4, 'VALOR UNIONISTA': 26, 'CABAL': 10, 'TODOS': 1, 'VAMOS': 12, 'PHG': 0, 'PR': 0, 'PIN': 0, 'ELEFANTE': 5, 'VICTORIA': 5, 'SEMILLA': 38, 'FCN-NACION': 0, 'PPN': 1, 'UR': 3, 'URNG-MAIZ WINAQ': 3, 'CREO': 2, 'BIEN': 10, 'VIVA': 24, 'MI FAMILIA': 4, 'CAMBIO': 0, 'VOS': 15}",6,41,240,0,Algún campo sin dato,1.Guatemala,10.San Juan Sacatepéquez,0366,presidente
3734,,"{'UNE': 29, 'AZUL': 1, 'VALOR UNIONISTA': 14, 'CABAL': 4, 'TODOS': 0, 'VAMOS': 17, 'PHG': 0, 'PR': 1, 'PIN': 0, 'ELEFANTE': 4, 'VICTORIA': 9, 'SEMILLA': 43, 'FCN-NACION': 2, 'PPN': 3, 'UR': 4, 'URNG-MAIZ WINAQ': 1, 'CREO': 1, 'BIEN': 4, 'VIVA': 26, 'MI FAMILIA': 2, 'CAMBIO': 0, 'VOS': 7}",4,46,222,0,Algún campo sin dato,1.Guatemala,10.San Juan Sacatepéquez,0366,presidente
3735,,"{'UNE': 20, 'AZUL': 4, 'VALOR UNIONISTA': 13, 'CABAL': 5, 'TODOS': 1, 'VAMOS': 16, 'PHG': 0, 'PR': 2, 'PIN': 0, 'ELEFANTE': 3, 'VICTORIA': 7, 'SEMILLA': 44, 'FCN-NACION': 5, 'PPN': 2, 'UR': 6, 'URNG-MAIZ WINAQ': 4, 'CREO': 0, 'BIEN': 15, 'VIVA': 30, 'MI FAMILIA': 7, 'CAMBIO': 0, 'VOS': 21}",4,36,245,0,Algún campo sin dato,1.Guatemala,10.San Juan Sacatepéquez,0366,presidente
3736,,"{'UNE': 20, 'AZUL': 4, 'VALOR UNIONISTA': 18, 'CABAL': 9, 'TODOS': 1, 'VAMOS': 18, 'PHG': 0, 'PR': 1, 'PIN': 1, 'ELEFANTE': 1, 'VICTORIA': 12, 'SEMILLA': 50, 'FCN-NACION': 2, 'PPN': 2, 'UR': 8, 'URNG-MAIZ WINAQ': 8, 'CREO': 1, 'BIEN': 7, 'VIVA': 38, 'MI FAMILIA': 2, 'CAMBIO': 0, 'VOS': 10}",3,38,254,0,Algún campo sin dato,1.Guatemala,10.San Juan Sacatepéquez,0366,presidente
3737,,"{'UNE': 21, 'AZUL': 1, 'VALOR UNIONISTA': 17, 'CABAL': 11, 'TODOS': 0, 'VAMOS': 13, 'PHG': 0, 'PR': 2, 'PIN': 0, 'ELEFANTE': 8, 'VICTORIA': 11, 'SEMILLA': 40, 'FCN-NACION': 2, 'PPN': 4, 'UR': 5, 'URNG-MAIZ WINAQ': 6, 'CREO': 2, 'BIEN': 5, 'VIVA': 25, 'MI FAMILIA': 4, 'CAMBIO': 0, 'VOS': 18}",7,48,250,0,Algún campo sin dato,1.Guatemala,10.San Juan Sacatepéquez,0366,presidente
3738,,"{'UNE': 30, 'AZUL': 3, 'VALOR UNIONISTA': 19, 'CABAL': 13, 'TODOS': 0, 'VAMOS': 14, 'PHG': 0, 'PR': 1, 'PIN': 0, 'ELEFANTE': 7, 'VICTORIA': 14, 'SEMILLA': 46, 'FCN-NACION': 0, 'PPN': 0, 'UR': 4, 'URNG-MAIZ WINAQ': 5, 'CREO': 6, 'BIEN': 5, 'VIVA': 32, 'MI FAMILIA': 6, 'CAMBIO': 0, 'VOS': 12}",4,34,255,0,Algún campo sin dato,1.Guatemala,10.San Juan Sacatepéquez,0366,presidente
3739,,"{'UNE': 32, 'AZUL': 3, 'VALOR UNIONISTA': 15, 'CABAL': 18, 'TODOS': 0, 'VAMOS': 17, 'PHG': 0, 'PR': 1, 'PIN': 0, 'ELEFANTE': 7, 'VICTORIA': 13, 'SEMILLA': 41, 'FCN-NACION': 2, 'PPN': 2, 'UR': 6, 'URNG-MAIZ WINAQ': 9, 'CREO': 1, 'BIEN': 4, 'VIVA': 29, 'MI FAMILIA': 5, 'CAMBIO': 0, 'VOS': 14}",5,36,260,0,Algún campo sin dato,1.Guatemala,10.San Juan Sacatepéquez,0366,presidente
3740,,"{'UNE': 32, 'AZUL': 1, 'VALOR UNIONISTA': 12, 'CABAL': 11, 'TODOS': 0, 'VAMOS': 16, 'PHG': 0, 'PR': 2, 'PIN': 0, 'ELEFANTE': 4, 'VICTORIA': 12, 'SEMILLA': 42, 'FCN-NACION': 4, 'PPN': 3, 'UR': 5, 'URNG-MAIZ WINAQ': 5, 'CREO': 1, 'BIEN': 8, 'VIVA': 27, 'MI FAMILIA': 6, 'CAMBIO': 0, 'VOS': 16}",4,44,255,0,Algún campo sin dato,1.Guatemala,10.San Juan Sacatepéquez,0366,presidente
3741,,"{'UNE': 30, 'AZUL': 1, 'VALOR UNIONISTA': 18, 'CABAL': 10, 'TODOS': 3, 'VAMOS': 21, 'PHG': 0, 'PR': 2, 'PIN': 0, 'ELEFANTE': 5, 'VICTORIA': 16, 'SEMILLA': 41, 'FCN-NACION': 1, 'PPN': 2, 'UR': 5, 'URNG-MAIZ WINAQ': 7, 'CREO': 1, 'BIEN': 9, 'VIVA': 19, 'MI FAMILIA': 6, 'CAMBIO': 1, 'VOS': 9}",4,38,249,0,Algún campo sin dato,1.Guatemala,10.San Juan Sacatepéquez,0366,presidente
3742,,"{'UNE': 24, 'AZUL': 4, 'VALOR UNIONISTA': 16, 'CABAL': 14, 'TODOS': 1, 'VAMOS': 17, 'PHG': 0, 'PR': 4, 'PIN': 0, 'ELEFANTE': 7, 'VICTORIA': 11, 'SEMILLA': 32, 'FCN-NACION': 2, 'PPN': 0, 'UR': 1, 'URNG-MAIZ WINAQ': 4, 'CREO': 2, 'BIEN': 6, 'VIVA': 34, 'MI FAMILIA': 6, 'CAMBIO': 0, 'VOS': 7}",6,45,243,0,Algún campo sin dato,1.Guatemala,10.San Juan Sacatepéquez,0366,presidente
3743,,"{'UNE': 29, 'AZUL': 1, 'VALOR UNIONISTA': 11, 'CABAL': 13, 'TODOS': 2, 'VAMOS': 14, 'PHG': 0, 'PR': 2, 'PIN': 0, 'ELEFANTE': 6, 'VICTORIA': 8, 'SEMILLA': 44, 'FCN-NACION': 2, 'PPN': 3, 'UR': 7, 'URNG-MAIZ WINAQ': 7, 'CREO': 1, 'BIEN': 10, 'VIVA': 28, 'MI FAMILIA': 10, 'CAMBIO': 0, 'VOS': 12}",4,39,253,0,Algún campo sin dato,1.Guatemala,10.San Juan Sacatepéquez,0366,presidente
3744,,"{'UNE': 20, 'AZUL': 2, 'VALOR UNIONISTA': 19, 'CABAL': 11, 'TODOS': 1, 'VAMOS': 11, 'PHG': 5, 'PR': 4, 'PIN': 0, 'ELEFANTE': 3, 'VICTORIA': 14, 'SEMILLA': 41, 'FCN-NACION': 1, 'PPN': 2, 'UR': 5, 'URNG-MAIZ WINAQ': 6, 'CREO': 0, 'BIEN': 6, 'VIVA': 26, 'MI FAMILIA': 7, 'CAMBIO': 0, 'VOS': 13}",3,31,231,0,Algún campo sin dato,1.Guatemala,10.San Juan Sacatepéquez,0366,presidente
3745,,"{'UNE': 27, 'AZUL': 4, 'VALOR UNIONISTA': 12, 'CABAL': 7, 'TODOS': 0, 'VAMOS': 13, 'PHG': 1, 'PR': 3, 'PIN': 0, 'ELEFANTE': 7, 'VICTORIA': 7, 'SEMILLA': 31, 'FCN-NACION': 0, 'PPN': 4, 'UR': 2, 'URNG-MAIZ WINAQ': 4, 'CREO': 0, 'BIEN': 4, 'VIVA': 24, 'MI FAMILIA': 4, 'CAMBIO': 0, 'VOS': 11}",6,40,211,0,Algún campo sin dato,1.Guatemala,10.San Juan Sacatepéquez,0366,presidente
3746,,"{'UNE': 27, 'AZUL': 9, 'VALOR UNIONISTA': 14, 'CABAL': 8, 'TODOS': 2, 'VAMOS': 17, 'PHG': 0, 'PR': 4, 'PIN': 0, 'ELEFANTE': 2, 'VICTORIA': 15, 'SEMILLA': 39, 'FCN-NACION': 1, 'PPN': 1, 'UR': 2, 'URNG-MAIZ WINAQ': 3, 'CREO': 4, 'BIEN': 6, 'VIVA': 33, 'MI FAMILIA': 3, 'CAMBIO': 0, 'VOS': 5}",9,31,235,0,Algún campo sin dato,1.Guatemala,10.San Juan Sacatepéquez,0366,presidente
3747,,"{'UNE': 31, 'AZUL': 3, 'VALOR UNIONISTA': 15, 'CABAL': 11, 'TODOS': 0, 'VAMOS': 14, 'PHG': 0, 'PR': 3, 'PIN': 0, 'ELEFANTE': 4, 'VICTORIA': 18, 'SEMILLA': 51, 'FCN-NACION': 2, 'PPN': 1, 'UR': 4, 'URNG-MAIZ WINAQ': 5, 'CREO': 0, 'BIEN': 5, 'VIVA': 19, 'MI FAMILIA': 4, 'CAMBIO': 0, 'VOS': 6}",4,33,233,0,Algún campo sin dato,1.Guatemala,10.San Juan Sacatepéquez,0366,presidente
3748,,"{'UNE': 20, 'AZUL': 3, 'VALOR UNIONISTA': 13, 'CABAL': 5, 'TODOS': 2, 'VAMOS': 14, 'PHG': 0, 'PR': 1, 'PIN': 0, 'ELEFANTE': 1, 'VICTORIA': 12, 'SEMILLA': 49, 'FCN-NACION': 1, 'PPN': 1, 'UR': 9, 'URNG-MAIZ WINAQ': 5, 'CREO': 0, 'BIEN': 2, 'VIVA': 21, 'MI FAMILIA': 4, 'CAMBIO': 0, 'VOS': 11}",1,36,211,0,Algún campo sin dato,1.Guatemala,10.San Juan Sacatepéquez,0366,presidente
3749,,"{'UNE': 20, 'AZUL': 0, 'VALOR UNIONISTA': 15, 'CABAL': 9, 'TODOS': 1, 'VAMOS': 11, 'PHG': 0, 'PR': 1, 'PIN': 1, 'ELEFANTE': 2, 'VICTORIA': 9, 'SEMILLA': 47, 'FCN-NACION': 4, 'PPN': 1, 'UR': 5, 'URNG-MAIZ WINAQ': 9, 'CREO': 2, 'BIEN': 8, 'VIVA': 28, 'MI FAMILIA': 5, 'CAMBIO': 0, 'VOS': 13}",2,27,220,0,,1.Guatemala,10.San Juan Sacatepéquez,0367,presidente
3750,,"{'UNE': 19, 'AZUL': 6, 'VALOR UNIONISTA': 10, 'CABAL': 7, 'TODOS': 1, 'VAMOS': 9, 'PHG': 0, 'PR': 2, 'PIN': 0, 'ELEFANTE': 3, 'VICTORIA': 6, 'SEMILLA': 61, 'FCN-NACION': 3, 'PPN': 0, 'UR': 2, 'URNG-MAIZ WINAQ': 5, 'CREO': 1, 'BIEN': 9, 'VIVA': 29, 'MI FAMILIA': 3, 'CAMBIO': 0, 'VOS': 17}",2,28,223,0,Algún campo sin dato,1.Guatemala,10.San Juan Sacatepéquez,0367,presidente
3751,,"{'UNE': 13, 'AZUL': 2, 'VALOR UNIONISTA': 11, 'CABAL': 9, 'TODOS': 0, 'VAMOS': 9, 'PHG': 0, 'PR': 2, 'PIN': 0, 'ELEFANTE': 3, 'VICTORIA': 7, 'SEMILLA': 67, 'FCN-NACION': 0, 'PPN': 0, 'UR': 3, 'URNG-MAIZ WINAQ': 3, 'CREO': 1, 'BIEN': 10, 'VIVA': 17, 'MI FAMILIA': 3, 'CAMBIO': 0, 'VOS': 19}",2,21,202,0,,1.Guatemala,10.San Juan Sacatepéquez,0367,presidente
3752,,"{'UNE': 12, 'AZUL': 0, 'VALOR UNIONISTA': 4, 'CABAL': 13, 'TODOS': 1, 'VAMOS': 2, 'PHG': 1, 'PR': 1, 'PIN': 1, 'ELEFANTE': 3, 'VICTORIA': 9, 'SEMILLA': 103, 'FCN-NACION': 3, 'PPN': 2, 'UR': 2, 'URNG-MAIZ WINAQ': 2, 'CREO': 3, 'BIEN': 6, 'VIVA': 13, 'MI FAMILIA': 3, 'CAMBIO': 1, 'VOS': 20}",0,22,227,0,Algún campo sin dato,1.Guatemala,10.San Juan Sacatepéquez,0367,presidente
3753,,"{'UNE': 9, 'AZUL': 1, 'VALOR UNIONISTA': 5, 'CABAL': 5, 'TODOS': 0, 'VAMOS': 6, 'PHG': 0, 'PR': 2, 'PIN': 1, 'ELEFANTE': 1, 'VICTORIA': 6, 'SEMILLA': 119, 'FCN-NACION': 1, 'PPN': 1, 'UR': 1, 'URNG-MAIZ WINAQ': 4, 'CREO': 1, 'BIEN': 5, 'VIVA': 14, 'MI FAMILIA': 2, 'CAMBIO': 0, 'VOS': 17}",0,32,233,0,,1.Guatemala,10.San Juan Sacatepéquez,0367,presidente
3754,,"{'UNE': 10, 'AZUL': 0, 'VALOR UNIONISTA': 6, 'CABAL': 7, 'TODOS': 0, 'VAMOS': 5, 'PHG': 1, 'PR': 2, 'PIN': 0, 'ELEFANTE': 1, 'VICTORIA': 5, 'SEMILLA': 99, 'FCN-NACION': 3, 'PPN': 0, 'UR': 4, 'URNG-MAIZ WINAQ': 6, 'CREO': 1, 'BIEN': 4, 'VIVA': 18, 'MI FAMILIA': 4, 'CAMBIO': 0, 'VOS': 6}",1,17,200,0,Algún campo sin dato,1.Guatemala,10.San Juan Sacatepéquez,0367,presidente
3755,,"{'UNE': 26, 'AZUL': 1, 'VALOR UNIONISTA': 4, 'CABAL': 9, 'TODOS': 2, 'VAMOS': 13, 'PHG': 1, 'PR': 0, 'PIN': 0, 'ELEFANTE': 3, 'VICTORIA': 4, 'SEMILLA': 68, 'FCN-NACION': 2, 'PPN': 0, 'UR': 3, 'URNG-MAIZ WINAQ': 8, 'CREO': 1, 'BIEN': 6, 'VIVA': 22, 'MI FAMILIA': 0, 'CAMBIO': 0, 'VOS': 7}",1,24,205,0,Algún campo sin dato,1.Guatemala,10.San Juan Sacatepéquez,0367,presidente
3756,,"{'UNE': 14, 'AZUL': 1, 'VALOR UNIONISTA': 2, 'CABAL': 6, 'TODOS': 0, 'VAMOS': 9, 'PHG': 0, 'PR': 1, 'PIN': 0, 'ELEFANTE': 2, 'VICTORIA': 4, 'SEMILLA': 64, 'FCN-NACION': 0, 'PPN': 1, 'UR': 3, 'URNG-MAIZ WINAQ': 4, 'CREO': 0, 'BIEN': 5, 'VIVA': 16, 'MI FAMILIA': 3, 'CAMBIO': 0, 'VOS': 9}",4,19,167,0,,1.Guatemala,10.San Juan Sacatepéquez,0367,presidente
3757,,"{'UNE': 12, 'AZUL': 1, 'VALOR UNIONISTA': 5, 'CABAL': 7, 'TODOS': 1, 'VAMOS': 9, 'PHG': 1, 'PR': 1, 'PIN': 0, 'ELEFANTE': 2, 'VICTORIA': 4, 'SEMILLA': 57, 'FCN-NACION': 2, 'PPN': 0, 'UR': 5, 'URNG-MAIZ WINAQ': 2, 'CREO': 0, 'BIEN': 7, 'VIVA': 23, 'MI FAMILIA': 4, 'CAMBIO': 1, 'VOS': 9}",5,35,193,0,,1.Guatemala,10.San Juan Sacatepéquez,0367,presidente
3758,,"{'UNE': 8, 'AZUL': 1, 'VALOR UNIONISTA': 6, 'CABAL': 5, 'TODOS': 0, 'VAMOS': 4, 'PHG': 0, 'PR': 1, 'PIN': 0, 'ELEFANTE': 3, 'VICTORIA': 1, 'SEMILLA': 49, 'FCN-NACION': 0, 'PPN': 0, 'UR': 5, 'URNG-MAIZ WINAQ': 2, 'CREO': 0, 'BIEN': 5, 'VIVA': 6, 'MI FAMILIA': 2, 'CAMBIO': 0, 'VOS': 6}",1,21,126,0,,1.Guatemala,10.San Juan Sacatepéquez,0367,presidente
3759,,"{'UNE': 6, 'AZUL': 3, 'VALOR UNIONISTA': 10, 'CABAL': 9, 'TODOS': 0, 'VAMOS': 7, 'PHG': 0, 'PR': 0, 'PIN': 0, 'ELEFANTE': 2, 'VICTORIA': 3, 'SEMILLA': 46, 'FCN-NACION': 1, 'PPN': 0, 'UR': 0, 'URNG-MAIZ WINAQ': 1, 'CREO': 0, 'BIEN': 2, 'VIVA': 10, 'MI FAMILIA': 2, 'CAMBIO': 0, 'VOS': 5}",0,17,124,0,,1.Guatemala,10.San Juan Sacatepéquez,0367,presidente
3760,,"{'UNE': 24, 'AZUL': 1, 'VALOR UNIONISTA': 19, 'CABAL': 12, 'TODOS': 2, 'VAMOS': 11, 'PHG': 0, 'PR': 0, 'PIN': 0, 'ELEFANTE': 7, 'VICTORIA': 8, 'SEMILLA': 38, 'FCN-NACION': 2, 'PPN': 0, 'UR': 3, 'URNG-MAIZ WINAQ': 10, 'CREO': 1, 'BIEN': 5, 'VIVA': 23, 'MI FAMILIA': 6, 'CAMBIO': 0, 'VOS': 12}",3,40,227,0,Algún campo sin dato,1.Guatemala,10.San Juan Sacatepéquez,0368,presidente
3761,,"{'UNE': 20, 'AZUL': 1, 'VALOR UNIONISTA': 19, 'CABAL': 9, 'TODOS': 2, 'VAMOS': 5, 'PHG': 0, 'PR': 4, 'PIN': 1, 'ELEFANTE': 3, 'VICTORIA': 9, 'SEMILLA': 34, 'FCN-NACION': 1, 'PPN': 1, 'UR': 3, 'URNG-MAIZ WINAQ': 7, 'CREO': 1, 'BIEN': 10, 'VIVA': 25, 'MI FAMILIA': 3, 'CAMBIO': 1, 'VOS': 12}",1,72,244,0,Algún campo sin dato,1.Guatemala,10.San Juan Sacatepéquez,0368,presidente
3762,,"{'UNE': 25, 'AZUL': 2, 'VALOR UNIONISTA': 26, 'CABAL': 10, 'TODOS': 3, 'VAMOS': 16, 'PHG': 0, 'PR': 2, 'PIN': 0, 'ELEFANTE': 3, 'VICTORIA': 12, 'SEMILLA': 30, 'FCN-NACION': 2, 'PPN': 1, 'UR': 7, 'URNG-MAIZ WINAQ': 5, 'CREO': 3, 'BIEN': 9, 'VIVA': 27, 'MI FAMILIA': 6, 'CAMBIO': 0, 'VOS': 11}",7,40,247,0,Algún campo sin dato,1.Guatemala,10.San Juan Sacatepéquez,0368,presidente
3763,,"{'UNE': 26, 'AZUL': 3, 'VALOR UNIONISTA': 27, 'CABAL': 8, 'TODOS': 2, 'VAMOS': 12, 'PHG': 0, 'PR': 6, 'PIN': 1, 'ELEFANTE': 4, 'VICTORIA': 7, 'SEMILLA': 42, 'FCN-NACION': 3, 'PPN': 4, 'UR': 4, 'URNG-MAIZ WINAQ': 4, 'CREO': 1, 'BIEN': 13, 'VIVA': 31, 'MI FAMILIA': 2, 'CAMBIO': 0, 'VOS': 16}",2,46,264,1,,1.Guatemala,10.San Juan Sacatepéquez,0368,presidente
3764,,"{'UNE': 23, 'AZUL': 4, 'VALOR UNIONISTA': 19, 'CABAL': 14, 'TODOS': 1, 'VAMOS': 9, 'PHG': 1, 'PR': 2, 'PIN': 1, 'ELEFANTE': 9, 'VICTORIA': 6, 'SEMILLA': 37, 'FCN-NACION': 0, 'PPN': 1, 'UR': 8, 'URNG-MAIZ WINAQ': 8, 'CREO': 2, 'BIEN': 10, 'VIVA': 34, 'MI FAMILIA': 7, 'CAMBIO': 0, 'VOS': 15}",1,46,258,0,Algún campo sin dato,1.Guatemala,10.San Juan Sacatepéquez,0368,presidente
3765,,"{'UNE': 18, 'AZUL': 1, 'VALOR UNIONISTA': 15, 'CABAL': 8, 'TODOS': 2, 'VAMOS': 10, 'PHG': 0, 'PR': 2, 'PIN': 1, 'ELEFANTE': 7, 'VICTORIA': 11, 'SEMILLA': 45, 'FCN-NACION': 2, 'PPN': 1, 'UR': 7, 'URNG-MAIZ WINAQ': 12, 'CREO': 0, 'BIEN': 9, 'VIVA': 30, 'MI FAMILIA': 7, 'CAMBIO': 0, 'VOS': 22}",1,53,264,0,Algún campo sin dato,1.Guatemala,10.San Juan Sacatepéquez,0368,presidente
3766,,"{'UNE': 15, 'AZUL': 3, 'VALOR UNIONISTA': 28, 'CABAL': 9, 'TODOS': 2, 'VAMOS': 6, 'PHG': 1, 'PR': 2, 'PIN': 0, 'ELEFANTE': 10, 'VICTORIA': 10, 'SEMILLA': 39, 'FCN-NACION': 2, 'PPN': 2, 'UR': 6, 'URNG-MAIZ WINAQ': 9, 'CREO': 2, 'BIEN': 6, 'VIVA': 28, 'MI FAMILIA': 1, 'CAMBIO': 0, 'VOS': 9}",3,43,236,1,Algún campo sin dato,1.Guatemala,10.San Juan Sacatepéquez,0368,presidente
3767,,"{'UNE': 30, 'AZUL': 4, 'VALOR UNIONISTA': 14, 'CABAL': 10, 'TODOS': 2, 'VAMOS': 11, 'PHG': 2, 'PR': 1, 'PIN': 1, 'ELEFANTE': 9, 'VICTORIA': 9, 'SEMILLA': 42, 'FCN-NACION': 0, 'PPN': 0, 'UR': 4, 'URNG-MAIZ WINAQ': 8, 'CREO': 0, 'BIEN': 11, 'VIVA': 26, 'MI FAMILIA': 4, 'CAMBIO': 0, 'VOS': 16}",0,39,243,0,Algún campo sin dato,1.Guatemala,10.San Juan Sacatepéquez,0368,presidente
3768,,"{'UNE': 24, 'AZUL': 2, 'VALOR UNIONISTA': 15, 'CABAL': 9, 'TODOS': 1, 'VAMOS': 11, 'PHG': 0, 'PR': 2, 'PIN': 0, 'ELEFANTE': 5, 'VICTORIA': 8, 'SEMILLA': 56, 'FCN-NACION': 0, 'PPN': 0, 'UR': 6, 'URNG-MAIZ WINAQ': 6, 'CREO': 0, 'BIEN': 5, 'VIVA': 24, 'MI FAMILIA': 2, 'CAMBIO': 2, 'VOS': 18}",4,24,224,0,Algún campo sin dato,1.Guatemala,10.San Juan Sacatepéquez,0368,presidente
3769,,"{'UNE': 15, 'AZUL': 0, 'VALOR UNIONISTA': 10, 'CABAL': 8, 'TODOS': 1, 'VAMOS': 5, 'PHG': 1, 'PR': 4, 'PIN': 0, 'ELEFANTE': 4, 'VICTORIA': 13, 'SEMILLA': 64, 'FCN-NACION': 2, 'PPN': 1, 'UR': 2, 'URNG-MAIZ WINAQ': 6, 'CREO': 2, 'BIEN': 17, 'VIVA': 25, 'MI FAMILIA': 1, 'CAMBIO': 0, 'VOS': 19}",0,28,228,0,Algún campo sin dato,1.Guatemala,10.San Juan Sacatepéquez,0368,presidente
3770,,"{'UNE': 23, 'AZUL': 4, 'VALOR UNIONISTA': 11, 'CABAL': 14, 'TODOS': 0, 'VAMOS': 12, 'PHG': 0, 'PR': 1, 'PIN': 1, 'ELEFANTE': 6, 'VICTORIA': 9, 'SEMILLA': 43, 'FCN-NACION': 0, 'PPN': 2, 'UR': 7, 'URNG-MAIZ WINAQ': 12, 'CREO': 0, 'BIEN': 10, 'VIVA': 26, 'MI FAMILIA': 2, 'CAMBIO': 1, 'VOS': 17}",2,40,243,0,Algún campo sin dato,1.Guatemala,10.San Juan Sacatepéquez,0368,presidente
3771,,"{'UNE': 20, 'AZUL': 1, 'VALOR UNIONISTA': 14, 'CABAL': 14, 'TODOS': 1, 'VAMOS': 5, 'PHG': 0, 'PR': 2, 'PIN': 0, 'ELEFANTE': 2, 'VICTORIA': 9, 'SEMILLA': 46, 'FCN-NACION': 0, 'PPN': 1, 'UR': 4, 'URNG-MAIZ WINAQ': 7, 'CREO': 2, 'BIEN': 3, 'VIVA': 25, 'MI FAMILIA': 6, 'CAMBIO': 0, 'VOS': 14}",2,44,222,0,Algún campo sin dato,1.Guatemala,10.San Juan Sacatepéquez,0368,presidente
3772,,"{'UNE': 21, 'AZUL': 2, 'VALOR UNIONISTA': 20, 'CABAL': 6, 'TODOS': 1, 'VAMOS': 11, 'PHG': 0, 'PR': 3, 'PIN': 0, 'ELEFANTE': 8, 'VICTORIA': 19, 'SEMILLA': 45, 'FCN-NACION': 0, 'PPN': 0, 'UR': 1, 'URNG-MAIZ WINAQ': 6, 'CREO': 5, 'BIEN': 6, 'VIVA': 21, 'MI FAMILIA': 6, 'CAMBIO': 0, 'VOS': 15}",3,47,246,0,Algún campo sin dato,1.Guatemala,10.San Juan Sacatepéquez,0368,presidente
3773,,"{'UNE': 13, 'AZUL': 2, 'VALOR UNIONISTA': 13, 'CABAL': 10, 'TODOS': 0, 'VAMOS': 5, 'PHG': 0, 'PR': 4, 'PIN': 2, 'ELEFANTE': 4, 'VICTORIA': 10, 'SEMILLA': 47, 'FCN-NACION': 1, 'PPN': 5, 'UR': 7, 'URNG-MAIZ WINAQ': 7, 'CREO': 3, 'BIEN': 2, 'VIVA': 24, 'MI FAMILIA': 6, 'CAMBIO': 0, 'VOS': 19}",3,43,230,0,Algún campo sin dato,1.Guatemala,10.San Juan Sacatepéquez,0368,presidente
3774,,"{'UNE': 14, 'AZUL': 0, 'VALOR UNIONISTA': 20, 'CABAL': 8, 'TODOS': 1, 'VAMOS': 10, 'PHG': 0, 'PR': 4, 'PIN': 0, 'ELEFANTE': 1, 'VICTORIA': 8, 'SEMILLA': 49, 'FCN-NACION': 0, 'PPN': 3, 'UR': 7, 'URNG-MAIZ WINAQ': 7, 'CREO': 1, 'BIEN': 8, 'VIVA': 38, 'MI FAMILIA': 5, 'CAMBIO': 0, 'VOS': 22}",2,31,239,0,Algún campo sin dato,1.Guatemala,10.San Juan Sacatepéquez,0368,presidente
3775,,"{'UNE': 17, 'AZUL': 4, 'VALOR UNIONISTA': 18, 'CABAL': 17, 'TODOS': 0, 'VAMOS': 10, 'PHG': 1, 'PR': 2, 'PIN': 1, 'ELEFANTE': 5, 'VICTORIA': 12, 'SEMILLA': 45, 'FCN-NACION': 0, 'PPN': 2, 'UR': 7, 'URNG-MAIZ WINAQ': 5, 'CREO': 0, 'BIEN': 10, 'VIVA': 18, 'MI FAMILIA': 3, 'CAMBIO': 0, 'VOS': 16}",1,42,236,0,Algún campo sin dato,1.Guatemala,10.San Juan Sacatepéquez,0368,presidente
3776,,"{'UNE': 15, 'AZUL': 3, 'VALOR UNIONISTA': 21, 'CABAL': 9, 'TODOS': 1, 'VAMOS': 9, 'PHG': 0, 'PR': 1, 'PIN': 0, 'ELEFANTE': 2, 'VICTORIA': 10, 'SEMILLA': 35, 'FCN-NACION': 1, 'PPN': 1, 'UR': 5, 'URNG-MAIZ WINAQ': 5, 'CREO': 3, 'BIEN': 8, 'VIVA': 34, 'MI FAMILIA': 5, 'CAMBIO': 0, 'VOS': 21}",5,44,238,0,Algún campo sin dato,1.Guatemala,10.San Juan Sacatepéquez,0368,presidente
3777,,"{'UNE': 16, 'AZUL': 3, 'VALOR UNIONISTA': 22, 'CABAL': 14, 'TODOS': 1, 'VAMOS': 14, 'PHG': 0, 'PR': 3, 'PIN': 0, 'ELEFANTE': 5, 'VICTORIA': 13, 'SEMILLA': 43, 'FCN-NACION': 3, 'PPN': 0, 'UR': 5, 'URNG-MAIZ WINAQ': 5, 'CREO': 4, 'BIEN': 9, 'VIVA': 35, 'MI FAMILIA': 4, 'CAMBIO': 0, 'VOS': 14}",2,39,254,0,Algún campo sin dato,1.Guatemala,10.San Juan Sacatepéquez,0368,presidente
3778,,"{'UNE': 20, 'AZUL': 1, 'VALOR UNIONISTA': 17, 'CABAL': 16, 'TODOS': 1, 'VAMOS': 8, 'PHG': 0, 'PR': 4, 'PIN': 0, 'ELEFANTE': 4, 'VICTORIA': 7, 'SEMILLA': 55, 'FCN-NACION': 3, 'PPN': 1, 'UR': 4, 'URNG-MAIZ WINAQ': 5, 'CREO': 2, 'BIEN': 7, 'VIVA': 30, 'MI FAMILIA': 10, 'CAMBIO': 1, 'VOS': 15}",2,43,256,0,Sumas Asentadas sin cuadrar,1.Guatemala,10.San Juan Sacatepéquez,0368,presidente
3779,,"{'UNE': 20, 'AZUL': 0, 'VALOR UNIONISTA': 17, 'CABAL': 6, 'TODOS': 0, 'VAMOS': 9, 'PHG': 0, 'PR': 5, 'PIN': 1, 'ELEFANTE': 3, 'VICTORIA': 9, 'SEMILLA': 37, 'FCN-NACION': 2, 'PPN': 2, 'UR': 7, 'URNG-MAIZ WINAQ': 16, 'CREO': 2, 'BIEN': 8, 'VIVA': 29, 'MI FAMILIA': 11, 'CAMBIO': 0, 'VOS': 21}",2,31,238,0,Algún campo sin dato,1.Guatemala,10.San Juan Sacatepéquez,0368,presidente
3780,,"{'UNE': 24, 'AZUL': 2, 'VALOR UNIONISTA': 16, 'CABAL': 6, 'TODOS': 0, 'VAMOS': 13, 'PHG': 0, 'PR': 4, 'PIN': 0, 'ELEFANTE': 8, 'VICTORIA': 6, 'SEMILLA': 59, 'FCN-NACION': 2, 'PPN': 1, 'UR': 4, 'URNG-MAIZ WINAQ': 5, 'CREO': 0, 'BIEN': 7, 'VIVA': 22, 'MI FAMILIA': 5, 'CAMBIO': 0, 'VOS': 13}",3,33,233,0,Algún campo sin dato,1.Guatemala,10.San Juan Sacatepéquez,0368,presidente
3781,,"{'UNE': 27, 'AZUL': 3, 'VALOR UNIONISTA': 14, 'CABAL': 13, 'TODOS': 0, 'VAMOS': 6, 'PHG': 0, 'PR': 3, 'PIN': 1, 'ELEFANTE': 4, 'VICTORIA': 8, 'SEMILLA': 43, 'FCN-NACION': 1, 'PPN': 2, 'UR': 5, 'URNG-MAIZ WINAQ': 7, 'CREO': 2, 'BIEN': 7, 'VIVA': 30, 'MI FAMILIA': 5, 'CAMBIO': 0, 'VOS': 14}",1,45,241,0,Algún campo sin dato,1.Guatemala,10.San Juan Sacatepéquez,0368,presidente
3782,,"{'UNE': 17, 'AZUL': 1, 'VALOR UNIONISTA': 16, 'CABAL': 11, 'TODOS': 0, 'VAMOS': 6, 'PHG': 1, 'PR': 5, 'PIN': 0, 'ELEFANTE': 3, 'VICTORIA': 6, 'SEMILLA': 41, 'FCN-NACION': 0, 'PPN': 0, 'UR': 1, 'URNG-MAIZ WINAQ': 3, 'CREO': 2, 'BIEN': 5, 'VIVA': 23, 'MI FAMILIA': 9, 'CAMBIO': 0, 'VOS': 17}",2,45,214,1,,1.Guatemala,10.San Juan Sacatepéquez,0368,presidente
3783,,"{'UNE': 19, 'AZUL': 4, 'VALOR UNIONISTA': 15, 'CABAL': 12, 'TODOS': 2, 'VAMOS': 10, 'PHG': 0, 'PR': 4, 'PIN': 1, 'ELEFANTE': 7, 'VICTORIA': 10, 'SEMILLA': 38, 'FCN-NACION': 0, 'PPN': 1, 'UR': 0, 'URNG-MAIZ WINAQ': 10, 'CREO': 0, 'BIEN': 12, 'VIVA': 28, 'MI FAMILIA': 5, 'CAMBIO': 0, 'VOS': 14}",1,36,229,37,Sumas Asentadas sin cuadrar,1.Guatemala,10.San Juan Sacatepéquez,0368,presidente
3784,,"{'UNE': 20, 'AZUL': 3, 'VALOR UNIONISTA': 26, 'CABAL': 15, 'TODOS': 0, 'VAMOS': 11, 'PHG': 0, 'PR': 2, 'PIN': 0, 'ELEFANTE': 5, 'VICTORIA': 5, 'SEMILLA': 40, 'FCN-NACION': 0, 'PPN': 0, 'UR': 5, 'URNG-MAIZ WINAQ': 5, 'CREO': 3, 'BIEN': 13, 'VIVA': 20, 'MI FAMILIA': 7, 'CAMBIO': 0, 'VOS': 15}",149,32,376,0,Sumas Asentadas sin cuadrar,1.Guatemala,10.San Juan Sacatepéquez,0368,presidente
3785,,"{'UNE': 29, 'AZUL': 2, 'VALOR UNIONISTA': 18, 'CABAL': 19, 'TODOS': 0, 'VAMOS': 7, 'PHG': 2, 'PR': 4, 'PIN': 1, 'ELEFANTE': 2, 'VICTORIA': 8, 'SEMILLA': 30, 'FCN-NACION': 2, 'PPN': 0, 'UR': 0, 'URNG-MAIZ WINAQ': 6, 'CREO': 2, 'BIEN': 6, 'VIVA': 21, 'MI FAMILIA': 7, 'CAMBIO': 0, 'VOS': 14}",5,41,226,0,Algún campo sin dato,1.Guatemala,10.San Juan Sacatepéquez,0368,presidente
3786,,"{'UNE': 24, 'AZUL': 4, 'VALOR UNIONISTA': 11, 'CABAL': 5, 'TODOS': 0, 'VAMOS': 16, 'PHG': 2, 'PR': 1, 'PIN': 0, 'ELEFANTE': 5, 'VICTORIA': 9, 'SEMILLA': 36, 'FCN-NACION': 0, 'PPN': 1, 'UR': 4, 'URNG-MAIZ WINAQ': 5, 'CREO': 1, 'BIEN': 10, 'VIVA': 18, 'MI FAMILIA': 9, 'CAMBIO': 0, 'VOS': 17}",2,32,212,0,Algún campo sin dato,1.Guatemala,10.San Juan Sacatepéquez,0368,presidente
3787,,"{'UNE': 15, 'AZUL': 2, 'VALOR UNIONISTA': 13, 'CABAL': 14, 'TODOS': 0, 'VAMOS': 12, 'PHG': 1, 'PR': 2, 'PIN': 1, 'ELEFANTE': 4, 'VICTORIA': 17, 'SEMILLA': 54, 'FCN-NACION': 0, 'PPN': 1, 'UR': 2, 'URNG-MAIZ WINAQ': 4, 'CREO': 1, 'BIEN': 6, 'VIVA': 16, 'MI FAMILIA': 4, 'CAMBIO': 0, 'VOS': 16}",2,33,220,0,Algún campo sin dato,1.Guatemala,10.San Juan Sacatepéquez,0368,presidente
3788,,"{'UNE': 23, 'AZUL': 2, 'VALOR UNIONISTA': 14, 'CABAL': 9, 'TODOS': 1, 'VAMOS': 11, 'PHG': 2, 'PR': 2, 'PIN': 0, 'ELEFANTE': 2, 'VICTORIA': 5, 'SEMILLA': 50, 'FCN-NACION': 0, 'PPN': 1, 'UR': 1, 'URNG-MAIZ WINAQ': 3, 'CREO': 1, 'BIEN': 7, 'VIVA': 20, 'MI FAMILIA': 5, 'CAMBIO': 0, 'VOS': 13}",2,30,204,0,Algún campo sin dato,1.Guatemala,10.San Juan Sacatepéquez,0368,presidente
3789,,"{'UNE': 14, 'AZUL': 0, 'VALOR UNIONISTA': 16, 'CABAL': 9, 'TODOS': 1, 'VAMOS': 8, 'PHG': 0, 'PR': 2, 'PIN': 1, 'ELEFANTE': 3, 'VICTORIA': 3, 'SEMILLA': 59, 'FCN-NACION': 1, 'PPN': 3, 'UR': 4, 'URNG-MAIZ WINAQ': 5, 'CREO': 1, 'BIEN': 12, 'VIVA': 15, 'MI FAMILIA': 2, 'CAMBIO': 0, 'VOS': 14}",2,23,198,0,Algún campo sin dato,1.Guatemala,10.San Juan Sacatepéquez,0368,presidente
3790,,"{'UNE': 6, 'AZUL': 1, 'VALOR UNIONISTA': 9, 'CABAL': 11, 'TODOS': 0, 'VAMOS': 1, 'PHG': 0, 'PR': 1, 'PIN': 0, 'ELEFANTE': 1, 'VICTORIA': 6, 'SEMILLA': 101, 'FCN-NACION': 1, 'PPN': 0, 'UR': 1, 'URNG-MAIZ WINAQ': 0, 'CREO': 1, 'BIEN': 22, 'VIVA': 20, 'MI FAMILIA': 0, 'CAMBIO': 2, 'VOS': 16}",0,19,219,0,Algún campo sin dato,1.Guatemala,10.San Juan Sacatepéquez,0368,presidente
3791,,"{'UNE': 5, 'AZUL': 2, 'VALOR UNIONISTA': 12, 'CABAL': 7, 'TODOS': 1, 'VAMOS': 8, 'PHG': 1, 'PR': 1, 'PIN': 1, 'ELEFANTE': 1, 'VICTORIA': 5, 'SEMILLA': 105, 'FCN-NACION': 0, 'PPN': 0, 'UR': 0, 'URNG-MAIZ WINAQ': 5, 'CREO': 0, 'BIEN': 9, 'VIVA': 12, 'MI FAMILIA': 0, 'CAMBIO': 0, 'VOS': 20}",0,17,212,0,,1.Guatemala,10.San Juan Sacatepéquez,0369,presidente
3792,,"{'UNE': 12, 'AZUL': 1, 'VALOR UNIONISTA': 6, 'CABAL': 9, 'TODOS': 0, 'VAMOS': 4, 'PHG': 0, 'PR': 2, 'PIN': 1, 'ELEFANTE': 3, 'VICTORIA': 6, 'SEMILLA': 86, 'FCN-NACION': 0, 'PPN': 1, 'UR': 1, 'URNG-MAIZ WINAQ': 2, 'CREO': 1, 'BIEN': 11, 'VIVA': 11, 'MI FAMILIA': 4, 'CAMBIO': 1, 'VOS': 18}",1,15,196,0,Algún campo sin dato,1.Guatemala,10.San Juan Sacatepéquez,0369,presidente
3793,,"{'UNE': 11, 'AZUL': 0, 'VALOR UNIONISTA': 6, 'CABAL': 5, 'TODOS': 0, 'VAMOS': 5, 'PHG': 0, 'PR': 2, 'PIN': 1, 'ELEFANTE': 3, 'VICTORIA': 4, 'SEMILLA': 75, 'FCN-NACION': 1, 'PPN': 0, 'UR': 0, 'URNG-MAIZ WINAQ': 2, 'CREO': 1, 'BIEN': 6, 'VIVA': 13, 'MI FAMILIA': 0, 'CAMBIO': 0, 'VOS': 11}",0,21,167,0,Sumas Asentadas sin cuadrar,1.Guatemala,10.San Juan Sacatepéquez,0369,presidente
3794,,"{'UNE': 9, 'AZUL': 0, 'VALOR UNIONISTA': 7, 'CABAL': 4, 'TODOS': 1, 'VAMOS': 7, 'PHG': 0, 'PR': 0, 'PIN': 0, 'ELEFANTE': 3, 'VICTORIA': 8, 'SEMILLA': 58, 'FCN-NACION': 0, 'PPN': 1, 'UR': 1, 'URNG-MAIZ WINAQ': 4, 'CREO': 0, 'BIEN': 8, 'VIVA': 13, 'MI FAMILIA': 2, 'CAMBIO': 0, 'VOS': 16}",1,30,173,0,Algún campo sin dato,1.Guatemala,10.San Juan Sacatepéquez,0369,presidente
3795,,"{'UNE': 6, 'AZUL': 0, 'VALOR UNIONISTA': 12, 'CABAL': 9, 'TODOS': 0, 'VAMOS': 8, 'PHG': 0, 'PR': 1, 'PIN': 0, 'ELEFANTE': 5, 'VICTORIA': 9, 'SEMILLA': 63, 'FCN-NACION': 0, 'PPN': 1, 'UR': 1, 'URNG-MAIZ WINAQ': 2, 'CREO': 2, 'BIEN': 8, 'VIVA': 10, 'MI FAMILIA': 4, 'CAMBIO': 0, 'VOS': 12}",2,24,179,198,,1.Guatemala,10.San Juan Sacatepéquez,0369,presidente
3796,,"{'UNE': 11, 'AZUL': 0, 'VALOR UNIONISTA': 10, 'CABAL': 3, 'TODOS': 0, 'VAMOS': 4, 'PHG': 0, 'PR': 2, 'PIN': 0, 'ELEFANTE': 1, 'VICTORIA': 4, 'SEMILLA': 53, 'FCN-NACION': 1, 'PPN': 1, 'UR': 1, 'URNG-MAIZ WINAQ': 1, 'CREO': 0, 'BIEN': 4, 'VIVA': 6, 'MI FAMILIA': 2, 'CAMBIO': 0, 'VOS': 11}",3,8,126,0,,1.Guatemala,10.San Juan Sacatepéquez,0369,presidente
3797,,"{'UNE': 6, 'AZUL': 0, 'VALOR UNIONISTA': 6, 'CABAL': 4, 'TODOS': 0, 'VAMOS': 6, 'PHG': 0, 'PR': 0, 'PIN': 0, 'ELEFANTE': 1, 'VICTORIA': 2, 'SEMILLA': 42, 'FCN-NACION': 0, 'PPN': 0, 'UR': 2, 'URNG-MAIZ WINAQ': 0, 'CREO': 0, 'BIEN': 4, 'VIVA': 3, 'MI FAMILIA': 0, 'CAMBIO': 0, 'VOS': 3}",5,7,91,0,,1.Guatemala,10.San Juan Sacatepéquez,0369,presidente
3798,,"{'UNE': 42, 'AZUL': 2, 'VALOR UNIONISTA': 8, 'CABAL': 8, 'TODOS': 0, 'VAMOS': 9, 'PHG': 0, 'PR': 1, 'PIN': 0, 'ELEFANTE': 6, 'VICTORIA': 9, 'SEMILLA': 8, 'FCN-NACION': 1, 'PPN': 3, 'UR': 7, 'URNG-MAIZ WINAQ': 9, 'CREO': 1, 'BIEN': 21, 'VIVA': 26, 'MI FAMILIA': 3, 'CAMBIO': 0, 'VOS': 2}",3,45,214,0,Algún campo sin dato,1.Guatemala,10.San Juan Sacatepéquez,0370,presidente
3799,,"{'UNE': 63, 'AZUL': 2, 'VALOR UNIONISTA': 7, 'CABAL': 7, 'TODOS': 2, 'VAMOS': 4, 'PHG': 0, 'PR': 2, 'PIN': 2, 'ELEFANTE': 5, 'VICTORIA': 13, 'SEMILLA': 6, 'FCN-NACION': 3, 'PPN': 4, 'UR': 4, 'URNG-MAIZ WINAQ': 4, 'CREO': 0, 'BIEN': 18, 'VIVA': 26, 'MI FAMILIA': 1, 'CAMBIO': 1, 'VOS': 1}",9,49,233,0,Algún campo sin dato,1.Guatemala,10.San Juan Sacatepéquez,0370,presidente
3800,,"{'UNE': 37, 'AZUL': 2, 'VALOR UNIONISTA': 5, 'CABAL': 16, 'TODOS': 0, 'VAMOS': 10, 'PHG': 0, 'PR': 4, 'PIN': 0, 'ELEFANTE': 3, 'VICTORIA': 7, 'SEMILLA': 12, 'FCN-NACION': 4, 'PPN': 0, 'UR': 8, 'URNG-MAIZ WINAQ': 3, 'CREO': 2, 'BIEN': 12, 'VIVA': 40, 'MI FAMILIA': 3, 'CAMBIO': 0, 'VOS': 2}",11,45,226,0,Algún campo sin dato,1.Guatemala,10.San Juan Sacatepéquez,0370,presidente
3801,,"{'UNE': 40, 'AZUL': 0, 'VALOR UNIONISTA': 6, 'CABAL': 10, 'TODOS': 1, 'VAMOS': 7, 'PHG': 1, 'PR': 1, 'PIN': 0, 'ELEFANTE': 4, 'VICTORIA': 15, 'SEMILLA': 17, 'FCN-NACION': 3, 'PPN': 7, 'UR': 3, 'URNG-MAIZ WINAQ': 6, 'CREO': 5, 'BIEN': 14, 'VIVA': 27, 'MI FAMILIA': 1, 'CAMBIO': 3, 'VOS': 0}",17,43,231,0,,1.Guatemala,10.San Juan Sacatepéquez,0370,presidente
3802,,"{'UNE': 69, 'AZUL': 2, 'VALOR UNIONISTA': 8, 'CABAL': 10, 'TODOS': 1, 'VAMOS': 10, 'PHG': 1, 'PR': 2, 'PIN': 1, 'ELEFANTE': 3, 'VICTORIA': 12, 'SEMILLA': 5, 'FCN-NACION': 4, 'PPN': 1, 'UR': 8, 'URNG-MAIZ WINAQ': 3, 'CREO': 0, 'BIEN': 20, 'VIVA': 30, 'MI FAMILIA': 2, 'CAMBIO': 0, 'VOS': 0}",6,41,239,0,Algún campo sin dato,1.Guatemala,10.San Juan Sacatepéquez,0370,presidente
3803,,"{'UNE': 62, 'AZUL': 1, 'VALOR UNIONISTA': 5, 'CABAL': 9, 'TODOS': 1, 'VAMOS': 9, 'PHG': 1, 'PR': 2, 'PIN': 0, 'ELEFANTE': 3, 'VICTORIA': 11, 'SEMILLA': 10, 'FCN-NACION': 1, 'PPN': 4, 'UR': 6, 'URNG-MAIZ WINAQ': 3, 'CREO': 1, 'BIEN': 13, 'VIVA': 30, 'MI FAMILIA': 1, 'CAMBIO': 2, 'VOS': 6}",16,45,242,0,Algún campo sin dato,1.Guatemala,10.San Juan Sacatepéquez,0370,presidente
3804,,"{'UNE': 57, 'AZUL': 1, 'VALOR UNIONISTA': 3, 'CABAL': 13, 'TODOS': 1, 'VAMOS': 15, 'PHG': 0, 'PR': 1, 'PIN': 0, 'ELEFANTE': 4, 'VICTORIA': 8, 'SEMILLA': 5, 'FCN-NACION': 3, 'PPN': 1, 'UR': 9, 'URNG-MAIZ WINAQ': 4, 'CREO': 2, 'BIEN': 8, 'VIVA': 32, 'MI FAMILIA': 2, 'CAMBIO': 0, 'VOS': 3}",19,44,235,0,Algún campo sin dato,1.Guatemala,10.San Juan Sacatepéquez,0370,presidente
3805,,"{'UNE': 38, 'AZUL': 5, 'VALOR UNIONISTA': 8, 'CABAL': 14, 'TODOS': 2, 'VAMOS': 5, 'PHG': 0, 'PR': 0, 'PIN': 0, 'ELEFANTE': 2, 'VICTORIA': 17, 'SEMILLA': 16, 'FCN-NACION': 6, 'PPN': 2, 'UR': 5, 'URNG-MAIZ WINAQ': 2, 'CREO': 1, 'BIEN': 10, 'VIVA': 26, 'MI FAMILIA': 1, 'CAMBIO': 0, 'VOS': 8}",6,50,224,0,Algún campo sin dato,1.Guatemala,10.San Juan Sacatepéquez,0370,presidente
3806,,"{'UNE': 34, 'AZUL': 2, 'VALOR UNIONISTA': 1, 'CABAL': 7, 'TODOS': 0, 'VAMOS': 6, 'PHG': 0, 'PR': 2, 'PIN': 1, 'ELEFANTE': 3, 'VICTORIA': 11, 'SEMILLA': 17, 'FCN-NACION': 2, 'PPN': 3, 'UR': 10, 'URNG-MAIZ WINAQ': 4, 'CREO': 0, 'BIEN': 7, 'VIVA': 42, 'MI FAMILIA': 0, 'CAMBIO': 0, 'VOS': 10}",6,29,197,0,Algún campo sin dato,1.Guatemala,10.San Juan Sacatepéquez,0370,presidente
3807,,"{'UNE': 48, 'AZUL': 3, 'VALOR UNIONISTA': 3, 'CABAL': 7, 'TODOS': 0, 'VAMOS': 7, 'PHG': 0, 'PR': 1, 'PIN': 0, 'ELEFANTE': 4, 'VICTORIA': 8, 'SEMILLA': 17, 'FCN-NACION': 2, 'PPN': 1, 'UR': 4, 'URNG-MAIZ WINAQ': 4, 'CREO': 7, 'BIEN': 8, 'VIVA': 28, 'MI FAMILIA': 1, 'CAMBIO': 1, 'VOS': 0}",9,42,205,0,Algún campo sin dato,1.Guatemala,10.San Juan Sacatepéquez,0370,presidente
3808,,"{'UNE': 36, 'AZUL': 0, 'VALOR UNIONISTA': 5, 'CABAL': 9, 'TODOS': 1, 'VAMOS': 6, 'PHG': 1, 'PR': 3, 'PIN': 1, 'ELEFANTE': 2, 'VICTORIA': 10, 'SEMILLA': 8, 'FCN-NACION': 2, 'PPN': 2, 'UR': 2, 'URNG-MAIZ WINAQ': 1, 'CREO': 0, 'BIEN': 13, 'VIVA': 38, 'MI FAMILIA': 2, 'CAMBIO': 0, 'VOS': 6}",13,51,212,0,Algún campo sin dato,1.Guatemala,10.San Juan Sacatepéquez,0370,presidente
3809,,"{'UNE': 46, 'AZUL': 1, 'VALOR UNIONISTA': 4, 'CABAL': 11, 'TODOS': 1, 'VAMOS': 11, 'PHG': 1, 'PR': 2, 'PIN': 0, 'ELEFANTE': 1, 'VICTORIA': 7, 'SEMILLA': 15, 'FCN-NACION': 1, 'PPN': 2, 'UR': 12, 'URNG-MAIZ WINAQ': 5, 'CREO': 0, 'BIEN': 11, 'VIVA': 48, 'MI FAMILIA': 2, 'CAMBIO': 0, 'VOS': 11}",9,31,232,5,Sumas Asentadas sin cuadrar,1.Guatemala,10.San Juan Sacatepéquez,0370,presidente
3810,,"{'UNE': 44, 'AZUL': 2, 'VALOR UNIONISTA': 4, 'CABAL': 7, 'TODOS': 2, 'VAMOS': 10, 'PHG': 0, 'PR': 2, 'PIN': 0, 'ELEFANTE': 3, 'VICTORIA': 11, 'SEMILLA': 16, 'FCN-NACION': 2, 'PPN': 4, 'UR': 8, 'URNG-MAIZ WINAQ': 2, 'CREO': 2, 'BIEN': 6, 'VIVA': 26, 'MI FAMILIA': 2, 'CAMBIO': 0, 'VOS': 1}",13,50,217,0,Sumas Asentadas sin cuadrar,1.Guatemala,10.San Juan Sacatepéquez,0370,presidente
3811,,"{'UNE': 31, 'AZUL': 5, 'VALOR UNIONISTA': 5, 'CABAL': 10, 'TODOS': 0, 'VAMOS': 7, 'PHG': 1, 'PR': 12, 'PIN': 0, 'ELEFANTE': 3, 'VICTORIA': 9, 'SEMILLA': 14, 'FCN-NACION': 2, 'PPN': 3, 'UR': 0, 'URNG-MAIZ WINAQ': 4, 'CREO': 1, 'BIEN': 11, 'VIVA': 36, 'MI FAMILIA': 3, 'CAMBIO': 2, 'VOS': 8}",13,53,233,0,Algún campo sin dato,1.Guatemala,10.San Juan Sacatepéquez,0370,presidente
3812,,"{'UNE': 51, 'AZUL': 2, 'VALOR UNIONISTA': 0, 'CABAL': 7, 'TODOS': 1, 'VAMOS': 7, 'PHG': 0, 'PR': 0, 'PIN': 0, 'ELEFANTE': 1, 'VICTORIA': 11, 'SEMILLA': 14, 'FCN-NACION': 4, 'PPN': 2, 'UR': 6, 'URNG-MAIZ WINAQ': 1, 'CREO': 3, 'BIEN': 11, 'VIVA': 29, 'MI FAMILIA': 4, 'CAMBIO': 0, 'VOS': 4}",19,49,226,0,Algún campo sin dato,1.Guatemala,10.San Juan Sacatepéquez,0370,presidente
3813,,"{'UNE': 47, 'AZUL': 6, 'VALOR UNIONISTA': 10, 'CABAL': 10, 'TODOS': 1, 'VAMOS': 7, 'PHG': 0, 'PR': 0, 'PIN': 0, 'ELEFANTE': 6, 'VICTORIA': 5, 'SEMILLA': 11, 'FCN-NACION': 1, 'PPN': 1, 'UR': 7, 'URNG-MAIZ WINAQ': 3, 'CREO': 2, 'BIEN': 18, 'VIVA': 25, 'MI FAMILIA': 1, 'CAMBIO': 0, 'VOS': 3}",5,36,205,0,Algún campo sin dato,1.Guatemala,10.San Juan Sacatepéquez,0370,presidente
3814,,"{'UNE': 42, 'AZUL': 2, 'VALOR UNIONISTA': 2, 'CABAL': 9, 'TODOS': 2, 'VAMOS': 7, 'PHG': 1, 'PR': 1, 'PIN': 0, 'ELEFANTE': 2, 'VICTORIA': 9, 'SEMILLA': 15, 'FCN-NACION': 2, 'PPN': 1, 'UR': 7, 'URNG-MAIZ WINAQ': 3, 'CREO': 2, 'BIEN': 12, 'VIVA': 28, 'MI FAMILIA': 0, 'CAMBIO': 0, 'VOS': 3}",18,43,211,0,Algún campo sin dato,1.Guatemala,10.San Juan Sacatepéquez,0370,presidente
3815,,"{'UNE': 48, 'AZUL': 0, 'VALOR UNIONISTA': 6, 'CABAL': 5, 'TODOS': 0, 'VAMOS': 8, 'PHG': 3, 'PR': 0, 'PIN': 1, 'ELEFANTE': 3, 'VICTORIA': 11, 'SEMILLA': 4, 'FCN-NACION': 4, 'PPN': 4, 'UR': 8, 'URNG-MAIZ WINAQ': 1, 'CREO': 0, 'BIEN': 6, 'VIVA': 15, 'MI FAMILIA': 2, 'CAMBIO': 0, 'VOS': 4}",16,37,186,0,Algún campo sin dato,1.Guatemala,10.San Juan Sacatepéquez,0370,presidente
3816,,"{'UNE': 50, 'AZUL': 4, 'VALOR UNIONISTA': 4, 'CABAL': 9, 'TODOS': 2, 'VAMOS': 4, 'PHG': 0, 'PR': 0, 'PIN': 1, 'ELEFANTE': 1, 'VICTORIA': 12, 'SEMILLA': 3, 'FCN-NACION': 1, 'PPN': 0, 'UR': 6, 'URNG-MAIZ WINAQ': 3, 'CREO': 2, 'BIEN': 10, 'VIVA': 13, 'MI FAMILIA': 2, 'CAMBIO': 0, 'VOS': 3}",22,45,197,0,Algún campo sin dato,1.Guatemala,10.San Juan Sacatepéquez,0370,presidente
3817,,"{'UNE': 48, 'AZUL': 0, 'VALOR UNIONISTA': 5, 'CABAL': 7, 'TODOS': 3, 'VAMOS': 4, 'PHG': 0, 'PR': 0, 'PIN': 0, 'ELEFANTE': 4, 'VICTORIA': 8, 'SEMILLA': 8, 'FCN-NACION': 3, 'PPN': 4, 'UR': 7, 'URNG-MAIZ WINAQ': 1, 'CREO': 0, 'BIEN': 8, 'VIVA': 17, 'MI FAMILIA': 1, 'CAMBIO': 0, 'VOS': 1}",8,48,185,0,Algún campo sin dato,1.Guatemala,10.San Juan Sacatepéquez,0370,presidente
3818,,"{'UNE': 48, 'AZUL': 2, 'VALOR UNIONISTA': 2, 'CABAL': 10, 'TODOS': 0, 'VAMOS': 8, 'PHG': 0, 'PR': 0, 'PIN': 0, 'ELEFANTE': 0, 'VICTORIA': 13, 'SEMILLA': 11, 'FCN-NACION': 2, 'PPN': 4, 'UR': 5, 'URNG-MAIZ WINAQ': 0, 'CREO': 1, 'BIEN': 6, 'VIVA': 28, 'MI FAMILIA': 1, 'CAMBIO': 0, 'VOS': 4}",5,46,196,0,Algún campo sin dato,1.Guatemala,10.San Juan Sacatepéquez,0370,presidente
3819,,"{'UNE': 25, 'AZUL': 1, 'VALOR UNIONISTA': 3, 'CABAL': 8, 'TODOS': 0, 'VAMOS': 1, 'PHG': 0, 'PR': 1, 'PIN': 1, 'ELEFANTE': 2, 'VICTORIA': 8, 'SEMILLA': 27, 'FCN-NACION': 1, 'PPN': 1, 'UR': 2, 'URNG-MAIZ WINAQ': 4, 'CREO': 1, 'BIEN': 5, 'VIVA': 22, 'MI FAMILIA': 0, 'CAMBIO': 0, 'VOS': 10}",5,43,171,0,Algún campo sin dato,1.Guatemala,10.San Juan Sacatepéquez,0370,presidente
3820,,"{'UNE': 21, 'AZUL': 0, 'VALOR UNIONISTA': 4, 'CABAL': 5, 'TODOS': 0, 'VAMOS': 3, 'PHG': 0, 'PR': 0, 'PIN': 0, 'ELEFANTE': 2, 'VICTORIA': 10, 'SEMILLA': 30, 'FCN-NACION': 2, 'PPN': 0, 'UR': 5, 'URNG-MAIZ WINAQ': 1, 'CREO': 1, 'BIEN': 4, 'VIVA': 19, 'MI FAMILIA': 0, 'CAMBIO': 0, 'VOS': 5}",3,28,143,0,Algún campo sin dato,1.Guatemala,10.San Juan Sacatepéquez,0371,presidente
3821,,"{'UNE': 27, 'AZUL': 1, 'VALOR UNIONISTA': 1, 'CABAL': 10, 'TODOS': 0, 'VAMOS': 2, 'PHG': 0, 'PR': 1, 'PIN': 0, 'ELEFANTE': 1, 'VICTORIA': 6, 'SEMILLA': 21, 'FCN-NACION': 0, 'PPN': 0, 'UR': 3, 'URNG-MAIZ WINAQ': 4, 'CREO': 1, 'BIEN': 9, 'VIVA': 18, 'MI FAMILIA': 1, 'CAMBIO': 0, 'VOS': 2}",5,37,150,0,Algún campo sin dato,1.Guatemala,10.San Juan Sacatepéquez,0371,presidente
3822,,"{'UNE': 27, 'AZUL': 1, 'VALOR UNIONISTA': 1, 'CABAL': 2, 'TODOS': 0, 'VAMOS': 4, 'PHG': 1, 'PR': 0, 'PIN': 0, 'ELEFANTE': 0, 'VICTORIA': 4, 'SEMILLA': 21, 'FCN-NACION': 0, 'PPN': 0, 'UR': 2, 'URNG-MAIZ WINAQ': 1, 'CREO': 1, 'BIEN': 9, 'VIVA': 32, 'MI FAMILIA': 2, 'CAMBIO': 2, 'VOS': 5}",5,36,156,0,Algún campo sin dato,1.Guatemala,10.San Juan Sacatepéquez,0371,presidente
3823,,"{'UNE': 21, 'AZUL': 2, 'VALOR UNIONISTA': 1, 'CABAL': 5, 'TODOS': 1, 'VAMOS': 2, 'PHG': 8, 'PR': 0, 'PIN': 0, 'ELEFANTE': 0, 'VICTORIA': 8, 'SEMILLA': 14, 'FCN-NACION': 5, 'PPN': 1, 'UR': 8, 'URNG-MAIZ WINAQ': 0, 'CREO': 1, 'BIEN': 3, 'VIVA': 17, 'MI FAMILIA': 0, 'CAMBIO': 0, 'VOS': 4}",5,28,134,0,Sumas Asentadas sin cuadrar,1.Guatemala,10.San Juan Sacatepéquez,0371,presidente
3824,,"{'UNE': 19, 'AZUL': 0, 'VALOR UNIONISTA': 0, 'CABAL': 5, 'TODOS': 1, 'VAMOS': 2, 'PHG': 0, 'PR': 0, 'PIN': 1, 'ELEFANTE': 2, 'VICTORIA': 2, 'SEMILLA': 10, 'FCN-NACION': 1, 'PPN': 1, 'UR': 3, 'URNG-MAIZ WINAQ': 0, 'CREO': 0, 'BIEN': 9, 'VIVA': 7, 'MI FAMILIA': 1, 'CAMBIO': 0, 'VOS': 2}",2,24,92,0,Algún campo sin dato,1.Guatemala,10.San Juan Sacatepéquez,0371,presidente
3825,,"{'UNE': 21, 'AZUL': 0, 'VALOR UNIONISTA': 2, 'CABAL': 5, 'TODOS': 1, 'VAMOS': 6, 'PHG': 0, 'PR': 0, 'PIN': 0, 'ELEFANTE': 2, 'VICTORIA': 4, 'SEMILLA': 6, 'FCN-NACION': 2, 'PPN': 2, 'UR': 3, 'URNG-MAIZ WINAQ': 0, 'CREO': 0, 'BIEN': 3, 'VIVA': 13, 'MI FAMILIA': 1, 'CAMBIO': 0, 'VOS': 4}",6,20,101,0,Algún campo sin dato,1.Guatemala,10.San Juan Sacatepéquez,0371,presidente
3826,,"{'UNE': 38, 'AZUL': 5, 'VALOR UNIONISTA': 7, 'CABAL': 15, 'TODOS': 2, 'VAMOS': 12, 'PHG': 0, 'PR': 1, 'PIN': 1, 'ELEFANTE': 9, 'VICTORIA': 10, 'SEMILLA': 16, 'FCN-NACION': 8, 'PPN': 5, 'UR': 4, 'URNG-MAIZ WINAQ': 5, 'CREO': 2, 'BIEN': 8, 'VIVA': 43, 'MI FAMILIA': 6, 'CAMBIO': 1, 'VOS': 5}",12,44,259,0,Algún campo sin dato,1.Guatemala,10.San Juan Sacatepéquez,0372,presidente
3827,,"{'UNE': 40, 'AZUL': 9, 'VALOR UNIONISTA': 12, 'CABAL': 20, 'TODOS': 2, 'VAMOS': 9, 'PHG': 0, 'PR': 3, 'PIN': 0, 'ELEFANTE': 5, 'VICTORIA': 5, 'SEMILLA': 13, 'FCN-NACION': 4, 'PPN': 4, 'UR': 6, 'URNG-MAIZ WINAQ': 4, 'CREO': 0, 'BIEN': 20, 'VIVA': 42, 'MI FAMILIA': 1, 'CAMBIO': 1, 'VOS': 11}",7,38,256,0,Algún campo sin dato,1.Guatemala,10.San Juan Sacatepéquez,0372,presidente
3828,,"{'UNE': 59, 'AZUL': 5, 'VALOR UNIONISTA': 12, 'CABAL': 10, 'TODOS': 0, 'VAMOS': 7, 'PHG': 1, 'PR': 3, 'PIN': 0, 'ELEFANTE': 5, 'VICTORIA': 8, 'SEMILLA': 12, 'FCN-NACION': 2, 'PPN': 3, 'UR': 5, 'URNG-MAIZ WINAQ': 5, 'CREO': 2, 'BIEN': 5, 'VIVA': 45, 'MI FAMILIA': 2, 'CAMBIO': 1, 'VOS': 3}",19,46,260,3,Algún campo sin dato,1.Guatemala,10.San Juan Sacatepéquez,0372,presidente
3829,,"{'UNE': 71, 'AZUL': 3, 'VALOR UNIONISTA': 19, 'CABAL': 17, 'TODOS': 0, 'VAMOS': 10, 'PHG': 0, 'PR': 1, 'PIN': 0, 'ELEFANTE': 5, 'VICTORIA': 8, 'SEMILLA': 15, 'FCN-NACION': 1, 'PPN': 5, 'UR': 4, 'URNG-MAIZ WINAQ': 9, 'CREO': 1, 'BIEN': 4, 'VIVA': 31, 'MI FAMILIA': 7, 'CAMBIO': 0, 'VOS': 4}",10,35,260,0,Algún campo sin dato,1.Guatemala,10.San Juan Sacatepéquez,0372,presidente
3830,,"{'UNE': 29, 'AZUL': 5, 'VALOR UNIONISTA': 8, 'CABAL': 22, 'TODOS': 1, 'VAMOS': 12, 'PHG': 1, 'PR': 2, 'PIN': 0, 'ELEFANTE': 4, 'VICTORIA': 10, 'SEMILLA': 20, 'FCN-NACION': 5, 'PPN': 2, 'UR': 4, 'URNG-MAIZ WINAQ': 5, 'CREO': 0, 'BIEN': 4, 'VIVA': 47, 'MI FAMILIA': 4, 'CAMBIO': 0, 'VOS': 4}",8,46,243,0,Algún campo sin dato,1.Guatemala,10.San Juan Sacatepéquez,0372,presidente
3831,,"{'UNE': 24, 'AZUL': 4, 'VALOR UNIONISTA': 9, 'CABAL': 21, 'TODOS': 1, 'VAMOS': 10, 'PHG': 0, 'PR': 1, 'PIN': 0, 'ELEFANTE': 0, 'VICTORIA': 12, 'SEMILLA': 34, 'FCN-NACION': 3, 'PPN': 2, 'UR': 1, 'URNG-MAIZ WINAQ': 10, 'CREO': 1, 'BIEN': 7, 'VIVA': 38, 'MI FAMILIA': 0, 'CAMBIO': 0, 'VOS': 13}",4,40,235,0,Algún campo sin dato,1.Guatemala,10.San Juan Sacatepéquez,0372,presidente
3832,,"{'UNE': 35, 'AZUL': 4, 'VALOR UNIONISTA': 11, 'CABAL': 13, 'TODOS': 0, 'VAMOS': 11, 'PHG': 1, 'PR': 3, 'PIN': 1, 'ELEFANTE': 3, 'VICTORIA': 7, 'SEMILLA': 19, 'FCN-NACION': 2, 'PPN': 2, 'UR': 0, 'URNG-MAIZ WINAQ': 4, 'CREO': 3, 'BIEN': 5, 'VIVA': 48, 'MI FAMILIA': 4, 'CAMBIO': 0, 'VOS': 13}",9,47,245,0,Algún campo sin dato,1.Guatemala,10.San Juan Sacatepéquez,0372,presidente
3833,,"{'UNE': 43, 'AZUL': 5, 'VALOR UNIONISTA': 7, 'CABAL': 16, 'TODOS': 3, 'VAMOS': 8, 'PHG': 0, 'PR': 3, 'PIN': 2, 'ELEFANTE': 5, 'VICTORIA': 7, 'SEMILLA': 19, 'FCN-NACION': 1, 'PPN': 1, 'UR': 7, 'URNG-MAIZ WINAQ': 3, 'CREO': 1, 'BIEN': 4, 'VIVA': 33, 'MI FAMILIA': 5, 'CAMBIO': 0, 'VOS': 15}",14,38,240,0,Algún campo sin dato,1.Guatemala,10.San Juan Sacatepéquez,0372,presidente
3834,,"{'UNE': 26, 'AZUL': 8, 'VALOR UNIONISTA': 10, 'CABAL': 13, 'TODOS': 1, 'VAMOS': 11, 'PHG': 1, 'PR': 2, 'PIN': 1, 'ELEFANTE': 2, 'VICTORIA': 5, 'SEMILLA': 29, 'FCN-NACION': 4, 'PPN': 3, 'UR': 5, 'URNG-MAIZ WINAQ': 8, 'CREO': 3, 'BIEN': 7, 'VIVA': 39, 'MI FAMILIA': 6, 'CAMBIO': 0, 'VOS': 14}",9,31,238,0,Algún campo sin dato,1.Guatemala,10.San Juan Sacatepéquez,0372,presidente
3835,,"{'UNE': 0, 'AZUL': 0, 'VALOR UNIONISTA': 0, 'CABAL': 0, 'TODOS': 0, 'VAMOS': 0, 'PHG': 0, 'PR': 0, 'PIN': 0, 'ELEFANTE': 0, 'VICTORIA': 0, 'SEMILLA': 0, 'FCN-NACION': 0, 'PPN': 0, 'UR': 0, 'URNG-MAIZ WINAQ': 0, 'CREO': 0, 'BIEN': 0, 'VIVA': 0, 'MI FAMILIA': 0, 'CAMBIO': 0, 'VOS': 0}",0,0,0,0,Acta ilegible,1.Guatemala,10.San Juan Sacatepéquez,0372,presidente
3836,,"{'UNE': 45, 'AZUL': 5, 'VALOR UNIONISTA': 12, 'CABAL': 12, 'TODOS': 0, 'VAMOS': 9, 'PHG': 1, 'PR': 3, 'PIN': 3, 'ELEFANTE': 5, 'VICTORIA': 4, 'SEMILLA': 21, 'FCN-NACION': 1, 'PPN': 6, 'UR': 2, 'URNG-MAIZ WINAQ': 5, 'CREO': 2, 'BIEN': 5, 'VIVA': 27, 'MI FAMILIA': 7, 'CAMBIO': 0, 'VOS': 3}",13,48,239,0,Algún campo sin dato,1.Guatemala,10.San Juan Sacatepéquez,0372,presidente
3837,,"{'UNE': 34, 'AZUL': 6, 'VALOR UNIONISTA': 5, 'CABAL': 15, 'TODOS': 1, 'VAMOS': 8, 'PHG': 0, 'PR': 1, 'PIN': 0, 'ELEFANTE': 3, 'VICTORIA': 9, 'SEMILLA': 21, 'FCN-NACION': 1, 'PPN': 3, 'UR': 1, 'URNG-MAIZ WINAQ': 3, 'CREO': 2, 'BIEN': 6, 'VIVA': 32, 'MI FAMILIA': 1, 'CAMBIO': 0, 'VOS': 5}",8,40,205,5,Algún campo sin dato,1.Guatemala,10.San Juan Sacatepéquez,0373,presidente
3838,,"{'UNE': 25, 'AZUL': 2, 'VALOR UNIONISTA': 3, 'CABAL': 13, 'TODOS': 0, 'VAMOS': 4, 'PHG': 0, 'PR': 2, 'PIN': 0, 'ELEFANTE': 5, 'VICTORIA': 8, 'SEMILLA': 41, 'FCN-NACION': 3, 'PPN': 1, 'UR': 3, 'URNG-MAIZ WINAQ': 3, 'CREO': 0, 'BIEN': 8, 'VIVA': 28, 'MI FAMILIA': 1, 'CAMBIO': 0, 'VOS': 5}",4,35,194,0,Algún campo sin dato,1.Guatemala,10.San Juan Sacatepéquez,0373,presidente
3839,,"{'UNE': 17, 'AZUL': 3, 'VALOR UNIONISTA': 8, 'CABAL': 8, 'TODOS': 0, 'VAMOS': 5, 'PHG': 0, 'PR': 0, 'PIN': 0, 'ELEFANTE': 1, 'VICTORIA': 4, 'SEMILLA': 70, 'FCN-NACION': 1, 'PPN': 1, 'UR': 2, 'URNG-MAIZ WINAQ': 2, 'CREO': 1, 'BIEN': 9, 'VIVA': 27, 'MI FAMILIA': 0, 'CAMBIO': 2, 'VOS': 12}",4,38,215,0,Algún campo sin dato,1.Guatemala,10.San Juan Sacatepéquez,0373,presidente
3840,,"{'UNE': 19, 'AZUL': 2, 'VALOR UNIONISTA': 3, 'CABAL': 9, 'TODOS': 0, 'VAMOS': 6, 'PHG': 0, 'PR': 2, 'PIN': 0, 'ELEFANTE': 6, 'VICTORIA': 4, 'SEMILLA': 48, 'FCN-NACION': 1, 'PPN': 1, 'UR': 1, 'URNG-MAIZ WINAQ': 2, 'CREO': 0, 'BIEN': 12, 'VIVA': 25, 'MI FAMILIA': 1, 'CAMBIO': 0, 'VOS': 9}",4,38,193,0,Algún campo sin dato,1.Guatemala,10.San Juan Sacatepéquez,0373,presidente
3841,,"{'UNE': 19, 'AZUL': 3, 'VALOR UNIONISTA': 3, 'CABAL': 2, 'TODOS': 0, 'VAMOS': 5, 'PHG': 0, 'PR': 0, 'PIN': 0, 'ELEFANTE': 1, 'VICTORIA': 2, 'SEMILLA': 10, 'FCN-NACION': 0, 'PPN': 0, 'UR': 1, 'URNG-MAIZ WINAQ': 4, 'CREO': 1, 'BIEN': 3, 'VIVA': 12, 'MI FAMILIA': 0, 'CAMBIO': 0, 'VOS': 4}",1,15,86,0,Algún campo sin dato,1.Guatemala,10.San Juan Sacatepéquez,0373,presidente
3842,,"{'UNE': 20, 'AZUL': 2, 'VALOR UNIONISTA': 0, 'CABAL': 6, 'TODOS': 0, 'VAMOS': 2, 'PHG': 0, 'PR': 1, 'PIN': 0, 'ELEFANTE': 0, 'VICTORIA': 3, 'SEMILLA': 19, 'FCN-NACION': 1, 'PPN': 0, 'UR': 2, 'URNG-MAIZ WINAQ': 4, 'CREO': 0, 'BIEN': 5, 'VIVA': 15, 'MI FAMILIA': 3, 'CAMBIO': 0, 'VOS': 4}",1,14,102,0,Algún campo sin dato,1.Guatemala,10.San Juan Sacatepéquez,0373,presidente
3843,,"{'UNE': 17, 'AZUL': 1, 'VALOR UNIONISTA': 16, 'CABAL': 15, 'TODOS': 1, 'VAMOS': 10, 'PHG': 1, 'PR': 2, 'PIN': 1, 'ELEFANTE': 11, 'VICTORIA': 9, 'SEMILLA': 43, 'FCN-NACION': 1, 'PPN': 0, 'UR': 12, 'URNG-MAIZ WINAQ': 10, 'CREO': 1, 'BIEN': 7, 'VIVA': 27, 'MI FAMILIA': 7, 'CAMBIO': 1, 'VOS': 15}",1,49,258,0,,1.Guatemala,10.San Juan Sacatepéquez,0374,presidente
3844,,"{'UNE': 27, 'AZUL': 3, 'VALOR UNIONISTA': 12, 'CABAL': 20, 'TODOS': 0, 'VAMOS': 9, 'PHG': 1, 'PR': 1, 'PIN': 0, 'ELEFANTE': 8, 'VICTORIA': 13, 'SEMILLA': 41, 'FCN-NACION': 1, 'PPN': 1, 'UR': 4, 'URNG-MAIZ WINAQ': 7, 'CREO': 0, 'BIEN': 5, 'VIVA': 22, 'MI FAMILIA': 3, 'CAMBIO': 0, 'VOS': 15}",2,45,240,0,Algún campo sin dato,1.Guatemala,10.San Juan Sacatepéquez,0374,presidente
3845,,"{'UNE': 18, 'AZUL': 5, 'VALOR UNIONISTA': 13, 'CABAL': 5, 'TODOS': 0, 'VAMOS': 5, 'PHG': 0, 'PR': 3, 'PIN': 0, 'ELEFANTE': 4, 'VICTORIA': 15, 'SEMILLA': 41, 'FCN-NACION': 2, 'PPN': 2, 'UR': 3, 'URNG-MAIZ WINAQ': 2, 'CREO': 3, 'BIEN': 6, 'VIVA': 29, 'MI FAMILIA': 3, 'CAMBIO': 0, 'VOS': 16}",1,39,215,0,Algún campo sin dato,1.Guatemala,10.San Juan Sacatepéquez,0374,presidente
3846,,"{'UNE': 21, 'AZUL': 1, 'VALOR UNIONISTA': 21, 'CABAL': 18, 'TODOS': 2, 'VAMOS': 7, 'PHG': 2, 'PR': 1, 'PIN': 0, 'ELEFANTE': 9, 'VICTORIA': 8, 'SEMILLA': 49, 'FCN-NACION': 1, 'PPN': 0, 'UR': 5, 'URNG-MAIZ WINAQ': 5, 'CREO': 1, 'BIEN': 7, 'VIVA': 30, 'MI FAMILIA': 3, 'CAMBIO': 0, 'VOS': 17}",2,36,246,0,Algún campo sin dato,1.Guatemala,10.San Juan Sacatepéquez,0374,presidente
3847,,"{'UNE': 17, 'AZUL': 3, 'VALOR UNIONISTA': 21, 'CABAL': 12, 'TODOS': 0, 'VAMOS': 7, 'PHG': 0, 'PR': 0, 'PIN': 2, 'ELEFANTE': 4, 'VICTORIA': 7, 'SEMILLA': 53, 'FCN-NACION': 0, 'PPN': 0, 'UR': 6, 'URNG-MAIZ WINAQ': 8, 'CREO': 2, 'BIEN': 11, 'VIVA': 34, 'MI FAMILIA': 2, 'CAMBIO': 0, 'VOS': 15}",3,51,258,0,Algún campo sin dato,1.Guatemala,10.San Juan Sacatepéquez,0374,presidente
3848,,"{'UNE': 17, 'AZUL': 2, 'VALOR UNIONISTA': 22, 'CABAL': 16, 'TODOS': 0, 'VAMOS': 8, 'PHG': 0, 'PR': 5, 'PIN': 1, 'ELEFANTE': 18, 'VICTORIA': 10, 'SEMILLA': 47, 'FCN-NACION': 0, 'PPN': 0, 'UR': 2, 'URNG-MAIZ WINAQ': 5, 'CREO': 1, 'BIEN': 7, 'VIVA': 26, 'MI FAMILIA': 2, 'CAMBIO': 0, 'VOS': 14}",7,32,242,0,Algún campo sin dato,1.Guatemala,10.San Juan Sacatepéquez,0374,presidente
3849,,"{'UNE': 24, 'AZUL': 2, 'VALOR UNIONISTA': 24, 'CABAL': 10, 'TODOS': 1, 'VAMOS': 3, 'PHG': 2, 'PR': 0, 'PIN': 0, 'ELEFANTE': 9, 'VICTORIA': 10, 'SEMILLA': 63, 'FCN-NACION': 0, 'PPN': 2, 'UR': 4, 'URNG-MAIZ WINAQ': 5, 'CREO': 1, 'BIEN': 8, 'VIVA': 19, 'MI FAMILIA': 4, 'CAMBIO': 0, 'VOS': 11}",3,19,224,0,Algún campo sin dato,1.Guatemala,10.San Juan Sacatepéquez,0374,presidente
3850,,"{'UNE': 7, 'AZUL': 1, 'VALOR UNIONISTA': 2, 'CABAL': 13, 'TODOS': 0, 'VAMOS': 5, 'PHG': 0, 'PR': 1, 'PIN': 0, 'ELEFANTE': 2, 'VICTORIA': 10, 'SEMILLA': 94, 'FCN-NACION': 0, 'PPN': 0, 'UR': 0, 'URNG-MAIZ WINAQ': 4, 'CREO': 2, 'BIEN': 13, 'VIVA': 8, 'MI FAMILIA': 1, 'CAMBIO': 1, 'VOS': 17}",1,15,197,0,Algún campo sin dato,1.Guatemala,10.San Juan Sacatepéquez,0374,presidente
3851,,"{'UNE': 4, 'AZUL': 1, 'VALOR UNIONISTA': 11, 'CABAL': 13, 'TODOS': 0, 'VAMOS': 2, 'PHG': 0, 'PR': 0, 'PIN': 0, 'ELEFANTE': 14, 'VICTORIA': 10, 'SEMILLA': 77, 'FCN-NACION': 2, 'PPN': 0, 'UR': 0, 'URNG-MAIZ WINAQ': 3, 'CREO': 0, 'BIEN': 6, 'VIVA': 11, 'MI FAMILIA': 1, 'CAMBIO': 0, 'VOS': 9}",2,18,184,0,Algún campo sin dato,1.Guatemala,10.San Juan Sacatepéquez,0374,presidente
3852,,"{'UNE': 33, 'AZUL': 2, 'VALOR UNIONISTA': 7, 'CABAL': 5, 'TODOS': 0, 'VAMOS': 4, 'PHG': 0, 'PR': 0, 'PIN': 1, 'ELEFANTE': 3, 'VICTORIA': 8, 'SEMILLA': 16, 'FCN-NACION': 1, 'PPN': 2, 'UR': 3, 'URNG-MAIZ WINAQ': 14, 'CREO': 3, 'BIEN': 3, 'VIVA': 29, 'MI FAMILIA': 5, 'CAMBIO': 0, 'VOS': 6}",3,32,180,0,Algún campo sin dato,1.Guatemala,10.San Juan Sacatepéquez,0375,presidente
3853,,"{'UNE': 17, 'AZUL': 2, 'VALOR UNIONISTA': 4, 'CABAL': 2, 'TODOS': 1, 'VAMOS': 8, 'PHG': 0, 'PR': 1, 'PIN': 0, 'ELEFANTE': 3, 'VICTORIA': 4, 'SEMILLA': 21, 'FCN-NACION': 2, 'PPN': 2, 'UR': 1, 'URNG-MAIZ WINAQ': 9, 'CREO': 0, 'BIEN': 0, 'VIVA': 19, 'MI FAMILIA': 3, 'CAMBIO': 0, 'VOS': 5}",4,21,129,0,Algún campo sin dato,1.Guatemala,10.San Juan Sacatepéquez,0375,presidente
3854,,"{'UNE': 30, 'AZUL': 5, 'VALOR UNIONISTA': 14, 'CABAL': 16, 'TODOS': 3, 'VAMOS': 8, 'PHG': 0, 'PR': 3, 'PIN': 2, 'ELEFANTE': 2, 'VICTORIA': 16, 'SEMILLA': 19, 'FCN-NACION': 8, 'PPN': 4, 'UR': 10, 'URNG-MAIZ WINAQ': 8, 'CREO': 2, 'BIEN': 7, 'VIVA': 24, 'MI FAMILIA': 4, 'CAMBIO': 0, 'VOS': 4}",6,55,250,0,Algún campo sin dato,1.Guatemala,10.San Juan Sacatepéquez,0376,presidente
3855,,"{'UNE': 37, 'AZUL': 4, 'VALOR UNIONISTA': 24, 'CABAL': 15, 'TODOS': 0, 'VAMOS': 8, 'PHG': 1, 'PR': 4, 'PIN': 1, 'ELEFANTE': 7, 'VICTORIA': 6, 'SEMILLA': 31, 'FCN-NACION': 4, 'PPN': 6, 'UR': 12, 'URNG-MAIZ WINAQ': 7, 'CREO': 4, 'BIEN': 13, 'VIVA': 35, 'MI FAMILIA': 3, 'CAMBIO': 0, 'VOS': 10}",12,44,288,0,Algún campo sin dato,1.Guatemala,10.San Juan Sacatepéquez,0376,presidente
3856,,"{'UNE': 40, 'AZUL': 7, 'VALOR UNIONISTA': 17, 'CABAL': 12, 'TODOS': 1, 'VAMOS': 9, 'PHG': 0, 'PR': 3, 'PIN': 0, 'ELEFANTE': 3, 'VICTORIA': 13, 'SEMILLA': 26, 'FCN-NACION': 2, 'PPN': 3, 'UR': 3, 'URNG-MAIZ WINAQ': 10, 'CREO': 2, 'BIEN': 9, 'VIVA': 25, 'MI FAMILIA': 7, 'CAMBIO': 0, 'VOS': 11}",15,61,279,0,Algún campo sin dato,1.Guatemala,10.San Juan Sacatepéquez,0376,presidente
3857,,"{'UNE': 29, 'AZUL': 8, 'VALOR UNIONISTA': 16, 'CABAL': 16, 'TODOS': 1, 'VAMOS': 2, 'PHG': 0, 'PR': 6, 'PIN': 1, 'ELEFANTE': 8, 'VICTORIA': 10, 'SEMILLA': 26, 'FCN-NACION': 2, 'PPN': 2, 'UR': 4, 'URNG-MAIZ WINAQ': 11, 'CREO': 1, 'BIEN': 10, 'VIVA': 30, 'MI FAMILIA': 7, 'CAMBIO': 1, 'VOS': 7}",8,57,263,0,Algún campo sin dato,1.Guatemala,10.San Juan Sacatepéquez,0376,presidente
3858,,"{'UNE': 44, 'AZUL': 4, 'VALOR UNIONISTA': 18, 'CABAL': 26, 'TODOS': 0, 'VAMOS': 11, 'PHG': 3, 'PR': 5, 'PIN': 2, 'ELEFANTE': 7, 'VICTORIA': 12, 'SEMILLA': 25, 'FCN-NACION': 3, 'PPN': 2, 'UR': 5, 'URNG-MAIZ WINAQ': 12, 'CREO': 3, 'BIEN': 13, 'VIVA': 24, 'MI FAMILIA': 5, 'CAMBIO': 1, 'VOS': 13}",9,68,315,1,Algún campo sin dato,1.Guatemala,10.San Juan Sacatepéquez,0377,presidente
3859,,"{'UNE': 48, 'AZUL': 10, 'VALOR UNIONISTA': 9, 'CABAL': 11, 'TODOS': 0, 'VAMOS': 8, 'PHG': 0, 'PR': 5, 'PIN': 1, 'ELEFANTE': 6, 'VICTORIA': 11, 'SEMILLA': 19, 'FCN-NACION': 5, 'PPN': 4, 'UR': 6, 'URNG-MAIZ WINAQ': 10, 'CREO': 2, 'BIEN': 10, 'VIVA': 31, 'MI FAMILIA': 1, 'CAMBIO': 0, 'VOS': 7}",21,57,282,0,Algún campo sin dato,1.Guatemala,10.San Juan Sacatepéquez,0377,presidente
3860,,"{'UNE': 42, 'AZUL': 10, 'VALOR UNIONISTA': 12, 'CABAL': 14, 'TODOS': 1, 'VAMOS': 17, 'PHG': 0, 'PR': 1, 'PIN': 2, 'ELEFANTE': 3, 'VICTORIA': 11, 'SEMILLA': 13, 'FCN-NACION': 1, 'PPN': 3, 'UR': 3, 'URNG-MAIZ WINAQ': 16, 'CREO': 2, 'BIEN': 15, 'VIVA': 22, 'MI FAMILIA': 4, 'CAMBIO': 1, 'VOS': 7}",16,70,286,0,Algún campo sin dato,1.Guatemala,10.San Juan Sacatepéquez,0377,presidente
3861,,"{'UNE': 47, 'AZUL': 4, 'VALOR UNIONISTA': 11, 'CABAL': 17, 'TODOS': 1, 'VAMOS': 13, 'PHG': 0, 'PR': 3, 'PIN': 1, 'ELEFANTE': 6, 'VICTORIA': 11, 'SEMILLA': 14, 'FCN-NACION': 2, 'PPN': 3, 'UR': 4, 'URNG-MAIZ WINAQ': 18, 'CREO': 3, 'BIEN': 7, 'VIVA': 17, 'MI FAMILIA': 3, 'CAMBIO': 0, 'VOS': 7}",5,38,235,0,Algún campo sin dato,1.Guatemala,10.San Juan Sacatepéquez,0377,presidente
3862,,"{'UNE': 35, 'AZUL': 2, 'VALOR UNIONISTA': 11, 'CABAL': 14, 'TODOS': 3, 'VAMOS': 9, 'PHG': 3, 'PR': 2, 'PIN': 1, 'ELEFANTE': 4, 'VICTORIA': 7, 'SEMILLA': 13, 'FCN-NACION': 1, 'PPN': 2, 'UR': 5, 'URNG-MAIZ WINAQ': 4, 'CREO': 1, 'BIEN': 10, 'VIVA': 26, 'MI FAMILIA': 2, 'CAMBIO': 0, 'VOS': 9}",10,36,210,0,Algún campo sin dato,1.Guatemala,10.San Juan Sacatepéquez,0378,presidente
3863,,"{'UNE': 19, 'AZUL': 2, 'VALOR UNIONISTA': 5, 'CABAL': 12, 'TODOS': 1, 'VAMOS': 12, 'PHG': 0, 'PR': 1, 'PIN': 0, 'ELEFANTE': 2, 'VICTORIA': 5, 'SEMILLA': 10, 'FCN-NACION': 3, 'PPN': 1, 'UR': 5, 'URNG-MAIZ WINAQ': 7, 'CREO': 2, 'BIEN': 6, 'VIVA': 13, 'MI FAMILIA': 3, 'CAMBIO': 0, 'VOS': 9}",9,23,150,0,Algún campo sin dato,1.Guatemala,10.San Juan Sacatepéquez,0378,presidente
3864,,"{'UNE': 18, 'AZUL': 0, 'VALOR UNIONISTA': 6, 'CABAL': 3, 'TODOS': 0, 'VAMOS': 0, 'PHG': 0, 'PR': 0, 'PIN': 0, 'ELEFANTE': 1, 'VICTORIA': 3, 'SEMILLA': 3, 'FCN-NACION': 1, 'PPN': 0, 'UR': 6, 'URNG-MAIZ WINAQ': 0, 'CREO': 0, 'BIEN': 4, 'VIVA': 7, 'MI FAMILIA': 1, 'CAMBIO': 0, 'VOS': 2}",8,11,74,0,Algún campo sin dato,1.Guatemala,10.San Juan Sacatepéquez,0378,presidente
