mesa,acta_url,partidos,votos_blanco,votos_nulos,votos_total,votos_invalidos,observaciones,departamento,municipio,centro,tipo
10407,,"{'UNE': 9, 'AZUL': 6, 'VALOR UNIONISTA': 27, 'CABAL': 27, 'TODOS': 0, 'VAMOS': 7, 'PHG': 1, 'PR': 7, 'PIN': 0, 'ELEFANTE': 1, 'VICTORIA': 5, 'SEMILLA': 89, 'FCN-NACION': 0, 'PPN': 0, 'UR': 4, 'URNG-MAIZ WINAQ': 7, 'CREO': 3, 'BIEN': 10, 'VIVA': 5, 'MI FAMILIA': 4, 'CAMBIO': 0, 'VOS': 46}",1,31,290,0,Algún campo sin dato,9.Quetzaltenango,1.Quetzaltenango,1373,presidente
10408,,"{'UNE': 5, 'AZUL': 7, 'VALOR UNIONISTA': 22, 'CABAL': 15, 'TODOS': 0, 'VAMOS': 9, 'PHG': 6, 'PR': 0, 'PIN': 0, 'ELEFANTE': 8, 'VICTORIA': 5, 'SEMILLA': 37, 'FCN-NACION': 1, 'PPN': 8, 'UR': 3, 'URNG-MAIZ WINAQ': 4, 'CREO': 2, 'BIEN': 12, 'VIVA': 5, 'MI FAMILIA': 2, 'CAMBIO': 1, 'VOS': 53}",2,28,235,0,Sumas Asentadas sin cuadrar,9.Quetzaltenango,1.Quetzaltenango,1373,presidente
10409,,"{'UNE': 20, 'AZUL': 6, 'VALOR UNIONISTA': 21, 'CABAL': 21, 'TODOS': 0, 'VAMOS': 6, 'PHG': 2, 'PR': 5, 'PIN': 1, 'ELEFANTE': 0, 'VICTORIA': 5, 'SEMILLA': 76, 'FCN-NACION': 2, 'PPN': 3, 'UR': 4, 'URNG-MAIZ WINAQ': 7, 'CREO': 1, 'BIEN': 7, 'VIVA': 8, 'MI FAMILIA': 7, 'CAMBIO': 0, 'VOS': 51}",4,28,285,0,Sumas Asentadas sin cuadrar,9.Quetzaltenango,1.Quetzaltenango,1373,presidente
10410,,"{'UNE': 15, 'AZUL': 7, 'VALOR UNIONISTA': 24, 'CABAL': 16, 'TODOS': 1, 'VAMOS': 5, 'PHG': 3, 'PR': 9, 'PIN': 1, 'ELEFANTE': 1, 'VICTORIA': 11, 'SEMILLA': 85, 'FCN-NACION': 0, 'PPN': 2, 'UR': 3, 'URNG-MAIZ WINAQ': 5, 'CREO': 2, 'BIEN': 10, 'VIVA': 8, 'MI FAMILIA': 8, 'CAMBIO': 0, 'VOS': 54}",0,22,292,0,Algún campo sin dato,9.Quetzaltenango,1.Quetzaltenango,1373,presidente
10411,,"{'UNE': 15, 'AZUL': 3, 'VALOR UNIONISTA': 24, 'CABAL': 21, 'TODOS': 0, 'VAMOS': 6, 'PHG': 3, 'PR': 6, 'PIN': 2, 'ELEFANTE': 0, 'VICTORIA': 10, 'SEMILLA': 74, 'FCN-NACION': 0, 'PPN': 5, 'UR': 4, 'URNG-MAIZ WINAQ': 4, 'CREO': 3, 'BIEN': 12, 'VIVA': 9, 'MI FAMILIA': 4, 'CAMBIO': 3, 'VOS': 54}",2,22,286,0,Algún campo sin dato,9.Quetzaltenango,1.Quetzaltenango,1373,presidente
10412,,"{'UNE': 14, 'AZUL': 2, 'VALOR UNIONISTA': 21, 'CABAL': 24, 'TODOS': 0, 'VAMOS': 6, 'PHG': 0, 'PR': 3, 'PIN': 2, 'ELEFANTE': 1, 'VICTORIA': 4, 'SEMILLA': 73, 'FCN-NACION': 0, 'PPN': 0, 'UR': 7, 'URNG-MAIZ WINAQ': 9, 'CREO': 3, 'BIEN': 11, 'VIVA': 6, 'MI FAMILIA': 8, 'CAMBIO': 3, 'VOS': 55}",2,29,283,0,Sumas Asentadas sin cuadrar,9.Quetzaltenango,1.Quetzaltenango,1373,presidente
10413,,"{'UNE': 10, 'AZUL': 2, 'VALOR UNIONISTA': 10, 'CABAL': 26, 'TODOS': 0, 'VAMOS': 3, 'PHG': 3, 'PR': 4, 'PIN': 1, 'ELEFANTE': 1, 'VICTORIA': 5, 'SEMILLA': 75, 'FCN-NACION': 2, 'PPN': 0, 'UR': 2, 'URNG-MAIZ WINAQ': 4, 'CREO': 3, 'BIEN': 19, 'VIVA': 8, 'MI FAMILIA': 4, 'CAMBIO': 2, 'VOS': 42}",3,27,256,0,Algún campo sin dato,9.Quetzaltenango,1.Quetzaltenango,1374,presidente
10414,,"{'UNE': 13, 'AZUL': 3, 'VALOR UNIONISTA': 21, 'CABAL': 18, 'TODOS': 2, 'VAMOS': 12, 'PHG': 5, 'PR': 6, 'PIN': 1, 'ELEFANTE': 2, 'VICTORIA': 4, 'SEMILLA': 62, 'FCN-NACION': 1, 'PPN': 2, 'UR': 3, 'URNG-MAIZ WINAQ': 3, 'CREO': 1, 'BIEN': 10, 'VIVA': 3, 'MI FAMILIA': 6, 'CAMBIO': 0, 'VOS': 46}",1,24,249,0,Algún campo sin dato,9.Quetzaltenango,1.Quetzaltenango,1374,presidente
10415,,"{'UNE': 12, 'AZUL': 10, 'VALOR UNIONISTA': 20, 'CABAL': 22, 'TODOS': 1, 'VAMOS': 5, 'PHG': 2, 'PR': 3, 'PIN': 0, 'ELEFANTE': 0, 'VICTORIA': 5, 'SEMILLA': 65, 'FCN-NACION': 3, 'PPN': 1, 'UR': 7, 'URNG-MAIZ WINAQ': 8, 'CREO': 1, 'BIEN': 7, 'VIVA': 7, 'MI FAMILIA': 8, 'CAMBIO': 3, 'VOS': 56}",3,17,266,0,Algún campo sin dato,9.Quetzaltenango,1.Quetzaltenango,1374,presidente
10416,,"{'UNE': 11, 'AZUL': 3, 'VALOR UNIONISTA': 16, 'CABAL': 18, 'TODOS': 0, 'VAMOS': 7, 'PHG': 1, 'PR': 6, 'PIN': 0, 'ELEFANTE': 1, 'VICTORIA': 6, 'SEMILLA': 87, 'FCN-NACION': 0, 'PPN': 0, 'UR': 4, 'URNG-MAIZ WINAQ': 3, 'CREO': 3, 'BIEN': 15, 'VIVA': 9, 'MI FAMILIA': 3, 'CAMBIO': 0, 'VOS': 52}",0,27,272,0,Algún campo sin dato,9.Quetzaltenango,1.Quetzaltenango,1374,presidente
10417,,"{'UNE': 12, 'AZUL': 2, 'VALOR UNIONISTA': 22, 'CABAL': 21, 'TODOS': 1, 'VAMOS': 8, 'PHG': 2, 'PR': 8, 'PIN': 0, 'ELEFANTE': 4, 'VICTORIA': 1, 'SEMILLA': 70, 'FCN-NACION': 0, 'PPN': 0, 'UR': 4, 'URNG-MAIZ WINAQ': 9, 'CREO': 3, 'BIEN': 17, 'VIVA': 6, 'MI FAMILIA': 6, 'CAMBIO': 5, 'VOS': 51}",0,20,272,0,Algún campo sin dato,9.Quetzaltenango,1.Quetzaltenango,1374,presidente
10418,,"{'UNE': 9, 'AZUL': 4, 'VALOR UNIONISTA': 28, 'CABAL': 25, 'TODOS': 0, 'VAMOS': 5, 'PHG': 0, 'PR': 3, 'PIN': 0, 'ELEFANTE': 2, 'VICTORIA': 6, 'SEMILLA': 78, 'FCN-NACION': 2, 'PPN': 1, 'UR': 4, 'URNG-MAIZ WINAQ': 4, 'CREO': 4, 'BIEN': 7, 'VIVA': 3, 'MI FAMILIA': 2, 'CAMBIO': 1, 'VOS': 48}",1,27,264,0,Algún campo sin dato,9.Quetzaltenango,1.Quetzaltenango,1374,presidente
10419,,"{'UNE': 19, 'AZUL': 7, 'VALOR UNIONISTA': 8, 'CABAL': 20, 'TODOS': 1, 'VAMOS': 9, 'PHG': 2, 'PR': 3, 'PIN': 0, 'ELEFANTE': 4, 'VICTORIA': 9, 'SEMILLA': 98, 'FCN-NACION': 0, 'PPN': 0, 'UR': 6, 'URNG-MAIZ WINAQ': 4, 'CREO': 2, 'BIEN': 14, 'VIVA': 6, 'MI FAMILIA': 7, 'CAMBIO': 1, 'VOS': 46}",0,23,289,0,Algún campo sin dato,9.Quetzaltenango,1.Quetzaltenango,1374,presidente
10420,,"{'UNE': 15, 'AZUL': 7, 'VALOR UNIONISTA': 25, 'CABAL': 20, 'TODOS': 1, 'VAMOS': 3, 'PHG': 2, 'PR': 4, 'PIN': 1, 'ELEFANTE': 0, 'VICTORIA': 6, 'SEMILLA': 89, 'FCN-NACION': 0, 'PPN': 1, 'UR': 7, 'URNG-MAIZ WINAQ': 6, 'CREO': 0, 'BIEN': 18, 'VIVA': 6, 'MI FAMILIA': 4, 'CAMBIO': 1, 'VOS': 46}",2,14,278,0,Algún campo sin dato,9.Quetzaltenango,1.Quetzaltenango,1374,presidente
10421,,"{'UNE': 10, 'AZUL': 5, 'VALOR UNIONISTA': 22, 'CABAL': 18, 'TODOS': 0, 'VAMOS': 9, 'PHG': 0, 'PR': 6, 'PIN': 1, 'ELEFANTE': 0, 'VICTORIA': 1, 'SEMILLA': 87, 'FCN-NACION': 1, 'PPN': 1, 'UR': 2, 'URNG-MAIZ WINAQ': 7, 'CREO': 3, 'BIEN': 10, 'VIVA': 9, 'MI FAMILIA': 5, 'CAMBIO': 0, 'VOS': 64}",3,15,279,0,Algún campo sin dato,9.Quetzaltenango,1.Quetzaltenango,1374,presidente
10422,,"{'UNE': 15, 'AZUL': 7, 'VALOR UNIONISTA': 23, 'CABAL': 13, 'TODOS': 1, 'VAMOS': 5, 'PHG': 3, 'PR': 6, 'PIN': 0, 'ELEFANTE': 3, 'VICTORIA': 7, 'SEMILLA': 77, 'FCN-NACION': 2, 'PPN': 1, 'UR': 2, 'URNG-MAIZ WINAQ': 8, 'CREO': 1, 'BIEN': 4, 'VIVA': 9, 'MI FAMILIA': 4, 'CAMBIO': 2, 'VOS': 62}",5,23,283,0,Sumas Asentadas sin cuadrar,9.Quetzaltenango,1.Quetzaltenango,1374,presidente
10423,,"{'UNE': 14, 'AZUL': 5, 'VALOR UNIONISTA': 0, 'CABAL': 20, 'TODOS': 1, 'VAMOS': 5, 'PHG': 0, 'PR': 4, 'PIN': 0, 'ELEFANTE': 3, 'VICTORIA': 4, 'SEMILLA': 94, 'FCN-NACION': 0, 'PPN': 1, 'UR': 2, 'URNG-MAIZ WINAQ': 8, 'CREO': 0, 'BIEN': 16, 'VIVA': 6, 'MI FAMILIA': 3, 'CAMBIO': 2, 'VOS': 54}",1,19,262,0,Sumas Asentadas sin cuadrar,9.Quetzaltenango,1.Quetzaltenango,1374,presidente
10424,,"{'UNE': 17, 'AZUL': 6, 'VALOR UNIONISTA': 22, 'CABAL': 20, 'TODOS': 0, 'VAMOS': 1, 'PHG': 2, 'PR': 5, 'PIN': 0, 'ELEFANTE': 1, 'VICTORIA': 7, 'SEMILLA': 73, 'FCN-NACION': 0, 'PPN': 0, 'UR': 12, 'URNG-MAIZ WINAQ': 10, 'CREO': 1, 'BIEN': 7, 'VIVA': 7, 'MI FAMILIA': 4, 'CAMBIO': 3, 'VOS': 61}",2,16,277,0,Algún campo sin dato,9.Quetzaltenango,1.Quetzaltenango,1374,presidente
10425,,"{'UNE': 8, 'AZUL': 4, 'VALOR UNIONISTA': 25, 'CABAL': 23, 'TODOS': 1, 'VAMOS': 5, 'PHG': 1, 'PR': 5, 'PIN': 0, 'ELEFANTE': 2, 'VICTORIA': 5, 'SEMILLA': 83, 'FCN-NACION': 2, 'PPN': 0, 'UR': 7, 'URNG-MAIZ WINAQ': 4, 'CREO': 3, 'BIEN': 27, 'VIVA': 6, 'MI FAMILIA': 6, 'CAMBIO': 2, 'VOS': 42}",1,24,286,0,Algún campo sin dato,9.Quetzaltenango,1.Quetzaltenango,1375,presidente
10426,,"{'UNE': 22, 'AZUL': 7, 'VALOR UNIONISTA': 23, 'CABAL': 19, 'TODOS': 3, 'VAMOS': 8, 'PHG': 2, 'PR': 4, 'PIN': 2, 'ELEFANTE': 2, 'VICTORIA': 6, 'SEMILLA': 83, 'FCN-NACION': 0, 'PPN': 0, 'UR': 6, 'URNG-MAIZ WINAQ': 6, 'CREO': 2, 'BIEN': 7, 'VIVA': 7, 'MI FAMILIA': 3, 'CAMBIO': 1, 'VOS': 43}",0,12,268,0,Algún campo sin dato,9.Quetzaltenango,1.Quetzaltenango,1375,presidente
10427,,"{'UNE': 11, 'AZUL': 1, 'VALOR UNIONISTA': 12, 'CABAL': 11, 'TODOS': 0, 'VAMOS': 4, 'PHG': 0, 'PR': 1, 'PIN': 0, 'ELEFANTE': 1, 'VICTORIA': 3, 'SEMILLA': 94, 'FCN-NACION': 1, 'PPN': 0, 'UR': 4, 'URNG-MAIZ WINAQ': 7, 'CREO': 2, 'BIEN': 25, 'VIVA': 9, 'MI FAMILIA': 0, 'CAMBIO': 0, 'VOS': 67}",1,9,263,0,Algún campo sin dato,9.Quetzaltenango,1.Quetzaltenango,1375,presidente
10428,,"{'UNE': 6, 'AZUL': 2, 'VALOR UNIONISTA': 15, 'CABAL': 14, 'TODOS': 0, 'VAMOS': 5, 'PHG': 3, 'PR': 3, 'PIN': 2, 'ELEFANTE': 2, 'VICTORIA': 5, 'SEMILLA': 97, 'FCN-NACION': 0, 'PPN': 0, 'UR': 3, 'URNG-MAIZ WINAQ': 2, 'CREO': 0, 'BIEN': 11, 'VIVA': 4, 'MI FAMILIA': 3, 'CAMBIO': 0, 'VOS': 65}",0,9,251,0,Algún campo sin dato,9.Quetzaltenango,1.Quetzaltenango,1375,presidente
10429,,"{'UNE': 9, 'AZUL': 1, 'VALOR UNIONISTA': 19, 'CABAL': 18, 'TODOS': 1, 'VAMOS': 5, 'PHG': 1, 'PR': 1, 'PIN': 2, 'ELEFANTE': 3, 'VICTORIA': 4, 'SEMILLA': 86, 'FCN-NACION': 0, 'PPN': 1, 'UR': 1, 'URNG-MAIZ WINAQ': 11, 'CREO': 1, 'BIEN': 10, 'VIVA': 6, 'MI FAMILIA': 2, 'CAMBIO': 0, 'VOS': 50}",0,14,246,0,Algún campo sin dato,9.Quetzaltenango,1.Quetzaltenango,1375,presidente
10430,,"{'UNE': 11, 'AZUL': 4, 'VALOR UNIONISTA': 23, 'CABAL': 12, 'TODOS': 0, 'VAMOS': 9, 'PHG': 3, 'PR': 1, 'PIN': 0, 'ELEFANTE': 2, 'VICTORIA': 4, 'SEMILLA': 78, 'FCN-NACION': 0, 'PPN': 1, 'UR': 3, 'URNG-MAIZ WINAQ': 8, 'CREO': 1, 'BIEN': 11, 'VIVA': 9, 'MI FAMILIA': 5, 'CAMBIO': 1, 'VOS': 52}",3,20,261,0,Algún campo sin dato,9.Quetzaltenango,1.Quetzaltenango,1375,presidente
10431,,"{'UNE': 19, 'AZUL': 1, 'VALOR UNIONISTA': 17, 'CABAL': 20, 'TODOS': 0, 'VAMOS': 3, 'PHG': 1, 'PR': 6, 'PIN': 1, 'ELEFANTE': 3, 'VICTORIA': 2, 'SEMILLA': 82, 'FCN-NACION': 1, 'PPN': 0, 'UR': 6, 'URNG-MAIZ WINAQ': 8, 'CREO': 1, 'BIEN': 7, 'VIVA': 3, 'MI FAMILIA': 3, 'CAMBIO': 1, 'VOS': 46}",2,21,254,0,Algún campo sin dato,9.Quetzaltenango,1.Quetzaltenango,1376,presidente
10432,,"{'UNE': 14, 'AZUL': 2, 'VALOR UNIONISTA': 17, 'CABAL': 15, 'TODOS': 0, 'VAMOS': 7, 'PHG': 2, 'PR': 5, 'PIN': 0, 'ELEFANTE': 8, 'VICTORIA': 4, 'SEMILLA': 95, 'FCN-NACION': 1, 'PPN': 1, 'UR': 4, 'URNG-MAIZ WINAQ': 7, 'CREO': 2, 'BIEN': 6, 'VIVA': 6, 'MI FAMILIA': 0, 'CAMBIO': 0, 'VOS': 56}",0,19,271,0,Algún campo sin dato,9.Quetzaltenango,1.Quetzaltenango,1376,presidente
10433,,"{'UNE': 8, 'AZUL': 4, 'VALOR UNIONISTA': 12, 'CABAL': 19, 'TODOS': 1, 'VAMOS': 7, 'PHG': 3, 'PR': 4, 'PIN': 0, 'ELEFANTE': 0, 'VICTORIA': 6, 'SEMILLA': 72, 'FCN-NACION': 2, 'PPN': 0, 'UR': 4, 'URNG-MAIZ WINAQ': 9, 'CREO': 2, 'BIEN': 18, 'VIVA': 4, 'MI FAMILIA': 4, 'CAMBIO': 0, 'VOS': 48}",3,19,249,0,Algún campo sin dato,9.Quetzaltenango,1.Quetzaltenango,1376,presidente
10434,,"{'UNE': 7, 'AZUL': 4, 'VALOR UNIONISTA': 18, 'CABAL': 13, 'TODOS': 1, 'VAMOS': 5, 'PHG': 1, 'PR': 1, 'PIN': 1, 'ELEFANTE': 2, 'VICTORIA': 5, 'SEMILLA': 90, 'FCN-NACION': 0, 'PPN': 1, 'UR': 4, 'URNG-MAIZ WINAQ': 4, 'CREO': 0, 'BIEN': 16, 'VIVA': 8, 'MI FAMILIA': 3, 'CAMBIO': 1, 'VOS': 52}",0,22,259,0,Algún campo sin dato,9.Quetzaltenango,1.Quetzaltenango,1376,presidente
10435,,"{'UNE': 10, 'AZUL': 5, 'VALOR UNIONISTA': 18, 'CABAL': 13, 'TODOS': 1, 'VAMOS': 5, 'PHG': 2, 'PR': 0, 'PIN': 0, 'ELEFANTE': 3, 'VICTORIA': 1, 'SEMILLA': 6, 'FCN-NACION': 1, 'PPN': 0, 'UR': 1, 'URNG-MAIZ WINAQ': 5, 'CREO': 1, 'BIEN': 7, 'VIVA': 8, 'MI FAMILIA': 6, 'CAMBIO': 1, 'VOS': 1}",3,14,112,0,Sumas Asentadas sin cuadrar,9.Quetzaltenango,1.Quetzaltenango,1376,presidente
10436,,"{'UNE': 15, 'AZUL': 2, 'VALOR UNIONISTA': 24, 'CABAL': 16, 'TODOS': 1, 'VAMOS': 6, 'PHG': 0, 'PR': 1, 'PIN': 0, 'ELEFANTE': 1, 'VICTORIA': 3, 'SEMILLA': 82, 'FCN-NACION': 1, 'PPN': 0, 'UR': 3, 'URNG-MAIZ WINAQ': 6, 'CREO': 2, 'BIEN': 15, 'VIVA': 5, 'MI FAMILIA': 3, 'CAMBIO': 0, 'VOS': 56}",1,21,264,0,Algún campo sin dato,9.Quetzaltenango,1.Quetzaltenango,1376,presidente
10437,,"{'UNE': 10, 'AZUL': 7, 'VALOR UNIONISTA': 15, 'CABAL': 17, 'TODOS': 1, 'VAMOS': 2, 'PHG': 2, 'PR': 2, 'PIN': 0, 'ELEFANTE': 1, 'VICTORIA': 3, 'SEMILLA': 95, 'FCN-NACION': 0, 'PPN': 1, 'UR': 0, 'URNG-MAIZ WINAQ': 5, 'CREO': 2, 'BIEN': 10, 'VIVA': 8, 'MI FAMILIA': 5, 'CAMBIO': 0, 'VOS': 59}",1,19,265,0,Sumas Asentadas sin cuadrar,9.Quetzaltenango,1.Quetzaltenango,1377,presidente
10438,,"{'UNE': 14, 'AZUL': 3, 'VALOR UNIONISTA': 13, 'CABAL': 15, 'TODOS': 1, 'VAMOS': 4, 'PHG': 2, 'PR': 6, 'PIN': 0, 'ELEFANTE': 1, 'VICTORIA': 4, 'SEMILLA': 92, 'FCN-NACION': 0, 'PPN': 1, 'UR': 2, 'URNG-MAIZ WINAQ': 7, 'CREO': 1, 'BIEN': 18, 'VIVA': 9, 'MI FAMILIA': 5, 'CAMBIO': 1, 'VOS': 50}",1,21,271,0,Algún campo sin dato,9.Quetzaltenango,1.Quetzaltenango,1377,presidente
10439,,"{'UNE': 18, 'AZUL': 6, 'VALOR UNIONISTA': 21, 'CABAL': 14, 'TODOS': 0, 'VAMOS': 5, 'PHG': 0, 'PR': 5, 'PIN': 1, 'ELEFANTE': 2, 'VICTORIA': 1, 'SEMILLA': 77, 'FCN-NACION': 0, 'PPN': 2, 'UR': 5, 'URNG-MAIZ WINAQ': 5, 'CREO': 1, 'BIEN': 21, 'VIVA': 6, 'MI FAMILIA': 5, 'CAMBIO': 2, 'VOS': 63}",0,18,278,0,Sumas Asentadas sin cuadrar,9.Quetzaltenango,1.Quetzaltenango,1377,presidente
10440,,"{'UNE': 6, 'AZUL': 5, 'VALOR UNIONISTA': 18, 'CABAL': 19, 'TODOS': 1, 'VAMOS': 5, 'PHG': 0, 'PR': 5, 'PIN': 0, 'ELEFANTE': 1, 'VICTORIA': 3, 'SEMILLA': 73, 'FCN-NACION': 0, 'PPN': 2, 'UR': 5, 'URNG-MAIZ WINAQ': 10, 'CREO': 3, 'BIEN': 12, 'VIVA': 7, 'MI FAMILIA': 5, 'CAMBIO': 1, 'VOS': 67}",1,11,260,0,Algún campo sin dato,9.Quetzaltenango,1.Quetzaltenango,1377,presidente
10441,,"{'UNE': 10, 'AZUL': 3, 'VALOR UNIONISTA': 26, 'CABAL': 19, 'TODOS': 0, 'VAMOS': 5, 'PHG': 1, 'PR': 3, 'PIN': 1, 'ELEFANTE': 1, 'VICTORIA': 3, 'SEMILLA': 92, 'FCN-NACION': 1, 'PPN': 1, 'UR': 5, 'URNG-MAIZ WINAQ': 4, 'CREO': 4, 'BIEN': 10, 'VIVA': 12, 'MI FAMILIA': 5, 'CAMBIO': 0, 'VOS': 54}",1,11,272,0,Algún campo sin dato,9.Quetzaltenango,1.Quetzaltenango,1377,presidente
10442,,"{'UNE': 16, 'AZUL': 5, 'VALOR UNIONISTA': 24, 'CABAL': 22, 'TODOS': 1, 'VAMOS': 7, 'PHG': 2, 'PR': 2, 'PIN': 0, 'ELEFANTE': 0, 'VICTORIA': 4, 'SEMILLA': 99, 'FCN-NACION': 1, 'PPN': 0, 'UR': 6, 'URNG-MAIZ WINAQ': 8, 'CREO': 2, 'BIEN': 12, 'VIVA': 6, 'MI FAMILIA': 4, 'CAMBIO': 2, 'VOS': 49}",0,13,285,0,Algún campo sin dato,9.Quetzaltenango,1.Quetzaltenango,1377,presidente
10443,,"{'UNE': 24, 'AZUL': 4, 'VALOR UNIONISTA': 18, 'CABAL': 20, 'TODOS': 1, 'VAMOS': 4, 'PHG': 3, 'PR': 5, 'PIN': 0, 'ELEFANTE': 1, 'VICTORIA': 2, 'SEMILLA': 89, 'FCN-NACION': 1, 'PPN': 0, 'UR': 3, 'URNG-MAIZ WINAQ': 10, 'CREO': 2, 'BIEN': 11, 'VIVA': 4, 'MI FAMILIA': 5, 'CAMBIO': 3, 'VOS': 57}",4,16,287,0,Algún campo sin dato,9.Quetzaltenango,1.Quetzaltenango,1378,presidente
10444,,"{'UNE': 13, 'AZUL': 3, 'VALOR UNIONISTA': 27, 'CABAL': 25, 'TODOS': 1, 'VAMOS': 6, 'PHG': 1, 'PR': 1, 'PIN': 1, 'ELEFANTE': 0, 'VICTORIA': 4, 'SEMILLA': 107, 'FCN-NACION': 1, 'PPN': 1, 'UR': 6, 'URNG-MAIZ WINAQ': 7, 'CREO': 1, 'BIEN': 7, 'VIVA': 5, 'MI FAMILIA': 6, 'CAMBIO': 0, 'VOS': 40}",2,12,277,0,,9.Quetzaltenango,1.Quetzaltenango,1378,presidente
10445,,"{'UNE': 17, 'AZUL': 4, 'VALOR UNIONISTA': 19, 'CABAL': 23, 'TODOS': 1, 'VAMOS': 5, 'PHG': 3, 'PR': 3, 'PIN': 0, 'ELEFANTE': 1, 'VICTORIA': 3, 'SEMILLA': 96, 'FCN-NACION': 0, 'PPN': 4, 'UR': 1, 'URNG-MAIZ WINAQ': 11, 'CREO': 6, 'BIEN': 5, 'VIVA': 1, 'MI FAMILIA': 37, 'CAMBIO': 0, 'VOS': 0}",1,20,261,0,Sumas Asentadas sin cuadrar,9.Quetzaltenango,1.Quetzaltenango,1378,presidente
10446,,"{'UNE': 19, 'AZUL': 3, 'VALOR UNIONISTA': 20, 'CABAL': 15, 'TODOS': 0, 'VAMOS': 5, 'PHG': 1, 'PR': 1, 'PIN': 1, 'ELEFANTE': 4, 'VICTORIA': 3, 'SEMILLA': 87, 'FCN-NACION': 0, 'PPN': 1, 'UR': 1, 'URNG-MAIZ WINAQ': 12, 'CREO': 2, 'BIEN': 13, 'VIVA': 4, 'MI FAMILIA': 7, 'CAMBIO': 3, 'VOS': 61}",0,24,287,0,,9.Quetzaltenango,1.Quetzaltenango,1378,presidente
10447,,"{'UNE': 15, 'AZUL': 4, 'VALOR UNIONISTA': 22, 'CABAL': 24, 'TODOS': 0, 'VAMOS': 5, 'PHG': 2, 'PR': 4, 'PIN': 0, 'ELEFANTE': 2, 'VICTORIA': 6, 'SEMILLA': 79, 'FCN-NACION': 0, 'PPN': 0, 'UR': 3, 'URNG-MAIZ WINAQ': 7, 'CREO': 2, 'BIEN': 12, 'VIVA': 2, 'MI FAMILIA': 4, 'CAMBIO': 0, 'VOS': 64}",2,28,287,0,Algún campo sin dato,9.Quetzaltenango,1.Quetzaltenango,1378,presidente
10448,,"{'UNE': 12, 'AZUL': 0, 'VALOR UNIONISTA': 18, 'CABAL': 22, 'TODOS': 0, 'VAMOS': 6, 'PHG': 1, 'PR': 4, 'PIN': 0, 'ELEFANTE': 2, 'VICTORIA': 4, 'SEMILLA': 78, 'FCN-NACION': 1, 'PPN': 0, 'UR': 6, 'URNG-MAIZ WINAQ': 12, 'CREO': 5, 'BIEN': 16, 'VIVA': 4, 'MI FAMILIA': 2, 'CAMBIO': 1, 'VOS': 64}",1,16,275,0,Algún campo sin dato,9.Quetzaltenango,1.Quetzaltenango,1378,presidente
10449,,"{'UNE': 16, 'AZUL': 8, 'VALOR UNIONISTA': 22, 'CABAL': 24, 'TODOS': 3, 'VAMOS': 3, 'PHG': 0, 'PR': 6, 'PIN': 2, 'ELEFANTE': 2, 'VICTORIA': 5, 'SEMILLA': 87, 'FCN-NACION': 3, 'PPN': 2, 'UR': 3, 'URNG-MAIZ WINAQ': 3, 'CREO': 5, 'BIEN': 14, 'VIVA': 4, 'MI FAMILIA': 5, 'CAMBIO': 3, 'VOS': 46}",0,17,283,0,Algún campo sin dato,9.Quetzaltenango,1.Quetzaltenango,1379,presidente
10450,,"{'UNE': 21, 'AZUL': 3, 'VALOR UNIONISTA': 25, 'CABAL': 17, 'TODOS': 1, 'VAMOS': 5, 'PHG': 1, 'PR': 7, 'PIN': 0, 'ELEFANTE': 1, 'VICTORIA': 5, 'SEMILLA': 80, 'FCN-NACION': 0, 'PPN': 1, 'UR': 2, 'URNG-MAIZ WINAQ': 8, 'CREO': 2, 'BIEN': 9, 'VIVA': 5, 'MI FAMILIA': 6, 'CAMBIO': 2, 'VOS': 42}",1,27,271,0,Algún campo sin dato,9.Quetzaltenango,1.Quetzaltenango,1379,presidente
10451,,"{'UNE': 17, 'AZUL': 1, 'VALOR UNIONISTA': 19, 'CABAL': 12, 'TODOS': 0, 'VAMOS': 7, 'PHG': 2, 'PR': 4, 'PIN': 1, 'ELEFANTE': 3, 'VICTORIA': 5, 'SEMILLA': 72, 'FCN-NACION': 1, 'PPN': 0, 'UR': 4, 'URNG-MAIZ WINAQ': 8, 'CREO': 1, 'BIEN': 17, 'VIVA': 4, 'MI FAMILIA': 4, 'CAMBIO': 1, 'VOS': 60}",2,29,274,0,Algún campo sin dato,9.Quetzaltenango,1.Quetzaltenango,1379,presidente
10452,,"{'UNE': 9, 'AZUL': 3, 'VALOR UNIONISTA': 25, 'CABAL': 16, 'TODOS': 1, 'VAMOS': 7, 'PHG': 0, 'PR': 5, 'PIN': 0, 'ELEFANTE': 3, 'VICTORIA': 4, 'SEMILLA': 78, 'FCN-NACION': 0, 'PPN': 0, 'UR': 5, 'URNG-MAIZ WINAQ': 4, 'CREO': 1, 'BIEN': 14, 'VIVA': 5, 'MI FAMILIA': 4, 'CAMBIO': 2, 'VOS': 41}",2,18,247,0,Algún campo sin dato,9.Quetzaltenango,1.Quetzaltenango,1379,presidente
10453,,"{'UNE': 9, 'AZUL': 1, 'VALOR UNIONISTA': 22, 'CABAL': 14, 'TODOS': 0, 'VAMOS': 3, 'PHG': 6, 'PR': 5, 'PIN': 0, 'ELEFANTE': 3, 'VICTORIA': 4, 'SEMILLA': 65, 'FCN-NACION': 0, 'PPN': 0, 'UR': 2, 'URNG-MAIZ WINAQ': 10, 'CREO': 2, 'BIEN': 14, 'VIVA': 10, 'MI FAMILIA': 5, 'CAMBIO': 3, 'VOS': 46}",1,22,247,0,Algún campo sin dato,9.Quetzaltenango,1.Quetzaltenango,1379,presidente
10454,,"{'UNE': 24, 'AZUL': 6, 'VALOR UNIONISTA': 23, 'CABAL': 19, 'TODOS': 2, 'VAMOS': 4, 'PHG': 2, 'PR': 4, 'PIN': 0, 'ELEFANTE': 1, 'VICTORIA': 6, 'SEMILLA': 76, 'FCN-NACION': 3, 'PPN': 0, 'UR': 1, 'URNG-MAIZ WINAQ': 8, 'CREO': 1, 'BIEN': 10, 'VIVA': 8, 'MI FAMILIA': 3, 'CAMBIO': 2, 'VOS': 39}",0,20,262,0,Algún campo sin dato,9.Quetzaltenango,1.Quetzaltenango,1379,presidente
10455,,"{'UNE': 6, 'AZUL': 3, 'VALOR UNIONISTA': 7, 'CABAL': 18, 'TODOS': 0, 'VAMOS': 2, 'PHG': 1, 'PR': 5, 'PIN': 0, 'ELEFANTE': 2, 'VICTORIA': 4, 'SEMILLA': 84, 'FCN-NACION': 0, 'PPN': 1, 'UR': 3, 'URNG-MAIZ WINAQ': 8, 'CREO': 2, 'BIEN': 21, 'VIVA': 10, 'MI FAMILIA': 1, 'CAMBIO': 1, 'VOS': 31}",2,19,231,0,Algún campo sin dato,9.Quetzaltenango,1.Quetzaltenango,1379,presidente
10456,,"{'UNE': 11, 'AZUL': 3, 'VALOR UNIONISTA': 19, 'CABAL': 17, 'TODOS': 0, 'VAMOS': 6, 'PHG': 1, 'PR': 1, 'PIN': 0, 'ELEFANTE': 0, 'VICTORIA': 1, 'SEMILLA': 110, 'FCN-NACION': 1, 'PPN': 1, 'UR': 3, 'URNG-MAIZ WINAQ': 3, 'CREO': 1, 'BIEN': 8, 'VIVA': 5, 'MI FAMILIA': 2, 'CAMBIO': 0, 'VOS': 42}",2,13,250,0,Algún campo sin dato,9.Quetzaltenango,1.Quetzaltenango,1379,presidente
10457,,"{'UNE': 7, 'AZUL': 4, 'VALOR UNIONISTA': 19, 'CABAL': 22, 'TODOS': 1, 'VAMOS': 6, 'PHG': 2, 'PR': 1, 'PIN': 0, 'ELEFANTE': 2, 'VICTORIA': 0, 'SEMILLA': 102, 'FCN-NACION': 1, 'PPN': 0, 'UR': 2, 'URNG-MAIZ WINAQ': 3, 'CREO': 2, 'BIEN': 10, 'VIVA': 2, 'MI FAMILIA': 4, 'CAMBIO': 1, 'VOS': 55}",3,22,271,0,Algún campo sin dato,9.Quetzaltenango,1.Quetzaltenango,1379,presidente
10458,,"{'UNE': 8, 'AZUL': 5, 'VALOR UNIONISTA': 16, 'CABAL': 14, 'TODOS': 0, 'VAMOS': 3, 'PHG': 0, 'PR': 2, 'PIN': 0, 'ELEFANTE': 0, 'VICTORIA': 2, 'SEMILLA': 122, 'FCN-NACION': 1, 'PPN': 2, 'UR': 1, 'URNG-MAIZ WINAQ': 3, 'CREO': 1, 'BIEN': 12, 'VIVA': 4, 'MI FAMILIA': 1, 'CAMBIO': 4, 'VOS': 47}",0,18,266,0,Algún campo sin dato,9.Quetzaltenango,1.Quetzaltenango,1379,presidente
10459,,"{'UNE': 6, 'AZUL': 3, 'VALOR UNIONISTA': 10, 'CABAL': 11, 'TODOS': 0, 'VAMOS': 4, 'PHG': 4, 'PR': 2, 'PIN': 0, 'ELEFANTE': 1, 'VICTORIA': 0, 'SEMILLA': 144, 'FCN-NACION': 0, 'PPN': 0, 'UR': 4, 'URNG-MAIZ WINAQ': 4, 'CREO': 0, 'BIEN': 14, 'VIVA': 7, 'MI FAMILIA': 2, 'CAMBIO': 1, 'VOS': 40}",0,12,269,0,Sumas Asentadas sin cuadrar,9.Quetzaltenango,1.Quetzaltenango,1379,presidente
10460,,"{'UNE': 4, 'AZUL': 3, 'VALOR UNIONISTA': 14, 'CABAL': 10, 'TODOS': 0, 'VAMOS': 3, 'PHG': 1, 'PR': 3, 'PIN': 0, 'ELEFANTE': 1, 'VICTORIA': 1, 'SEMILLA': 120, 'FCN-NACION': 0, 'PPN': 1, 'UR': 3, 'URNG-MAIZ WINAQ': 5, 'CREO': 1, 'BIEN': 13, 'VIVA': 6, 'MI FAMILIA': 1, 'CAMBIO': 0, 'VOS': 29}",0,13,232,0,Algún campo sin dato,9.Quetzaltenango,1.Quetzaltenango,1379,presidente
10461,,"{'UNE': 10, 'AZUL': 1, 'VALOR UNIONISTA': 12, 'CABAL': 7, 'TODOS': 1, 'VAMOS': 3, 'PHG': 2, 'PR': 2, 'PIN': 0, 'ELEFANTE': 0, 'VICTORIA': 1, 'SEMILLA': 134, 'FCN-NACION': 1, 'PPN': 1, 'UR': 3, 'URNG-MAIZ WINAQ': 2, 'CREO': 4, 'BIEN': 13, 'VIVA': 0, 'MI FAMILIA': 1, 'CAMBIO': 0, 'VOS': 46}",0,8,252,0,Algún campo sin dato,9.Quetzaltenango,1.Quetzaltenango,1380,presidente
10462,,"{'UNE': 7, 'AZUL': 4, 'VALOR UNIONISTA': 10, 'CABAL': 7, 'TODOS': 0, 'VAMOS': 4, 'PHG': 0, 'PR': 1, 'PIN': 1, 'ELEFANTE': 0, 'VICTORIA': 0, 'SEMILLA': 158, 'FCN-NACION': 1, 'PPN': 1, 'UR': 0, 'URNG-MAIZ WINAQ': 3, 'CREO': 1, 'BIEN': 14, 'VIVA': 2, 'MI FAMILIA': 4, 'CAMBIO': 0, 'VOS': 49}",0,9,276,1,Algún campo sin dato,9.Quetzaltenango,1.Quetzaltenango,1380,presidente
10463,,"{'UNE': 5, 'AZUL': 0, 'VALOR UNIONISTA': 9, 'CABAL': 11, 'TODOS': 1, 'VAMOS': 3, 'PHG': 1, 'PR': 0, 'PIN': 0, 'ELEFANTE': 0, 'VICTORIA': 3, 'SEMILLA': 155, 'FCN-NACION': 0, 'PPN': 1, 'UR': 0, 'URNG-MAIZ WINAQ': 4, 'CREO': 0, 'BIEN': 10, 'VIVA': 8, 'MI FAMILIA': 1, 'CAMBIO': 0, 'VOS': 32}",2,7,253,0,Algún campo sin dato,9.Quetzaltenango,1.Quetzaltenango,1380,presidente
10464,,"{'UNE': 2, 'AZUL': 1, 'VALOR UNIONISTA': 7, 'CABAL': 5, 'TODOS': 1, 'VAMOS': 4, 'PHG': 1, 'PR': 1, 'PIN': 1, 'ELEFANTE': 0, 'VICTORIA': 0, 'SEMILLA': 150, 'FCN-NACION': 0, 'PPN': 0, 'UR': 0, 'URNG-MAIZ WINAQ': 4, 'CREO': 1, 'BIEN': 7, 'VIVA': 4, 'MI FAMILIA': 1, 'CAMBIO': 1, 'VOS': 23}",0,5,219,0,Algún campo sin dato,9.Quetzaltenango,1.Quetzaltenango,1380,presidente
10465,,"{'UNE': 3, 'AZUL': 4, 'VALOR UNIONISTA': 8, 'CABAL': 12, 'TODOS': 0, 'VAMOS': 3, 'PHG': 2, 'PR': 0, 'PIN': 0, 'ELEFANTE': 0, 'VICTORIA': 3, 'SEMILLA': 167, 'FCN-NACION': 1, 'PPN': 0, 'UR': 1, 'URNG-MAIZ WINAQ': 0, 'CREO': 2, 'BIEN': 10, 'VIVA': 6, 'MI FAMILIA': 3, 'CAMBIO': 1, 'VOS': 40}",0,7,273,0,Algún campo sin dato,9.Quetzaltenango,1.Quetzaltenango,1380,presidente
10466,,"{'UNE': 4, 'AZUL': 2, 'VALOR UNIONISTA': 14, 'CABAL': 10, 'TODOS': 0, 'VAMOS': 3, 'PHG': 0, 'PR': 4, 'PIN': 1, 'ELEFANTE': 0, 'VICTORIA': 1, 'SEMILLA': 136, 'FCN-NACION': 0, 'PPN': 0, 'UR': 1, 'URNG-MAIZ WINAQ': 1, 'CREO': 2, 'BIEN': 6, 'VIVA': 1, 'MI FAMILIA': 4, 'CAMBIO': 1, 'VOS': 51}",0,4,246,0,Algún campo sin dato,9.Quetzaltenango,1.Quetzaltenango,1380,presidente
10467,,"{'UNE': 6, 'AZUL': 0, 'VALOR UNIONISTA': 9, 'CABAL': 7, 'TODOS': 0, 'VAMOS': 4, 'PHG': 1, 'PR': 1, 'PIN': 0, 'ELEFANTE': 0, 'VICTORIA': 4, 'SEMILLA': 137, 'FCN-NACION': 0, 'PPN': 0, 'UR': 1, 'URNG-MAIZ WINAQ': 2, 'CREO': 0, 'BIEN': 7, 'VIVA': 1, 'MI FAMILIA': 1, 'CAMBIO': 1, 'VOS': 25}",0,7,214,0,Algún campo sin dato,9.Quetzaltenango,1.Quetzaltenango,1381,presidente
10468,,"{'UNE': 11, 'AZUL': 3, 'VALOR UNIONISTA': 9, 'CABAL': 12, 'TODOS': 1, 'VAMOS': 4, 'PHG': 2, 'PR': 5, 'PIN': 1, 'ELEFANTE': 1, 'VICTORIA': 2, 'SEMILLA': 105, 'FCN-NACION': 0, 'PPN': 0, 'UR': 6, 'URNG-MAIZ WINAQ': 4, 'CREO': 0, 'BIEN': 12, 'VIVA': 7, 'MI FAMILIA': 3, 'CAMBIO': 0, 'VOS': 38}",2,2,230,0,Sumas Asentadas sin cuadrar,9.Quetzaltenango,1.Quetzaltenango,1381,presidente
10469,,"{'UNE': 10, 'AZUL': 2, 'VALOR UNIONISTA': 10, 'CABAL': 9, 'TODOS': 0, 'VAMOS': 1, 'PHG': 0, 'PR': 4, 'PIN': 0, 'ELEFANTE': 2, 'VICTORIA': 0, 'SEMILLA': 124, 'FCN-NACION': 0, 'PPN': 1, 'UR': 1, 'URNG-MAIZ WINAQ': 2, 'CREO': 4, 'BIEN': 10, 'VIVA': 2, 'MI FAMILIA': 2, 'CAMBIO': 1, 'VOS': 27}",1,4,217,0,Algún campo sin dato,9.Quetzaltenango,1.Quetzaltenango,1381,presidente
10470,,"{'UNE': 8, 'AZUL': 2, 'VALOR UNIONISTA': 11, 'CABAL': 3, 'TODOS': 1, 'VAMOS': 2, 'PHG': 1, 'PR': 0, 'PIN': 0, 'ELEFANTE': 2, 'VICTORIA': 2, 'SEMILLA': 41, 'FCN-NACION': 1, 'PPN': 1, 'UR': 3, 'URNG-MAIZ WINAQ': 2, 'CREO': 0, 'BIEN': 6, 'VIVA': 2, 'MI FAMILIA': 1, 'CAMBIO': 0, 'VOS': 22}",1,15,127,0,Algún campo sin dato,9.Quetzaltenango,1.Quetzaltenango,1381,presidente
10471,,"{'UNE': 4, 'AZUL': 2, 'VALOR UNIONISTA': 4, 'CABAL': 8, 'TODOS': 1, 'VAMOS': 2, 'PHG': 0, 'PR': 3, 'PIN': 1, 'ELEFANTE': 0, 'VICTORIA': 2, 'SEMILLA': 21, 'FCN-NACION': 0, 'PPN': 3, 'UR': 2, 'URNG-MAIZ WINAQ': 44, 'CREO': 0, 'BIEN': 3, 'VIVA': 4, 'MI FAMILIA': 1, 'CAMBIO': 0, 'VOS': 13}",5,10,133,0,Algún campo sin dato,9.Quetzaltenango,1.Quetzaltenango,1382,presidente
10472,,"{'UNE': 5, 'AZUL': 0, 'VALOR UNIONISTA': 5, 'CABAL': 5, 'TODOS': 0, 'VAMOS': 4, 'PHG': 1, 'PR': 1, 'PIN': 0, 'ELEFANTE': 0, 'VICTORIA': 0, 'SEMILLA': 33, 'FCN-NACION': 1, 'PPN': 1, 'UR': 3, 'URNG-MAIZ WINAQ': 25, 'CREO': 2, 'BIEN': 7, 'VIVA': 6, 'MI FAMILIA': 1, 'CAMBIO': 0, 'VOS': 16}",1,9,126,0,Algún campo sin dato,9.Quetzaltenango,1.Quetzaltenango,1382,presidente
10473,,"{'UNE': 13, 'AZUL': 5, 'VALOR UNIONISTA': 19, 'CABAL': 16, 'TODOS': 0, 'VAMOS': 7, 'PHG': 2, 'PR': 2, 'PIN': 0, 'ELEFANTE': 3, 'VICTORIA': 9, 'SEMILLA': 68, 'FCN-NACION': 3, 'PPN': 1, 'UR': 6, 'URNG-MAIZ WINAQ': 7, 'CREO': 3, 'BIEN': 9, 'VIVA': 10, 'MI FAMILIA': 5, 'CAMBIO': 1, 'VOS': 32}",3,27,251,0,Algún campo sin dato,9.Quetzaltenango,1.Quetzaltenango,1383,presidente
10474,,"{'UNE': 11, 'AZUL': 4, 'VALOR UNIONISTA': 3, 'CABAL': 12, 'TODOS': 2, 'VAMOS': 7, 'PHG': 3, 'PR': 3, 'PIN': 0, 'ELEFANTE': 2, 'VICTORIA': 7, 'SEMILLA': 59, 'FCN-NACION': 0, 'PPN': 0, 'UR': 0, 'URNG-MAIZ WINAQ': 6, 'CREO': 1, 'BIEN': 11, 'VIVA': 18, 'MI FAMILIA': 2, 'CAMBIO': 1, 'VOS': 28}",3,19,202,0,Sumas Asentadas sin cuadrar,9.Quetzaltenango,1.Quetzaltenango,1383,presidente
10475,,"{'UNE': 18, 'AZUL': 8, 'VALOR UNIONISTA': 26, 'CABAL': 18, 'TODOS': 2, 'VAMOS': 10, 'PHG': 3, 'PR': 1, 'PIN': 0, 'ELEFANTE': 1, 'VICTORIA': 3, 'SEMILLA': 59, 'FCN-NACION': 1, 'PPN': 3, 'UR': 2, 'URNG-MAIZ WINAQ': 3, 'CREO': 2, 'BIEN': 9, 'VIVA': 12, 'MI FAMILIA': 6, 'CAMBIO': 0, 'VOS': 32}",1,24,244,0,Algún campo sin dato,9.Quetzaltenango,1.Quetzaltenango,1383,presidente
10476,,"{'UNE': 20, 'AZUL': 5, 'VALOR UNIONISTA': 21, 'CABAL': 13, 'TODOS': 0, 'VAMOS': 8, 'PHG': 3, 'PR': 3, 'PIN': 0, 'ELEFANTE': 0, 'VICTORIA': 19, 'SEMILLA': 56, 'FCN-NACION': 0, 'PPN': 1, 'UR': 5, 'URNG-MAIZ WINAQ': 5, 'CREO': 6, 'BIEN': 6, 'VIVA': 8, 'MI FAMILIA': 8, 'CAMBIO': 1, 'VOS': 29}",3,20,240,0,Algún campo sin dato,9.Quetzaltenango,1.Quetzaltenango,1383,presidente
10477,,"{'UNE': 13, 'AZUL': 9, 'VALOR UNIONISTA': 17, 'CABAL': 9, 'TODOS': 1, 'VAMOS': 14, 'PHG': 1, 'PR': 3, 'PIN': 0, 'ELEFANTE': 2, 'VICTORIA': 9, 'SEMILLA': 69, 'FCN-NACION': 0, 'PPN': 0, 'UR': 5, 'URNG-MAIZ WINAQ': 2, 'CREO': 2, 'BIEN': 7, 'VIVA': 15, 'MI FAMILIA': 7, 'CAMBIO': 1, 'VOS': 31}",0,36,253,0,Algún campo sin dato,9.Quetzaltenango,1.Quetzaltenango,1383,presidente
10478,,"{'UNE': 11, 'AZUL': 4, 'VALOR UNIONISTA': 23, 'CABAL': 14, 'TODOS': 1, 'VAMOS': 7, 'PHG': 7, 'PR': 7, 'PIN': 0, 'ELEFANTE': 0, 'VICTORIA': 9, 'SEMILLA': 73, 'FCN-NACION': 0, 'PPN': 1, 'UR': 6, 'URNG-MAIZ WINAQ': 8, 'CREO': 3, 'BIEN': 7, 'VIVA': 9, 'MI FAMILIA': 4, 'CAMBIO': 1, 'VOS': 28}",3,29,255,0,Algún campo sin dato,9.Quetzaltenango,1.Quetzaltenango,1383,presidente
10479,,"{'UNE': 14, 'AZUL': 5, 'VALOR UNIONISTA': 17, 'CABAL': 15, 'TODOS': 4, 'VAMOS': 4, 'PHG': 3, 'PR': 0, 'PIN': 0, 'ELEFANTE': 2, 'VICTORIA': 6, 'SEMILLA': 89, 'FCN-NACION': 2, 'PPN': 0, 'UR': 0, 'URNG-MAIZ WINAQ': 4, 'CREO': 1, 'BIEN': 12, 'VIVA': 7, 'MI FAMILIA': 6, 'CAMBIO': 2, 'VOS': 32}",0,18,243,0,Algún campo sin dato,9.Quetzaltenango,1.Quetzaltenango,1384,presidente
10480,,"{'UNE': 14, 'AZUL': 4, 'VALOR UNIONISTA': 16, 'CABAL': 12, 'TODOS': 1, 'VAMOS': 4, 'PHG': 0, 'PR': 1, 'PIN': 0, 'ELEFANTE': 1, 'VICTORIA': 4, 'SEMILLA': 64, 'FCN-NACION': 0, 'PPN': 1, 'UR': 4, 'URNG-MAIZ WINAQ': 3, 'CREO': 0, 'BIEN': 3, 'VIVA': 21, 'MI FAMILIA': 9, 'CAMBIO': 2, 'VOS': 33}",5,23,225,0,Algún campo sin dato,9.Quetzaltenango,1.Quetzaltenango,1384,presidente
10481,,"{'UNE': 13, 'AZUL': 4, 'VALOR UNIONISTA': 17, 'CABAL': 12, 'TODOS': 2, 'VAMOS': 5, 'PHG': 1, 'PR': 5, 'PIN': 0, 'ELEFANTE': 3, 'VICTORIA': 5, 'SEMILLA': 52, 'FCN-NACION': 2, 'PPN': 0, 'UR': 3, 'URNG-MAIZ WINAQ': 7, 'CREO': 3, 'BIEN': 10, 'VIVA': 14, 'MI FAMILIA': 4, 'CAMBIO': 1, 'VOS': 38}",1,22,224,0,Algún campo sin dato,9.Quetzaltenango,1.Quetzaltenango,1384,presidente
10482,,"{'UNE': 14, 'AZUL': 1, 'VALOR UNIONISTA': 17, 'CABAL': 19, 'TODOS': 2, 'VAMOS': 8, 'PHG': 4, 'PR': 3, 'PIN': 0, 'ELEFANTE': 0, 'VICTORIA': 8, 'SEMILLA': 65, 'FCN-NACION': 1, 'PPN': 2, 'UR': 3, 'URNG-MAIZ WINAQ': 4, 'CREO': 2, 'BIEN': 7, 'VIVA': 13, 'MI FAMILIA': 6, 'CAMBIO': 1, 'VOS': 36}",0,21,237,162,Sumas Asentadas sin cuadrar,9.Quetzaltenango,1.Quetzaltenango,1384,presidente
10483,,"{'UNE': 13, 'AZUL': 7, 'VALOR UNIONISTA': 18, 'CABAL': 19, 'TODOS': 0, 'VAMOS': 7, 'PHG': 2, 'PR': 2, 'PIN': 0, 'ELEFANTE': 2, 'VICTORIA': 10, 'SEMILLA': 72, 'FCN-NACION': 0, 'PPN': 2, 'UR': 4, 'URNG-MAIZ WINAQ': 6, 'CREO': 1, 'BIEN': 9, 'VIVA': 7, 'MI FAMILIA': 1, 'CAMBIO': 1, 'VOS': 33}",1,34,251,0,Algún campo sin dato,9.Quetzaltenango,1.Quetzaltenango,1384,presidente
10484,,"{'UNE': 18, 'AZUL': 7, 'VALOR UNIONISTA': 15, 'CABAL': 13, 'TODOS': 0, 'VAMOS': 4, 'PHG': 1, 'PR': 3, 'PIN': 0, 'ELEFANTE': 0, 'VICTORIA': 3, 'SEMILLA': 81, 'FCN-NACION': 0, 'PPN': 1, 'UR': 6, 'URNG-MAIZ WINAQ': 4, 'CREO': 2, 'BIEN': 11, 'VIVA': 10, 'MI FAMILIA': 6, 'CAMBIO': 2, 'VOS': 28}",1,28,244,0,Algún campo sin dato,9.Quetzaltenango,1.Quetzaltenango,1384,presidente
10485,,"{'UNE': 20, 'AZUL': 4, 'VALOR UNIONISTA': 24, 'CABAL': 16, 'TODOS': 0, 'VAMOS': 1, 'PHG': 1, 'PR': 4, 'PIN': 0, 'ELEFANTE': 1, 'VICTORIA': 5, 'SEMILLA': 58, 'FCN-NACION': 1, 'PPN': 1, 'UR': 4, 'URNG-MAIZ WINAQ': 5, 'CREO': 1, 'BIEN': 9, 'VIVA': 12, 'MI FAMILIA': 6, 'CAMBIO': 2, 'VOS': 34}",1,15,225,175,Algún campo sin dato,9.Quetzaltenango,1.Quetzaltenango,1384,presidente
10486,,"{'UNE': 13, 'AZUL': 4, 'VALOR UNIONISTA': 23, 'CABAL': 15, 'TODOS': 1, 'VAMOS': 7, 'PHG': 3, 'PR': 5, 'PIN': 1, 'ELEFANTE': 2, 'VICTORIA': 5, 'SEMILLA': 52, 'FCN-NACION': 1, 'PPN': 0, 'UR': 3, 'URNG-MAIZ WINAQ': 8, 'CREO': 0, 'BIEN': 4, 'VIVA': 9, 'MI FAMILIA': 7, 'CAMBIO': 1, 'VOS': 31}",3,22,220,0,Algún campo sin dato,9.Quetzaltenango,1.Quetzaltenango,1385,presidente
10487,,"{'UNE': 14, 'AZUL': 4, 'VALOR UNIONISTA': 20, 'CABAL': 14, 'TODOS': 1, 'VAMOS': 1, 'PHG': 2, 'PR': 3, 'PIN': 1, 'ELEFANTE': 0, 'VICTORIA': 2, 'SEMILLA': 61, 'FCN-NACION': 0, 'PPN': 4, 'UR': 3, 'URNG-MAIZ WINAQ': 4, 'CREO': 2, 'BIEN': 10, 'VIVA': 9, 'MI FAMILIA': 5, 'CAMBIO': 0, 'VOS': 29}",1,17,207,0,Sumas Asentadas sin cuadrar,9.Quetzaltenango,1.Quetzaltenango,1385,presidente
10488,,"{'UNE': 10, 'AZUL': 7, 'VALOR UNIONISTA': 15, 'CABAL': 6, 'TODOS': 0, 'VAMOS': 4, 'PHG': 1, 'PR': 2, 'PIN': 1, 'ELEFANTE': 0, 'VICTORIA': 2, 'SEMILLA': 104, 'FCN-NACION': 0, 'PPN': 0, 'UR': 2, 'URNG-MAIZ WINAQ': 0, 'CREO': 0, 'BIEN': 11, 'VIVA': 1, 'MI FAMILIA': 1, 'CAMBIO': 1, 'VOS': 32}",2,17,219,0,Sumas Asentadas sin cuadrar,9.Quetzaltenango,1.Quetzaltenango,1385,presidente
10489,,"{'UNE': 5, 'AZUL': 2, 'VALOR UNIONISTA': 7, 'CABAL': 5, 'TODOS': 0, 'VAMOS': 6, 'PHG': 1, 'PR': 0, 'PIN': 0, 'ELEFANTE': 0, 'VICTORIA': 9, 'SEMILLA': 118, 'FCN-NACION': 0, 'PPN': 1, 'UR': 2, 'URNG-MAIZ WINAQ': 2, 'CREO': 2, 'BIEN': 9, 'VIVA': 9, 'MI FAMILIA': 1, 'CAMBIO': 0, 'VOS': 28}",0,11,218,1,Sumas Asentadas sin cuadrar,9.Quetzaltenango,1.Quetzaltenango,1385,presidente
10490,,"{'UNE': 5, 'AZUL': 0, 'VALOR UNIONISTA': 8, 'CABAL': 4, 'TODOS': 1, 'VAMOS': 3, 'PHG': 2, 'PR': 0, 'PIN': 1, 'ELEFANTE': 0, 'VICTORIA': 1, 'SEMILLA': 121, 'FCN-NACION': 2, 'PPN': 0, 'UR': 0, 'URNG-MAIZ WINAQ': 2, 'CREO': 1, 'BIEN': 5, 'VIVA': 2, 'MI FAMILIA': 3, 'CAMBIO': 1, 'VOS': 22}",2,4,190,0,Algún campo sin dato,9.Quetzaltenango,1.Quetzaltenango,1385,presidente
10491,,"{'UNE': 6, 'AZUL': 2, 'VALOR UNIONISTA': 9, 'CABAL': 6, 'TODOS': 1, 'VAMOS': 3, 'PHG': 0, 'PR': 0, 'PIN': 1, 'ELEFANTE': 1, 'VICTORIA': 2, 'SEMILLA': 70, 'FCN-NACION': 0, 'PPN': 0, 'UR': 1, 'URNG-MAIZ WINAQ': 1, 'CREO': 0, 'BIEN': 5, 'VIVA': 0, 'MI FAMILIA': 1, 'CAMBIO': 2, 'VOS': 19}",1,10,141,0,Algún campo sin dato,9.Quetzaltenango,1.Quetzaltenango,1385,presidente
10492,,"{'UNE': 6, 'AZUL': 0, 'VALOR UNIONISTA': 4, 'CABAL': 9, 'TODOS': 0, 'VAMOS': 5, 'PHG': 0, 'PR': 1, 'PIN': 1, 'ELEFANTE': 1, 'VICTORIA': 4, 'SEMILLA': 60, 'FCN-NACION': 0, 'PPN': 3, 'UR': 0, 'URNG-MAIZ WINAQ': 1, 'CREO': 2, 'BIEN': 3, 'VIVA': 2, 'MI FAMILIA': 3, 'CAMBIO': 0, 'VOS': 19}",0,6,130,0,Algún campo sin dato,9.Quetzaltenango,1.Quetzaltenango,1385,presidente
10493,,"{'UNE': 12, 'AZUL': 99, 'VALOR UNIONISTA': 24, 'CABAL': 20, 'TODOS': 4, 'VAMOS': 2, 'PHG': 1, 'PR': 3, 'PIN': 0, 'ELEFANTE': 3, 'VICTORIA': 4, 'SEMILLA': 11, 'FCN-NACION': 5, 'PPN': 0, 'UR': 2, 'URNG-MAIZ WINAQ': 2, 'CREO': 8, 'BIEN': 8, 'VIVA': 3, 'MI FAMILIA': 6, 'CAMBIO': 0, 'VOS': 47}",2,24,290,0,Sumas Asentadas sin cuadrar,9.Quetzaltenango,1.Quetzaltenango,1386,presidente
10494,,"{'UNE': 6, 'AZUL': 1, 'VALOR UNIONISTA': 18, 'CABAL': 23, 'TODOS': 0, 'VAMOS': 1, 'PHG': 1, 'PR': 1, 'PIN': 0, 'ELEFANTE': 1, 'VICTORIA': 1, 'SEMILLA': 44, 'FCN-NACION': 1, 'PPN': 0, 'UR': 3, 'URNG-MAIZ WINAQ': 3, 'CREO': 2, 'BIEN': 8, 'VIVA': 2, 'MI FAMILIA': 3, 'CAMBIO': 0, 'VOS': 27}",1,8,155,0,Sumas Asentadas sin cuadrar,9.Quetzaltenango,1.Quetzaltenango,1386,presidente
10495,,"{'UNE': 5, 'AZUL': 4, 'VALOR UNIONISTA': 12, 'CABAL': 8, 'TODOS': 0, 'VAMOS': 3, 'PHG': 0, 'PR': 0, 'PIN': 0, 'ELEFANTE': 0, 'VICTORIA': 0, 'SEMILLA': 54, 'FCN-NACION': 0, 'PPN': 0, 'UR': 2, 'URNG-MAIZ WINAQ': 3, 'CREO': 1, 'BIEN': 5, 'VIVA': 3, 'MI FAMILIA': 1, 'CAMBIO': 1, 'VOS': 23}",0,7,132,0,Algún campo sin dato,9.Quetzaltenango,1.Quetzaltenango,1386,presidente
10496,,"{'UNE': 15, 'AZUL': 5, 'VALOR UNIONISTA': 21, 'CABAL': 21, 'TODOS': 3, 'VAMOS': 5, 'PHG': 2, 'PR': 2, 'PIN': 0, 'ELEFANTE': 0, 'VICTORIA': 4, 'SEMILLA': 84, 'FCN-NACION': 0, 'PPN': 2, 'UR': 2, 'URNG-MAIZ WINAQ': 4, 'CREO': 0, 'BIEN': 13, 'VIVA': 4, 'MI FAMILIA': 12, 'CAMBIO': 4, 'VOS': 43}",0,16,262,0,Algún campo sin dato,9.Quetzaltenango,1.Quetzaltenango,1387,presidente
10497,,"{'UNE': 13, 'AZUL': 6, 'VALOR UNIONISTA': 22, 'CABAL': 26, 'TODOS': 1, 'VAMOS': 2, 'PHG': 4, 'PR': 1, 'PIN': 0, 'ELEFANTE': 4, 'VICTORIA': 5, 'SEMILLA': 79, 'FCN-NACION': 0, 'PPN': 2, 'UR': 1, 'URNG-MAIZ WINAQ': 7, 'CREO': 1, 'BIEN': 13, 'VIVA': 8, 'MI FAMILIA': 3, 'CAMBIO': 2, 'VOS': 51}",2,21,274,0,Algún campo sin dato,9.Quetzaltenango,1.Quetzaltenango,1387,presidente
10498,,"{'UNE': 12, 'AZUL': 4, 'VALOR UNIONISTA': 30, 'CABAL': 22, 'TODOS': 2, 'VAMOS': 7, 'PHG': 3, 'PR': 0, 'PIN': 0, 'ELEFANTE': 1, 'VICTORIA': 1, 'SEMILLA': 67, 'FCN-NACION': 1, 'PPN': 1, 'UR': 5, 'URNG-MAIZ WINAQ': 5, 'CREO': 2, 'BIEN': 10, 'VIVA': 5, 'MI FAMILIA': 1, 'CAMBIO': 1, 'VOS': 63}",1,21,265,0,Algún campo sin dato,9.Quetzaltenango,1.Quetzaltenango,1387,presidente
10499,,"{'UNE': 20, 'AZUL': 6, 'VALOR UNIONISTA': 23, 'CABAL': 20, 'TODOS': 0, 'VAMOS': 11, 'PHG': 1, 'PR': 3, 'PIN': 1, 'ELEFANTE': 5, 'VICTORIA': 10, 'SEMILLA': 82, 'FCN-NACION': 1, 'PPN': 0, 'UR': 4, 'URNG-MAIZ WINAQ': 3, 'CREO': 2, 'BIEN': 9, 'VIVA': 6, 'MI FAMILIA': 8, 'CAMBIO': 1, 'VOS': 47}",2,25,290,0,Algún campo sin dato,9.Quetzaltenango,1.Quetzaltenango,1387,presidente
10500,,"{'UNE': 12, 'AZUL': 4, 'VALOR UNIONISTA': 22, 'CABAL': 17, 'TODOS': 1, 'VAMOS': 3, 'PHG': 3, 'PR': 1, 'PIN': 0, 'ELEFANTE': 0, 'VICTORIA': 6, 'SEMILLA': 74, 'FCN-NACION': 1, 'PPN': 1, 'UR': 5, 'URNG-MAIZ WINAQ': 4, 'CREO': 6, 'BIEN': 13, 'VIVA': 3, 'MI FAMILIA': 2, 'CAMBIO': 2, 'VOS': 74}",5,22,281,0,Sumas Asentadas sin cuadrar,9.Quetzaltenango,1.Quetzaltenango,1387,presidente
10501,,"{'UNE': 11, 'AZUL': 8, 'VALOR UNIONISTA': 20, 'CABAL': 19, 'TODOS': 3, 'VAMOS': 6, 'PHG': 3, 'PR': 3, 'PIN': 0, 'ELEFANTE': 2, 'VICTORIA': 3, 'SEMILLA': 77, 'FCN-NACION': 1, 'PPN': 2, 'UR': 7, 'URNG-MAIZ WINAQ': 2, 'CREO': 2, 'BIEN': 8, 'VIVA': 5, 'MI FAMILIA': 5, 'CAMBIO': 0, 'VOS': 45}",2,24,258,0,Algún campo sin dato,9.Quetzaltenango,1.Quetzaltenango,1387,presidente
10502,,"{'UNE': 11, 'AZUL': 5, 'VALOR UNIONISTA': 27, 'CABAL': 20, 'TODOS': 0, 'VAMOS': 5, 'PHG': 4, 'PR': 4, 'PIN': 0, 'ELEFANTE': 6, 'VICTORIA': 4, 'SEMILLA': 77, 'FCN-NACION': 0, 'PPN': 1, 'UR': 4, 'URNG-MAIZ WINAQ': 4, 'CREO': 5, 'BIEN': 14, 'VIVA': 6, 'MI FAMILIA': 5, 'CAMBIO': 1, 'VOS': 50}",8,26,287,0,Algún campo sin dato,9.Quetzaltenango,1.Quetzaltenango,1387,presidente
10503,,"{'UNE': 6, 'AZUL': 9, 'VALOR UNIONISTA': 28, 'CABAL': 20, 'TODOS': 3, 'VAMOS': 6, 'PHG': 3, 'PR': 1, 'PIN': 1, 'ELEFANTE': 2, 'VICTORIA': 4, 'SEMILLA': 70, 'FCN-NACION': 1, 'PPN': 0, 'UR': 8, 'URNG-MAIZ WINAQ': 6, 'CREO': 3, 'BIEN': 12, 'VIVA': 7, 'MI FAMILIA': 3, 'CAMBIO': 3, 'VOS': 60}",1,23,280,119,Sumas Asentadas sin cuadrar,9.Quetzaltenango,1.Quetzaltenango,1387,presidente
10504,,"{'UNE': 4, 'AZUL': 4, 'VALOR UNIONISTA': 31, 'CABAL': 13, 'TODOS': 2, 'VAMOS': 6, 'PHG': 2, 'PR': 4, 'PIN': 0, 'ELEFANTE': 1, 'VICTORIA': 7, 'SEMILLA': 59, 'FCN-NACION': 0, 'PPN': 0, 'UR': 4, 'URNG-MAIZ WINAQ': 2, 'CREO': 4, 'BIEN': 16, 'VIVA': 5, 'MI FAMILIA': 10, 'CAMBIO': 1, 'VOS': 60}",3,25,263,0,Algún campo sin dato,9.Quetzaltenango,1.Quetzaltenango,1387,presidente
10505,,"{'UNE': 11, 'AZUL': 5, 'VALOR UNIONISTA': 22, 'CABAL': 17, 'TODOS': 1, 'VAMOS': 4, 'PHG': 0, 'PR': 3, 'PIN': 2, 'ELEFANTE': 0, 'VICTORIA': 4, 'SEMILLA': 84, 'FCN-NACION': 0, 'PPN': 1, 'UR': 2, 'URNG-MAIZ WINAQ': 0, 'CREO': 3, 'BIEN': 13, 'VIVA': 6, 'MI FAMILIA': 3, 'CAMBIO': 1, 'VOS': 62}",0,21,265,0,Algún campo sin dato,9.Quetzaltenango,1.Quetzaltenango,1387,presidente
10506,,"{'UNE': 3, 'AZUL': 4, 'VALOR UNIONISTA': 26, 'CABAL': 16, 'TODOS': 0, 'VAMOS': 5, 'PHG': 1, 'PR': 1, 'PIN': 0, 'ELEFANTE': 4, 'VICTORIA': 3, 'SEMILLA': 101, 'FCN-NACION': 0, 'PPN': 0, 'UR': 2, 'URNG-MAIZ WINAQ': 1, 'CREO': 0, 'BIEN': 20, 'VIVA': 5, 'MI FAMILIA': 5, 'CAMBIO': 0, 'VOS': 51}",2,15,265,0,,9.Quetzaltenango,1.Quetzaltenango,1387,presidente
10507,,"{'UNE': 6, 'AZUL': 5, 'VALOR UNIONISTA': 24, 'CABAL': 16, 'TODOS': 0, 'VAMOS': 1, 'PHG': 0, 'PR': 1, 'PIN': 0, 'ELEFANTE': 1, 'VICTORIA': 3, 'SEMILLA': 88, 'FCN-NACION': 2, 'PPN': 1, 'UR': 1, 'URNG-MAIZ WINAQ': 7, 'CREO': 2, 'BIEN': 16, 'VIVA': 4, 'MI FAMILIA': 5, 'CAMBIO': 1, 'VOS': 60}",1,28,273,0,Algún campo sin dato,9.Quetzaltenango,1.Quetzaltenango,1387,presidente
10508,,"{'UNE': 10, 'AZUL': 2, 'VALOR UNIONISTA': 28, 'CABAL': 19, 'TODOS': 0, 'VAMOS': 3, 'PHG': 2, 'PR': 2, 'PIN': 0, 'ELEFANTE': 0, 'VICTORIA': 5, 'SEMILLA': 82, 'FCN-NACION': 0, 'PPN': 2, 'UR': 2, 'URNG-MAIZ WINAQ': 7, 'CREO': 1, 'BIEN': 18, 'VIVA': 11, 'MI FAMILIA': 7, 'CAMBIO': 0, 'VOS': 45}",1,14,261,0,Algún campo sin dato,9.Quetzaltenango,1.Quetzaltenango,1388,presidente
10509,,"{'UNE': 5, 'AZUL': 6, 'VALOR UNIONISTA': 20, 'CABAL': 13, 'TODOS': 0, 'VAMOS': 2, 'PHG': 1, 'PR': 2, 'PIN': 0, 'ELEFANTE': 2, 'VICTORIA': 3, 'SEMILLA': 106, 'FCN-NACION': 0, 'PPN': 1, 'UR': 3, 'URNG-MAIZ WINAQ': 4, 'CREO': 3, 'BIEN': 15, 'VIVA': 4, 'MI FAMILIA': 2, 'CAMBIO': 1, 'VOS': 63}",0,22,278,0,Sumas Asentadas sin cuadrar,9.Quetzaltenango,1.Quetzaltenango,1388,presidente
10510,,"{'UNE': 6, 'AZUL': 6, 'VALOR UNIONISTA': 18, 'CABAL': 14, 'TODOS': 3, 'VAMOS': 5, 'PHG': 2, 'PR': 3, 'PIN': 0, 'ELEFANTE': 1, 'VICTORIA': 1, 'SEMILLA': 91, 'FCN-NACION': 0, 'PPN': 0, 'UR': 2, 'URNG-MAIZ WINAQ': 7, 'CREO': 2, 'BIEN': 16, 'VIVA': 4, 'MI FAMILIA': 2, 'CAMBIO': 1, 'VOS': 58}",0,15,257,0,Algún campo sin dato,9.Quetzaltenango,1.Quetzaltenango,1388,presidente
10511,,"{'UNE': 9, 'AZUL': 11, 'VALOR UNIONISTA': 26, 'CABAL': 24, 'TODOS': 1, 'VAMOS': 6, 'PHG': 5, 'PR': 3, 'PIN': 0, 'ELEFANTE': 0, 'VICTORIA': 1, 'SEMILLA': 88, 'FCN-NACION': 1, 'PPN': 1, 'UR': 3, 'URNG-MAIZ WINAQ': 2, 'CREO': 3, 'BIEN': 11, 'VIVA': 5, 'MI FAMILIA': 3, 'CAMBIO': 3, 'VOS': 48}",0,25,279,0,Algún campo sin dato,9.Quetzaltenango,1.Quetzaltenango,1388,presidente
10512,,"{'UNE': 7, 'AZUL': 6, 'VALOR UNIONISTA': 31, 'CABAL': 28, 'TODOS': 0, 'VAMOS': 7, 'PHG': 1, 'PR': 4, 'PIN': 0, 'ELEFANTE': 2, 'VICTORIA': 5, 'SEMILLA': 95, 'FCN-NACION': 0, 'PPN': 0, 'UR': 2, 'URNG-MAIZ WINAQ': 2, 'CREO': 4, 'BIEN': 15, 'VIVA': 4, 'MI FAMILIA': 2, 'CAMBIO': 0, 'VOS': 53}",0,21,289,0,Algún campo sin dato,9.Quetzaltenango,1.Quetzaltenango,1388,presidente
10513,,"{'UNE': 14, 'AZUL': 4, 'VALOR UNIONISTA': 27, 'CABAL': 27, 'TODOS': 0, 'VAMOS': 10, 'PHG': 0, 'PR': 2, 'PIN': 2, 'ELEFANTE': 1, 'VICTORIA': 3, 'SEMILLA': 81, 'FCN-NACION': 0, 'PPN': 0, 'UR': 2, 'URNG-MAIZ WINAQ': 7, 'CREO': 2, 'BIEN': 6, 'VIVA': 3, 'MI FAMILIA': 3, 'CAMBIO': 1, 'VOS': 69}",0,14,278,0,,9.Quetzaltenango,1.Quetzaltenango,1388,presidente
10514,,"{'UNE': 5, 'AZUL': 6, 'VALOR UNIONISTA': 34, 'CABAL': 15, 'TODOS': 2, 'VAMOS': 4, 'PHG': 2, 'PR': 4, 'PIN': 0, 'ELEFANTE': 1, 'VICTORIA': 2, 'SEMILLA': 92, 'FCN-NACION': 1, 'PPN': 0, 'UR': 1, 'URNG-MAIZ WINAQ': 4, 'CREO': 5, 'BIEN': 10, 'VIVA': 12, 'MI FAMILIA': 7, 'CAMBIO': 1, 'VOS': 57}",1,18,284,0,Algún campo sin dato,9.Quetzaltenango,1.Quetzaltenango,1389,presidente
10515,,"{'UNE': 7, 'AZUL': 9, 'VALOR UNIONISTA': 29, 'CABAL': 21, 'TODOS': 1, 'VAMOS': 9, 'PHG': 4, 'PR': 5, 'PIN': 0, 'ELEFANTE': 2, 'VICTORIA': 3, 'SEMILLA': 94, 'FCN-NACION': 0, 'PPN': 0, 'UR': 4, 'URNG-MAIZ WINAQ': 3, 'CREO': 1, 'BIEN': 11, 'VIVA': 8, 'MI FAMILIA': 3, 'CAMBIO': 1, 'VOS': 48}",0,17,280,0,Algún campo sin dato,9.Quetzaltenango,1.Quetzaltenango,1389,presidente
10516,,"{'UNE': 10, 'AZUL': 9, 'VALOR UNIONISTA': 30, 'CABAL': 18, 'TODOS': 0, 'VAMOS': 4, 'PHG': 2, 'PR': 1, 'PIN': 0, 'ELEFANTE': 1, 'VICTORIA': 2, 'SEMILLA': 85, 'FCN-NACION': 0, 'PPN': 0, 'UR': 3, 'URNG-MAIZ WINAQ': 7, 'CREO': 3, 'BIEN': 9, 'VIVA': 9, 'MI FAMILIA': 5, 'CAMBIO': 2, 'VOS': 47}",1,19,267,0,Algún campo sin dato,9.Quetzaltenango,1.Quetzaltenango,1389,presidente
10517,,"{'UNE': 7, 'AZUL': 4, 'VALOR UNIONISTA': 22, 'CABAL': 19, 'TODOS': 1, 'VAMOS': 4, 'PHG': 0, 'PR': 3, 'PIN': 0, 'ELEFANTE': 3, 'VICTORIA': 1, 'SEMILLA': 75, 'FCN-NACION': 0, 'PPN': 2, 'UR': 3, 'URNG-MAIZ WINAQ': 14, 'CREO': 0, 'BIEN': 8, 'VIVA': 8, 'MI FAMILIA': 5, 'CAMBIO': 2, 'VOS': 51}",1,22,255,0,Algún campo sin dato,9.Quetzaltenango,1.Quetzaltenango,1389,presidente
10518,,"{'UNE': 10, 'AZUL': 2, 'VALOR UNIONISTA': 21, 'CABAL': 22, 'TODOS': 2, 'VAMOS': 6, 'PHG': 1, 'PR': 3, 'PIN': 0, 'ELEFANTE': 4, 'VICTORIA': 4, 'SEMILLA': 83, 'FCN-NACION': 0, 'PPN': 2, 'UR': 3, 'URNG-MAIZ WINAQ': 3, 'CREO': 2, 'BIEN': 12, 'VIVA': 4, 'MI FAMILIA': 5, 'CAMBIO': 1, 'VOS': 45}",0,16,251,0,Algún campo sin dato,9.Quetzaltenango,1.Quetzaltenango,1389,presidente
10519,,"{'UNE': 6, 'AZUL': 3, 'VALOR UNIONISTA': 12, 'CABAL': 11, 'TODOS': 1, 'VAMOS': 3, 'PHG': 3, 'PR': 3, 'PIN': 0, 'ELEFANTE': 1, 'VICTORIA': 3, 'SEMILLA': 117, 'FCN-NACION': 2, 'PPN': 0, 'UR': 2, 'URNG-MAIZ WINAQ': 3, 'CREO': 0, 'BIEN': 8, 'VIVA': 4, 'MI FAMILIA': 5, 'CAMBIO': 3, 'VOS': 41}",0,10,241,0,Algún campo sin dato,9.Quetzaltenango,1.Quetzaltenango,1389,presidente
10520,,"{'UNE': 1, 'AZUL': 3, 'VALOR UNIONISTA': 9, 'CABAL': 14, 'TODOS': 1, 'VAMOS': 2, 'PHG': 2, 'PR': 2, 'PIN': 0, 'ELEFANTE': 0, 'VICTORIA': 3, 'SEMILLA': 164, 'FCN-NACION': 1, 'PPN': 0, 'UR': 3, 'URNG-MAIZ WINAQ': 0, 'CREO': 1, 'BIEN': 11, 'VIVA': 5, 'MI FAMILIA': 2, 'CAMBIO': 1, 'VOS': 33}",0,5,263,0,Sumas Asentadas sin cuadrar,9.Quetzaltenango,1.Quetzaltenango,1389,presidente
10521,,"{'UNE': 7, 'AZUL': 1, 'VALOR UNIONISTA': 11, 'CABAL': 6, 'TODOS': 1, 'VAMOS': 3, 'PHG': 0, 'PR': 1, 'PIN': 0, 'ELEFANTE': 1, 'VICTORIA': 3, 'SEMILLA': 151, 'FCN-NACION': 0, 'PPN': 0, 'UR': 1, 'URNG-MAIZ WINAQ': 3, 'CREO': 1, 'BIEN': 7, 'VIVA': 1, 'MI FAMILIA': 1, 'CAMBIO': 1, 'VOS': 35}",2,7,244,0,Algún campo sin dato,9.Quetzaltenango,1.Quetzaltenango,1389,presidente
10522,,"{'UNE': 6, 'AZUL': 3, 'VALOR UNIONISTA': 12, 'CABAL': 9, 'TODOS': 0, 'VAMOS': 3, 'PHG': 1, 'PR': 2, 'PIN': 1, 'ELEFANTE': 0, 'VICTORIA': 3, 'SEMILLA': 166, 'FCN-NACION': 0, 'PPN': 0, 'UR': 1, 'URNG-MAIZ WINAQ': 0, 'CREO': 0, 'BIEN': 15, 'VIVA': 0, 'MI FAMILIA': 0, 'CAMBIO': 0, 'VOS': 28}",1,4,255,0,Sumas Asentadas sin cuadrar,9.Quetzaltenango,1.Quetzaltenango,1390,presidente
10523,,"{'UNE': 7, 'AZUL': 1, 'VALOR UNIONISTA': 10, 'CABAL': 7, 'TODOS': 1, 'VAMOS': 1, 'PHG': 0, 'PR': 3, 'PIN': 0, 'ELEFANTE': 0, 'VICTORIA': 1, 'SEMILLA': 81, 'FCN-NACION': 0, 'PPN': 0, 'UR': 1, 'URNG-MAIZ WINAQ': 0, 'CREO': 2, 'BIEN': 7, 'VIVA': 4, 'MI FAMILIA': 1, 'CAMBIO': 0, 'VOS': 16}",1,6,150,0,Algún campo sin dato,9.Quetzaltenango,1.Quetzaltenango,1390,presidente
10524,,"{'UNE': 4, 'AZUL': 1, 'VALOR UNIONISTA': 7, 'CABAL': 5, 'TODOS': 1, 'VAMOS': 0, 'PHG': 2, 'PR': 0, 'PIN': 0, 'ELEFANTE': 0, 'VICTORIA': 0, 'SEMILLA': 42, 'FCN-NACION': 2, 'PPN': 0, 'UR': 1, 'URNG-MAIZ WINAQ': 0, 'CREO': 0, 'BIEN': 6, 'VIVA': 1, 'MI FAMILIA': 2, 'CAMBIO': 2, 'VOS': 10}",0,4,90,0,Sumas Asentadas sin cuadrar,9.Quetzaltenango,1.Quetzaltenango,1390,presidente
10525,,"{'UNE': 8, 'AZUL': 4, 'VALOR UNIONISTA': 30, 'CABAL': 18, 'TODOS': 0, 'VAMOS': 10, 'PHG': 3, 'PR': 3, 'PIN': 0, 'ELEFANTE': 1, 'VICTORIA': 1, 'SEMILLA': 108, 'FCN-NACION': 0, 'PPN': 0, 'UR': 4, 'URNG-MAIZ WINAQ': 5, 'CREO': 2, 'BIEN': 12, 'VIVA': 5, 'MI FAMILIA': 6, 'CAMBIO': 2, 'VOS': 60}",1,23,306,0,Algún campo sin dato,9.Quetzaltenango,1.Quetzaltenango,1391,presidente
10526,,"{'UNE': 7, 'AZUL': 3, 'VALOR UNIONISTA': 13, 'CABAL': 16, 'TODOS': 2, 'VAMOS': 5, 'PHG': 2, 'PR': 4, 'PIN': 0, 'ELEFANTE': 0, 'VICTORIA': 2, 'SEMILLA': 68, 'FCN-NACION': 0, 'PPN': 0, 'UR': 1, 'URNG-MAIZ WINAQ': 0, 'CREO': 0, 'BIEN': 12, 'VIVA': 3, 'MI FAMILIA': 3, 'CAMBIO': 3, 'VOS': 49}",0,9,202,0,Algún campo sin dato,9.Quetzaltenango,1.Quetzaltenango,1391,presidente
10527,,"{'UNE': 1, 'AZUL': 3, 'VALOR UNIONISTA': 15, 'CABAL': 8, 'TODOS': 0, 'VAMOS': 5, 'PHG': 0, 'PR': 1, 'PIN': 0, 'ELEFANTE': 1, 'VICTORIA': 0, 'SEMILLA': 130, 'FCN-NACION': 1, 'PPN': 0, 'UR': 1, 'URNG-MAIZ WINAQ': 2, 'CREO': 0, 'BIEN': 11, 'VIVA': 2, 'MI FAMILIA': 2, 'CAMBIO': 1, 'VOS': 24}",0,5,213,0,Algún campo sin dato,9.Quetzaltenango,1.Quetzaltenango,1391,presidente
10528,,"{'UNE': 15, 'AZUL': 5, 'VALOR UNIONISTA': 20, 'CABAL': 22, 'TODOS': 0, 'VAMOS': 7, 'PHG': 4, 'PR': 4, 'PIN': 0, 'ELEFANTE': 2, 'VICTORIA': 7, 'SEMILLA': 69, 'FCN-NACION': 0, 'PPN': 2, 'UR': 1, 'URNG-MAIZ WINAQ': 6, 'CREO': 0, 'BIEN': 11, 'VIVA': 10, 'MI FAMILIA': 8, 'CAMBIO': 5, 'VOS': 59}",9,18,284,0,Sumas Asentadas sin cuadrar,9.Quetzaltenango,1.Quetzaltenango,1392,presidente
10529,,"{'UNE': 8, 'AZUL': 5, 'VALOR UNIONISTA': 20, 'CABAL': 21, 'TODOS': 0, 'VAMOS': 7, 'PHG': 6, 'PR': 4, 'PIN': 0, 'ELEFANTE': 3, 'VICTORIA': 8, 'SEMILLA': 82, 'FCN-NACION': 1, 'PPN': 2, 'UR': 4, 'URNG-MAIZ WINAQ': 8, 'CREO': 2, 'BIEN': 13, 'VIVA': 8, 'MI FAMILIA': 12, 'CAMBIO': 0, 'VOS': 64}",0,22,300,0,Algún campo sin dato,9.Quetzaltenango,1.Quetzaltenango,1392,presidente
10530,,"{'UNE': 13, 'AZUL': 1, 'VALOR UNIONISTA': 19, 'CABAL': 16, 'TODOS': 2, 'VAMOS': 6, 'PHG': 1, 'PR': 4, 'PIN': 0, 'ELEFANTE': 3, 'VICTORIA': 4, 'SEMILLA': 95, 'FCN-NACION': 0, 'PPN': 1, 'UR': 5, 'URNG-MAIZ WINAQ': 9, 'CREO': 2, 'BIEN': 12, 'VIVA': 6, 'MI FAMILIA': 6, 'CAMBIO': 1, 'VOS': 2}",2,15,225,0,Sumas Asentadas sin cuadrar,9.Quetzaltenango,1.Quetzaltenango,1392,presidente
10531,,"{'UNE': 14, 'AZUL': 4, 'VALOR UNIONISTA': 22, 'CABAL': 25, 'TODOS': 2, 'VAMOS': 6, 'PHG': 5, 'PR': 1, 'PIN': 0, 'ELEFANTE': 3, 'VICTORIA': 5, 'SEMILLA': 94, 'FCN-NACION': 1, 'PPN': 2, 'UR': 3, 'URNG-MAIZ WINAQ': 7, 'CREO': 2, 'BIEN': 10, 'VIVA': 5, 'MI FAMILIA': 5, 'CAMBIO': 1, 'VOS': 60}",2,15,294,0,Algún campo sin dato,9.Quetzaltenango,1.Quetzaltenango,1392,presidente
10532,,"{'UNE': 7, 'AZUL': 2, 'VALOR UNIONISTA': 15, 'CABAL': 29, 'TODOS': 4, 'VAMOS': 6, 'PHG': 2, 'PR': 4, 'PIN': 1, 'ELEFANTE': 2, 'VICTORIA': 4, 'SEMILLA': 78, 'FCN-NACION': 1, 'PPN': 0, 'UR': 4, 'URNG-MAIZ WINAQ': 6, 'CREO': 3, 'BIEN': 9, 'VIVA': 6, 'MI FAMILIA': 7, 'CAMBIO': 3, 'VOS': 62}",4,23,282,0,Algún campo sin dato,9.Quetzaltenango,1.Quetzaltenango,1392,presidente
10533,,"{'UNE': 6, 'AZUL': 2, 'VALOR UNIONISTA': 5, 'CABAL': 7, 'TODOS': 0, 'VAMOS': 4, 'PHG': 0, 'PR': 0, 'PIN': 1, 'ELEFANTE': 0, 'VICTORIA': 0, 'SEMILLA': 102, 'FCN-NACION': 0, 'PPN': 0, 'UR': 1, 'URNG-MAIZ WINAQ': 4, 'CREO': 1, 'BIEN': 8, 'VIVA': 3, 'MI FAMILIA': 0, 'CAMBIO': 1, 'VOS': 19}",0,7,171,0,Sumas Asentadas sin cuadrar,9.Quetzaltenango,1.Quetzaltenango,1392,presidente
10534,,"{'UNE': 4, 'AZUL': 2, 'VALOR UNIONISTA': 6, 'CABAL': 10, 'TODOS': 2, 'VAMOS': 2, 'PHG': 2, 'PR': 2, 'PIN': 0, 'ELEFANTE': 0, 'VICTORIA': 1, 'SEMILLA': 84, 'FCN-NACION': 0, 'PPN': 0, 'UR': 1, 'URNG-MAIZ WINAQ': 2, 'CREO': 0, 'BIEN': 10, 'VIVA': 3, 'MI FAMILIA': 1, 'CAMBIO': 0, 'VOS': 25}",0,6,163,0,Algún campo sin dato,9.Quetzaltenango,1.Quetzaltenango,1392,presidente
10535,,"{'UNE': 17, 'AZUL': 6, 'VALOR UNIONISTA': 12, 'CABAL': 25, 'TODOS': 0, 'VAMOS': 4, 'PHG': 2, 'PR': 8, 'PIN': 0, 'ELEFANTE': 5, 'VICTORIA': 6, 'SEMILLA': 69, 'FCN-NACION': 1, 'PPN': 1, 'UR': 4, 'URNG-MAIZ WINAQ': 2, 'CREO': 2, 'BIEN': 11, 'VIVA': 7, 'MI FAMILIA': 7, 'CAMBIO': 0, 'VOS': 49}",0,21,259,0,Algún campo sin dato,9.Quetzaltenango,1.Quetzaltenango,1393,presidente
10536,,"{'UNE': 17, 'AZUL': 5, 'VALOR UNIONISTA': 24, 'CABAL': 19, 'TODOS': 2, 'VAMOS': 5, 'PHG': 4, 'PR': 4, 'PIN': 1, 'ELEFANTE': 1, 'VICTORIA': 3, 'SEMILLA': 66, 'FCN-NACION': 2, 'PPN': 0, 'UR': 4, 'URNG-MAIZ WINAQ': 9, 'CREO': 2, 'BIEN': 4, 'VIVA': 11, 'MI FAMILIA': 8, 'CAMBIO': 1, 'VOS': 49}",1,18,260,0,Algún campo sin dato,9.Quetzaltenango,1.Quetzaltenango,1393,presidente
10537,,"{'UNE': 23, 'AZUL': 6, 'VALOR UNIONISTA': 15, 'CABAL': 22, 'TODOS': 0, 'VAMOS': 6, 'PHG': 3, 'PR': 1, 'PIN': 0, 'ELEFANTE': 2, 'VICTORIA': 4, 'SEMILLA': 60, 'FCN-NACION': 1, 'PPN': 0, 'UR': 3, 'URNG-MAIZ WINAQ': 5, 'CREO': 3, 'BIEN': 15, 'VIVA': 18, 'MI FAMILIA': 9, 'CAMBIO': 0, 'VOS': 49}",2,21,268,4,Sumas Asentadas sin cuadrar,9.Quetzaltenango,1.Quetzaltenango,1393,presidente
10538,,"{'UNE': 9, 'AZUL': 8, 'VALOR UNIONISTA': 24, 'CABAL': 19, 'TODOS': 4, 'VAMOS': 6, 'PHG': 7, 'PR': 5, 'PIN': 0, 'ELEFANTE': 3, 'VICTORIA': 6, 'SEMILLA': 67, 'FCN-NACION': 1, 'PPN': 1, 'UR': 4, 'URNG-MAIZ WINAQ': 7, 'CREO': 0, 'BIEN': 14, 'VIVA': 0, 'MI FAMILIA': 7, 'CAMBIO': 2, 'VOS': 45}",9,22,270,0,,9.Quetzaltenango,1.Quetzaltenango,1393,presidente
10539,,"{'UNE': 15, 'AZUL': 7, 'VALOR UNIONISTA': 18, 'CABAL': 33, 'TODOS': 1, 'VAMOS': 8, 'PHG': 7, 'PR': 5, 'PIN': 0, 'ELEFANTE': 4, 'VICTORIA': 8, 'SEMILLA': 54, 'FCN-NACION': 3, 'PPN': 0, 'UR': 2, 'URNG-MAIZ WINAQ': 6, 'CREO': 0, 'BIEN': 11, 'VIVA': 12, 'MI FAMILIA': 4, 'CAMBIO': 0, 'VOS': 31}",2,32,263,0,Algún campo sin dato,9.Quetzaltenango,1.Quetzaltenango,1393,presidente
10540,,"{'UNE': 19, 'AZUL': 9, 'VALOR UNIONISTA': 27, 'CABAL': 25, 'TODOS': 0, 'VAMOS': 9, 'PHG': 7, 'PR': 1, 'PIN': 0, 'ELEFANTE': 3, 'VICTORIA': 7, 'SEMILLA': 65, 'FCN-NACION': 2, 'PPN': 0, 'UR': 2, 'URNG-MAIZ WINAQ': 5, 'CREO': 0, 'BIEN': 12, 'VIVA': 9, 'MI FAMILIA': 7, 'CAMBIO': 2, 'VOS': 35}",6,19,271,0,Algún campo sin dato,9.Quetzaltenango,1.Quetzaltenango,1393,presidente
10541,,"{'UNE': 14, 'AZUL': 1, 'VALOR UNIONISTA': 22, 'CABAL': 17, 'TODOS': 0, 'VAMOS': 9, 'PHG': 5, 'PR': 3, 'PIN': 1, 'ELEFANTE': 2, 'VICTORIA': 3, 'SEMILLA': 65, 'FCN-NACION': 0, 'PPN': 1, 'UR': 5, 'URNG-MAIZ WINAQ': 11, 'CREO': 3, 'BIEN': 7, 'VIVA': 10, 'MI FAMILIA': 9, 'CAMBIO': 2, 'VOS': 48}",3,23,264,0,Algún campo sin dato,9.Quetzaltenango,1.Quetzaltenango,1393,presidente
10542,,"{'UNE': 12, 'AZUL': 1, 'VALOR UNIONISTA': 25, 'CABAL': 20, 'TODOS': 0, 'VAMOS': 2, 'PHG': 2, 'PR': 2, 'PIN': 0, 'ELEFANTE': 0, 'VICTORIA': 4, 'SEMILLA': 72, 'FCN-NACION': 2, 'PPN': 3, 'UR': 1, 'URNG-MAIZ WINAQ': 5, 'CREO': 1, 'BIEN': 9, 'VIVA': 12, 'MI FAMILIA': 1, 'CAMBIO': 2, 'VOS': 58}",1,21,256,0,Algún campo sin dato,9.Quetzaltenango,1.Quetzaltenango,1393,presidente
10543,,"{'UNE': 11, 'AZUL': 1, 'VALOR UNIONISTA': 11, 'CABAL': 11, 'TODOS': 1, 'VAMOS': 7, 'PHG': 4, 'PR': 0, 'PIN': 0, 'ELEFANTE': 7, 'VICTORIA': 3, 'SEMILLA': 73, 'FCN-NACION': 0, 'PPN': 0, 'UR': 2, 'URNG-MAIZ WINAQ': 0, 'CREO': 3, 'BIEN': 14, 'VIVA': 0, 'MI FAMILIA': 4, 'CAMBIO': 2, 'VOS': 42}",0,19,215,0,Sumas Asentadas sin cuadrar,9.Quetzaltenango,1.Quetzaltenango,1394,presidente
10544,,"{'UNE': 12, 'AZUL': 1, 'VALOR UNIONISTA': 19, 'CABAL': 13, 'TODOS': 1, 'VAMOS': 3, 'PHG': 1, 'PR': 3, 'PIN': 0, 'ELEFANTE': 4, 'VICTORIA': 5, 'SEMILLA': 69, 'FCN-NACION': 0, 'PPN': 0, 'UR': 5, 'URNG-MAIZ WINAQ': 5, 'CREO': 2, 'BIEN': 9, 'VIVA': 14, 'MI FAMILIA': 2, 'CAMBIO': 0, 'VOS': 33}",4,26,231,6,Algún campo sin dato,9.Quetzaltenango,1.Quetzaltenango,1394,presidente
10545,,"{'UNE': 11, 'AZUL': 3, 'VALOR UNIONISTA': 23, 'CABAL': 11, 'TODOS': 0, 'VAMOS': 4, 'PHG': 1, 'PR': 3, 'PIN': 2, 'ELEFANTE': 3, 'VICTORIA': 3, 'SEMILLA': 83, 'FCN-NACION': 1, 'PPN': 1, 'UR': 2, 'URNG-MAIZ WINAQ': 4, 'CREO': 3, 'BIEN': 14, 'VIVA': 15, 'MI FAMILIA': 4, 'CAMBIO': 0, 'VOS': 42}",1,10,244,0,Algún campo sin dato,9.Quetzaltenango,1.Quetzaltenango,1394,presidente
10546,,"{'UNE': 9, 'AZUL': 11, 'VALOR UNIONISTA': 12, 'CABAL': 6, 'TODOS': 1, 'VAMOS': 2, 'PHG': 3, 'PR': 6, 'PIN': 1, 'ELEFANTE': 5, 'VICTORIA': 2, 'SEMILLA': 77, 'FCN-NACION': 1, 'PPN': 1, 'UR': 1, 'URNG-MAIZ WINAQ': 3, 'CREO': 2, 'BIEN': 12, 'VIVA': 19, 'MI FAMILIA': 4, 'CAMBIO': 3, 'VOS': 56}",2,18,257,0,Sumas Asentadas sin cuadrar,9.Quetzaltenango,1.Quetzaltenango,1394,presidente
10547,,"{'UNE': 15, 'AZUL': 5, 'VALOR UNIONISTA': 20, 'CABAL': 20, 'TODOS': 2, 'VAMOS': 5, 'PHG': 1, 'PR': 2, 'PIN': 0, 'ELEFANTE': 0, 'VICTORIA': 6, 'SEMILLA': 80, 'FCN-NACION': 0, 'PPN': 0, 'UR': 2, 'URNG-MAIZ WINAQ': 5, 'CREO': 2, 'BIEN': 8, 'VIVA': 13, 'MI FAMILIA': 6, 'CAMBIO': 2, 'VOS': 43}",1,32,270,0,Algún campo sin dato,9.Quetzaltenango,1.Quetzaltenango,1395,presidente
10548,,"{'UNE': 19, 'AZUL': 6, 'VALOR UNIONISTA': 12, 'CABAL': 12, 'TODOS': 1, 'VAMOS': 12, 'PHG': 4, 'PR': 5, 'PIN': 2, 'ELEFANTE': 1, 'VICTORIA': 6, 'SEMILLA': 64, 'FCN-NACION': 1, 'PPN': 0, 'UR': 3, 'URNG-MAIZ WINAQ': 5, 'CREO': 1, 'BIEN': 7, 'VIVA': 10, 'MI FAMILIA': 3, 'CAMBIO': 1, 'VOS': 55}",0,27,257,0,Algún campo sin dato,9.Quetzaltenango,1.Quetzaltenango,1395,presidente
10549,,"{'UNE': 21, 'AZUL': 5, 'VALOR UNIONISTA': 18, 'CABAL': 18, 'TODOS': 2, 'VAMOS': 9, 'PHG': 4, 'PR': 3, 'PIN': 0, 'ELEFANTE': 4, 'VICTORIA': 2, 'SEMILLA': 71, 'FCN-NACION': 1, 'PPN': 2, 'UR': 2, 'URNG-MAIZ WINAQ': 5, 'CREO': 1, 'BIEN': 10, 'VIVA': 12, 'MI FAMILIA': 3, 'CAMBIO': 3, 'VOS': 45}",1,28,270,0,Algún campo sin dato,9.Quetzaltenango,1.Quetzaltenango,1395,presidente
10550,,"{'UNE': 14, 'AZUL': 7, 'VALOR UNIONISTA': 24, 'CABAL': 20, 'TODOS': 1, 'VAMOS': 4, 'PHG': 3, 'PR': 5, 'PIN': 0, 'ELEFANTE': 5, 'VICTORIA': 2, 'SEMILLA': 77, 'FCN-NACION': 1, 'PPN': 0, 'UR': 4, 'URNG-MAIZ WINAQ': 3, 'CREO': 2, 'BIEN': 3, 'VIVA': 11, 'MI FAMILIA': 3, 'CAMBIO': 2, 'VOS': 35}",5,13,244,0,Sumas Asentadas sin cuadrar,9.Quetzaltenango,1.Quetzaltenango,1395,presidente
10551,,"{'UNE': 10, 'AZUL': 6, 'VALOR UNIONISTA': 21, 'CABAL': 14, 'TODOS': 1, 'VAMOS': 8, 'PHG': 2, 'PR': 4, 'PIN': 1, 'ELEFANTE': 2, 'VICTORIA': 9, 'SEMILLA': 61, 'FCN-NACION': 0, 'PPN': 3, 'UR': 2, 'URNG-MAIZ WINAQ': 4, 'CREO': 2, 'BIEN': 9, 'VIVA': 12, 'MI FAMILIA': 4, 'CAMBIO': 1, 'VOS': 38}",3,22,239,0,Algún campo sin dato,9.Quetzaltenango,1.Quetzaltenango,1395,presidente
10552,,"{'UNE': 13, 'AZUL': 5, 'VALOR UNIONISTA': 16, 'CABAL': 13, 'TODOS': 0, 'VAMOS': 5, 'PHG': 3, 'PR': 1, 'PIN': 0, 'ELEFANTE': 2, 'VICTORIA': 7, 'SEMILLA': 52, 'FCN-NACION': 0, 'PPN': 1, 'UR': 0, 'URNG-MAIZ WINAQ': 5, 'CREO': 1, 'BIEN': 10, 'VIVA': 9, 'MI FAMILIA': 4, 'CAMBIO': 1, 'VOS': 41}",1,18,208,0,Sumas Asentadas sin cuadrar,9.Quetzaltenango,1.Quetzaltenango,1395,presidente
10553,,"{'UNE': 10, 'AZUL': 2, 'VALOR UNIONISTA': 10, 'CABAL': 26, 'TODOS': 0, 'VAMOS': 3, 'PHG': 2, 'PR': 0, 'PIN': 0, 'ELEFANTE': 0, 'VICTORIA': 0, 'SEMILLA': 136, 'FCN-NACION': 0, 'PPN': 0, 'UR': 3, 'URNG-MAIZ WINAQ': 3, 'CREO': 0, 'BIEN': 10, 'VIVA': 5, 'MI FAMILIA': 2, 'CAMBIO': 0, 'VOS': 46}",3,14,275,0,Algún campo sin dato,9.Quetzaltenango,1.Quetzaltenango,1395,presidente
10554,,"{'UNE': 4, 'AZUL': 2, 'VALOR UNIONISTA': 11, 'CABAL': 8, 'TODOS': 0, 'VAMOS': 3, 'PHG': 1, 'PR': 0, 'PIN': 0, 'ELEFANTE': 0, 'VICTORIA': 1, 'SEMILLA': 133, 'FCN-NACION': 2, 'PPN': 2, 'UR': 21, 'URNG-MAIZ WINAQ': 5, 'CREO': 0, 'BIEN': 6, 'VIVA': 10, 'MI FAMILIA': 1, 'CAMBIO': 0, 'VOS': 21}",2,13,246,173,Sumas Asentadas sin cuadrar,9.Quetzaltenango,1.Quetzaltenango,1395,presidente
10555,,"{'UNE': 6, 'AZUL': 2, 'VALOR UNIONISTA': 8, 'CABAL': 12, 'TODOS': 0, 'VAMOS': 7, 'PHG': 2, 'PR': 0, 'PIN': 0, 'ELEFANTE': 1, 'VICTORIA': 4, 'SEMILLA': 124, 'FCN-NACION': 2, 'PPN': 0, 'UR': 0, 'URNG-MAIZ WINAQ': 4, 'CREO': 2, 'BIEN': 5, 'VIVA': 6, 'MI FAMILIA': 0, 'CAMBIO': 1, 'VOS': 36}",2,12,236,0,Algún campo sin dato,9.Quetzaltenango,1.Quetzaltenango,1395,presidente
10556,,"{'UNE': 6, 'AZUL': 5, 'VALOR UNIONISTA': 9, 'CABAL': 5, 'TODOS': 2, 'VAMOS': 2, 'PHG': 3, 'PR': 0, 'PIN': 0, 'ELEFANTE': 1, 'VICTORIA': 2, 'SEMILLA': 124, 'FCN-NACION': 0, 'PPN': 1, 'UR': 2, 'URNG-MAIZ WINAQ': 4, 'CREO': 1, 'BIEN': 13, 'VIVA': 9, 'MI FAMILIA': 1, 'CAMBIO': 1, 'VOS': 27}",1,6,225,0,Algún campo sin dato,9.Quetzaltenango,1.Quetzaltenango,1395,presidente
10557,,"{'UNE': 5, 'AZUL': 7, 'VALOR UNIONISTA': 7, 'CABAL': 9, 'TODOS': 1, 'VAMOS': 5, 'PHG': 2, 'PR': 0, 'PIN': 0, 'ELEFANTE': 0, 'VICTORIA': 4, 'SEMILLA': 68, 'FCN-NACION': 3, 'PPN': 1, 'UR': 2, 'URNG-MAIZ WINAQ': 0, 'CREO': 0, 'BIEN': 6, 'VIVA': 8, 'MI FAMILIA': 1, 'CAMBIO': 0, 'VOS': 19}",0,8,156,0,Sumas Asentadas sin cuadrar,9.Quetzaltenango,1.Quetzaltenango,1395,presidente
10558,,"{'UNE': 4, 'AZUL': 1, 'VALOR UNIONISTA': 9, 'CABAL': 5, 'TODOS': 2, 'VAMOS': 4, 'PHG': 1, 'PR': 0, 'PIN': 0, 'ELEFANTE': 3, 'VICTORIA': 4, 'SEMILLA': 45, 'FCN-NACION': 0, 'PPN': 0, 'UR': 5, 'URNG-MAIZ WINAQ': 3, 'CREO': 0, 'BIEN': 7, 'VIVA': 2, 'MI FAMILIA': 1, 'CAMBIO': 0, 'VOS': 16}",0,8,120,0,Algún campo sin dato,9.Quetzaltenango,1.Quetzaltenango,1395,presidente
10559,,"{'UNE': 5, 'AZUL': 4, 'VALOR UNIONISTA': 24, 'CABAL': 18, 'TODOS': 0, 'VAMOS': 8, 'PHG': 2, 'PR': 6, 'PIN': 0, 'ELEFANTE': 1, 'VICTORIA': 2, 'SEMILLA': 66, 'FCN-NACION': 1, 'PPN': 2, 'UR': 4, 'URNG-MAIZ WINAQ': 11, 'CREO': 3, 'BIEN': 10, 'VIVA': 12, 'MI FAMILIA': 3, 'CAMBIO': 2, 'VOS': 47}",0,22,253,0,Algún campo sin dato,9.Quetzaltenango,1.Quetzaltenango,1396,presidente
10560,,"{'UNE': 10, 'AZUL': 6, 'VALOR UNIONISTA': 24, 'CABAL': 15, 'TODOS': 0, 'VAMOS': 7, 'PHG': 7, 'PR': 3, 'PIN': 1, 'ELEFANTE': 4, 'VICTORIA': 4, 'SEMILLA': 59, 'FCN-NACION': 1, 'PPN': 0, 'UR': 6, 'URNG-MAIZ WINAQ': 5, 'CREO': 1, 'BIEN': 11, 'VIVA': 14, 'MI FAMILIA': 5, 'CAMBIO': 2, 'VOS': 43}",6,24,258,0,Algún campo sin dato,9.Quetzaltenango,1.Quetzaltenango,1396,presidente
10561,,"{'UNE': 18, 'AZUL': 7, 'VALOR UNIONISTA': 23, 'CABAL': 17, 'TODOS': 0, 'VAMOS': 6, 'PHG': 6, 'PR': 2, 'PIN': 1, 'ELEFANTE': 0, 'VICTORIA': 7, 'SEMILLA': 77, 'FCN-NACION': 1, 'PPN': 3, 'UR': 2, 'URNG-MAIZ WINAQ': 3, 'CREO': 5, 'BIEN': 9, 'VIVA': 14, 'MI FAMILIA': 8, 'CAMBIO': 0, 'VOS': 27}",1,26,263,0,Algún campo sin dato,9.Quetzaltenango,1.Quetzaltenango,1396,presidente
10562,,"{'UNE': 12, 'AZUL': 11, 'VALOR UNIONISTA': 16, 'CABAL': 22, 'TODOS': 1, 'VAMOS': 4, 'PHG': 1, 'PR': 4, 'PIN': 0, 'ELEFANTE': 1, 'VICTORIA': 5, 'SEMILLA': 85, 'FCN-NACION': 0, 'PPN': 2, 'UR': 4, 'URNG-MAIZ WINAQ': 6, 'CREO': 1, 'BIEN': 17, 'VIVA': 6, 'MI FAMILIA': 6, 'CAMBIO': 0, 'VOS': 34}",0,30,268,0,Algún campo sin dato,9.Quetzaltenango,1.Quetzaltenango,1396,presidente
10563,,"{'UNE': 8, 'AZUL': 10, 'VALOR UNIONISTA': 20, 'CABAL': 18, 'TODOS': 0, 'VAMOS': 7, 'PHG': 2, 'PR': 2, 'PIN': 0, 'ELEFANTE': 1, 'VICTORIA': 3, 'SEMILLA': 71, 'FCN-NACION': 0, 'PPN': 0, 'UR': 5, 'URNG-MAIZ WINAQ': 2, 'CREO': 4, 'BIEN': 14, 'VIVA': 8, 'MI FAMILIA': 5, 'CAMBIO': 0, 'VOS': 47}",0,19,246,0,Algún campo sin dato,9.Quetzaltenango,1.Quetzaltenango,1396,presidente
10564,,"{'UNE': 9, 'AZUL': 6, 'VALOR UNIONISTA': 26, 'CABAL': 17, 'TODOS': 0, 'VAMOS': 5, 'PHG': 2, 'PR': 2, 'PIN': 0, 'ELEFANTE': 1, 'VICTORIA': 3, 'SEMILLA': 69, 'FCN-NACION': 0, 'PPN': 0, 'UR': 3, 'URNG-MAIZ WINAQ': 6, 'CREO': 3, 'BIEN': 12, 'VIVA': 4, 'MI FAMILIA': 4, 'CAMBIO': 2, 'VOS': 56}",1,18,249,0,Algún campo sin dato,9.Quetzaltenango,1.Quetzaltenango,1396,presidente
10565,,"{'UNE': 9, 'AZUL': 3, 'VALOR UNIONISTA': 15, 'CABAL': 12, 'TODOS': 0, 'VAMOS': 3, 'PHG': 1, 'PR': 1, 'PIN': 0, 'ELEFANTE': 2, 'VICTORIA': 3, 'SEMILLA': 97, 'FCN-NACION': 1, 'PPN': 0, 'UR': 0, 'URNG-MAIZ WINAQ': 4, 'CREO': 0, 'BIEN': 9, 'VIVA': 8, 'MI FAMILIA': 4, 'CAMBIO': 1, 'VOS': 41}",4,12,230,0,Algún campo sin dato,9.Quetzaltenango,1.Quetzaltenango,1396,presidente
10566,,"{'UNE': 14, 'AZUL': 5, 'VALOR UNIONISTA': 25, 'CABAL': 16, 'TODOS': 1, 'VAMOS': 3, 'PHG': 1, 'PR': 2, 'PIN': 0, 'ELEFANTE': 0, 'VICTORIA': 5, 'SEMILLA': 73, 'FCN-NACION': 2, 'PPN': 1, 'UR': 2, 'URNG-MAIZ WINAQ': 4, 'CREO': 1, 'BIEN': 8, 'VIVA': 12, 'MI FAMILIA': 2, 'CAMBIO': 1, 'VOS': 42}",2,18,240,0,Algún campo sin dato,9.Quetzaltenango,1.Quetzaltenango,1396,presidente
10567,,"{'UNE': 12, 'AZUL': 4, 'VALOR UNIONISTA': 25, 'CABAL': 15, 'TODOS': 0, 'VAMOS': 6, 'PHG': 2, 'PR': 1, 'PIN': 0, 'ELEFANTE': 4, 'VICTORIA': 8, 'SEMILLA': 70, 'FCN-NACION': 1, 'PPN': 2, 'UR': 2, 'URNG-MAIZ WINAQ': 4, 'CREO': 2, 'BIEN': 14, 'VIVA': 8, 'MI FAMILIA': 8, 'CAMBIO': 1, 'VOS': 49}",2,18,258,0,Algún campo sin dato,9.Quetzaltenango,1.Quetzaltenango,1396,presidente
10568,,"{'UNE': 7, 'AZUL': 4, 'VALOR UNIONISTA': 20, 'CABAL': 17, 'TODOS': 2, 'VAMOS': 9, 'PHG': 2, 'PR': 1, 'PIN': 1, 'ELEFANTE': 0, 'VICTORIA': 6, 'SEMILLA': 93, 'FCN-NACION': 2, 'PPN': 1, 'UR': 1, 'URNG-MAIZ WINAQ': 0, 'CREO': 1, 'BIEN': 13, 'VIVA': 4, 'MI FAMILIA': 5, 'CAMBIO': 0, 'VOS': 54}",0,20,263,0,Algún campo sin dato,9.Quetzaltenango,1.Quetzaltenango,1396,presidente
10569,,"{'UNE': 13, 'AZUL': 8, 'VALOR UNIONISTA': 20, 'CABAL': 16, 'TODOS': 0, 'VAMOS': 3, 'PHG': 0, 'PR': 1, 'PIN': 0, 'ELEFANTE': 2, 'VICTORIA': 5, 'SEMILLA': 77, 'FCN-NACION': 2, 'PPN': 2, 'UR': 3, 'URNG-MAIZ WINAQ': 2, 'CREO': 1, 'BIEN': 13, 'VIVA': 9, 'MI FAMILIA': 4, 'CAMBIO': 0, 'VOS': 42}",2,26,251,0,Algún campo sin dato,9.Quetzaltenango,1.Quetzaltenango,1396,presidente
10570,,"{'UNE': 12, 'AZUL': 3, 'VALOR UNIONISTA': 20, 'CABAL': 14, 'TODOS': 0, 'VAMOS': 9, 'PHG': 1, 'PR': 0, 'PIN': 0, 'ELEFANTE': 0, 'VICTORIA': 2, 'SEMILLA': 87, 'FCN-NACION': 0, 'PPN': 1, 'UR': 3, 'URNG-MAIZ WINAQ': 5, 'CREO': 0, 'BIEN': 9, 'VIVA': 10, 'MI FAMILIA': 6, 'CAMBIO': 1, 'VOS': 42}",6,28,259,0,Algún campo sin dato,9.Quetzaltenango,1.Quetzaltenango,1396,presidente
10571,,"{'UNE': 15, 'AZUL': 4, 'VALOR UNIONISTA': 12, 'CABAL': 11, 'TODOS': 1, 'VAMOS': 10, 'PHG': 4, 'PR': 4, 'PIN': 2, 'ELEFANTE': 1, 'VICTORIA': 2, 'SEMILLA': 71, 'FCN-NACION': 0, 'PPN': 1, 'UR': 0, 'URNG-MAIZ WINAQ': 3, 'CREO': 4, 'BIEN': 4, 'VIVA': 14, 'MI FAMILIA': 4, 'CAMBIO': 3, 'VOS': 32}",3,25,230,0,Algún campo sin dato,9.Quetzaltenango,1.Quetzaltenango,1397,presidente
10572,,"{'UNE': 3, 'AZUL': 0, 'VALOR UNIONISTA': 17, 'CABAL': 8, 'TODOS': 1, 'VAMOS': 5, 'PHG': 1, 'PR': 2, 'PIN': 1, 'ELEFANTE': 0, 'VICTORIA': 4, 'SEMILLA': 79, 'FCN-NACION': 0, 'PPN': 0, 'UR': 1, 'URNG-MAIZ WINAQ': 3, 'CREO': 3, 'BIEN': 11, 'VIVA': 8, 'MI FAMILIA': 3, 'CAMBIO': 1, 'VOS': 35}",1,16,203,0,Algún campo sin dato,9.Quetzaltenango,1.Quetzaltenango,1397,presidente
10573,,"{'UNE': 3, 'AZUL': 1, 'VALOR UNIONISTA': 15, 'CABAL': 13, 'TODOS': 1, 'VAMOS': 3, 'PHG': 3, 'PR': 0, 'PIN': 0, 'ELEFANTE': 0, 'VICTORIA': 3, 'SEMILLA': 123, 'FCN-NACION': 0, 'PPN': 0, 'UR': 2, 'URNG-MAIZ WINAQ': 2, 'CREO': 1, 'BIEN': 13, 'VIVA': 4, 'MI FAMILIA': 1, 'CAMBIO': 0, 'VOS': 25}",0,13,226,0,Algún campo sin dato,9.Quetzaltenango,1.Quetzaltenango,1397,presidente
10574,,"{'UNE': 3, 'AZUL': 0, 'VALOR UNIONISTA': 7, 'CABAL': 9, 'TODOS': 0, 'VAMOS': 4, 'PHG': 3, 'PR': 2, 'PIN': 0, 'ELEFANTE': 2, 'VICTORIA': 2, 'SEMILLA': 127, 'FCN-NACION': 0, 'PPN': 0, 'UR': 1, 'URNG-MAIZ WINAQ': 0, 'CREO': 0, 'BIEN': 3, 'VIVA': 8, 'MI FAMILIA': 2, 'CAMBIO': 0, 'VOS': 21}",0,10,204,0,Algún campo sin dato,9.Quetzaltenango,1.Quetzaltenango,1397,presidente
10575,,"{'UNE': 1, 'AZUL': 2, 'VALOR UNIONISTA': 6, 'CABAL': 2, 'TODOS': 1, 'VAMOS': 4, 'PHG': 2, 'PR': 0, 'PIN': 0, 'ELEFANTE': 1, 'VICTORIA': 1, 'SEMILLA': 102, 'FCN-NACION': 1, 'PPN': 1, 'UR': 2, 'URNG-MAIZ WINAQ': 0, 'CREO': 0, 'BIEN': 2, 'VIVA': 1, 'MI FAMILIA': 0, 'CAMBIO': 1, 'VOS': 19}",0,4,153,0,Algún campo sin dato,9.Quetzaltenango,1.Quetzaltenango,1397,presidente
10576,,"{'UNE': 2, 'AZUL': 1, 'VALOR UNIONISTA': 11, 'CABAL': 8, 'TODOS': 0, 'VAMOS': 6, 'PHG': 0, 'PR': 4, 'PIN': 0, 'ELEFANTE': 1, 'VICTORIA': 0, 'SEMILLA': 58, 'FCN-NACION': 0, 'PPN': 0, 'UR': 1, 'URNG-MAIZ WINAQ': 2, 'CREO': 1, 'BIEN': 7, 'VIVA': 2, 'MI FAMILIA': 2, 'CAMBIO': 0, 'VOS': 7}",2,7,122,0,Algún campo sin dato,9.Quetzaltenango,1.Quetzaltenango,1397,presidente
10577,,"{'UNE': 14, 'AZUL': 6, 'VALOR UNIONISTA': 15, 'CABAL': 24, 'TODOS': 1, 'VAMOS': 8, 'PHG': 4, 'PR': 2, 'PIN': 2, 'ELEFANTE': 1, 'VICTORIA': 6, 'SEMILLA': 79, 'FCN-NACION': 1, 'PPN': 0, 'UR': 1, 'URNG-MAIZ WINAQ': 4, 'CREO': 3, 'BIEN': 11, 'VIVA': 11, 'MI FAMILIA': 7, 'CAMBIO': 1, 'VOS': 56}",2,30,289,0,Algún campo sin dato,9.Quetzaltenango,1.Quetzaltenango,1398,presidente
10578,,"{'UNE': 13, 'AZUL': 4, 'VALOR UNIONISTA': 15, 'CABAL': 17, 'TODOS': 0, 'VAMOS': 11, 'PHG': 3, 'PR': 3, 'PIN': 0, 'ELEFANTE': 4, 'VICTORIA': 0, 'SEMILLA': 86, 'FCN-NACION': 0, 'PPN': 1, 'UR': 1, 'URNG-MAIZ WINAQ': 6, 'CREO': 2, 'BIEN': 24, 'VIVA': 4, 'MI FAMILIA': 6, 'CAMBIO': 1, 'VOS': 54}",2,30,287,0,Algún campo sin dato,9.Quetzaltenango,1.Quetzaltenango,1398,presidente
10579,,"{'UNE': 10, 'AZUL': 6, 'VALOR UNIONISTA': 21, 'CABAL': 24, 'TODOS': 0, 'VAMOS': 10, 'PHG': 3, 'PR': 2, 'PIN': 1, 'ELEFANTE': 2, 'VICTORIA': 2, 'SEMILLA': 69, 'FCN-NACION': 2, 'PPN': 1, 'UR': 4, 'URNG-MAIZ WINAQ': 5, 'CREO': 1, 'BIEN': 18, 'VIVA': 5, 'MI FAMILIA': 8, 'CAMBIO': 3, 'VOS': 65}",4,33,299,101,Algún campo sin dato,9.Quetzaltenango,1.Quetzaltenango,1398,presidente
10580,,"{'UNE': 14, 'AZUL': 3, 'VALOR UNIONISTA': 23, 'CABAL': 75, 'TODOS': 3, 'VAMOS': 6, 'PHG': 3, 'PR': 1, 'PIN': 1, 'ELEFANTE': 2, 'VICTORIA': 2, 'SEMILLA': 84, 'FCN-NACION': 4, 'PPN': 2, 'UR': 3, 'URNG-MAIZ WINAQ': 6, 'CREO': 3, 'BIEN': 19, 'VIVA': 5, 'MI FAMILIA': 8, 'CAMBIO': 1, 'VOS': 51}",0,17,336,0,Sumas Asentadas sin cuadrar,9.Quetzaltenango,1.Quetzaltenango,1398,presidente
10581,,"{'UNE': 12, 'AZUL': 2, 'VALOR UNIONISTA': 29, 'CABAL': 28, 'TODOS': 1, 'VAMOS': 8, 'PHG': 1, 'PR': 4, 'PIN': 1, 'ELEFANTE': 0, 'VICTORIA': 1, 'SEMILLA': 97, 'FCN-NACION': 2, 'PPN': 1, 'UR': 2, 'URNG-MAIZ WINAQ': 4, 'CREO': 0, 'BIEN': 12, 'VIVA': 9, 'MI FAMILIA': 4, 'CAMBIO': 4, 'VOS': 45}",1,27,295,0,Algún campo sin dato,9.Quetzaltenango,1.Quetzaltenango,1398,presidente
10582,,"{'UNE': 10, 'AZUL': 5, 'VALOR UNIONISTA': 19, 'CABAL': 10, 'TODOS': 1, 'VAMOS': 5, 'PHG': 2, 'PR': 0, 'PIN': 0, 'ELEFANTE': 0, 'VICTORIA': 3, 'SEMILLA': 113, 'FCN-NACION': 0, 'PPN': 0, 'UR': 1, 'URNG-MAIZ WINAQ': 3, 'CREO': 2, 'BIEN': 14, 'VIVA': 12, 'MI FAMILIA': 0, 'CAMBIO': 1, 'VOS': 46}",0,21,268,0,Algún campo sin dato,9.Quetzaltenango,1.Quetzaltenango,1398,presidente
10583,,"{'UNE': 17, 'AZUL': 4, 'VALOR UNIONISTA': 22, 'CABAL': 16, 'TODOS': 1, 'VAMOS': 5, 'PHG': 2, 'PR': 2, 'PIN': 0, 'ELEFANTE': 0, 'VICTORIA': 4, 'SEMILLA': 99, 'FCN-NACION': 4, 'PPN': 0, 'UR': 3, 'URNG-MAIZ WINAQ': 6, 'CREO': 1, 'BIEN': 14, 'VIVA': 5, 'MI FAMILIA': 6, 'CAMBIO': 2, 'VOS': 45}",3,22,283,0,Algún campo sin dato,9.Quetzaltenango,1.Quetzaltenango,1398,presidente
10584,,"{'UNE': 10, 'AZUL': 4, 'VALOR UNIONISTA': 22, 'CABAL': 19, 'TODOS': 1, 'VAMOS': 2, 'PHG': 2, 'PR': 3, 'PIN': 1, 'ELEFANTE': 1, 'VICTORIA': 3, 'SEMILLA': 89, 'FCN-NACION': 1, 'PPN': 0, 'UR': 4, 'URNG-MAIZ WINAQ': 0, 'CREO': 1, 'BIEN': 16, 'VIVA': 2, 'MI FAMILIA': 5, 'CAMBIO': 0, 'VOS': 73}",1,16,276,0,Algún campo sin dato,9.Quetzaltenango,1.Quetzaltenango,1398,presidente
10585,,"{'UNE': 14, 'AZUL': 5, 'VALOR UNIONISTA': 35, 'CABAL': 12, 'TODOS': 2, 'VAMOS': 12, 'PHG': 2, 'PR': 1, 'PIN': 1, 'ELEFANTE': 2, 'VICTORIA': 2, 'SEMILLA': 90, 'FCN-NACION': 2, 'PPN': 0, 'UR': 2, 'URNG-MAIZ WINAQ': 5, 'CREO': 0, 'BIEN': 10, 'VIVA': 10, 'MI FAMILIA': 2, 'CAMBIO': 2, 'VOS': 47}",3,30,291,0,,9.Quetzaltenango,1.Quetzaltenango,1398,presidente
10586,,"{'UNE': 5, 'AZUL': 1, 'VALOR UNIONISTA': 22, 'CABAL': 19, 'TODOS': 1, 'VAMOS': 12, 'PHG': 0, 'PR': 1, 'PIN': 0, 'ELEFANTE': 1, 'VICTORIA': 1, 'SEMILLA': 103, 'FCN-NACION': 1, 'PPN': 0, 'UR': 3, 'URNG-MAIZ WINAQ': 7, 'CREO': 2, 'BIEN': 13, 'VIVA': 12, 'MI FAMILIA': 1, 'CAMBIO': 1, 'VOS': 47}",3,23,279,0,Sumas Asentadas sin cuadrar,9.Quetzaltenango,1.Quetzaltenango,1399,presidente
10587,,"{'UNE': 8, 'AZUL': 4, 'VALOR UNIONISTA': 21, 'CABAL': 18, 'TODOS': 2, 'VAMOS': 11, 'PHG': 0, 'PR': 5, 'PIN': 1, 'ELEFANTE': 2, 'VICTORIA': 2, 'SEMILLA': 99, 'FCN-NACION': 1, 'PPN': 0, 'UR': 2, 'URNG-MAIZ WINAQ': 4, 'CREO': 1, 'BIEN': 11, 'VIVA': 9, 'MI FAMILIA': 6, 'CAMBIO': 1, 'VOS': 54}",2,16,280,0,Algún campo sin dato,9.Quetzaltenango,1.Quetzaltenango,1399,presidente
10588,,"{'UNE': 12, 'AZUL': 2, 'VALOR UNIONISTA': 27, 'CABAL': 19, 'TODOS': 0, 'VAMOS': 6, 'PHG': 2, 'PR': 1, 'PIN': 1, 'ELEFANTE': 1, 'VICTORIA': 1, 'SEMILLA': 87, 'FCN-NACION': 1, 'PPN': 0, 'UR': 1, 'URNG-MAIZ WINAQ': 5, 'CREO': 0, 'BIEN': 17, 'VIVA': 12, 'MI FAMILIA': 4, 'CAMBIO': 4, 'VOS': 39}",2,26,270,0,Algún campo sin dato,9.Quetzaltenango,1.Quetzaltenango,1399,presidente
10589,,"{'UNE': 7, 'AZUL': 3, 'VALOR UNIONISTA': 19, 'CABAL': 8, 'TODOS': 1, 'VAMOS': 3, 'PHG': 2, 'PR': 5, 'PIN': 0, 'ELEFANTE': 0, 'VICTORIA': 3, 'SEMILLA': 120, 'FCN-NACION': 0, 'PPN': 0, 'UR': 2, 'URNG-MAIZ WINAQ': 1, 'CREO': 2, 'BIEN': 21, 'VIVA': 3, 'MI FAMILIA': 3, 'CAMBIO': 0, 'VOS': 47}",0,14,264,0,Algún campo sin dato,9.Quetzaltenango,1.Quetzaltenango,1399,presidente
10590,,"{'UNE': 3, 'AZUL': 3, 'VALOR UNIONISTA': 12, 'CABAL': 11, 'TODOS': 0, 'VAMOS': 6, 'PHG': 2, 'PR': 1, 'PIN': 0, 'ELEFANTE': 2, 'VICTORIA': 2, 'SEMILLA': 143, 'FCN-NACION': 0, 'PPN': 1, 'UR': 0, 'URNG-MAIZ WINAQ': 2, 'CREO': 1, 'BIEN': 12, 'VIVA': 5, 'MI FAMILIA': 0, 'CAMBIO': 0, 'VOS': 50}",1,7,264,0,Algún campo sin dato,9.Quetzaltenango,1.Quetzaltenango,1400,presidente
10591,,"{'UNE': 5, 'AZUL': 5, 'VALOR UNIONISTA': 9, 'CABAL': 5, 'TODOS': 0, 'VAMOS': 5, 'PHG': 1, 'PR': 3, 'PIN': 0, 'ELEFANTE': 1, 'VICTORIA': 3, 'SEMILLA': 168, 'FCN-NACION': 0, 'PPN': 1, 'UR': 2, 'URNG-MAIZ WINAQ': 2, 'CREO': 0, 'BIEN': 14, 'VIVA': 4, 'MI FAMILIA': 1, 'CAMBIO': 2, 'VOS': 25}",0,12,268,0,Algún campo sin dato,9.Quetzaltenango,1.Quetzaltenango,1400,presidente
10592,,"{'UNE': 7, 'AZUL': 2, 'VALOR UNIONISTA': 6, 'CABAL': 6, 'TODOS': 1, 'VAMOS': 7, 'PHG': 0, 'PR': 1, 'PIN': 0, 'ELEFANTE': 0, 'VICTORIA': 2, 'SEMILLA': 134, 'FCN-NACION': 1, 'PPN': 1, 'UR': 0, 'URNG-MAIZ WINAQ': 0, 'CREO': 1, 'BIEN': 11, 'VIVA': 5, 'MI FAMILIA': 1, 'CAMBIO': 0, 'VOS': 20}",1,5,212,0,Algún campo sin dato,9.Quetzaltenango,1.Quetzaltenango,1400,presidente
10593,,"{'UNE': 5, 'AZUL': 0, 'VALOR UNIONISTA': 10, 'CABAL': 5, 'TODOS': 2, 'VAMOS': 2, 'PHG': 2, 'PR': 1, 'PIN': 1, 'ELEFANTE': 4, 'VICTORIA': 2, 'SEMILLA': 98, 'FCN-NACION': 1, 'PPN': 1, 'UR': 0, 'URNG-MAIZ WINAQ': 1, 'CREO': 0, 'BIEN': 7, 'VIVA': 3, 'MI FAMILIA': 2, 'CAMBIO': 1, 'VOS': 28}",3,8,187,0,Sumas Asentadas sin cuadrar,9.Quetzaltenango,1.Quetzaltenango,1400,presidente
10594,,"{'UNE': 16, 'AZUL': 7, 'VALOR UNIONISTA': 18, 'CABAL': 18, 'TODOS': 1, 'VAMOS': 3, 'PHG': 3, 'PR': 4, 'PIN': 1, 'ELEFANTE': 0, 'VICTORIA': 6, 'SEMILLA': 64, 'FCN-NACION': 0, 'PPN': 0, 'UR': 3, 'URNG-MAIZ WINAQ': 3, 'CREO': 1, 'BIEN': 11, 'VIVA': 8, 'MI FAMILIA': 3, 'CAMBIO': 5, 'VOS': 37}",3,27,242,0,Algún campo sin dato,9.Quetzaltenango,1.Quetzaltenango,1401,presidente
10595,,"{'UNE': 9, 'AZUL': 3, 'VALOR UNIONISTA': 25, 'CABAL': 19, 'TODOS': 1, 'VAMOS': 4, 'PHG': 4, 'PR': 4, 'PIN': 0, 'ELEFANTE': 0, 'VICTORIA': 4, 'SEMILLA': 88, 'FCN-NACION': 0, 'PPN': 3, 'UR': 0, 'URNG-MAIZ WINAQ': 7, 'CREO': 1, 'BIEN': 22, 'VIVA': 12, 'MI FAMILIA': 2, 'CAMBIO': 0, 'VOS': 55}",3,24,290,0,Algún campo sin dato,9.Quetzaltenango,1.Quetzaltenango,1401,presidente
10596,,"{'UNE': 15, 'AZUL': 6, 'VALOR UNIONISTA': 16, 'CABAL': 11, 'TODOS': 1, 'VAMOS': 9, 'PHG': 7, 'PR': 1, 'PIN': 0, 'ELEFANTE': 2, 'VICTORIA': 4, 'SEMILLA': 54, 'FCN-NACION': 0, 'PPN': 2, 'UR': 3, 'URNG-MAIZ WINAQ': 10, 'CREO': 0, 'BIEN': 14, 'VIVA': 14, 'MI FAMILIA': 3, 'CAMBIO': 1, 'VOS': 52}",2,28,255,0,Algún campo sin dato,9.Quetzaltenango,1.Quetzaltenango,1401,presidente
10597,,"{'UNE': 17, 'AZUL': 6, 'VALOR UNIONISTA': 15, 'CABAL': 20, 'TODOS': 1, 'VAMOS': 8, 'PHG': 1, 'PR': 4, 'PIN': 0, 'ELEFANTE': 2, 'VICTORIA': 11, 'SEMILLA': 79, 'FCN-NACION': 0, 'PPN': 2, 'UR': 7, 'URNG-MAIZ WINAQ': 6, 'CREO': 4, 'BIEN': 14, 'VIVA': 13, 'MI FAMILIA': 2, 'CAMBIO': 3, 'VOS': 31}",2,32,280,0,Algún campo sin dato,9.Quetzaltenango,1.Quetzaltenango,1401,presidente
10598,,"{'UNE': 17, 'AZUL': 5, 'VALOR UNIONISTA': 30, 'CABAL': 23, 'TODOS': 1, 'VAMOS': 3, 'PHG': 0, 'PR': 5, 'PIN': 2, 'ELEFANTE': 0, 'VICTORIA': 3, 'SEMILLA': 54, 'FCN-NACION': 1, 'PPN': 4, 'UR': 2, 'URNG-MAIZ WINAQ': 5, 'CREO': 1, 'BIEN': 16, 'VIVA': 10, 'MI FAMILIA': 7, 'CAMBIO': 1, 'VOS': 27}",2,37,256,0,Algún campo sin dato,9.Quetzaltenango,1.Quetzaltenango,1401,presidente
10599,,"{'UNE': 13, 'AZUL': 0, 'VALOR UNIONISTA': 30, 'CABAL': 20, 'TODOS': 0, 'VAMOS': 10, 'PHG': 5, 'PR': 4, 'PIN': 1, 'ELEFANTE': 1, 'VICTORIA': 3, 'SEMILLA': 56, 'FCN-NACION': 1, 'PPN': 2, 'UR': 2, 'URNG-MAIZ WINAQ': 5, 'CREO': 3, 'BIEN': 9, 'VIVA': 20, 'MI FAMILIA': 2, 'CAMBIO': 1, 'VOS': 45}",5,24,262,0,Algún campo sin dato,9.Quetzaltenango,1.Quetzaltenango,1401,presidente
10600,,"{'UNE': 8, 'AZUL': 6, 'VALOR UNIONISTA': 23, 'CABAL': 19, 'TODOS': 2, 'VAMOS': 4, 'PHG': 2, 'PR': 2, 'PIN': 0, 'ELEFANTE': 1, 'VICTORIA': 3, 'SEMILLA': 83, 'FCN-NACION': 1, 'PPN': 1, 'UR': 4, 'URNG-MAIZ WINAQ': 6, 'CREO': 1, 'BIEN': 19, 'VIVA': 12, 'MI FAMILIA': 5, 'CAMBIO': 3, 'VOS': 40}",1,22,268,0,Algún campo sin dato,9.Quetzaltenango,1.Quetzaltenango,1401,presidente
10601,,"{'UNE': 11, 'AZUL': 1, 'VALOR UNIONISTA': 21, 'CABAL': 10, 'TODOS': 0, 'VAMOS': 7, 'PHG': 0, 'PR': 1, 'PIN': 0, 'ELEFANTE': 0, 'VICTORIA': 8, 'SEMILLA': 90, 'FCN-NACION': 0, 'PPN': 0, 'UR': 1, 'URNG-MAIZ WINAQ': 2, 'CREO': 1, 'BIEN': 13, 'VIVA': 13, 'MI FAMILIA': 1, 'CAMBIO': 2, 'VOS': 36}",5,23,246,0,Sumas Asentadas sin cuadrar,9.Quetzaltenango,1.Quetzaltenango,1401,presidente
10602,,"{'UNE': 12, 'AZUL': 3, 'VALOR UNIONISTA': 27, 'CABAL': 15, 'TODOS': 3, 'VAMOS': 4, 'PHG': 1, 'PR': 1, 'PIN': 0, 'ELEFANTE': 1, 'VICTORIA': 3, 'SEMILLA': 77, 'FCN-NACION': 1, 'PPN': 3, 'UR': 3, 'URNG-MAIZ WINAQ': 5, 'CREO': 3, 'BIEN': 11, 'VIVA': 14, 'MI FAMILIA': 3, 'CAMBIO': 1, 'VOS': 43}",2,19,255,0,Algún campo sin dato,9.Quetzaltenango,1.Quetzaltenango,1402,presidente
10603,,"{'UNE': 17, 'AZUL': 2, 'VALOR UNIONISTA': 26, 'CABAL': 13, 'TODOS': 2, 'VAMOS': 5, 'PHG': 2, 'PR': 0, 'PIN': 0, 'ELEFANTE': 2, 'VICTORIA': 4, 'SEMILLA': 69, 'FCN-NACION': 0, 'PPN': 0, 'UR': 3, 'URNG-MAIZ WINAQ': 3, 'CREO': 2, 'BIEN': 17, 'VIVA': 14, 'MI FAMILIA': 3, 'CAMBIO': 2, 'VOS': 50}",0,27,263,0,Algún campo sin dato,9.Quetzaltenango,1.Quetzaltenango,1402,presidente
10604,,"{'UNE': 14, 'AZUL': 3, 'VALOR UNIONISTA': 33, 'CABAL': 14, 'TODOS': 0, 'VAMOS': 4, 'PHG': 0, 'PR': 3, 'PIN': 0, 'ELEFANTE': 3, 'VICTORIA': 0, 'SEMILLA': 65, 'FCN-NACION': 4, 'PPN': 1, 'UR': 3, 'URNG-MAIZ WINAQ': 5, 'CREO': 2, 'BIEN': 0, 'VIVA': 15, 'MI FAMILIA': 4, 'CAMBIO': 0, 'VOS': 39}",4,23,239,0,Sumas Asentadas sin cuadrar,9.Quetzaltenango,1.Quetzaltenango,1402,presidente
10605,,"{'UNE': 13, 'AZUL': 2, 'VALOR UNIONISTA': 21, 'CABAL': 24, 'TODOS': 1, 'VAMOS': 3, 'PHG': 5, 'PR': 3, 'PIN': 0, 'ELEFANTE': 0, 'VICTORIA': 1, 'SEMILLA': 87, 'FCN-NACION': 1, 'PPN': 3, 'UR': 3, 'URNG-MAIZ WINAQ': 4, 'CREO': 2, 'BIEN': 11, 'VIVA': 9, 'MI FAMILIA': 4, 'CAMBIO': 1, 'VOS': 30}",3,29,260,0,Algún campo sin dato,9.Quetzaltenango,1.Quetzaltenango,1402,presidente
10606,,"{'UNE': 13, 'AZUL': 5, 'VALOR UNIONISTA': 36, 'CABAL': 18, 'TODOS': 0, 'VAMOS': 7, 'PHG': 3, 'PR': 2, 'PIN': 0, 'ELEFANTE': 1, 'VICTORIA': 2, 'SEMILLA': 73, 'FCN-NACION': 3, 'PPN': 1, 'UR': 3, 'URNG-MAIZ WINAQ': 5, 'CREO': 1, 'BIEN': 15, 'VIVA': 9, 'MI FAMILIA': 2, 'CAMBIO': 0, 'VOS': 52}",0,24,275,0,Algún campo sin dato,9.Quetzaltenango,1.Quetzaltenango,1402,presidente
10607,,"{'UNE': 17, 'AZUL': 8, 'VALOR UNIONISTA': 22, 'CABAL': 17, 'TODOS': 1, 'VAMOS': 5, 'PHG': 2, 'PR': 4, 'PIN': 2, 'ELEFANTE': 2, 'VICTORIA': 1, 'SEMILLA': 81, 'FCN-NACION': 0, 'PPN': 1, 'UR': 3, 'URNG-MAIZ WINAQ': 9, 'CREO': 2, 'BIEN': 12, 'VIVA': 3, 'MI FAMILIA': 4, 'CAMBIO': 0, 'VOS': 39}",1,27,263,0,Algún campo sin dato,9.Quetzaltenango,1.Quetzaltenango,1402,presidente
10608,,"{'UNE': 24, 'AZUL': 5, 'VALOR UNIONISTA': 21, 'CABAL': 11, 'TODOS': 2, 'VAMOS': 5, 'PHG': 2, 'PR': 3, 'PIN': 0, 'ELEFANTE': 0, 'VICTORIA': 4, 'SEMILLA': 95, 'FCN-NACION': 0, 'PPN': 1, 'UR': 0, 'URNG-MAIZ WINAQ': 2, 'CREO': 2, 'BIEN': 14, 'VIVA': 15, 'MI FAMILIA': 3, 'CAMBIO': 2, 'VOS': 53}",5,17,286,0,Algún campo sin dato,9.Quetzaltenango,1.Quetzaltenango,1402,presidente
10609,,"{'UNE': 12, 'AZUL': 3, 'VALOR UNIONISTA': 26, 'CABAL': 12, 'TODOS': 0, 'VAMOS': 4, 'PHG': 1, 'PR': 4, 'PIN': 0, 'ELEFANTE': 0, 'VICTORIA': 6, 'SEMILLA': 65, 'FCN-NACION': 0, 'PPN': 3, 'UR': 2, 'URNG-MAIZ WINAQ': 3, 'CREO': 4, 'BIEN': 10, 'VIVA': 12, 'MI FAMILIA': 2, 'CAMBIO': 0, 'VOS': 49}",6,25,249,0,Algún campo sin dato,9.Quetzaltenango,1.Quetzaltenango,1402,presidente
10610,,"{'UNE': 17, 'AZUL': 5, 'VALOR UNIONISTA': 23, 'CABAL': 9, 'TODOS': 0, 'VAMOS': 10, 'PHG': 3, 'PR': 2, 'PIN': 0, 'ELEFANTE': 2, 'VICTORIA': 5, 'SEMILLA': 42, 'FCN-NACION': 0, 'PPN': 2, 'UR': 1, 'URNG-MAIZ WINAQ': 2, 'CREO': 0, 'BIEN': 9, 'VIVA': 10, 'MI FAMILIA': 8, 'CAMBIO': 2, 'VOS': 41}",4,22,219,0,Algún campo sin dato,9.Quetzaltenango,1.Quetzaltenango,1402,presidente
10611,,"{'UNE': 12, 'AZUL': 3, 'VALOR UNIONISTA': 25, 'CABAL': 9, 'TODOS': 0, 'VAMOS': 3, 'PHG': 1, 'PR': 3, 'PIN': 0, 'ELEFANTE': 1, 'VICTORIA': 3, 'SEMILLA': 103, 'FCN-NACION': 0, 'PPN': 0, 'UR': 1, 'URNG-MAIZ WINAQ': 1, 'CREO': 1, 'BIEN': 21, 'VIVA': 7, 'MI FAMILIA': 2, 'CAMBIO': 1, 'VOS': 32}",0,16,245,0,Algún campo sin dato,9.Quetzaltenango,1.Quetzaltenango,1403,presidente
10612,,"{'UNE': 10, 'AZUL': 3, 'VALOR UNIONISTA': 12, 'CABAL': 10, 'TODOS': 1, 'VAMOS': 3, 'PHG': 3, 'PR': 2, 'PIN': 0, 'ELEFANTE': 1, 'VICTORIA': 1, 'SEMILLA': 112, 'FCN-NACION': 0, 'PPN': 0, 'UR': 0, 'URNG-MAIZ WINAQ': 3, 'CREO': 4, 'BIEN': 12, 'VIVA': 6, 'MI FAMILIA': 1, 'CAMBIO': 2, 'VOS': 34}",1,17,238,0,Algún campo sin dato,9.Quetzaltenango,1.Quetzaltenango,1403,presidente
10613,,"{'UNE': 8, 'AZUL': 1, 'VALOR UNIONISTA': 10, 'CABAL': 11, 'TODOS': 0, 'VAMOS': 2, 'PHG': 2, 'PR': 0, 'PIN': 0, 'ELEFANTE': 0, 'VICTORIA': 3, 'SEMILLA': 138, 'FCN-NACION': 1, 'PPN': 0, 'UR': 1, 'URNG-MAIZ WINAQ': 0, 'CREO': 0, 'BIEN': 11, 'VIVA': 3, 'MI FAMILIA': 2, 'CAMBIO': 0, 'VOS': 32}",0,21,246,0,Algún campo sin dato,9.Quetzaltenango,1.Quetzaltenango,1403,presidente
10614,,"{'UNE': 6, 'AZUL': 0, 'VALOR UNIONISTA': 12, 'CABAL': 9, 'TODOS': 1, 'VAMOS': 5, 'PHG': 2, 'PR': 4, 'PIN': 1, 'ELEFANTE': 1, 'VICTORIA': 1, 'SEMILLA': 111, 'FCN-NACION': 1, 'PPN': 0, 'UR': 1, 'URNG-MAIZ WINAQ': 3, 'CREO': 2, 'BIEN': 3, 'VIVA': 8, 'MI FAMILIA': 2, 'CAMBIO': 0, 'VOS': 45}",0,17,235,0,Algún campo sin dato,9.Quetzaltenango,1.Quetzaltenango,1403,presidente
10615,,"{'UNE': 4, 'AZUL': 2, 'VALOR UNIONISTA': 13, 'CABAL': 3, 'TODOS': 1, 'VAMOS': 2, 'PHG': 0, 'PR': 0, 'PIN': 0, 'ELEFANTE': 0, 'VICTORIA': 2, 'SEMILLA': 80, 'FCN-NACION': 0, 'PPN': 0, 'UR': 1, 'URNG-MAIZ WINAQ': 1, 'CREO': 1, 'BIEN': 6, 'VIVA': 4, 'MI FAMILIA': 0, 'CAMBIO': 2, 'VOS': 15}",0,11,148,0,Algún campo sin dato,9.Quetzaltenango,1.Quetzaltenango,1403,presidente
10616,,"{'UNE': 2, 'AZUL': 4, 'VALOR UNIONISTA': 10, 'CABAL': 5, 'TODOS': 0, 'VAMOS': 2, 'PHG': 1, 'PR': 1, 'PIN': 0, 'ELEFANTE': 0, 'VICTORIA': 4, 'SEMILLA': 79, 'FCN-NACION': 0, 'PPN': 1, 'UR': 1, 'URNG-MAIZ WINAQ': 2, 'CREO': 0, 'BIEN': 6, 'VIVA': 5, 'MI FAMILIA': 1, 'CAMBIO': 0, 'VOS': 11}",0,12,147,0,Algún campo sin dato,9.Quetzaltenango,1.Quetzaltenango,1403,presidente
10617,,"{'UNE': 10, 'AZUL': 3, 'VALOR UNIONISTA': 22, 'CABAL': 26, 'TODOS': 1, 'VAMOS': 9, 'PHG': 2, 'PR': 5, 'PIN': 2, 'ELEFANTE': 0, 'VICTORIA': 4, 'SEMILLA': 90, 'FCN-NACION': 0, 'PPN': 1, 'UR': 0, 'URNG-MAIZ WINAQ': 7, 'CREO': 2, 'BIEN': 28, 'VIVA': 8, 'MI FAMILIA': 5, 'CAMBIO': 1, 'VOS': 65}",0,21,312,0,Algún campo sin dato,9.Quetzaltenango,1.Quetzaltenango,1404,presidente
10618,,"{'UNE': 12, 'AZUL': 7, 'VALOR UNIONISTA': 25, 'CABAL': 18, 'TODOS': 0, 'VAMOS': 10, 'PHG': 1, 'PR': 3, 'PIN': 1, 'ELEFANTE': 2, 'VICTORIA': 3, 'SEMILLA': 87, 'FCN-NACION': 0, 'PPN': 0, 'UR': 1, 'URNG-MAIZ WINAQ': 3, 'CREO': 0, 'BIEN': 18, 'VIVA': 9, 'MI FAMILIA': 2, 'CAMBIO': 0, 'VOS': 54}",0,26,282,0,Algún campo sin dato,9.Quetzaltenango,1.Quetzaltenango,1404,presidente
10619,,"{'UNE': 2, 'AZUL': 2, 'VALOR UNIONISTA': 16, 'CABAL': 10, 'TODOS': 0, 'VAMOS': 4, 'PHG': 2, 'PR': 2, 'PIN': 0, 'ELEFANTE': 1, 'VICTORIA': 0, 'SEMILLA': 69, 'FCN-NACION': 1, 'PPN': 0, 'UR': 0, 'URNG-MAIZ WINAQ': 1, 'CREO': 0, 'BIEN': 8, 'VIVA': 2, 'MI FAMILIA': 1, 'CAMBIO': 1, 'VOS': 20}",0,14,156,0,Algún campo sin dato,9.Quetzaltenango,1.Quetzaltenango,1404,presidente
10620,,"{'UNE': 3, 'AZUL': 1, 'VALOR UNIONISTA': 8, 'CABAL': 8, 'TODOS': 0, 'VAMOS': 4, 'PHG': 1, 'PR': 0, 'PIN': 0, 'ELEFANTE': 0, 'VICTORIA': 2, 'SEMILLA': 79, 'FCN-NACION': 0, 'PPN': 0, 'UR': 0, 'URNG-MAIZ WINAQ': 2, 'CREO': 1, 'BIEN': 14, 'VIVA': 4, 'MI FAMILIA': 1, 'CAMBIO': 0, 'VOS': 23}",0,5,156,0,Algún campo sin dato,9.Quetzaltenango,1.Quetzaltenango,1404,presidente
10621,,"{'UNE': 12, 'AZUL': 2, 'VALOR UNIONISTA': 13, 'CABAL': 21, 'TODOS': 2, 'VAMOS': 6, 'PHG': 6, 'PR': 5, 'PIN': 0, 'ELEFANTE': 3, 'VICTORIA': 6, 'SEMILLA': 66, 'FCN-NACION': 2, 'PPN': 2, 'UR': 5, 'URNG-MAIZ WINAQ': 5, 'CREO': 4, 'BIEN': 11, 'VIVA': 16, 'MI FAMILIA': 7, 'CAMBIO': 0, 'VOS': 50}",7,28,279,0,Algún campo sin dato,9.Quetzaltenango,1.Quetzaltenango,1405,presidente
10622,,"{'UNE': 18, 'AZUL': 7, 'VALOR UNIONISTA': 20, 'CABAL': 10, 'TODOS': 0, 'VAMOS': 5, 'PHG': 2, 'PR': 6, 'PIN': 0, 'ELEFANTE': 1, 'VICTORIA': 13, 'SEMILLA': 57, 'FCN-NACION': 1, 'PPN': 0, 'UR': 2, 'URNG-MAIZ WINAQ': 7, 'CREO': 6, 'BIEN': 4, 'VIVA': 12, 'MI FAMILIA': 12, 'CAMBIO': 1, 'VOS': 38}",6,29,257,0,Algún campo sin dato,9.Quetzaltenango,1.Quetzaltenango,1405,presidente
10623,,"{'UNE': 17, 'AZUL': 3, 'VALOR UNIONISTA': 22, 'CABAL': 15, 'TODOS': 4, 'VAMOS': 12, 'PHG': 3, 'PR': 7, 'PIN': 0, 'ELEFANTE': 0, 'VICTORIA': 7, 'SEMILLA': 62, 'FCN-NACION': 1, 'PPN': 1, 'UR': 4, 'URNG-MAIZ WINAQ': 10, 'CREO': 6, 'BIEN': 7, 'VIVA': 8, 'MI FAMILIA': 7, 'CAMBIO': 0, 'VOS': 31}",3,22,252,0,Algún campo sin dato,9.Quetzaltenango,1.Quetzaltenango,1405,presidente
10624,,"{'UNE': 11, 'AZUL': 2, 'VALOR UNIONISTA': 17, 'CABAL': 18, 'TODOS': 0, 'VAMOS': 13, 'PHG': 1, 'PR': 3, 'PIN': 0, 'ELEFANTE': 2, 'VICTORIA': 3, 'SEMILLA': 60, 'FCN-NACION': 0, 'PPN': 3, 'UR': 7, 'URNG-MAIZ WINAQ': 0, 'CREO': 5, 'BIEN': 10, 'VIVA': 12, 'MI FAMILIA': 8, 'CAMBIO': 1, 'VOS': 41}",3,24,244,0,Sumas Asentadas sin cuadrar,9.Quetzaltenango,1.Quetzaltenango,1405,presidente
10625,,"{'UNE': 20, 'AZUL': 1, 'VALOR UNIONISTA': 15, 'CABAL': 17, 'TODOS': 1, 'VAMOS': 3, 'PHG': 9, 'PR': 5, 'PIN': 0, 'ELEFANTE': 3, 'VICTORIA': 7, 'SEMILLA': 60, 'FCN-NACION': 0, 'PPN': 1, 'UR': 3, 'URNG-MAIZ WINAQ': 12, 'CREO': 4, 'BIEN': 14, 'VIVA': 10, 'MI FAMILIA': 12, 'CAMBIO': 1, 'VOS': 33}",6,28,265,0,Sumas Asentadas sin cuadrar,9.Quetzaltenango,1.Quetzaltenango,1405,presidente
10626,,"{'UNE': 10, 'AZUL': 3, 'VALOR UNIONISTA': 24, 'CABAL': 15, 'TODOS': 1, 'VAMOS': 2, 'PHG': 8, 'PR': 3, 'PIN': 1, 'ELEFANTE': 2, 'VICTORIA': 6, 'SEMILLA': 74, 'FCN-NACION': 1, 'PPN': 1, 'UR': 6, 'URNG-MAIZ WINAQ': 6, 'CREO': 3, 'BIEN': 14, 'VIVA': 9, 'MI FAMILIA': 7, 'CAMBIO': 0, 'VOS': 34}",1,24,255,0,Algún campo sin dato,9.Quetzaltenango,1.Quetzaltenango,1405,presidente
10627,,"{'UNE': 10, 'AZUL': 4, 'VALOR UNIONISTA': 14, 'CABAL': 13, 'TODOS': 0, 'VAMOS': 7, 'PHG': 4, 'PR': 5, 'PIN': 0, 'ELEFANTE': 0, 'VICTORIA': 10, 'SEMILLA': 84, 'FCN-NACION': 0, 'PPN': 1, 'UR': 2, 'URNG-MAIZ WINAQ': 2, 'CREO': 2, 'BIEN': 13, 'VIVA': 9, 'MI FAMILIA': 3, 'CAMBIO': 1, 'VOS': 48}",0,12,244,0,Algún campo sin dato,9.Quetzaltenango,1.Quetzaltenango,1405,presidente
10628,,"{'UNE': 13, 'AZUL': 4, 'VALOR UNIONISTA': 20, 'CABAL': 13, 'TODOS': 1, 'VAMOS': 2, 'PHG': 5, 'PR': 4, 'PIN': 0, 'ELEFANTE': 4, 'VICTORIA': 6, 'SEMILLA': 59, 'FCN-NACION': 1, 'PPN': 1, 'UR': 4, 'URNG-MAIZ WINAQ': 8, 'CREO': 1, 'BIEN': 11, 'VIVA': 8, 'MI FAMILIA': 9, 'CAMBIO': 0, 'VOS': 45}",2,25,246,0,Algún campo sin dato,9.Quetzaltenango,1.Quetzaltenango,1405,presidente
10629,,"{'UNE': 15, 'AZUL': 4, 'VALOR UNIONISTA': 10, 'CABAL': 17, 'TODOS': 0, 'VAMOS': 6, 'PHG': 5, 'PR': 6, 'PIN': 0, 'ELEFANTE': 2, 'VICTORIA': 5, 'SEMILLA': 72, 'FCN-NACION': 1, 'PPN': 2, 'UR': 5, 'URNG-MAIZ WINAQ': 9, 'CREO': 5, 'BIEN': 11, 'VIVA': 10, 'MI FAMILIA': 5, 'CAMBIO': 0, 'VOS': 52}",2,25,269,0,Algún campo sin dato,9.Quetzaltenango,1.Quetzaltenango,1405,presidente
10630,,"{'UNE': 23, 'AZUL': 3, 'VALOR UNIONISTA': 19, 'CABAL': 19, 'TODOS': 0, 'VAMOS': 4, 'PHG': 1, 'PR': 5, 'PIN': 0, 'ELEFANTE': 4, 'VICTORIA': 7, 'SEMILLA': 72, 'FCN-NACION': 0, 'PPN': 1, 'UR': 3, 'URNG-MAIZ WINAQ': 6, 'CREO': 1, 'BIEN': 11, 'VIVA': 10, 'MI FAMILIA': 3, 'CAMBIO': 0, 'VOS': 38}",6,24,260,0,Algún campo sin dato,9.Quetzaltenango,1.Quetzaltenango,1405,presidente
10631,,"{'UNE': 11, 'AZUL': 5, 'VALOR UNIONISTA': 20, 'CABAL': 15, 'TODOS': 0, 'VAMOS': 2, 'PHG': 4, 'PR': 9, 'PIN': 0, 'ELEFANTE': 2, 'VICTORIA': 5, 'SEMILLA': 94, 'FCN-NACION': 1, 'PPN': 0, 'UR': 6, 'URNG-MAIZ WINAQ': 9, 'CREO': 2, 'BIEN': 2, 'VIVA': 13, 'MI FAMILIA': 5, 'CAMBIO': 0, 'VOS': 34}",0,18,257,0,Sumas Asentadas sin cuadrar,9.Quetzaltenango,1.Quetzaltenango,1406,presidente
10632,,"{'UNE': 19, 'AZUL': 1, 'VALOR UNIONISTA': 13, 'CABAL': 13, 'TODOS': 2, 'VAMOS': 1, 'PHG': 7, 'PR': 3, 'PIN': 1, 'ELEFANTE': 1, 'VICTORIA': 2, 'SEMILLA': 58, 'FCN-NACION': 1, 'PPN': 1, 'UR': 2, 'URNG-MAIZ WINAQ': 10, 'CREO': 1, 'BIEN': 13, 'VIVA': 7, 'MI FAMILIA': 3, 'CAMBIO': 0, 'VOS': 40}",1,27,227,0,Algún campo sin dato,9.Quetzaltenango,1.Quetzaltenango,1406,presidente
10633,,"{'UNE': 24, 'AZUL': 1, 'VALOR UNIONISTA': 10, 'CABAL': 10, 'TODOS': 0, 'VAMOS': 0, 'PHG': 4, 'PR': 3, 'PIN': 0, 'ELEFANTE': 0, 'VICTORIA': 9, 'SEMILLA': 53, 'FCN-NACION': 0, 'PPN': 1, 'UR': 2, 'URNG-MAIZ WINAQ': 16, 'CREO': 0, 'BIEN': 12, 'VIVA': 13, 'MI FAMILIA': 3, 'CAMBIO': 1, 'VOS': 34}",4,19,219,0,Algún campo sin dato,9.Quetzaltenango,1.Quetzaltenango,1406,presidente
10634,,"{'UNE': 21, 'AZUL': 5, 'VALOR UNIONISTA': 16, 'CABAL': 17, 'TODOS': 0, 'VAMOS': 5, 'PHG': 3, 'PR': 1, 'PIN': 1, 'ELEFANTE': 0, 'VICTORIA': 3, 'SEMILLA': 60, 'FCN-NACION': 0, 'PPN': 2, 'UR': 3, 'URNG-MAIZ WINAQ': 6, 'CREO': 1, 'BIEN': 18, 'VIVA': 8, 'MI FAMILIA': 4, 'CAMBIO': 0, 'VOS': 39}",1,17,231,0,Sumas Asentadas sin cuadrar,9.Quetzaltenango,1.Quetzaltenango,1406,presidente
10635,,"{'UNE': 8, 'AZUL': 2, 'VALOR UNIONISTA': 9, 'CABAL': 6, 'TODOS': 0, 'VAMOS': 3, 'PHG': 3, 'PR': 3, 'PIN': 0, 'ELEFANTE': 2, 'VICTORIA': 3, 'SEMILLA': 99, 'FCN-NACION': 0, 'PPN': 0, 'UR': 1, 'URNG-MAIZ WINAQ': 6, 'CREO': 2, 'BIEN': 11, 'VIVA': 9, 'MI FAMILIA': 4, 'CAMBIO': 0, 'VOS': 36}",3,16,226,0,Algún campo sin dato,9.Quetzaltenango,1.Quetzaltenango,1406,presidente
10636,,"{'UNE': 7, 'AZUL': 4, 'VALOR UNIONISTA': 4, 'CABAL': 12, 'TODOS': 0, 'VAMOS': 4, 'PHG': 1, 'PR': 0, 'PIN': 0, 'ELEFANTE': 0, 'VICTORIA': 4, 'SEMILLA': 129, 'FCN-NACION': 0, 'PPN': 1, 'UR': 2, 'URNG-MAIZ WINAQ': 8, 'CREO': 2, 'BIEN': 15, 'VIVA': 2, 'MI FAMILIA': 3, 'CAMBIO': 0, 'VOS': 23}",0,4,225,0,Algún campo sin dato,9.Quetzaltenango,1.Quetzaltenango,1407,presidente
10637,,"{'UNE': 5, 'AZUL': 3, 'VALOR UNIONISTA': 9, 'CABAL': 8, 'TODOS': 0, 'VAMOS': 3, 'PHG': 1, 'PR': 0, 'PIN': 0, 'ELEFANTE': 2, 'VICTORIA': 1, 'SEMILLA': 98, 'FCN-NACION': 2, 'PPN': 3, 'UR': 0, 'URNG-MAIZ WINAQ': 2, 'CREO': 1, 'BIEN': 8, 'VIVA': 6, 'MI FAMILIA': 2, 'CAMBIO': 1, 'VOS': 25}",1,12,193,0,Algún campo sin dato,9.Quetzaltenango,1.Quetzaltenango,1407,presidente
10638,,"{'UNE': 8, 'AZUL': 0, 'VALOR UNIONISTA': 12, 'CABAL': 4, 'TODOS': 0, 'VAMOS': 4, 'PHG': 1, 'PR': 0, 'PIN': 0, 'ELEFANTE': 2, 'VICTORIA': 4, 'SEMILLA': 107, 'FCN-NACION': 2, 'PPN': 1, 'UR': 1, 'URNG-MAIZ WINAQ': 4, 'CREO': 2, 'BIEN': 9, 'VIVA': 9, 'MI FAMILIA': 3, 'CAMBIO': 0, 'VOS': 32}",0,7,212,2,Algún campo sin dato,9.Quetzaltenango,1.Quetzaltenango,1407,presidente
10639,,"{'UNE': 4, 'AZUL': 0, 'VALOR UNIONISTA': 4, 'CABAL': 3, 'TODOS': 0, 'VAMOS': 0, 'PHG': 4, 'PR': 0, 'PIN': 0, 'ELEFANTE': 0, 'VICTORIA': 0, 'SEMILLA': 57, 'FCN-NACION': 0, 'PPN': 1, 'UR': 0, 'URNG-MAIZ WINAQ': 2, 'CREO': 0, 'BIEN': 5, 'VIVA': 3, 'MI FAMILIA': 2, 'CAMBIO': 0, 'VOS': 11}",0,12,108,0,Algún campo sin dato,9.Quetzaltenango,1.Quetzaltenango,1407,presidente
10640,,"{'UNE': 9, 'AZUL': 1, 'VALOR UNIONISTA': 1, 'CABAL': 5, 'TODOS': 0, 'VAMOS': 2, 'PHG': 0, 'PR': 1, 'PIN': 0, 'ELEFANTE': 1, 'VICTORIA': 3, 'SEMILLA': 38, 'FCN-NACION': 0, 'PPN': 0, 'UR': 0, 'URNG-MAIZ WINAQ': 1, 'CREO': 1, 'BIEN': 1, 'VIVA': 0, 'MI FAMILIA': 4, 'CAMBIO': 0, 'VOS': 12}",4,4,88,0,Algún campo sin dato,9.Quetzaltenango,1.Quetzaltenango,1407,presidente
10641,,"{'UNE': 19, 'AZUL': 3, 'VALOR UNIONISTA': 19, 'CABAL': 17, 'TODOS': 0, 'VAMOS': 5, 'PHG': 4, 'PR': 2, 'PIN': 0, 'ELEFANTE': 2, 'VICTORIA': 5, 'SEMILLA': 54, 'FCN-NACION': 1, 'PPN': 2, 'UR': 1, 'URNG-MAIZ WINAQ': 3, 'CREO': 4, 'BIEN': 11, 'VIVA': 24, 'MI FAMILIA': 5, 'CAMBIO': 1, 'VOS': 22}",3,28,235,0,Algún campo sin dato,9.Quetzaltenango,1.Quetzaltenango,1408,presidente
10642,,"{'UNE': 21, 'AZUL': 5, 'VALOR UNIONISTA': 11, 'CABAL': 11, 'TODOS': 2, 'VAMOS': 5, 'PHG': 2, 'PR': 2, 'PIN': 0, 'ELEFANTE': 2, 'VICTORIA': 6, 'SEMILLA': 51, 'FCN-NACION': 1, 'PPN': 3, 'UR': 3, 'URNG-MAIZ WINAQ': 4, 'CREO': 1, 'BIEN': 9, 'VIVA': 16, 'MI FAMILIA': 3, 'CAMBIO': 0, 'VOS': 29}",6,18,211,0,Algún campo sin dato,9.Quetzaltenango,1.Quetzaltenango,1408,presidente
10643,,"{'UNE': 15, 'AZUL': 3, 'VALOR UNIONISTA': 15, 'CABAL': 16, 'TODOS': 4, 'VAMOS': 6, 'PHG': 1, 'PR': 3, 'PIN': 0, 'ELEFANTE': 0, 'VICTORIA': 5, 'SEMILLA': 54, 'FCN-NACION': 0, 'PPN': 1, 'UR': 4, 'URNG-MAIZ WINAQ': 0, 'CREO': 1, 'BIEN': 9, 'VIVA': 13, 'MI FAMILIA': 0, 'CAMBIO': 0, 'VOS': 38}",6,24,218,0,Sumas Asentadas sin cuadrar,9.Quetzaltenango,1.Quetzaltenango,1408,presidente
10644,,"{'UNE': 16, 'AZUL': 2, 'VALOR UNIONISTA': 13, 'CABAL': 12, 'TODOS': 1, 'VAMOS': 7, 'PHG': 1, 'PR': 2, 'PIN': 0, 'ELEFANTE': 1, 'VICTORIA': 8, 'SEMILLA': 59, 'FCN-NACION': 3, 'PPN': 1, 'UR': 5, 'URNG-MAIZ WINAQ': 5, 'CREO': 2, 'BIEN': 15, 'VIVA': 6, 'MI FAMILIA': 1, 'CAMBIO': 0, 'VOS': 23}",0,19,202,0,Algún campo sin dato,9.Quetzaltenango,1.Quetzaltenango,1408,presidente
10645,,"{'UNE': 5, 'AZUL': 1, 'VALOR UNIONISTA': 10, 'CABAL': 3, 'TODOS': 0, 'VAMOS': 0, 'PHG': 1, 'PR': 0, 'PIN': 0, 'ELEFANTE': 1, 'VICTORIA': 0, 'SEMILLA': 102, 'FCN-NACION': 0, 'PPN': 0, 'UR': 1, 'URNG-MAIZ WINAQ': 3, 'CREO': 0, 'BIEN': 5, 'VIVA': 7, 'MI FAMILIA': 2, 'CAMBIO': 1, 'VOS': 16}",2,8,168,0,Algún campo sin dato,9.Quetzaltenango,1.Quetzaltenango,1408,presidente
10646,,"{'UNE': 5, 'AZUL': 8, 'VALOR UNIONISTA': 27, 'CABAL': 24, 'TODOS': 1, 'VAMOS': 4, 'PHG': 1, 'PR': 7, 'PIN': 0, 'ELEFANTE': 1, 'VICTORIA': 3, 'SEMILLA': 73, 'FCN-NACION': 0, 'PPN': 2, 'UR': 4, 'URNG-MAIZ WINAQ': 3, 'CREO': 1, 'BIEN': 2, 'VIVA': 2, 'MI FAMILIA': 3, 'CAMBIO': 3, 'VOS': 58}",2,14,248,0,Sumas Asentadas sin cuadrar,9.Quetzaltenango,1.Quetzaltenango,1409,presidente
10647,,"{'UNE': 4, 'AZUL': 7, 'VALOR UNIONISTA': 20, 'CABAL': 24, 'TODOS': 1, 'VAMOS': 3, 'PHG': 0, 'PR': 0, 'PIN': 0, 'ELEFANTE': 4, 'VICTORIA': 2, 'SEMILLA': 73, 'FCN-NACION': 0, 'PPN': 0, 'UR': 2, 'URNG-MAIZ WINAQ': 2, 'CREO': 2, 'BIEN': 10, 'VIVA': 2, 'MI FAMILIA': 0, 'CAMBIO': 1, 'VOS': 39}",1,28,225,0,Algún campo sin dato,9.Quetzaltenango,1.Quetzaltenango,1409,presidente
10648,,"{'UNE': 14, 'AZUL': 3, 'VALOR UNIONISTA': 18, 'CABAL': 22, 'TODOS': 1, 'VAMOS': 3, 'PHG': 0, 'PR': 3, 'PIN': 0, 'ELEFANTE': 0, 'VICTORIA': 8, 'SEMILLA': 71, 'FCN-NACION': 1, 'PPN': 2, 'UR': 2, 'URNG-MAIZ WINAQ': 1, 'CREO': 2, 'BIEN': 9, 'VIVA': 17, 'MI FAMILIA': 4, 'CAMBIO': 2, 'VOS': 39}",8,25,255,0,Algún campo sin dato,9.Quetzaltenango,1.Quetzaltenango,1410,presidente
10649,,"{'UNE': 12, 'AZUL': 8, 'VALOR UNIONISTA': 20, 'CABAL': 22, 'TODOS': 0, 'VAMOS': 2, 'PHG': 2, 'PR': 3, 'PIN': 1, 'ELEFANTE': 1, 'VICTORIA': 4, 'SEMILLA': 68, 'FCN-NACION': 1, 'PPN': 1, 'UR': 1, 'URNG-MAIZ WINAQ': 1, 'CREO': 1, 'BIEN': 16, 'VIVA': 20, 'MI FAMILIA': 5, 'CAMBIO': 1, 'VOS': 28}",6,30,254,0,Algún campo sin dato,9.Quetzaltenango,1.Quetzaltenango,1410,presidente
10650,,"{'UNE': 11, 'AZUL': 2, 'VALOR UNIONISTA': 20, 'CABAL': 20, 'TODOS': 2, 'VAMOS': 2, 'PHG': 2, 'PR': 0, 'PIN': 0, 'ELEFANTE': 0, 'VICTORIA': 4, 'SEMILLA': 76, 'FCN-NACION': 2, 'PPN': 1, 'UR': 4, 'URNG-MAIZ WINAQ': 4, 'CREO': 2, 'BIEN': 16, 'VIVA': 13, 'MI FAMILIA': 3, 'CAMBIO': 4, 'VOS': 40}",3,24,255,0,Algún campo sin dato,9.Quetzaltenango,1.Quetzaltenango,1410,presidente
10651,,"{'UNE': 14, 'AZUL': 6, 'VALOR UNIONISTA': 16, 'CABAL': 12, 'TODOS': 1, 'VAMOS': 4, 'PHG': 1, 'PR': 2, 'PIN': 0, 'ELEFANTE': 3, 'VICTORIA': 2, 'SEMILLA': 78, 'FCN-NACION': 3, 'PPN': 1, 'UR': 3, 'URNG-MAIZ WINAQ': 9, 'CREO': 3, 'BIEN': 15, 'VIVA': 12, 'MI FAMILIA': 2, 'CAMBIO': 5, 'VOS': 45}",0,20,257,0,Algún campo sin dato,9.Quetzaltenango,1.Quetzaltenango,1410,presidente
10652,,"{'UNE': 7, 'AZUL': 9, 'VALOR UNIONISTA': 22, 'CABAL': 18, 'TODOS': 0, 'VAMOS': 8, 'PHG': 5, 'PR': 3, 'PIN': 0, 'ELEFANTE': 2, 'VICTORIA': 3, 'SEMILLA': 72, 'FCN-NACION': 2, 'PPN': 0, 'UR': 3, 'URNG-MAIZ WINAQ': 4, 'CREO': 3, 'BIEN': 14, 'VIVA': 10, 'MI FAMILIA': 3, 'CAMBIO': 4, 'VOS': 34}",4,25,255,0,Sumas Asentadas sin cuadrar,9.Quetzaltenango,1.Quetzaltenango,1410,presidente
10653,,"{'UNE': 7, 'AZUL': 7, 'VALOR UNIONISTA': 19, 'CABAL': 20, 'TODOS': 3, 'VAMOS': 5, 'PHG': 0, 'PR': 5, 'PIN': 0, 'ELEFANTE': 2, 'VICTORIA': 6, 'SEMILLA': 82, 'FCN-NACION': 0, 'PPN': 0, 'UR': 2, 'URNG-MAIZ WINAQ': 6, 'CREO': 0, 'BIEN': 14, 'VIVA': 15, 'MI FAMILIA': 2, 'CAMBIO': 0, 'VOS': 33}",2,31,261,0,Algún campo sin dato,9.Quetzaltenango,1.Quetzaltenango,1411,presidente
10654,,"{'UNE': 16, 'AZUL': 4, 'VALOR UNIONISTA': 17, 'CABAL': 18, 'TODOS': 1, 'VAMOS': 9, 'PHG': 0, 'PR': 3, 'PIN': 0, 'ELEFANTE': 1, 'VICTORIA': 7, 'SEMILLA': 62, 'FCN-NACION': 0, 'PPN': 1, 'UR': 3, 'URNG-MAIZ WINAQ': 1, 'CREO': 1, 'BIEN': 11, 'VIVA': 13, 'MI FAMILIA': 0, 'CAMBIO': 1, 'VOS': 31}",2,21,223,0,Algún campo sin dato,9.Quetzaltenango,1.Quetzaltenango,1411,presidente
10655,,"{'UNE': 4, 'AZUL': 2, 'VALOR UNIONISTA': 10, 'CABAL': 7, 'TODOS': 1, 'VAMOS': 3, 'PHG': 1, 'PR': 0, 'PIN': 0, 'ELEFANTE': 1, 'VICTORIA': 3, 'SEMILLA': 91, 'FCN-NACION': 3, 'PPN': 0, 'UR': 1, 'URNG-MAIZ WINAQ': 4, 'CREO': 0, 'BIEN': 3, 'VIVA': 6, 'MI FAMILIA': 0, 'CAMBIO': 2, 'VOS': 27}",0,6,175,0,,9.Quetzaltenango,1.Quetzaltenango,1411,presidente
10656,,"{'UNE': 3, 'AZUL': 3, 'VALOR UNIONISTA': 11, 'CABAL': 14, 'TODOS': 0, 'VAMOS': 2, 'PHG': 1, 'PR': 0, 'PIN': 0, 'ELEFANTE': 0, 'VICTORIA': 1, 'SEMILLA': 72, 'FCN-NACION': 4, 'PPN': 0, 'UR': 0, 'URNG-MAIZ WINAQ': 1, 'CREO': 4, 'BIEN': 6, 'VIVA': 7, 'MI FAMILIA': 0, 'CAMBIO': 0, 'VOS': 13}",0,7,149,0,,9.Quetzaltenango,1.Quetzaltenango,1411,presidente
10657,,"{'UNE': 28, 'AZUL': 2, 'VALOR UNIONISTA': 9, 'CABAL': 5, 'TODOS': 1, 'VAMOS': 1, 'PHG': 5, 'PR': 0, 'PIN': 0, 'ELEFANTE': 0, 'VICTORIA': 8, 'SEMILLA': 16, 'FCN-NACION': 0, 'PPN': 2, 'UR': 1, 'URNG-MAIZ WINAQ': 4, 'CREO': 2, 'BIEN': 1, 'VIVA': 11, 'MI FAMILIA': 1, 'CAMBIO': 0, 'VOS': 11}",11,34,153,0,,9.Quetzaltenango,1.Quetzaltenango,1412,presidente
10658,,"{'UNE': 30, 'AZUL': 2, 'VALOR UNIONISTA': 8, 'CABAL': 2, 'TODOS': 2, 'VAMOS': 3, 'PHG': 6, 'PR': 4, 'PIN': 1, 'ELEFANTE': 3, 'VICTORIA': 1, 'SEMILLA': 13, 'FCN-NACION': 1, 'PPN': 1, 'UR': 3, 'URNG-MAIZ WINAQ': 3, 'CREO': 5, 'BIEN': 0, 'VIVA': 9, 'MI FAMILIA': 2, 'CAMBIO': 1, 'VOS': 11}",5,30,146,0,Algún campo sin dato,9.Quetzaltenango,1.Quetzaltenango,1412,presidente
10659,,"{'UNE': 28, 'AZUL': 3, 'VALOR UNIONISTA': 13, 'CABAL': 9, 'TODOS': 1, 'VAMOS': 5, 'PHG': 5, 'PR': 1, 'PIN': 0, 'ELEFANTE': 2, 'VICTORIA': 3, 'SEMILLA': 13, 'FCN-NACION': 0, 'PPN': 1, 'UR': 2, 'URNG-MAIZ WINAQ': 10, 'CREO': 0, 'BIEN': 0, 'VIVA': 12, 'MI FAMILIA': 2, 'CAMBIO': 1, 'VOS': 4}",12,36,163,0,Algún campo sin dato,9.Quetzaltenango,1.Quetzaltenango,1412,presidente
10660,,"{'UNE': 39, 'AZUL': 2, 'VALOR UNIONISTA': 9, 'CABAL': 9, 'TODOS': 0, 'VAMOS': 5, 'PHG': 4, 'PR': 2, 'PIN': 0, 'ELEFANTE': 1, 'VICTORIA': 6, 'SEMILLA': 13, 'FCN-NACION': 0, 'PPN': 2, 'UR': 1, 'URNG-MAIZ WINAQ': 7, 'CREO': 0, 'BIEN': 1, 'VIVA': 7, 'MI FAMILIA': 1, 'CAMBIO': 0, 'VOS': 7}",17,36,169,0,Algún campo sin dato,9.Quetzaltenango,1.Quetzaltenango,1412,presidente
10661,,"{'UNE': 29, 'AZUL': 5, 'VALOR UNIONISTA': 13, 'CABAL': 8, 'TODOS': 0, 'VAMOS': 2, 'PHG': 2, 'PR': 1, 'PIN': 0, 'ELEFANTE': 0, 'VICTORIA': 8, 'SEMILLA': 14, 'FCN-NACION': 0, 'PPN': 2, 'UR': 4, 'URNG-MAIZ WINAQ': 9, 'CREO': 1, 'BIEN': 1, 'VIVA': 13, 'MI FAMILIA': 3, 'CAMBIO': 1, 'VOS': 7}",8,26,157,0,Algún campo sin dato,9.Quetzaltenango,1.Quetzaltenango,1412,presidente
10662,,"{'UNE': 20, 'AZUL': 1, 'VALOR UNIONISTA': 11, 'CABAL': 4, 'TODOS': 1, 'VAMOS': 1, 'PHG': 3, 'PR': 3, 'PIN': 0, 'ELEFANTE': 2, 'VICTORIA': 4, 'SEMILLA': 18, 'FCN-NACION': 0, 'PPN': 0, 'UR': 0, 'URNG-MAIZ WINAQ': 11, 'CREO': 2, 'BIEN': 0, 'VIVA': 6, 'MI FAMILIA': 1, 'CAMBIO': 1, 'VOS': 10}",8,26,133,0,Algún campo sin dato,9.Quetzaltenango,1.Quetzaltenango,1412,presidente
10663,,"{'UNE': 8, 'AZUL': 4, 'VALOR UNIONISTA': 6, 'CABAL': 8, 'TODOS': 1, 'VAMOS': 2, 'PHG': 2, 'PR': 1, 'PIN': 0, 'ELEFANTE': 3, 'VICTORIA': 4, 'SEMILLA': 15, 'FCN-NACION': 1, 'PPN': 2, 'UR': 3, 'URNG-MAIZ WINAQ': 3, 'CREO': 0, 'BIEN': 1, 'VIVA': 5, 'MI FAMILIA': 3, 'CAMBIO': 1, 'VOS': 12}",9,22,116,0,Sumas Asentadas sin cuadrar,9.Quetzaltenango,1.Quetzaltenango,1412,presidente
10664,,"{'UNE': 25, 'AZUL': 2, 'VALOR UNIONISTA': 8, 'CABAL': 4, 'TODOS': 1, 'VAMOS': 2, 'PHG': 4, 'PR': 0, 'PIN': 1, 'ELEFANTE': 1, 'VICTORIA': 6, 'SEMILLA': 13, 'FCN-NACION': 2, 'PPN': 2, 'UR': 2, 'URNG-MAIZ WINAQ': 11, 'CREO': 1, 'BIEN': 3, 'VIVA': 12, 'MI FAMILIA': 0, 'CAMBIO': 0, 'VOS': 4}",4,26,134,0,Algún campo sin dato,9.Quetzaltenango,1.Quetzaltenango,1412,presidente
10665,,"{'UNE': 15, 'AZUL': 1, 'VALOR UNIONISTA': 9, 'CABAL': 2, 'TODOS': 1, 'VAMOS': 4, 'PHG': 4, 'PR': 1, 'PIN': 0, 'ELEFANTE': 1, 'VICTORIA': 2, 'SEMILLA': 14, 'FCN-NACION': 1, 'PPN': 1, 'UR': 1, 'URNG-MAIZ WINAQ': 8, 'CREO': 1, 'BIEN': 2, 'VIVA': 9, 'MI FAMILIA': 0, 'CAMBIO': 0, 'VOS': 5}",5,15,102,0,Algún campo sin dato,9.Quetzaltenango,1.Quetzaltenango,1412,presidente
10666,,"{'UNE': 16, 'AZUL': 1, 'VALOR UNIONISTA': 12, 'CABAL': 4, 'TODOS': 3, 'VAMOS': 6, 'PHG': 0, 'PR': 0, 'PIN': 0, 'ELEFANTE': 3, 'VICTORIA': 5, 'SEMILLA': 16, 'FCN-NACION': 2, 'PPN': 4, 'UR': 2, 'URNG-MAIZ WINAQ': 5, 'CREO': 1, 'BIEN': 4, 'VIVA': 10, 'MI FAMILIA': 2, 'CAMBIO': 0, 'VOS': 4}",6,16,122,0,Algún campo sin dato,9.Quetzaltenango,1.Quetzaltenango,1412,presidente
10667,,"{'UNE': 11, 'AZUL': 3, 'VALOR UNIONISTA': 4, 'CABAL': 5, 'TODOS': 1, 'VAMOS': 0, 'PHG': 5, 'PR': 0, 'PIN': 0, 'ELEFANTE': 1, 'VICTORIA': 4, 'SEMILLA': 32, 'FCN-NACION': 0, 'PPN': 0, 'UR': 0, 'URNG-MAIZ WINAQ': 5, 'CREO': 0, 'BIEN': 2, 'VIVA': 6, 'MI FAMILIA': 1, 'CAMBIO': 1, 'VOS': 10}",4,14,109,0,Algún campo sin dato,9.Quetzaltenango,1.Quetzaltenango,1412,presidente
10668,,"{'UNE': 3, 'AZUL': 3, 'VALOR UNIONISTA': 7, 'CABAL': 0, 'TODOS': 0, 'VAMOS': 1, 'PHG': 2, 'PR': 0, 'PIN': 0, 'ELEFANTE': 0, 'VICTORIA': 1, 'SEMILLA': 16, 'FCN-NACION': 0, 'PPN': 1, 'UR': 1, 'URNG-MAIZ WINAQ': 6, 'CREO': 1, 'BIEN': 2, 'VIVA': 4, 'MI FAMILIA': 1, 'CAMBIO': 0, 'VOS': 7}",0,7,63,0,Sumas Asentadas sin cuadrar,9.Quetzaltenango,1.Quetzaltenango,1412,presidente
10669,,"{'UNE': 6, 'AZUL': 1, 'VALOR UNIONISTA': 5, 'CABAL': 5, 'TODOS': 0, 'VAMOS': 3, 'PHG': 1, 'PR': 1, 'PIN': 1, 'ELEFANTE': 0, 'VICTORIA': 1, 'SEMILLA': 7, 'FCN-NACION': 0, 'PPN': 0, 'UR': 0, 'URNG-MAIZ WINAQ': 1, 'CREO': 0, 'BIEN': 0, 'VIVA': 9, 'MI FAMILIA': 3, 'CAMBIO': 1, 'VOS': 5}",1,7,58,0,Algún campo sin dato,9.Quetzaltenango,1.Quetzaltenango,1412,presidente
10670,,"{'UNE': 13, 'AZUL': 4, 'VALOR UNIONISTA': 10, 'CABAL': 18, 'TODOS': 1, 'VAMOS': 6, 'PHG': 12, 'PR': 0, 'PIN': 0, 'ELEFANTE': 0, 'VICTORIA': 13, 'SEMILLA': 22, 'FCN-NACION': 3, 'PPN': 4, 'UR': 8, 'URNG-MAIZ WINAQ': 5, 'CREO': 1, 'BIEN': 0, 'VIVA': 23, 'MI FAMILIA': 1, 'CAMBIO': 0, 'VOS': 14}",3,32,193,0,Algún campo sin dato,9.Quetzaltenango,1.Quetzaltenango,1413,presidente
10671,,"{'UNE': 30, 'AZUL': 7, 'VALOR UNIONISTA': 12, 'CABAL': 8, 'TODOS': 6, 'VAMOS': 8, 'PHG': 12, 'PR': 3, 'PIN': 0, 'ELEFANTE': 5, 'VICTORIA': 11, 'SEMILLA': 18, 'FCN-NACION': 1, 'PPN': 1, 'UR': 2, 'URNG-MAIZ WINAQ': 3, 'CREO': 3, 'BIEN': 1, 'VIVA': 18, 'MI FAMILIA': 3, 'CAMBIO': 0, 'VOS': 5}",8,26,191,0,Algún campo sin dato,9.Quetzaltenango,1.Quetzaltenango,1413,presidente
10672,,"{'UNE': 29, 'AZUL': 3, 'VALOR UNIONISTA': 13, 'CABAL': 18, 'TODOS': 1, 'VAMOS': 7, 'PHG': 8, 'PR': 4, 'PIN': 0, 'ELEFANTE': 3, 'VICTORIA': 7, 'SEMILLA': 20, 'FCN-NACION': 0, 'PPN': 6, 'UR': 3, 'URNG-MAIZ WINAQ': 6, 'CREO': 1, 'BIEN': 2, 'VIVA': 18, 'MI FAMILIA': 0, 'CAMBIO': 1, 'VOS': 17}",13,24,204,0,Algún campo sin dato,9.Quetzaltenango,1.Quetzaltenango,1413,presidente
10673,,"{'UNE': 27, 'AZUL': 3, 'VALOR UNIONISTA': 7, 'CABAL': 6, 'TODOS': 3, 'VAMOS': 12, 'PHG': 13, 'PR': 4, 'PIN': 1, 'ELEFANTE': 0, 'VICTORIA': 3, 'SEMILLA': 30, 'FCN-NACION': 2, 'PPN': 3, 'UR': 2, 'URNG-MAIZ WINAQ': 8, 'CREO': 2, 'BIEN': 2, 'VIVA': 23, 'MI FAMILIA': 1, 'CAMBIO': 1, 'VOS': 7}",13,20,193,3,Sumas Asentadas sin cuadrar,9.Quetzaltenango,1.Quetzaltenango,1413,presidente
10674,,"{'UNE': 25, 'AZUL': 1, 'VALOR UNIONISTA': 10, 'CABAL': 11, 'TODOS': 0, 'VAMOS': 4, 'PHG': 9, 'PR': 1, 'PIN': 0, 'ELEFANTE': 3, 'VICTORIA': 12, 'SEMILLA': 29, 'FCN-NACION': 0, 'PPN': 2, 'UR': 3, 'URNG-MAIZ WINAQ': 9, 'CREO': 1, 'BIEN': 4, 'VIVA': 23, 'MI FAMILIA': 1, 'CAMBIO': 0, 'VOS': 20}",6,27,201,0,Algún campo sin dato,9.Quetzaltenango,1.Quetzaltenango,1413,presidente
10675,,"{'UNE': 12, 'AZUL': 4, 'VALOR UNIONISTA': 11, 'CABAL': 6, 'TODOS': 0, 'VAMOS': 6, 'PHG': 3, 'PR': 2, 'PIN': 1, 'ELEFANTE': 3, 'VICTORIA': 4, 'SEMILLA': 47, 'FCN-NACION': 3, 'PPN': 6, 'UR': 2, 'URNG-MAIZ WINAQ': 10, 'CREO': 4, 'BIEN': 5, 'VIVA': 20, 'MI FAMILIA': 9, 'CAMBIO': 0, 'VOS': 18}",4,30,210,0,Algún campo sin dato,9.Quetzaltenango,1.Quetzaltenango,1413,presidente
10676,,"{'UNE': 15, 'AZUL': 1, 'VALOR UNIONISTA': 6, 'CABAL': 8, 'TODOS': 0, 'VAMOS': 3, 'PHG': 6, 'PR': 1, 'PIN': 0, 'ELEFANTE': 2, 'VICTORIA': 5, 'SEMILLA': 37, 'FCN-NACION': 0, 'PPN': 2, 'UR': 1, 'URNG-MAIZ WINAQ': 4, 'CREO': 0, 'BIEN': 3, 'VIVA': 19, 'MI FAMILIA': 4, 'CAMBIO': 0, 'VOS': 17}",4,29,167,0,Algún campo sin dato,9.Quetzaltenango,1.Quetzaltenango,1413,presidente
10677,,"{'UNE': 6, 'AZUL': 0, 'VALOR UNIONISTA': 6, 'CABAL': 4, 'TODOS': 0, 'VAMOS': 2, 'PHG': 3, 'PR': 0, 'PIN': 0, 'ELEFANTE': 2, 'VICTORIA': 4, 'SEMILLA': 54, 'FCN-NACION': 0, 'PPN': 2, 'UR': 1, 'URNG-MAIZ WINAQ': 3, 'CREO': 0, 'BIEN': 8, 'VIVA': 5, 'MI FAMILIA': 2, 'CAMBIO': 0, 'VOS': 17}",0,3,122,0,Sumas Asentadas sin cuadrar,9.Quetzaltenango,1.Quetzaltenango,1413,presidente
10678,,"{'UNE': 35, 'AZUL': 2, 'VALOR UNIONISTA': 19, 'CABAL': 13, 'TODOS': 2, 'VAMOS': 6, 'PHG': 2, 'PR': 0, 'PIN': 1, 'ELEFANTE': 0, 'VICTORIA': 4, 'SEMILLA': 29, 'FCN-NACION': 1, 'PPN': 3, 'UR': 2, 'URNG-MAIZ WINAQ': 13, 'CREO': 2, 'BIEN': 4, 'VIVA': 14, 'MI FAMILIA': 3, 'CAMBIO': 1, 'VOS': 11}",7,36,210,0,Algún campo sin dato,9.Quetzaltenango,1.Quetzaltenango,1414,presidente
10679,,"{'UNE': 26, 'AZUL': 4, 'VALOR UNIONISTA': 9, 'CABAL': 3, 'TODOS': 2, 'VAMOS': 8, 'PHG': 5, 'PR': 8, 'PIN': 3, 'ELEFANTE': 2, 'VICTORIA': 8, 'SEMILLA': 26, 'FCN-NACION': 2, 'PPN': 3, 'UR': 1, 'URNG-MAIZ WINAQ': 8, 'CREO': 4, 'BIEN': 1, 'VIVA': 17, 'MI FAMILIA': 5, 'CAMBIO': 1, 'VOS': 8}",7,35,196,0,Algún campo sin dato,9.Quetzaltenango,1.Quetzaltenango,1414,presidente
10680,,"{'UNE': 31, 'AZUL': 2, 'VALOR UNIONISTA': 12, 'CABAL': 6, 'TODOS': 2, 'VAMOS': 5, 'PHG': 0, 'PR': 2, 'PIN': 1, 'ELEFANTE': 0, 'VICTORIA': 7, 'SEMILLA': 23, 'FCN-NACION': 1, 'PPN': 1, 'UR': 0, 'URNG-MAIZ WINAQ': 11, 'CREO': 2, 'BIEN': 6, 'VIVA': 24, 'MI FAMILIA': 5, 'CAMBIO': 1, 'VOS': 12}",10,15,179,9,Algún campo sin dato,9.Quetzaltenango,1.Quetzaltenango,1414,presidente
10681,,"{'UNE': 33, 'AZUL': 2, 'VALOR UNIONISTA': 12, 'CABAL': 6, 'TODOS': 0, 'VAMOS': 8, 'PHG': 3, 'PR': 1, 'PIN': 0, 'ELEFANTE': 2, 'VICTORIA': 1, 'SEMILLA': 18, 'FCN-NACION': 0, 'PPN': 1, 'UR': 3, 'URNG-MAIZ WINAQ': 5, 'CREO': 0, 'BIEN': 2, 'VIVA': 7, 'MI FAMILIA': 3, 'CAMBIO': 0, 'VOS': 11}",4,24,146,5,Algún campo sin dato,9.Quetzaltenango,1.Quetzaltenango,1414,presidente
10682,,"{'UNE': 24, 'AZUL': 2, 'VALOR UNIONISTA': 10, 'CABAL': 9, 'TODOS': 1, 'VAMOS': 4, 'PHG': 5, 'PR': 1, 'PIN': 1, 'ELEFANTE': 1, 'VICTORIA': 3, 'SEMILLA': 31, 'FCN-NACION': 1, 'PPN': 0, 'UR': 1, 'URNG-MAIZ WINAQ': 9, 'CREO': 1, 'BIEN': 4, 'VIVA': 18, 'MI FAMILIA': 8, 'CAMBIO': 0, 'VOS': 13}",9,39,195,0,Algún campo sin dato,9.Quetzaltenango,1.Quetzaltenango,1414,presidente
10683,,"{'UNE': 27, 'AZUL': 2, 'VALOR UNIONISTA': 12, 'CABAL': 5, 'TODOS': 0, 'VAMOS': 7, 'PHG': 3, 'PR': 4, 'PIN': 0, 'ELEFANTE': 0, 'VICTORIA': 2, 'SEMILLA': 19, 'FCN-NACION': 1, 'PPN': 2, 'UR': 1, 'URNG-MAIZ WINAQ': 9, 'CREO': 0, 'BIEN': 2, 'VIVA': 17, 'MI FAMILIA': 2, 'CAMBIO': 0, 'VOS': 14}",7,22,158,0,Algún campo sin dato,9.Quetzaltenango,1.Quetzaltenango,1414,presidente
10684,,"{'UNE': 29, 'AZUL': 1, 'VALOR UNIONISTA': 6, 'CABAL': 4, 'TODOS': 3, 'VAMOS': 9, 'PHG': 3, 'PR': 1, 'PIN': 0, 'ELEFANTE': 0, 'VICTORIA': 4, 'SEMILLA': 29, 'FCN-NACION': 1, 'PPN': 2, 'UR': 3, 'URNG-MAIZ WINAQ': 9, 'CREO': 0, 'BIEN': 8, 'VIVA': 10, 'MI FAMILIA': 2, 'CAMBIO': 0, 'VOS': 16}",2,15,157,0,Algún campo sin dato,9.Quetzaltenango,1.Quetzaltenango,1414,presidente
10685,,"{'UNE': 14, 'AZUL': 0, 'VALOR UNIONISTA': 5, 'CABAL': 1, 'TODOS': 1, 'VAMOS': 1, 'PHG': 2, 'PR': 0, 'PIN': 0, 'ELEFANTE': 0, 'VICTORIA': 0, 'SEMILLA': 29, 'FCN-NACION': 1, 'PPN': 0, 'UR': 0, 'URNG-MAIZ WINAQ': 5, 'CREO': 1, 'BIEN': 4, 'VIVA': 8, 'MI FAMILIA': 1, 'CAMBIO': 0, 'VOS': 10}",0,8,91,0,Algún campo sin dato,9.Quetzaltenango,1.Quetzaltenango,1414,presidente
10686,,"{'UNE': 7, 'AZUL': 1, 'VALOR UNIONISTA': 1, 'CABAL': 0, 'TODOS': 0, 'VAMOS': 2, 'PHG': 1, 'PR': 0, 'PIN': 0, 'ELEFANTE': 0, 'VICTORIA': 2, 'SEMILLA': 38, 'FCN-NACION': 1, 'PPN': 1, 'UR': 0, 'URNG-MAIZ WINAQ': 1, 'CREO': 1, 'BIEN': 5, 'VIVA': 10, 'MI FAMILIA': 2, 'CAMBIO': 0, 'VOS': 12}",2,11,98,0,Algún campo sin dato,9.Quetzaltenango,1.Quetzaltenango,1414,presidente
10687,,"{'UNE': 16, 'AZUL': 4, 'VALOR UNIONISTA': 14, 'CABAL': 25, 'TODOS': 1, 'VAMOS': 6, 'PHG': 4, 'PR': 5, 'PIN': 2, 'ELEFANTE': 1, 'VICTORIA': 0, 'SEMILLA': 76, 'FCN-NACION': 1, 'PPN': 2, 'UR': 3, 'URNG-MAIZ WINAQ': 8, 'CREO': 0, 'BIEN': 8, 'VIVA': 9, 'MI FAMILIA': 3, 'CAMBIO': 1, 'VOS': 36}",4,36,265,0,Algún campo sin dato,9.Quetzaltenango,1.Quetzaltenango,1415,presidente
10688,,"{'UNE': 22, 'AZUL': 4, 'VALOR UNIONISTA': 21, 'CABAL': 11, 'TODOS': 2, 'VAMOS': 5, 'PHG': 2, 'PR': 6, 'PIN': 1, 'ELEFANTE': 0, 'VICTORIA': 1, 'SEMILLA': 50, 'FCN-NACION': 1, 'PPN': 0, 'UR': 5, 'URNG-MAIZ WINAQ': 6, 'CREO': 2, 'BIEN': 10, 'VIVA': 9, 'MI FAMILIA': 9, 'CAMBIO': 0, 'VOS': 48}",7,24,246,0,Algún campo sin dato,9.Quetzaltenango,1.Quetzaltenango,1415,presidente
10689,,"{'UNE': 9, 'AZUL': 4, 'VALOR UNIONISTA': 28, 'CABAL': 17, 'TODOS': 4, 'VAMOS': 7, 'PHG': 5, 'PR': 5, 'PIN': 2, 'ELEFANTE': 0, 'VICTORIA': 8, 'SEMILLA': 39, 'FCN-NACION': 2, 'PPN': 3, 'UR': 7, 'URNG-MAIZ WINAQ': 15, 'CREO': 2, 'BIEN': 6, 'VIVA': 13, 'MI FAMILIA': 7, 'CAMBIO': 0, 'VOS': 40}",5,39,267,1,Algún campo sin dato,9.Quetzaltenango,1.Quetzaltenango,1415,presidente
10690,,"{'UNE': 11, 'AZUL': 10, 'VALOR UNIONISTA': 17, 'CABAL': 19, 'TODOS': 0, 'VAMOS': 11, 'PHG': 4, 'PR': 5, 'PIN': 0, 'ELEFANTE': 0, 'VICTORIA': 5, 'SEMILLA': 72, 'FCN-NACION': 1, 'PPN': 2, 'UR': 7, 'URNG-MAIZ WINAQ': 5, 'CREO': 3, 'BIEN': 7, 'VIVA': 8, 'MI FAMILIA': 5, 'CAMBIO': 1, 'VOS': 33}",6,28,260,0,Algún campo sin dato,9.Quetzaltenango,1.Quetzaltenango,1415,presidente
10691,,"{'UNE': 15, 'AZUL': 6, 'VALOR UNIONISTA': 22, 'CABAL': 18, 'TODOS': 2, 'VAMOS': 7, 'PHG': 5, 'PR': 2, 'PIN': 0, 'ELEFANTE': 1, 'VICTORIA': 5, 'SEMILLA': 48, 'FCN-NACION': 3, 'PPN': 0, 'UR': 6, 'URNG-MAIZ WINAQ': 6, 'CREO': 0, 'BIEN': 6, 'VIVA': 10, 'MI FAMILIA': 9, 'CAMBIO': 0, 'VOS': 31}",8,26,236,0,Algún campo sin dato,9.Quetzaltenango,1.Quetzaltenango,1415,presidente
10692,,"{'UNE': 14, 'AZUL': 0, 'VALOR UNIONISTA': 16, 'CABAL': 26, 'TODOS': 0, 'VAMOS': 2, 'PHG': 2, 'PR': 5, 'PIN': 0, 'ELEFANTE': 2, 'VICTORIA': 4, 'SEMILLA': 49, 'FCN-NACION': 0, 'PPN': 1, 'UR': 2, 'URNG-MAIZ WINAQ': 8, 'CREO': 4, 'BIEN': 11, 'VIVA': 12, 'MI FAMILIA': 5, 'CAMBIO': 0, 'VOS': 39}",5,24,231,0,Algún campo sin dato,9.Quetzaltenango,1.Quetzaltenango,1415,presidente
10693,,"{'UNE': 11, 'AZUL': 4, 'VALOR UNIONISTA': 16, 'CABAL': 20, 'TODOS': 0, 'VAMOS': 8, 'PHG': 2, 'PR': 6, 'PIN': 2, 'ELEFANTE': 4, 'VICTORIA': 6, 'SEMILLA': 64, 'FCN-NACION': 0, 'PPN': 0, 'UR': 2, 'URNG-MAIZ WINAQ': 9, 'CREO': 2, 'BIEN': 6, 'VIVA': 9, 'MI FAMILIA': 7, 'CAMBIO': 2, 'VOS': 23}",3,27,233,0,Algún campo sin dato,9.Quetzaltenango,1.Quetzaltenango,1415,presidente
10694,,"{'UNE': 11, 'AZUL': 5, 'VALOR UNIONISTA': 17, 'CABAL': 27, 'TODOS': 2, 'VAMOS': 6, 'PHG': 7, 'PR': 2, 'PIN': 0, 'ELEFANTE': 3, 'VICTORIA': 6, 'SEMILLA': 62, 'FCN-NACION': 1, 'PPN': 2, 'UR': 6, 'URNG-MAIZ WINAQ': 8, 'CREO': 1, 'BIEN': 11, 'VIVA': 6, 'MI FAMILIA': 4, 'CAMBIO': 1, 'VOS': 39}",2,25,254,0,Algún campo sin dato,9.Quetzaltenango,1.Quetzaltenango,1415,presidente
10695,,"{'UNE': 15, 'AZUL': 6, 'VALOR UNIONISTA': 22, 'CABAL': 15, 'TODOS': 1, 'VAMOS': 6, 'PHG': 4, 'PR': 4, 'PIN': 0, 'ELEFANTE': 0, 'VICTORIA': 2, 'SEMILLA': 48, 'FCN-NACION': 2, 'PPN': 3, 'UR': 5, 'URNG-MAIZ WINAQ': 11, 'CREO': 4, 'BIEN': 10, 'VIVA': 9, 'MI FAMILIA': 3, 'CAMBIO': 0, 'VOS': 46}",2,25,243,0,Algún campo sin dato,9.Quetzaltenango,1.Quetzaltenango,1416,presidente
10696,,"{'UNE': 13, 'AZUL': 3, 'VALOR UNIONISTA': 19, 'CABAL': 23, 'TODOS': 0, 'VAMOS': 2, 'PHG': 2, 'PR': 5, 'PIN': 0, 'ELEFANTE': 1, 'VICTORIA': 8, 'SEMILLA': 82, 'FCN-NACION': 2, 'PPN': 3, 'UR': 3, 'URNG-MAIZ WINAQ': 5, 'CREO': 3, 'BIEN': 15, 'VIVA': 5, 'MI FAMILIA': 7, 'CAMBIO': 4, 'VOS': 43}",1,26,275,0,Algún campo sin dato,9.Quetzaltenango,1.Quetzaltenango,1416,presidente
10697,,"{'UNE': 16, 'AZUL': 1, 'VALOR UNIONISTA': 36, 'CABAL': 25, 'TODOS': 0, 'VAMOS': 9, 'PHG': 4, 'PR': 3, 'PIN': 0, 'ELEFANTE': 3, 'VICTORIA': 8, 'SEMILLA': 79, 'FCN-NACION': 1, 'PPN': 1, 'UR': 5, 'URNG-MAIZ WINAQ': 7, 'CREO': 1, 'BIEN': 15, 'VIVA': 8, 'MI FAMILIA': 12, 'CAMBIO': 0, 'VOS': 49}",3,23,309,0,Algún campo sin dato,9.Quetzaltenango,1.Quetzaltenango,1416,presidente
10698,,"{'UNE': 12, 'AZUL': 6, 'VALOR UNIONISTA': 27, 'CABAL': 28, 'TODOS': 0, 'VAMOS': 5, 'PHG': 1, 'PR': 5, 'PIN': 0, 'ELEFANTE': 4, 'VICTORIA': 5, 'SEMILLA': 66, 'FCN-NACION': 3, 'PPN': 1, 'UR': 3, 'URNG-MAIZ WINAQ': 5, 'CREO': 4, 'BIEN': 7, 'VIVA': 9, 'MI FAMILIA': 9, 'CAMBIO': 1, 'VOS': 46}",2,23,272,0,,9.Quetzaltenango,1.Quetzaltenango,1416,presidente
10699,,"{'UNE': 16, 'AZUL': 3, 'VALOR UNIONISTA': 24, 'CABAL': 30, 'TODOS': 1, 'VAMOS': 11, 'PHG': 4, 'PR': 6, 'PIN': 1, 'ELEFANTE': 3, 'VICTORIA': 13, 'SEMILLA': 76, 'FCN-NACION': 0, 'PPN': 2, 'UR': 4, 'URNG-MAIZ WINAQ': 11, 'CREO': 6, 'BIEN': 14, 'VIVA': 12, 'MI FAMILIA': 8, 'CAMBIO': 1, 'VOS': 48}",4,15,313,0,Algún campo sin dato,9.Quetzaltenango,1.Quetzaltenango,1416,presidente
10700,,"{'UNE': 14, 'AZUL': 8, 'VALOR UNIONISTA': 23, 'CABAL': 27, 'TODOS': 0, 'VAMOS': 12, 'PHG': 2, 'PR': 3, 'PIN': 0, 'ELEFANTE': 0, 'VICTORIA': 5, 'SEMILLA': 79, 'FCN-NACION': 1, 'PPN': 2, 'UR': 2, 'URNG-MAIZ WINAQ': 9, 'CREO': 4, 'BIEN': 14, 'VIVA': 3, 'MI FAMILIA': 9, 'CAMBIO': 1, 'VOS': 62}",6,35,321,0,Sumas Asentadas sin cuadrar,9.Quetzaltenango,1.Quetzaltenango,1416,presidente
10701,,"{'UNE': 16, 'AZUL': 3, 'VALOR UNIONISTA': 25, 'CABAL': 21, 'TODOS': 1, 'VAMOS': 11, 'PHG': 3, 'PR': 3, 'PIN': 1, 'ELEFANTE': 5, 'VICTORIA': 2, 'SEMILLA': 58, 'FCN-NACION': 2, 'PPN': 2, 'UR': 8, 'URNG-MAIZ WINAQ': 5, 'CREO': 2, 'BIEN': 4, 'VIVA': 10, 'MI FAMILIA': 6, 'CAMBIO': 1, 'VOS': 41}",6,26,262,0,Algún campo sin dato,9.Quetzaltenango,1.Quetzaltenango,1416,presidente
10702,,"{'UNE': 14, 'AZUL': 5, 'VALOR UNIONISTA': 25, 'CABAL': 19, 'TODOS': 0, 'VAMOS': 4, 'PHG': 2, 'PR': 8, 'PIN': 1, 'ELEFANTE': 2, 'VICTORIA': 6, 'SEMILLA': 66, 'FCN-NACION': 1, 'PPN': 3, 'UR': 5, 'URNG-MAIZ WINAQ': 8, 'CREO': 2, 'BIEN': 3, 'VIVA': 10, 'MI FAMILIA': 8, 'CAMBIO': 5, 'VOS': 29}",5,30,261,0,Algún campo sin dato,9.Quetzaltenango,1.Quetzaltenango,1416,presidente
10703,,"{'UNE': 18, 'AZUL': 3, 'VALOR UNIONISTA': 17, 'CABAL': 16, 'TODOS': 0, 'VAMOS': 12, 'PHG': 3, 'PR': 4, 'PIN': 0, 'ELEFANTE': 3, 'VICTORIA': 3, 'SEMILLA': 65, 'FCN-NACION': 1, 'PPN': 2, 'UR': 3, 'URNG-MAIZ WINAQ': 10, 'CREO': 5, 'BIEN': 4, 'VIVA': 3, 'MI FAMILIA': 5, 'CAMBIO': 0, 'VOS': 36}",6,27,246,0,Algún campo sin dato,9.Quetzaltenango,1.Quetzaltenango,1417,presidente
10704,,"{'UNE': 18, 'AZUL': 6, 'VALOR UNIONISTA': 17, 'CABAL': 17, 'TODOS': 1, 'VAMOS': 9, 'PHG': 3, 'PR': 2, 'PIN': 0, 'ELEFANTE': 0, 'VICTORIA': 1, 'SEMILLA': 54, 'FCN-NACION': 2, 'PPN': 1, 'UR': 1, 'URNG-MAIZ WINAQ': 12, 'CREO': 0, 'BIEN': 6, 'VIVA': 8, 'MI FAMILIA': 5, 'CAMBIO': 1, 'VOS': 42}",2,18,226,0,Algún campo sin dato,9.Quetzaltenango,1.Quetzaltenango,1417,presidente
10705,,"{'UNE': 10, 'AZUL': 4, 'VALOR UNIONISTA': 28, 'CABAL': 19, 'TODOS': 1, 'VAMOS': 3, 'PHG': 1, 'PR': 1, 'PIN': 0, 'ELEFANTE': 1, 'VICTORIA': 3, 'SEMILLA': 50, 'FCN-NACION': 1, 'PPN': 0, 'UR': 4, 'URNG-MAIZ WINAQ': 7, 'CREO': 2, 'BIEN': 5, 'VIVA': 6, 'MI FAMILIA': 4, 'CAMBIO': 1, 'VOS': 41}",1,23,216,0,Algún campo sin dato,9.Quetzaltenango,1.Quetzaltenango,1417,presidente
10706,,"{'UNE': 10, 'AZUL': 2, 'VALOR UNIONISTA': 10, 'CABAL': 8, 'TODOS': 0, 'VAMOS': 2, 'PHG': 0, 'PR': 1, 'PIN': 0, 'ELEFANTE': 1, 'VICTORIA': 3, 'SEMILLA': 33, 'FCN-NACION': 1, 'PPN': 2, 'UR': 3, 'URNG-MAIZ WINAQ': 1, 'CREO': 3, 'BIEN': 3, 'VIVA': 2, 'MI FAMILIA': 0, 'CAMBIO': 0, 'VOS': 17}",3,20,125,0,Sumas Asentadas sin cuadrar,9.Quetzaltenango,1.Quetzaltenango,1417,presidente
10707,,"{'UNE': 4, 'AZUL': 0, 'VALOR UNIONISTA': 7, 'CABAL': 6, 'TODOS': 0, 'VAMOS': 3, 'PHG': 1, 'PR': 0, 'PIN': 0, 'ELEFANTE': 0, 'VICTORIA': 2, 'SEMILLA': 8, 'FCN-NACION': 0, 'PPN': 1, 'UR': 1, 'URNG-MAIZ WINAQ': 2, 'CREO': 2, 'BIEN': 1, 'VIVA': 2, 'MI FAMILIA': 1, 'CAMBIO': 0, 'VOS': 7}",2,13,63,0,Algún campo sin dato,9.Quetzaltenango,1.Quetzaltenango,1417,presidente
10708,,"{'UNE': 5, 'AZUL': 0, 'VALOR UNIONISTA': 4, 'CABAL': 4, 'TODOS': 0, 'VAMOS': 0, 'PHG': 0, 'PR': 0, 'PIN': 0, 'ELEFANTE': 1, 'VICTORIA': 1, 'SEMILLA': 8, 'FCN-NACION': 0, 'PPN': 0, 'UR': 0, 'URNG-MAIZ WINAQ': 0, 'CREO': 0, 'BIEN': 0, 'VIVA': 0, 'MI FAMILIA': 2, 'CAMBIO': 0, 'VOS': 5}",0,5,35,0,Algún campo sin dato,9.Quetzaltenango,1.Quetzaltenango,1417,presidente
10709,,"{'UNE': 4, 'AZUL': 0, 'VALOR UNIONISTA': 3, 'CABAL': 1, 'TODOS': 0, 'VAMOS': 1, 'PHG': 1, 'PR': 1, 'PIN': 0, 'ELEFANTE': 1, 'VICTORIA': 2, 'SEMILLA': 5, 'FCN-NACION': 0, 'PPN': 0, 'UR': 0, 'URNG-MAIZ WINAQ': 3, 'CREO': 1, 'BIEN': 0, 'VIVA': 0, 'MI FAMILIA': 2, 'CAMBIO': 0, 'VOS': 1}",0,0,26,0,Algún campo sin dato,9.Quetzaltenango,1.Quetzaltenango,1417,presidente
