mesa,acta_url,partidos,votos_blanco,votos_nulos,votos_total,votos_invalidos,observaciones,departamento,municipio,centro,tipo
2723,,"{'UNE': 12, 'AZUL': 2, 'VALOR UNIONISTA': 27, 'CABAL': 12, 'TODOS': 0, 'VAMOS': 6, 'PHG': 2, 'PR': 5, 'PIN': 1, 'ELEFANTE': 1, 'VICTORIA': 17, 'SEMILLA': 66, 'FCN-NACION': 3, 'PPN': 2, 'UR': 5, 'URNG-MAIZ WINAQ': 3, 'CREO': 3, 'BIEN': 16, 'VIVA': 17, 'MI FAMILIA': 7, 'CAMBIO': 0, 'VOS': 31}",2,48,288,0,Algún campo sin dato,1.Guatemala,8.Mixco,0245,presidente
2724,,"{'UNE': 14, 'AZUL': 4, 'VALOR UNIONISTA': 28, 'CABAL': 22, 'TODOS': 0, 'VAMOS': 6, 'PHG': 1, 'PR': 2, 'PIN': 0, 'ELEFANTE': 3, 'VICTORIA': 22, 'SEMILLA': 54, 'FCN-NACION': 1, 'PPN': 3, 'UR': 5, 'URNG-MAIZ WINAQ': 2, 'CREO': 0, 'BIEN': 6, 'VIVA': 22, 'MI FAMILIA': 6, 'CAMBIO': 2, 'VOS': 20}",2,33,258,0,Algún campo sin dato,1.Guatemala,8.Mixco,0245,presidente
2725,,"{'UNE': 12, 'AZUL': 4, 'VALOR UNIONISTA': 27, 'CABAL': 17, 'TODOS': 2, 'VAMOS': 7, 'PHG': 1, 'PR': 3, 'PIN': 1, 'ELEFANTE': 5, 'VICTORIA': 13, 'SEMILLA': 54, 'FCN-NACION': 0, 'PPN': 2, 'UR': 3, 'URNG-MAIZ WINAQ': 3, 'CREO': 2, 'BIEN': 17, 'VIVA': 17, 'MI FAMILIA': 10, 'CAMBIO': 0, 'VOS': 42}",3,32,277,0,Algún campo sin dato,1.Guatemala,8.Mixco,0245,presidente
2726,,"{'UNE': 12, 'AZUL': 5, 'VALOR UNIONISTA': 40, 'CABAL': 19, 'TODOS': 1, 'VAMOS': 5, 'PHG': 0, 'PR': 1, 'PIN': 0, 'ELEFANTE': 3, 'VICTORIA': 18, 'SEMILLA': 46, 'FCN-NACION': 1, 'PPN': 3, 'UR': 0, 'URNG-MAIZ WINAQ': 6, 'CREO': 2, 'BIEN': 11, 'VIVA': 15, 'MI FAMILIA': 9, 'CAMBIO': 0, 'VOS': 39}",2,45,283,0,Algún campo sin dato,1.Guatemala,8.Mixco,0245,presidente
2727,,"{'UNE': 12, 'AZUL': 8, 'VALOR UNIONISTA': 34, 'CABAL': 9, 'TODOS': 1, 'VAMOS': 6, 'PHG': 0, 'PR': 3, 'PIN': 0, 'ELEFANTE': 1, 'VICTORIA': 15, 'SEMILLA': 55, 'FCN-NACION': 1, 'PPN': 1, 'UR': 6, 'URNG-MAIZ WINAQ': 4, 'CREO': 1, 'BIEN': 13, 'VIVA': 14, 'MI FAMILIA': 8, 'CAMBIO': 0, 'VOS': 28}",5,40,265,0,Algún campo sin dato,1.Guatemala,8.Mixco,0245,presidente
2728,,"{'UNE': 11, 'AZUL': 2, 'VALOR UNIONISTA': 21, 'CABAL': 13, 'TODOS': 1, 'VAMOS': 5, 'PHG': 3, 'PR': 0, 'PIN': 0, 'ELEFANTE': 7, 'VICTORIA': 23, 'SEMILLA': 70, 'FCN-NACION': 1, 'PPN': 1, 'UR': 2, 'URNG-MAIZ WINAQ': 1, 'CREO': 2, 'BIEN': 16, 'VIVA': 19, 'MI FAMILIA': 6, 'CAMBIO': 1, 'VOS': 37}",0,29,271,0,Algún campo sin dato,1.Guatemala,8.Mixco,0245,presidente
2729,,"{'UNE': 14, 'AZUL': 2, 'VALOR UNIONISTA': 24, 'CABAL': 13, 'TODOS': 2, 'VAMOS': 4, 'PHG': 1, 'PR': 1, 'PIN': 1, 'ELEFANTE': 3, 'VICTORIA': 15, 'SEMILLA': 83, 'FCN-NACION': 1, 'PPN': 2, 'UR': 4, 'URNG-MAIZ WINAQ': 3, 'CREO': 4, 'BIEN': 12, 'VIVA': 17, 'MI FAMILIA': 2, 'CAMBIO': 0, 'VOS': 33}",1,23,265,0,Algún campo sin dato,1.Guatemala,8.Mixco,0246,presidente
2730,,"{'UNE': 10, 'AZUL': 9, 'VALOR UNIONISTA': 19, 'CABAL': 17, 'TODOS': 1, 'VAMOS': 0, 'PHG': 2, 'PR': 1, 'PIN': 0, 'ELEFANTE': 5, 'VICTORIA': 19, 'SEMILLA': 75, 'FCN-NACION': 1, 'PPN': 0, 'UR': 1, 'URNG-MAIZ WINAQ': 4, 'CREO': 2, 'BIEN': 17, 'VIVA': 13, 'MI FAMILIA': 5, 'CAMBIO': 1, 'VOS': 28}",0,33,263,0,Algún campo sin dato,1.Guatemala,8.Mixco,0246,presidente
2731,,"{'UNE': 10, 'AZUL': 2, 'VALOR UNIONISTA': 29, 'CABAL': 15, 'TODOS': 1, 'VAMOS': 0, 'PHG': 0, 'PR': 5, 'PIN': 0, 'ELEFANTE': 1, 'VICTORIA': 13, 'SEMILLA': 74, 'FCN-NACION': 0, 'PPN': 3, 'UR': 1, 'URNG-MAIZ WINAQ': 4, 'CREO': 4, 'BIEN': 12, 'VIVA': 14, 'MI FAMILIA': 6, 'CAMBIO': 0, 'VOS': 31}",1,38,264,39,Sumas Asentadas sin cuadrar,1.Guatemala,8.Mixco,0246,presidente
2732,,"{'UNE': 15, 'AZUL': 4, 'VALOR UNIONISTA': 29, 'CABAL': 19, 'TODOS': 0, 'VAMOS': 5, 'PHG': 3, 'PR': 3, 'PIN': 0, 'ELEFANTE': 5, 'VICTORIA': 24, 'SEMILLA': 59, 'FCN-NACION': 1, 'PPN': 2, 'UR': 5, 'URNG-MAIZ WINAQ': 7, 'CREO': 2, 'BIEN': 10, 'VIVA': 15, 'MI FAMILIA': 4, 'CAMBIO': 1, 'VOS': 42}",0,23,278,0,Algún campo sin dato,1.Guatemala,8.Mixco,0246,presidente
2733,,"{'UNE': 9, 'AZUL': 2, 'VALOR UNIONISTA': 29, 'CABAL': 15, 'TODOS': 1, 'VAMOS': 0, 'PHG': 2, 'PR': 4, 'PIN': 0, 'ELEFANTE': 6, 'VICTORIA': 18, 'SEMILLA': 72, 'FCN-NACION': 0, 'PPN': 0, 'UR': 5, 'URNG-MAIZ WINAQ': 4, 'CREO': 4, 'BIEN': 13, 'VIVA': 15, 'MI FAMILIA': 2, 'CAMBIO': 3, 'VOS': 34}",3,36,277,0,Algún campo sin dato,1.Guatemala,8.Mixco,0246,presidente
2734,,"{'UNE': 11, 'AZUL': 2, 'VALOR UNIONISTA': 24, 'CABAL': 19, 'TODOS': 0, 'VAMOS': 5, 'PHG': 1, 'PR': 5, 'PIN': 0, 'ELEFANTE': 4, 'VICTORIA': 18, 'SEMILLA': 66, 'FCN-NACION': 1, 'PPN': 0, 'UR': 3, 'URNG-MAIZ WINAQ': 4, 'CREO': 3, 'BIEN': 13, 'VIVA': 13, 'MI FAMILIA': 5, 'CAMBIO': 1, 'VOS': 33}",2,37,270,0,Sumas Asentadas sin cuadrar,1.Guatemala,8.Mixco,0246,presidente
2735,,"{'UNE': 3, 'AZUL': 6, 'VALOR UNIONISTA': 31, 'CABAL': 10, 'TODOS': 2, 'VAMOS': 3, 'PHG': 1, 'PR': 4, 'PIN': 0, 'ELEFANTE': 2, 'VICTORIA': 20, 'SEMILLA': 64, 'FCN-NACION': 2, 'PPN': 0, 'UR': 4, 'URNG-MAIZ WINAQ': 5, 'CREO': 4, 'BIEN': 10, 'VIVA': 17, 'MI FAMILIA': 5, 'CAMBIO': 0, 'VOS': 35}",4,31,263,0,Algún campo sin dato,1.Guatemala,8.Mixco,0246,presidente
2736,,"{'UNE': 19, 'AZUL': 3, 'VALOR UNIONISTA': 24, 'CABAL': 16, 'TODOS': 0, 'VAMOS': 3, 'PHG': 0, 'PR': 2, 'PIN': 1, 'ELEFANTE': 6, 'VICTORIA': 21, 'SEMILLA': 63, 'FCN-NACION': 1, 'PPN': 1, 'UR': 3, 'URNG-MAIZ WINAQ': 2, 'CREO': 1, 'BIEN': 10, 'VIVA': 20, 'MI FAMILIA': 5, 'CAMBIO': 2, 'VOS': 29}",1,26,259,0,Algún campo sin dato,1.Guatemala,8.Mixco,0246,presidente
2737,,"{'UNE': 19, 'AZUL': 3, 'VALOR UNIONISTA': 26, 'CABAL': 15, 'TODOS': 0, 'VAMOS': 2, 'PHG': 0, 'PR': 2, 'PIN': 0, 'ELEFANTE': 3, 'VICTORIA': 16, 'SEMILLA': 66, 'FCN-NACION': 0, 'PPN': 1, 'UR': 3, 'URNG-MAIZ WINAQ': 1, 'CREO': 3, 'BIEN': 7, 'VIVA': 5, 'MI FAMILIA': 12, 'CAMBIO': 1, 'VOS': 20}",2,20,227,0,Algún campo sin dato,1.Guatemala,8.Mixco,0246,presidente
2738,,"{'UNE': 16, 'AZUL': 4, 'VALOR UNIONISTA': 21, 'CABAL': 13, 'TODOS': 0, 'VAMOS': 0, 'PHG': 1, 'PR': 4, 'PIN': 1, 'ELEFANTE': 3, 'VICTORIA': 21, 'SEMILLA': 66, 'FCN-NACION': 0, 'PPN': 0, 'UR': 4, 'URNG-MAIZ WINAQ': 0, 'CREO': 3, 'BIEN': 15, 'VIVA': 15, 'MI FAMILIA': 5, 'CAMBIO': 0, 'VOS': 30}",0,23,245,1,Algún campo sin dato,1.Guatemala,8.Mixco,0246,presidente
2739,,"{'UNE': 12, 'AZUL': 6, 'VALOR UNIONISTA': 15, 'CABAL': 14, 'TODOS': 1, 'VAMOS': 3, 'PHG': 0, 'PR': 3, 'PIN': 0, 'ELEFANTE': 4, 'VICTORIA': 10, 'SEMILLA': 91, 'FCN-NACION': 3, 'PPN': 2, 'UR': 1, 'URNG-MAIZ WINAQ': 1, 'CREO': 1, 'BIEN': 14, 'VIVA': 4, 'MI FAMILIA': 3, 'CAMBIO': 1, 'VOS': 19}",161,31,400,0,Algún campo sin dato,1.Guatemala,8.Mixco,0246,presidente
2740,,"{'UNE': 4, 'AZUL': 0, 'VALOR UNIONISTA': 20, 'CABAL': 7, 'TODOS': 1, 'VAMOS': 3, 'PHG': 1, 'PR': 1, 'PIN': 0, 'ELEFANTE': 0, 'VICTORIA': 8, 'SEMILLA': 156, 'FCN-NACION': 0, 'PPN': 0, 'UR': 2, 'URNG-MAIZ WINAQ': 2, 'CREO': 1, 'BIEN': 20, 'VIVA': 5, 'MI FAMILIA': 3, 'CAMBIO': 2, 'VOS': 46}",0,11,293,0,Algún campo sin dato,1.Guatemala,8.Mixco,0246,presidente
2741,,"{'UNE': 12, 'AZUL': 1, 'VALOR UNIONISTA': 11, 'CABAL': 14, 'TODOS': 1, 'VAMOS': 2, 'PHG': 0, 'PR': 2, 'PIN': 0, 'ELEFANTE': 3, 'VICTORIA': 10, 'SEMILLA': 119, 'FCN-NACION': 2, 'PPN': 0, 'UR': 4, 'URNG-MAIZ WINAQ': 2, 'CREO': 0, 'BIEN': 10, 'VIVA': 12, 'MI FAMILIA': 1, 'CAMBIO': 1, 'VOS': 19}",0,14,240,0,Algún campo sin dato,1.Guatemala,8.Mixco,0246,presidente
2742,,"{'UNE': 6, 'AZUL': 5, 'VALOR UNIONISTA': 11, 'CABAL': 11, 'TODOS': 1, 'VAMOS': 1, 'PHG': 1, 'PR': 1, 'PIN': 0, 'ELEFANTE': 0, 'VICTORIA': 9, 'SEMILLA': 86, 'FCN-NACION': 1, 'PPN': 1, 'UR': 1, 'URNG-MAIZ WINAQ': 0, 'CREO': 2, 'BIEN': 6, 'VIVA': 11, 'MI FAMILIA': 4, 'CAMBIO': 0, 'VOS': 14}",0,16,188,0,Algún campo sin dato,1.Guatemala,8.Mixco,0246,presidente
2743,,"{'UNE': 23, 'AZUL': 6, 'VALOR UNIONISTA': 32, 'CABAL': 17, 'TODOS': 3, 'VAMOS': 4, 'PHG': 3, 'PR': 4, 'PIN': 1, 'ELEFANTE': 0, 'VICTORIA': 10, 'SEMILLA': 59, 'FCN-NACION': 0, 'PPN': 5, 'UR': 3, 'URNG-MAIZ WINAQ': 2, 'CREO': 2, 'BIEN': 12, 'VIVA': 15, 'MI FAMILIA': 10, 'CAMBIO': 1, 'VOS': 30}",2,25,269,0,Algún campo sin dato,1.Guatemala,8.Mixco,0247,presidente
2744,,"{'UNE': 23, 'AZUL': 5, 'VALOR UNIONISTA': 0, 'CABAL': 10, 'TODOS': 1, 'VAMOS': 8, 'PHG': 1, 'PR': 3, 'PIN': 0, 'ELEFANTE': 0, 'VICTORIA': 19, 'SEMILLA': 54, 'FCN-NACION': 1, 'PPN': 2, 'UR': 7, 'URNG-MAIZ WINAQ': 6, 'CREO': 4, 'BIEN': 15, 'VIVA': 18, 'MI FAMILIA': 8, 'CAMBIO': 0, 'VOS': 24}",5,23,237,0,Sumas Asentadas sin cuadrar,1.Guatemala,8.Mixco,0247,presidente
2745,,"{'UNE': 12, 'AZUL': 3, 'VALOR UNIONISTA': 33, 'CABAL': 11, 'TODOS': 5, 'VAMOS': 4, 'PHG': 2, 'PR': 3, 'PIN': 0, 'ELEFANTE': 5, 'VICTORIA': 20, 'SEMILLA': 54, 'FCN-NACION': 0, 'PPN': 1, 'UR': 3, 'URNG-MAIZ WINAQ': 4, 'CREO': 1, 'BIEN': 12, 'VIVA': 24, 'MI FAMILIA': 9, 'CAMBIO': 0, 'VOS': 24}",12,36,278,0,Algún campo sin dato,1.Guatemala,8.Mixco,0247,presidente
2746,,"{'UNE': 15, 'AZUL': 8, 'VALOR UNIONISTA': 32, 'CABAL': 13, 'TODOS': 5, 'VAMOS': 6, 'PHG': 2, 'PR': 3, 'PIN': 0, 'ELEFANTE': 4, 'VICTORIA': 15, 'SEMILLA': 56, 'FCN-NACION': 0, 'PPN': 6, 'UR': 6, 'URNG-MAIZ WINAQ': 4, 'CREO': 3, 'BIEN': 9, 'VIVA': 10, 'MI FAMILIA': 5, 'CAMBIO': 0, 'VOS': 27}",6,37,272,0,Algún campo sin dato,1.Guatemala,8.Mixco,0247,presidente
2747,,"{'UNE': 15, 'AZUL': 3, 'VALOR UNIONISTA': 25, 'CABAL': 20, 'TODOS': 0, 'VAMOS': 7, 'PHG': 1, 'PR': 6, 'PIN': 1, 'ELEFANTE': 3, 'VICTORIA': 18, 'SEMILLA': 52, 'FCN-NACION': 0, 'PPN': 3, 'UR': 5, 'URNG-MAIZ WINAQ': 6, 'CREO': 1, 'BIEN': 10, 'VIVA': 23, 'MI FAMILIA': 5, 'CAMBIO': 1, 'VOS': 22}",6,36,269,0,Algún campo sin dato,1.Guatemala,8.Mixco,0247,presidente
2748,,"{'UNE': 22, 'AZUL': 2, 'VALOR UNIONISTA': 26, 'CABAL': 17, 'TODOS': 1, 'VAMOS': 6, 'PHG': 3, 'PR': 6, 'PIN': 1, 'ELEFANTE': 8, 'VICTORIA': 14, 'SEMILLA': 60, 'FCN-NACION': 1, 'PPN': 0, 'UR': 4, 'URNG-MAIZ WINAQ': 3, 'CREO': 3, 'BIEN': 5, 'VIVA': 15, 'MI FAMILIA': 10, 'CAMBIO': 1, 'VOS': 23}",3,44,278,0,Sumas Asentadas sin cuadrar,1.Guatemala,8.Mixco,0247,presidente
2749,,"{'UNE': 23, 'AZUL': 2, 'VALOR UNIONISTA': 20, 'CABAL': 18, 'TODOS': 0, 'VAMOS': 6, 'PHG': 1, 'PR': 2, 'PIN': 1, 'ELEFANTE': 3, 'VICTORIA': 18, 'SEMILLA': 58, 'FCN-NACION': 2, 'PPN': 3, 'UR': 6, 'URNG-MAIZ WINAQ': 3, 'CREO': 3, 'BIEN': 7, 'VIVA': 17, 'MI FAMILIA': 9, 'CAMBIO': 0, 'VOS': 30}",3,36,271,0,Algún campo sin dato,1.Guatemala,8.Mixco,0247,presidente
2750,,"{'UNE': 10, 'AZUL': 4, 'VALOR UNIONISTA': 30, 'CABAL': 21, 'TODOS': 2, 'VAMOS': 9, 'PHG': 1, 'PR': 10, 'PIN': 0, 'ELEFANTE': 2, 'VICTORIA': 17, 'SEMILLA': 58, 'FCN-NACION': 1, 'PPN': 0, 'UR': 5, 'URNG-MAIZ WINAQ': 4, 'CREO': 1, 'BIEN': 15, 'VIVA': 23, 'MI FAMILIA': 5, 'CAMBIO': 0, 'VOS': 22}",2,39,281,120,Algún campo sin dato,1.Guatemala,8.Mixco,0247,presidente
2751,,"{'UNE': 7, 'AZUL': 5, 'VALOR UNIONISTA': 20, 'CABAL': 17, 'TODOS': 2, 'VAMOS': 4, 'PHG': 6, 'PR': 8, 'PIN': 1, 'ELEFANTE': 2, 'VICTORIA': 27, 'SEMILLA': 57, 'FCN-NACION': 0, 'PPN': 1, 'UR': 2, 'URNG-MAIZ WINAQ': 5, 'CREO': 2, 'BIEN': 14, 'VIVA': 23, 'MI FAMILIA': 7, 'CAMBIO': 1, 'VOS': 28}",3,44,286,0,Algún campo sin dato,1.Guatemala,8.Mixco,0247,presidente
2752,,"{'UNE': 19, 'AZUL': 5, 'VALOR UNIONISTA': 22, 'CABAL': 18, 'TODOS': 0, 'VAMOS': 5, 'PHG': 0, 'PR': 2, 'PIN': 0, 'ELEFANTE': 1, 'VICTORIA': 14, 'SEMILLA': 61, 'FCN-NACION': 2, 'PPN': 3, 'UR': 6, 'URNG-MAIZ WINAQ': 2, 'CREO': 4, 'BIEN': 6, 'VIVA': 16, 'MI FAMILIA': 10, 'CAMBIO': 1, 'VOS': 27}",10,36,270,0,Algún campo sin dato,1.Guatemala,8.Mixco,0247,presidente
2753,,"{'UNE': 12, 'AZUL': 6, 'VALOR UNIONISTA': 34, 'CABAL': 13, 'TODOS': 1, 'VAMOS': 6, 'PHG': 5, 'PR': 3, 'PIN': 0, 'ELEFANTE': 5, 'VICTORIA': 26, 'SEMILLA': 59, 'FCN-NACION': 0, 'PPN': 2, 'UR': 11, 'URNG-MAIZ WINAQ': 8, 'CREO': 4, 'BIEN': 4, 'VIVA': 19, 'MI FAMILIA': 2, 'CAMBIO': 1, 'VOS': 30}",3,32,286,1,Algún campo sin dato,1.Guatemala,8.Mixco,0247,presidente
2754,,"{'UNE': 9, 'AZUL': 3, 'VALOR UNIONISTA': 31, 'CABAL': 25, 'TODOS': 1, 'VAMOS': 2, 'PHG': 5, 'PR': 4, 'PIN': 0, 'ELEFANTE': 2, 'VICTORIA': 17, 'SEMILLA': 59, 'FCN-NACION': 1, 'PPN': 0, 'UR': 8, 'URNG-MAIZ WINAQ': 4, 'CREO': 3, 'BIEN': 6, 'VIVA': 13, 'MI FAMILIA': 13, 'CAMBIO': 3, 'VOS': 31}",1,36,277,0,Algún campo sin dato,1.Guatemala,8.Mixco,0247,presidente
2755,,"{'UNE': 17, 'AZUL': 6, 'VALOR UNIONISTA': 26, 'CABAL': 14, 'TODOS': 0, 'VAMOS': 8, 'PHG': 3, 'PR': 3, 'PIN': 1, 'ELEFANTE': 8, 'VICTORIA': 14, 'SEMILLA': 69, 'FCN-NACION': 1, 'PPN': 3, 'UR': 5, 'URNG-MAIZ WINAQ': 3, 'CREO': 2, 'BIEN': 12, 'VIVA': 16, 'MI FAMILIA': 8, 'CAMBIO': 2, 'VOS': 23}",1,32,277,0,Sumas Asentadas sin cuadrar,1.Guatemala,8.Mixco,0247,presidente
2756,,"{'UNE': 19, 'AZUL': 4, 'VALOR UNIONISTA': 22, 'CABAL': 18, 'TODOS': 0, 'VAMOS': 5, 'PHG': 1, 'PR': 5, 'PIN': 0, 'ELEFANTE': 5, 'VICTORIA': 18, 'SEMILLA': 62, 'FCN-NACION': 0, 'PPN': 0, 'UR': 4, 'URNG-MAIZ WINAQ': 7, 'CREO': 3, 'BIEN': 13, 'VIVA': 12, 'MI FAMILIA': 10, 'CAMBIO': 1, 'VOS': 33}",6,34,282,0,Algún campo sin dato,1.Guatemala,8.Mixco,0247,presidente
2757,,"{'UNE': 8, 'AZUL': 5, 'VALOR UNIONISTA': 26, 'CABAL': 14, 'TODOS': 1, 'VAMOS': 10, 'PHG': 1, 'PR': 1, 'PIN': 0, 'ELEFANTE': 0, 'VICTORIA': 11, 'SEMILLA': 47, 'FCN-NACION': 0, 'PPN': 1, 'UR': 5, 'URNG-MAIZ WINAQ': 6, 'CREO': 2, 'BIEN': 9, 'VIVA': 12, 'MI FAMILIA': 3, 'CAMBIO': 0, 'VOS': 31}",4,47,244,0,Algún campo sin dato,1.Guatemala,8.Mixco,0247,presidente
2758,,"{'UNE': 10, 'AZUL': 3, 'VALOR UNIONISTA': 17, 'CABAL': 10, 'TODOS': 1, 'VAMOS': 3, 'PHG': 1, 'PR': 0, 'PIN': 0, 'ELEFANTE': 2, 'VICTORIA': 23, 'SEMILLA': 87, 'FCN-NACION': 3, 'PPN': 3, 'UR': 1, 'URNG-MAIZ WINAQ': 3, 'CREO': 1, 'BIEN': 13, 'VIVA': 9, 'MI FAMILIA': 3, 'CAMBIO': 3, 'VOS': 28}",1,35,260,0,Algún campo sin dato,1.Guatemala,8.Mixco,0247,presidente
2759,,"{'UNE': 11, 'AZUL': 3, 'VALOR UNIONISTA': 18, 'CABAL': 9, 'TODOS': 1, 'VAMOS': 4, 'PHG': 2, 'PR': 1, 'PIN': 0, 'ELEFANTE': 6, 'VICTORIA': 9, 'SEMILLA': 72, 'FCN-NACION': 0, 'PPN': 1, 'UR': 9, 'URNG-MAIZ WINAQ': 4, 'CREO': 2, 'BIEN': 11, 'VIVA': 14, 'MI FAMILIA': 5, 'CAMBIO': 0, 'VOS': 31}",1,21,235,0,Algún campo sin dato,1.Guatemala,8.Mixco,0248,presidente
2760,,"{'UNE': 13, 'AZUL': 4, 'VALOR UNIONISTA': 18, 'CABAL': 14, 'TODOS': 0, 'VAMOS': 4, 'PHG': 2, 'PR': 1, 'PIN': 1, 'ELEFANTE': 1, 'VICTORIA': 13, 'SEMILLA': 72, 'FCN-NACION': 0, 'PPN': 1, 'UR': 7, 'URNG-MAIZ WINAQ': 4, 'CREO': 0, 'BIEN': 10, 'VIVA': 15, 'MI FAMILIA': 9, 'CAMBIO': 2, 'VOS': 38}",3,23,255,0,Algún campo sin dato,1.Guatemala,8.Mixco,0248,presidente
2761,,"{'UNE': 20, 'AZUL': 4, 'VALOR UNIONISTA': 20, 'CABAL': 23, 'TODOS': 0, 'VAMOS': 4, 'PHG': 2, 'PR': 3, 'PIN': 0, 'ELEFANTE': 1, 'VICTORIA': 14, 'SEMILLA': 61, 'FCN-NACION': 1, 'PPN': 3, 'UR': 5, 'URNG-MAIZ WINAQ': 4, 'CREO': 1, 'BIEN': 12, 'VIVA': 24, 'MI FAMILIA': 4, 'CAMBIO': 0, 'VOS': 28}",5,33,272,0,Algún campo sin dato,1.Guatemala,8.Mixco,0248,presidente
2762,,"{'UNE': 22, 'AZUL': 3, 'VALOR UNIONISTA': 22, 'CABAL': 12, 'TODOS': 1, 'VAMOS': 8, 'PHG': 2, 'PR': 4, 'PIN': 2, 'ELEFANTE': 2, 'VICTORIA': 15, 'SEMILLA': 74, 'FCN-NACION': 0, 'PPN': 2, 'UR': 8, 'URNG-MAIZ WINAQ': 5, 'CREO': 1, 'BIEN': 10, 'VIVA': 17, 'MI FAMILIA': 4, 'CAMBIO': 1, 'VOS': 20}",1,50,286,0,Algún campo sin dato,1.Guatemala,8.Mixco,0248,presidente
2763,,"{'UNE': 19, 'AZUL': 3, 'VALOR UNIONISTA': 21, 'CABAL': 10, 'TODOS': 0, 'VAMOS': 4, 'PHG': 2, 'PR': 1, 'PIN': 0, 'ELEFANTE': 5, 'VICTORIA': 19, 'SEMILLA': 62, 'FCN-NACION': 2, 'PPN': 0, 'UR': 5, 'URNG-MAIZ WINAQ': 5, 'CREO': 2, 'BIEN': 15, 'VIVA': 15, 'MI FAMILIA': 3, 'CAMBIO': 2, 'VOS': 42}",4,36,277,0,Algún campo sin dato,1.Guatemala,8.Mixco,0249,presidente
2764,,"{'UNE': 14, 'AZUL': 7, 'VALOR UNIONISTA': 25, 'CABAL': 14, 'TODOS': 0, 'VAMOS': 4, 'PHG': 2, 'PR': 5, 'PIN': 0, 'ELEFANTE': 7, 'VICTORIA': 20, 'SEMILLA': 55, 'FCN-NACION': 6, 'PPN': 1, 'UR': 4, 'URNG-MAIZ WINAQ': 6, 'CREO': 2, 'BIEN': 7, 'VIVA': 15, 'MI FAMILIA': 2, 'CAMBIO': 0, 'VOS': 26}",1,31,254,0,Algún campo sin dato,1.Guatemala,8.Mixco,0249,presidente
2765,,"{'UNE': 14, 'AZUL': 3, 'VALOR UNIONISTA': 18, 'CABAL': 17, 'TODOS': 0, 'VAMOS': 7, 'PHG': 2, 'PR': 5, 'PIN': 0, 'ELEFANTE': 6, 'VICTORIA': 18, 'SEMILLA': 65, 'FCN-NACION': 2, 'PPN': 3, 'UR': 2, 'URNG-MAIZ WINAQ': 3, 'CREO': 1, 'BIEN': 13, 'VIVA': 17, 'MI FAMILIA': 1, 'CAMBIO': 0, 'VOS': 33}",0,39,269,0,Algún campo sin dato,1.Guatemala,8.Mixco,0249,presidente
2766,,"{'UNE': 17, 'AZUL': 4, 'VALOR UNIONISTA': 18, 'CABAL': 13, 'TODOS': 1, 'VAMOS': 4, 'PHG': 0, 'PR': 4, 'PIN': 0, 'ELEFANTE': 1, 'VICTORIA': 21, 'SEMILLA': 66, 'FCN-NACION': 0, 'PPN': 1, 'UR': 6, 'URNG-MAIZ WINAQ': 7, 'CREO': 5, 'BIEN': 14, 'VIVA': 20, 'MI FAMILIA': 2, 'CAMBIO': 1, 'VOS': 29}",1,35,270,0,Algún campo sin dato,1.Guatemala,8.Mixco,0249,presidente
2767,,"{'UNE': 13, 'AZUL': 7, 'VALOR UNIONISTA': 19, 'CABAL': 21, 'TODOS': 1, 'VAMOS': 3, 'PHG': 2, 'PR': 1, 'PIN': 1, 'ELEFANTE': 3, 'VICTORIA': 19, 'SEMILLA': 66, 'FCN-NACION': 2, 'PPN': 1, 'UR': 3, 'URNG-MAIZ WINAQ': 4, 'CREO': 3, 'BIEN': 10, 'VIVA': 15, 'MI FAMILIA': 4, 'CAMBIO': 0, 'VOS': 28}",0,43,269,0,Algún campo sin dato,1.Guatemala,8.Mixco,0249,presidente
2768,,"{'UNE': 12, 'AZUL': 2, 'VALOR UNIONISTA': 28, 'CABAL': 9, 'TODOS': 0, 'VAMOS': 7, 'PHG': 0, 'PR': 7, 'PIN': 1, 'ELEFANTE': 2, 'VICTORIA': 19, 'SEMILLA': 52, 'FCN-NACION': 1, 'PPN': 3, 'UR': 8, 'URNG-MAIZ WINAQ': 7, 'CREO': 0, 'BIEN': 9, 'VIVA': 18, 'MI FAMILIA': 0, 'CAMBIO': 1, 'VOS': 28}",3,34,251,0,Sumas Asentadas sin cuadrar,1.Guatemala,8.Mixco,0249,presidente
2769,,"{'UNE': 23, 'AZUL': 4, 'VALOR UNIONISTA': 24, 'CABAL': 13, 'TODOS': 3, 'VAMOS': 5, 'PHG': 0, 'PR': 6, 'PIN': 2, 'ELEFANTE': 4, 'VICTORIA': 23, 'SEMILLA': 64, 'FCN-NACION': 0, 'PPN': 3, 'UR': 3, 'URNG-MAIZ WINAQ': 6, 'CREO': 1, 'BIEN': 13, 'VIVA': 13, 'MI FAMILIA': 7, 'CAMBIO': 1, 'VOS': 26}",1,35,280,0,Algún campo sin dato,1.Guatemala,8.Mixco,0249,presidente
2770,,"{'UNE': 25, 'AZUL': 6, 'VALOR UNIONISTA': 20, 'CABAL': 15, 'TODOS': 2, 'VAMOS': 8, 'PHG': 0, 'PR': 7, 'PIN': 0, 'ELEFANTE': 1, 'VICTORIA': 11, 'SEMILLA': 62, 'FCN-NACION': 3, 'PPN': 2, 'UR': 4, 'URNG-MAIZ WINAQ': 7, 'CREO': 6, 'BIEN': 10, 'VIVA': 20, 'MI FAMILIA': 8, 'CAMBIO': 0, 'VOS': 34}",2,34,287,0,Algún campo sin dato,1.Guatemala,8.Mixco,0250,presidente
2771,,"{'UNE': 14, 'AZUL': 3, 'VALOR UNIONISTA': 24, 'CABAL': 20, 'TODOS': 1, 'VAMOS': 3, 'PHG': 0, 'PR': 4, 'PIN': 0, 'ELEFANTE': 0, 'VICTORIA': 20, 'SEMILLA': 81, 'FCN-NACION': 0, 'PPN': 1, 'UR': 3, 'URNG-MAIZ WINAQ': 2, 'CREO': 3, 'BIEN': 14, 'VIVA': 20, 'MI FAMILIA': 7, 'CAMBIO': 1, 'VOS': 30}",2,29,282,0,Algún campo sin dato,1.Guatemala,8.Mixco,0250,presidente
2772,,"{'UNE': 10, 'AZUL': 5, 'VALOR UNIONISTA': 6, 'CABAL': 12, 'TODOS': 0, 'VAMOS': 7, 'PHG': 3, 'PR': 5, 'PIN': 0, 'ELEFANTE': 6, 'VICTORIA': 18, 'SEMILLA': 54, 'FCN-NACION': 3, 'PPN': 3, 'UR': 7, 'URNG-MAIZ WINAQ': 9, 'CREO': 2, 'BIEN': 12, 'VIVA': 16, 'MI FAMILIA': 5, 'CAMBIO': 1, 'VOS': 29}",1,29,243,0,Sumas Asentadas sin cuadrar,1.Guatemala,8.Mixco,0250,presidente
2773,,"{'UNE': 28, 'AZUL': 1, 'VALOR UNIONISTA': 32, 'CABAL': 15, 'TODOS': 0, 'VAMOS': 5, 'PHG': 2, 'PR': 4, 'PIN': 0, 'ELEFANTE': 4, 'VICTORIA': 21, 'SEMILLA': 60, 'FCN-NACION': 1, 'PPN': 1, 'UR': 7, 'URNG-MAIZ WINAQ': 9, 'CREO': 1, 'BIEN': 10, 'VIVA': 11, 'MI FAMILIA': 6, 'CAMBIO': 3, 'VOS': 32}",5,29,287,0,Algún campo sin dato,1.Guatemala,8.Mixco,0250,presidente
2774,,"{'UNE': 26, 'AZUL': 7, 'VALOR UNIONISTA': 20, 'CABAL': 16, 'TODOS': 1, 'VAMOS': 1, 'PHG': 1, 'PR': 3, 'PIN': 0, 'ELEFANTE': 1, 'VICTORIA': 14, 'SEMILLA': 56, 'FCN-NACION': 1, 'PPN': 1, 'UR': 6, 'URNG-MAIZ WINAQ': 2, 'CREO': 1, 'BIEN': 14, 'VIVA': 18, 'MI FAMILIA': 9, 'CAMBIO': 0, 'VOS': 26}",4,41,269,137,Algún campo sin dato,1.Guatemala,8.Mixco,0251,presidente
2775,,"{'UNE': 26, 'AZUL': 4, 'VALOR UNIONISTA': 24, 'CABAL': 16, 'TODOS': 1, 'VAMOS': 4, 'PHG': 3, 'PR': 2, 'PIN': 1, 'ELEFANTE': 2, 'VICTORIA': 14, 'SEMILLA': 61, 'FCN-NACION': 0, 'PPN': 4, 'UR': 5, 'URNG-MAIZ WINAQ': 5, 'CREO': 2, 'BIEN': 15, 'VIVA': 14, 'MI FAMILIA': 7, 'CAMBIO': 0, 'VOS': 32}",4,37,283,0,Algún campo sin dato,1.Guatemala,8.Mixco,0251,presidente
2776,,"{'UNE': 20, 'AZUL': 7, 'VALOR UNIONISTA': 24, 'CABAL': 8, 'TODOS': 1, 'VAMOS': 6, 'PHG': 3, 'PR': 4, 'PIN': 1, 'ELEFANTE': 3, 'VICTORIA': 24, 'SEMILLA': 69, 'FCN-NACION': 3, 'PPN': 0, 'UR': 2, 'URNG-MAIZ WINAQ': 8, 'CREO': 5, 'BIEN': 10, 'VIVA': 20, 'MI FAMILIA': 2, 'CAMBIO': 0, 'VOS': 14}",4,28,266,0,,1.Guatemala,8.Mixco,0252,presidente
2777,,"{'UNE': 25, 'AZUL': 6, 'VALOR UNIONISTA': 18, 'CABAL': 18, 'TODOS': 1, 'VAMOS': 5, 'PHG': 5, 'PR': 3, 'PIN': 0, 'ELEFANTE': 1, 'VICTORIA': 17, 'SEMILLA': 49, 'FCN-NACION': 0, 'PPN': 1, 'UR': 10, 'URNG-MAIZ WINAQ': 3, 'CREO': 1, 'BIEN': 11, 'VIVA': 22, 'MI FAMILIA': 8, 'CAMBIO': 2, 'VOS': 25}",7,34,272,0,Algún campo sin dato,1.Guatemala,8.Mixco,0252,presidente
2778,,"{'UNE': 25, 'AZUL': 4, 'VALOR UNIONISTA': 16, 'CABAL': 17, 'TODOS': 3, 'VAMOS': 5, 'PHG': 0, 'PR': 5, 'PIN': 0, 'ELEFANTE': 2, 'VICTORIA': 21, 'SEMILLA': 62, 'FCN-NACION': 3, 'PPN': 2, 'UR': 0, 'URNG-MAIZ WINAQ': 8, 'CREO': 1, 'BIEN': 5, 'VIVA': 18, 'MI FAMILIA': 2, 'CAMBIO': 1, 'VOS': 16}",2,36,254,0,Algún campo sin dato,1.Guatemala,8.Mixco,0252,presidente
2779,,"{'UNE': 28, 'AZUL': 5, 'VALOR UNIONISTA': 33, 'CABAL': 19, 'TODOS': 0, 'VAMOS': 5, 'PHG': 2, 'PR': 7, 'PIN': 2, 'ELEFANTE': 2, 'VICTORIA': 20, 'SEMILLA': 58, 'FCN-NACION': 0, 'PPN': 2, 'UR': 5, 'URNG-MAIZ WINAQ': 3, 'CREO': 0, 'BIEN': 6, 'VIVA': 13, 'MI FAMILIA': 8, 'CAMBIO': 0, 'VOS': 18}",2,30,268,1,Algún campo sin dato,1.Guatemala,8.Mixco,0252,presidente
2780,,"{'UNE': 21, 'AZUL': 1, 'VALOR UNIONISTA': 25, 'CABAL': 19, 'TODOS': 1, 'VAMOS': 6, 'PHG': 1, 'PR': 1, 'PIN': 0, 'ELEFANTE': 2, 'VICTORIA': 16, 'SEMILLA': 64, 'FCN-NACION': 1, 'PPN': 5, 'UR': 8, 'URNG-MAIZ WINAQ': 3, 'CREO': 3, 'BIEN': 5, 'VIVA': 18, 'MI FAMILIA': 4, 'CAMBIO': 1, 'VOS': 22}",4,39,270,0,Algún campo sin dato,1.Guatemala,8.Mixco,0252,presidente
2781,,"{'UNE': 34, 'AZUL': 4, 'VALOR UNIONISTA': 12, 'CABAL': 18, 'TODOS': 1, 'VAMOS': 3, 'PHG': 1, 'PR': 3, 'PIN': 0, 'ELEFANTE': 3, 'VICTORIA': 16, 'SEMILLA': 60, 'FCN-NACION': 1, 'PPN': 2, 'UR': 5, 'URNG-MAIZ WINAQ': 1, 'CREO': 2, 'BIEN': 9, 'VIVA': 12, 'MI FAMILIA': 7, 'CAMBIO': 2, 'VOS': 22}",2,31,251,0,Algún campo sin dato,1.Guatemala,8.Mixco,0252,presidente
2782,,"{'UNE': 22, 'AZUL': 4, 'VALOR UNIONISTA': 36, 'CABAL': 9, 'TODOS': 2, 'VAMOS': 3, 'PHG': 1, 'PR': 4, 'PIN': 2, 'ELEFANTE': 3, 'VICTORIA': 18, 'SEMILLA': 53, 'FCN-NACION': 0, 'PPN': 3, 'UR': 4, 'URNG-MAIZ WINAQ': 2, 'CREO': 2, 'BIEN': 14, 'VIVA': 18, 'MI FAMILIA': 5, 'CAMBIO': 0, 'VOS': 22}",3,36,266,9,Sumas Asentadas sin cuadrar,1.Guatemala,8.Mixco,0252,presidente
2783,,"{'UNE': 23, 'AZUL': 3, 'VALOR UNIONISTA': 18, 'CABAL': 14, 'TODOS': 1, 'VAMOS': 4, 'PHG': 4, 'PR': 4, 'PIN': 0, 'ELEFANTE': 1, 'VICTORIA': 14, 'SEMILLA': 66, 'FCN-NACION': 1, 'PPN': 2, 'UR': 4, 'URNG-MAIZ WINAQ': 9, 'CREO': 3, 'BIEN': 11, 'VIVA': 19, 'MI FAMILIA': 1, 'CAMBIO': 3, 'VOS': 17}",3,18,243,0,Algún campo sin dato,1.Guatemala,8.Mixco,0252,presidente
2784,,"{'UNE': 15, 'AZUL': 4, 'VALOR UNIONISTA': 17, 'CABAL': 12, 'TODOS': 0, 'VAMOS': 2, 'PHG': 0, 'PR': 3, 'PIN': 2, 'ELEFANTE': 0, 'VICTORIA': 20, 'SEMILLA': 50, 'FCN-NACION': 0, 'PPN': 1, 'UR': 9, 'URNG-MAIZ WINAQ': 8, 'CREO': 0, 'BIEN': 4, 'VIVA': 15, 'MI FAMILIA': 6, 'CAMBIO': 3, 'VOS': 19}",2,26,218,0,Algún campo sin dato,1.Guatemala,8.Mixco,0253,presidente
2785,,"{'UNE': 18, 'AZUL': 4, 'VALOR UNIONISTA': 25, 'CABAL': 13, 'TODOS': 0, 'VAMOS': 6, 'PHG': 2, 'PR': 4, 'PIN': 2, 'ELEFANTE': 4, 'VICTORIA': 19, 'SEMILLA': 56, 'FCN-NACION': 2, 'PPN': 0, 'UR': 5, 'URNG-MAIZ WINAQ': 8, 'CREO': 2, 'BIEN': 4, 'VIVA': 15, 'MI FAMILIA': 6, 'CAMBIO': 0, 'VOS': 26}",3,17,241,0,Algún campo sin dato,1.Guatemala,8.Mixco,0253,presidente
2786,,"{'UNE': 10, 'AZUL': 2, 'VALOR UNIONISTA': 21, 'CABAL': 14, 'TODOS': 1, 'VAMOS': 0, 'PHG': 1, 'PR': 2, 'PIN': 0, 'ELEFANTE': 2, 'VICTORIA': 17, 'SEMILLA': 53, 'FCN-NACION': 1, 'PPN': 3, 'UR': 6, 'URNG-MAIZ WINAQ': 8, 'CREO': 1, 'BIEN': 11, 'VIVA': 14, 'MI FAMILIA': 3, 'CAMBIO': 0, 'VOS': 16}",4,24,214,0,Algún campo sin dato,1.Guatemala,8.Mixco,0253,presidente
2787,,"{'UNE': 10, 'AZUL': 5, 'VALOR UNIONISTA': 21, 'CABAL': 10, 'TODOS': 1, 'VAMOS': 2, 'PHG': 3, 'PR': 3, 'PIN': 0, 'ELEFANTE': 4, 'VICTORIA': 22, 'SEMILLA': 56, 'FCN-NACION': 0, 'PPN': 0, 'UR': 3, 'URNG-MAIZ WINAQ': 2, 'CREO': 2, 'BIEN': 5, 'VIVA': 8, 'MI FAMILIA': 8, 'CAMBIO': 1, 'VOS': 25}",0,24,215,0,Algún campo sin dato,1.Guatemala,8.Mixco,0253,presidente
2788,,"{'UNE': 7, 'AZUL': 4, 'VALOR UNIONISTA': 14, 'CABAL': 12, 'TODOS': 0, 'VAMOS': 3, 'PHG': 1, 'PR': 2, 'PIN': 0, 'ELEFANTE': 2, 'VICTORIA': 19, 'SEMILLA': 61, 'FCN-NACION': 0, 'PPN': 4, 'UR': 3, 'URNG-MAIZ WINAQ': 0, 'CREO': 0, 'BIEN': 5, 'VIVA': 15, 'MI FAMILIA': 2, 'CAMBIO': 1, 'VOS': 30}",4,30,219,0,Algún campo sin dato,1.Guatemala,8.Mixco,0253,presidente
2789,,"{'UNE': 20, 'AZUL': 4, 'VALOR UNIONISTA': 26, 'CABAL': 19, 'TODOS': 2, 'VAMOS': 4, 'PHG': 2, 'PR': 1, 'PIN': 1, 'ELEFANTE': 2, 'VICTORIA': 14, 'SEMILLA': 64, 'FCN-NACION': 1, 'PPN': 2, 'UR': 3, 'URNG-MAIZ WINAQ': 4, 'CREO': 2, 'BIEN': 12, 'VIVA': 10, 'MI FAMILIA': 3, 'CAMBIO': 0, 'VOS': 18}",0,27,241,0,Algún campo sin dato,1.Guatemala,8.Mixco,0253,presidente
2790,,"{'UNE': 16, 'AZUL': 4, 'VALOR UNIONISTA': 13, 'CABAL': 11, 'TODOS': 1, 'VAMOS': 3, 'PHG': 0, 'PR': 3, 'PIN': 0, 'ELEFANTE': 3, 'VICTORIA': 14, 'SEMILLA': 83, 'FCN-NACION': 0, 'PPN': 1, 'UR': 2, 'URNG-MAIZ WINAQ': 3, 'CREO': 1, 'BIEN': 9, 'VIVA': 13, 'MI FAMILIA': 5, 'CAMBIO': 0, 'VOS': 28}",0,22,235,0,Algún campo sin dato,1.Guatemala,8.Mixco,0253,presidente
2791,,"{'UNE': 12, 'AZUL': 2, 'VALOR UNIONISTA': 13, 'CABAL': 6, 'TODOS': 0, 'VAMOS': 1, 'PHG': 2, 'PR': 1, 'PIN': 0, 'ELEFANTE': 2, 'VICTORIA': 14, 'SEMILLA': 81, 'FCN-NACION': 0, 'PPN': 3, 'UR': 4, 'URNG-MAIZ WINAQ': 3, 'CREO': 1, 'BIEN': 12, 'VIVA': 7, 'MI FAMILIA': 4, 'CAMBIO': 1, 'VOS': 23}",2,21,215,0,Algún campo sin dato,1.Guatemala,8.Mixco,0253,presidente
2792,,"{'UNE': 8, 'AZUL': 1, 'VALOR UNIONISTA': 14, 'CABAL': 14, 'TODOS': 1, 'VAMOS': 2, 'PHG': 1, 'PR': 7, 'PIN': 0, 'ELEFANTE': 1, 'VICTORIA': 12, 'SEMILLA': 127, 'FCN-NACION': 0, 'PPN': 1, 'UR': 1, 'URNG-MAIZ WINAQ': 1, 'CREO': 1, 'BIEN': 11, 'VIVA': 16, 'MI FAMILIA': 3, 'CAMBIO': 19, 'VOS': 0}",3,25,269,0,Algún campo sin dato,1.Guatemala,8.Mixco,0254,presidente
2793,,"{'UNE': 5, 'AZUL': 2, 'VALOR UNIONISTA': 11, 'CABAL': 11, 'TODOS': 1, 'VAMOS': 3, 'PHG': 0, 'PR': 2, 'PIN': 2, 'ELEFANTE': 4, 'VICTORIA': 12, 'SEMILLA': 128, 'FCN-NACION': 0, 'PPN': 4, 'UR': 3, 'URNG-MAIZ WINAQ': 4, 'CREO': 3, 'BIEN': 10, 'VIVA': 16, 'MI FAMILIA': 0, 'CAMBIO': 3, 'VOS': 28}",0,13,265,0,Algún campo sin dato,1.Guatemala,8.Mixco,0254,presidente
2794,,"{'UNE': 6, 'AZUL': 5, 'VALOR UNIONISTA': 18, 'CABAL': 6, 'TODOS': 0, 'VAMOS': 1, 'PHG': 0, 'PR': 3, 'PIN': 1, 'ELEFANTE': 4, 'VICTORIA': 16, 'SEMILLA': 131, 'FCN-NACION': 1, 'PPN': 1, 'UR': 4, 'URNG-MAIZ WINAQ': 3, 'CREO': 1, 'BIEN': 13, 'VIVA': 6, 'MI FAMILIA': 0, 'CAMBIO': 1, 'VOS': 27}",0,18,266,0,Algún campo sin dato,1.Guatemala,8.Mixco,0254,presidente
2795,,"{'UNE': 5, 'AZUL': 2, 'VALOR UNIONISTA': 14, 'CABAL': 9, 'TODOS': 0, 'VAMOS': 6, 'PHG': 0, 'PR': 1, 'PIN': 0, 'ELEFANTE': 1, 'VICTORIA': 12, 'SEMILLA': 128, 'FCN-NACION': 1, 'PPN': 1, 'UR': 2, 'URNG-MAIZ WINAQ': 4, 'CREO': 0, 'BIEN': 13, 'VIVA': 6, 'MI FAMILIA': 2, 'CAMBIO': 0, 'VOS': 20}",0,28,255,1,Sumas Asentadas sin cuadrar,1.Guatemala,8.Mixco,0254,presidente
2796,,"{'UNE': 12, 'AZUL': 2, 'VALOR UNIONISTA': 18, 'CABAL': 15, 'TODOS': 1, 'VAMOS': 3, 'PHG': 2, 'PR': 4, 'PIN': 0, 'ELEFANTE': 2, 'VICTORIA': 14, 'SEMILLA': 133, 'FCN-NACION': 2, 'PPN': 1, 'UR': 3, 'URNG-MAIZ WINAQ': 1, 'CREO': 0, 'BIEN': 13, 'VIVA': 5, 'MI FAMILIA': 2, 'CAMBIO': 0, 'VOS': 32}",2,13,280,0,Algún campo sin dato,1.Guatemala,8.Mixco,0254,presidente
2797,,"{'UNE': 12, 'AZUL': 3, 'VALOR UNIONISTA': 10, 'CABAL': 17, 'TODOS': 0, 'VAMOS': 3, 'PHG': 0, 'PR': 0, 'PIN': 0, 'ELEFANTE': 0, 'VICTORIA': 7, 'SEMILLA': 154, 'FCN-NACION': 0, 'PPN': 0, 'UR': 0, 'URNG-MAIZ WINAQ': 0, 'CREO': 1, 'BIEN': 11, 'VIVA': 13, 'MI FAMILIA': 5, 'CAMBIO': 1, 'VOS': 23}",3,26,289,1,Algún campo sin dato,1.Guatemala,8.Mixco,0255,presidente
2798,,"{'UNE': 8, 'AZUL': 1, 'VALOR UNIONISTA': 4, 'CABAL': 11, 'TODOS': 1, 'VAMOS': 6, 'PHG': 1, 'PR': 1, 'PIN': 1, 'ELEFANTE': 1, 'VICTORIA': 11, 'SEMILLA': 98, 'FCN-NACION': 0, 'PPN': 3, 'UR': 2, 'URNG-MAIZ WINAQ': 0, 'CREO': 0, 'BIEN': 5, 'VIVA': 18, 'MI FAMILIA': 3, 'CAMBIO': 0, 'VOS': 17}",0,10,202,0,Algún campo sin dato,1.Guatemala,8.Mixco,0255,presidente
2799,,"{'UNE': 18, 'AZUL': 3, 'VALOR UNIONISTA': 11, 'CABAL': 12, 'TODOS': 0, 'VAMOS': 3, 'PHG': 1, 'PR': 2, 'PIN': 0, 'ELEFANTE': 2, 'VICTORIA': 13, 'SEMILLA': 53, 'FCN-NACION': 1, 'PPN': 2, 'UR': 5, 'URNG-MAIZ WINAQ': 2, 'CREO': 1, 'BIEN': 8, 'VIVA': 17, 'MI FAMILIA': 2, 'CAMBIO': 1, 'VOS': 22}",0,22,201,0,Algún campo sin dato,1.Guatemala,8.Mixco,0255,presidente
2800,,"{'UNE': 11, 'AZUL': 3, 'VALOR UNIONISTA': 15, 'CABAL': 8, 'TODOS': 1, 'VAMOS': 1, 'PHG': 0, 'PR': 1, 'PIN': 0, 'ELEFANTE': 4, 'VICTORIA': 12, 'SEMILLA': 94, 'FCN-NACION': 3, 'PPN': 3, 'UR': 3, 'URNG-MAIZ WINAQ': 3, 'CREO': 0, 'BIEN': 5, 'VIVA': 9, 'MI FAMILIA': 6, 'CAMBIO': 1, 'VOS': 16}",1,18,218,0,Algún campo sin dato,1.Guatemala,8.Mixco,0255,presidente
2801,,"{'UNE': 7, 'AZUL': 7, 'VALOR UNIONISTA': 13, 'CABAL': 9, 'TODOS': 2, 'VAMOS': 2, 'PHG': 0, 'PR': 0, 'PIN': 0, 'ELEFANTE': 3, 'VICTORIA': 11, 'SEMILLA': 83, 'FCN-NACION': 0, 'PPN': 0, 'UR': 1, 'URNG-MAIZ WINAQ': 3, 'CREO': 3, 'BIEN': 10, 'VIVA': 5, 'MI FAMILIA': 3, 'CAMBIO': 2, 'VOS': 13}",2,12,191,0,Algún campo sin dato,1.Guatemala,8.Mixco,0255,presidente
2802,,"{'UNE': 15, 'AZUL': 5, 'VALOR UNIONISTA': 37, 'CABAL': 21, 'TODOS': 1, 'VAMOS': 1, 'PHG': 0, 'PR': 1, 'PIN': 0, 'ELEFANTE': 2, 'VICTORIA': 4, 'SEMILLA': 73, 'FCN-NACION': 0, 'PPN': 2, 'UR': 1, 'URNG-MAIZ WINAQ': 5, 'CREO': 2, 'BIEN': 17, 'VIVA': 14, 'MI FAMILIA': 3, 'CAMBIO': 0, 'VOS': 39}",2,30,275,0,Algún campo sin dato,1.Guatemala,8.Mixco,0256,presidente
2803,,"{'UNE': 9, 'AZUL': 4, 'VALOR UNIONISTA': 35, 'CABAL': 24, 'TODOS': 1, 'VAMOS': 6, 'PHG': 0, 'PR': 2, 'PIN': 0, 'ELEFANTE': 3, 'VICTORIA': 15, 'SEMILLA': 60, 'FCN-NACION': 0, 'PPN': 0, 'UR': 7, 'URNG-MAIZ WINAQ': 2, 'CREO': 2, 'BIEN': 29, 'VIVA': 12, 'MI FAMILIA': 5, 'CAMBIO': 0, 'VOS': 27}",3,20,266,0,Algún campo sin dato,1.Guatemala,8.Mixco,0256,presidente
2804,,"{'UNE': 13, 'AZUL': 7, 'VALOR UNIONISTA': 36, 'CABAL': 24, 'TODOS': 0, 'VAMOS': 7, 'PHG': 0, 'PR': 2, 'PIN': 1, 'ELEFANTE': 3, 'VICTORIA': 13, 'SEMILLA': 67, 'FCN-NACION': 0, 'PPN': 0, 'UR': 2, 'URNG-MAIZ WINAQ': 5, 'CREO': 2, 'BIEN': 12, 'VIVA': 10, 'MI FAMILIA': 4, 'CAMBIO': 0, 'VOS': 40}",0,31,279,0,Algún campo sin dato,1.Guatemala,8.Mixco,0256,presidente
2805,,"{'UNE': 13, 'AZUL': 2, 'VALOR UNIONISTA': 31, 'CABAL': 17, 'TODOS': 0, 'VAMOS': 3, 'PHG': 0, 'PR': 0, 'PIN': 0, 'ELEFANTE': 4, 'VICTORIA': 8, 'SEMILLA': 66, 'FCN-NACION': 0, 'PPN': 0, 'UR': 4, 'URNG-MAIZ WINAQ': 5, 'CREO': 5, 'BIEN': 12, 'VIVA': 11, 'MI FAMILIA': 10, 'CAMBIO': 0, 'VOS': 36}",2,20,249,0,Algún campo sin dato,1.Guatemala,8.Mixco,0256,presidente
2806,,"{'UNE': 8, 'AZUL': 5, 'VALOR UNIONISTA': 29, 'CABAL': 11, 'TODOS': 0, 'VAMOS': 2, 'PHG': 0, 'PR': 2, 'PIN': 1, 'ELEFANTE': 1, 'VICTORIA': 5, 'SEMILLA': 81, 'FCN-NACION': 0, 'PPN': 0, 'UR': 0, 'URNG-MAIZ WINAQ': 1, 'CREO': 3, 'BIEN': 18, 'VIVA': 8, 'MI FAMILIA': 4, 'CAMBIO': 2, 'VOS': 30}",0,18,229,0,Algún campo sin dato,1.Guatemala,8.Mixco,0256,presidente
2807,,"{'UNE': 4, 'AZUL': 4, 'VALOR UNIONISTA': 31, 'CABAL': 21, 'TODOS': 1, 'VAMOS': 4, 'PHG': 0, 'PR': 2, 'PIN': 0, 'ELEFANTE': 2, 'VICTORIA': 6, 'SEMILLA': 89, 'FCN-NACION': 1, 'PPN': 0, 'UR': 6, 'URNG-MAIZ WINAQ': 0, 'CREO': 1, 'BIEN': 18, 'VIVA': 8, 'MI FAMILIA': 8, 'CAMBIO': 0, 'VOS': 31}",3,30,270,0,Algún campo sin dato,1.Guatemala,8.Mixco,0256,presidente
2808,,"{'UNE': 5, 'AZUL': 5, 'VALOR UNIONISTA': 48, 'CABAL': 13, 'TODOS': 0, 'VAMOS': 2, 'PHG': 1, 'PR': 3, 'PIN': 0, 'ELEFANTE': 5, 'VICTORIA': 4, 'SEMILLA': 78, 'FCN-NACION': 0, 'PPN': 0, 'UR': 5, 'URNG-MAIZ WINAQ': 0, 'CREO': 4, 'BIEN': 18, 'VIVA': 5, 'MI FAMILIA': 2, 'CAMBIO': 0, 'VOS': 36}",0,30,264,0,Algún campo sin dato,1.Guatemala,8.Mixco,0256,presidente
2809,,"{'UNE': 8, 'AZUL': 9, 'VALOR UNIONISTA': 26, 'CABAL': 26, 'TODOS': 0, 'VAMOS': 3, 'PHG': 0, 'PR': 3, 'PIN': 0, 'ELEFANTE': 2, 'VICTORIA': 13, 'SEMILLA': 81, 'FCN-NACION': 1, 'PPN': 0, 'UR': 0, 'URNG-MAIZ WINAQ': 3, 'CREO': 4, 'BIEN': 22, 'VIVA': 8, 'MI FAMILIA': 1, 'CAMBIO': 0, 'VOS': 35}",2,20,267,0,Algún campo sin dato,1.Guatemala,8.Mixco,0257,presidente
2810,,"{'UNE': 7, 'AZUL': 3, 'VALOR UNIONISTA': 35, 'CABAL': 19, 'TODOS': 0, 'VAMOS': 4, 'PHG': 2, 'PR': 4, 'PIN': 0, 'ELEFANTE': 1, 'VICTORIA': 7, 'SEMILLA': 69, 'FCN-NACION': 0, 'PPN': 0, 'UR': 1, 'URNG-MAIZ WINAQ': 2, 'CREO': 5, 'BIEN': 30, 'VIVA': 8, 'MI FAMILIA': 8, 'CAMBIO': 0, 'VOS': 26}",0,19,250,0,Algún campo sin dato,1.Guatemala,8.Mixco,0257,presidente
2811,,"{'UNE': 4, 'AZUL': 6, 'VALOR UNIONISTA': 28, 'CABAL': 25, 'TODOS': 1, 'VAMOS': 5, 'PHG': 1, 'PR': 2, 'PIN': 0, 'ELEFANTE': 3, 'VICTORIA': 7, 'SEMILLA': 70, 'FCN-NACION': 0, 'PPN': 0, 'UR': 3, 'URNG-MAIZ WINAQ': 2, 'CREO': 1, 'BIEN': 20, 'VIVA': 12, 'MI FAMILIA': 5, 'CAMBIO': 2, 'VOS': 38}",2,21,258,0,Algún campo sin dato,1.Guatemala,8.Mixco,0258,presidente
2812,,"{'UNE': 11, 'AZUL': 3, 'VALOR UNIONISTA': 26, 'CABAL': 26, 'TODOS': 0, 'VAMOS': 4, 'PHG': 0, 'PR': 0, 'PIN': 0, 'ELEFANTE': 0, 'VICTORIA': 4, 'SEMILLA': 74, 'FCN-NACION': 0, 'PPN': 0, 'UR': 0, 'URNG-MAIZ WINAQ': 7, 'CREO': 2, 'BIEN': 26, 'VIVA': 5, 'MI FAMILIA': 5, 'CAMBIO': 1, 'VOS': 34}",2,27,257,0,Algún campo sin dato,1.Guatemala,8.Mixco,0258,presidente
2813,,"{'UNE': 8, 'AZUL': 5, 'VALOR UNIONISTA': 30, 'CABAL': 17, 'TODOS': 1, 'VAMOS': 2, 'PHG': 0, 'PR': 1, 'PIN': 1, 'ELEFANTE': 5, 'VICTORIA': 5, 'SEMILLA': 74, 'FCN-NACION': 1, 'PPN': 1, 'UR': 0, 'URNG-MAIZ WINAQ': 0, 'CREO': 3, 'BIEN': 19, 'VIVA': 6, 'MI FAMILIA': 2, 'CAMBIO': 0, 'VOS': 42}",0,10,233,0,Algún campo sin dato,1.Guatemala,8.Mixco,0258,presidente
2814,,"{'UNE': 3, 'AZUL': 1, 'VALOR UNIONISTA': 27, 'CABAL': 9, 'TODOS': 2, 'VAMOS': 3, 'PHG': 0, 'PR': 1, 'PIN': 0, 'ELEFANTE': 3, 'VICTORIA': 3, 'SEMILLA': 146, 'FCN-NACION': 1, 'PPN': 0, 'UR': 0, 'URNG-MAIZ WINAQ': 3, 'CREO': 0, 'BIEN': 14, 'VIVA': 8, 'MI FAMILIA': 2, 'CAMBIO': 1, 'VOS': 35}",0,11,273,0,Algún campo sin dato,1.Guatemala,8.Mixco,0259,presidente
2815,,"{'UNE': 4, 'AZUL': 0, 'VALOR UNIONISTA': 12, 'CABAL': 4, 'TODOS': 0, 'VAMOS': 3, 'PHG': 0, 'PR': 1, 'PIN': 0, 'ELEFANTE': 0, 'VICTORIA': 5, 'SEMILLA': 114, 'FCN-NACION': 0, 'PPN': 0, 'UR': 1, 'URNG-MAIZ WINAQ': 2, 'CREO': 0, 'BIEN': 10, 'VIVA': 11, 'MI FAMILIA': 1, 'CAMBIO': 0, 'VOS': 10}",0,12,190,0,Algún campo sin dato,1.Guatemala,8.Mixco,0259,presidente
2816,,"{'UNE': 1, 'AZUL': 1, 'VALOR UNIONISTA': 21, 'CABAL': 5, 'TODOS': 0, 'VAMOS': 2, 'PHG': 1, 'PR': 1, 'PIN': 0, 'ELEFANTE': 1, 'VICTORIA': 1, 'SEMILLA': 81, 'FCN-NACION': 0, 'PPN': 0, 'UR': 1, 'URNG-MAIZ WINAQ': 0, 'CREO': 0, 'BIEN': 13, 'VIVA': 2, 'MI FAMILIA': 3, 'CAMBIO': 0, 'VOS': 16}",0,8,158,0,Algún campo sin dato,1.Guatemala,8.Mixco,0260,presidente
2817,,"{'UNE': 11, 'AZUL': 6, 'VALOR UNIONISTA': 51, 'CABAL': 24, 'TODOS': 1, 'VAMOS': 3, 'PHG': 0, 'PR': 4, 'PIN': 2, 'ELEFANTE': 5, 'VICTORIA': 6, 'SEMILLA': 60, 'FCN-NACION': 2, 'PPN': 0, 'UR': 7, 'URNG-MAIZ WINAQ': 8, 'CREO': 1, 'BIEN': 16, 'VIVA': 6, 'MI FAMILIA': 7, 'CAMBIO': 0, 'VOS': 21}",1,31,273,0,Algún campo sin dato,1.Guatemala,8.Mixco,0261,presidente
2818,,"{'UNE': 6, 'AZUL': 4, 'VALOR UNIONISTA': 40, 'CABAL': 36, 'TODOS': 1, 'VAMOS': 2, 'PHG': 0, 'PR': 2, 'PIN': 0, 'ELEFANTE': 3, 'VICTORIA': 3, 'SEMILLA': 66, 'FCN-NACION': 0, 'PPN': 1, 'UR': 4, 'URNG-MAIZ WINAQ': 2, 'CREO': 2, 'BIEN': 17, 'VIVA': 10, 'MI FAMILIA': 5, 'CAMBIO': 0, 'VOS': 28}",0,43,275,0,Algún campo sin dato,1.Guatemala,8.Mixco,0261,presidente
2819,,"{'UNE': 10, 'AZUL': 4, 'VALOR UNIONISTA': 37, 'CABAL': 22, 'TODOS': 2, 'VAMOS': 7, 'PHG': 1, 'PR': 2, 'PIN': 0, 'ELEFANTE': 2, 'VICTORIA': 8, 'SEMILLA': 75, 'FCN-NACION': 0, 'PPN': 1, 'UR': 3, 'URNG-MAIZ WINAQ': 3, 'CREO': 4, 'BIEN': 16, 'VIVA': 13, 'MI FAMILIA': 2, 'CAMBIO': 0, 'VOS': 33}",1,33,279,3,Algún campo sin dato,1.Guatemala,8.Mixco,0261,presidente
2820,,"{'UNE': 3, 'AZUL': 4, 'VALOR UNIONISTA': 32, 'CABAL': 28, 'TODOS': 0, 'VAMOS': 7, 'PHG': 0, 'PR': 2, 'PIN': 0, 'ELEFANTE': 4, 'VICTORIA': 9, 'SEMILLA': 68, 'FCN-NACION': 1, 'PPN': 0, 'UR': 3, 'URNG-MAIZ WINAQ': 0, 'CREO': 1, 'BIEN': 23, 'VIVA': 7, 'MI FAMILIA': 4, 'CAMBIO': 0, 'VOS': 42}",3,18,259,0,Algún campo sin dato,1.Guatemala,8.Mixco,0261,presidente
2821,,"{'UNE': 7, 'AZUL': 4, 'VALOR UNIONISTA': 35, 'CABAL': 27, 'TODOS': 1, 'VAMOS': 4, 'PHG': 1, 'PR': 0, 'PIN': 2, 'ELEFANTE': 2, 'VICTORIA': 5, 'SEMILLA': 77, 'FCN-NACION': 0, 'PPN': 0, 'UR': 4, 'URNG-MAIZ WINAQ': 1, 'CREO': 7, 'BIEN': 19, 'VIVA': 5, 'MI FAMILIA': 0, 'CAMBIO': 3, 'VOS': 33}",0,36,273,0,Algún campo sin dato,1.Guatemala,8.Mixco,0261,presidente
2822,,"{'UNE': 7, 'AZUL': 5, 'VALOR UNIONISTA': 29, 'CABAL': 13, 'TODOS': 1, 'VAMOS': 3, 'PHG': 1, 'PR': 2, 'PIN': 2, 'ELEFANTE': 3, 'VICTORIA': 6, 'SEMILLA': 90, 'FCN-NACION': 0, 'PPN': 1, 'UR': 1, 'URNG-MAIZ WINAQ': 1, 'CREO': 0, 'BIEN': 24, 'VIVA': 10, 'MI FAMILIA': 3, 'CAMBIO': 0, 'VOS': 47}",4,26,279,0,Algún campo sin dato,1.Guatemala,8.Mixco,0261,presidente
2823,,"{'UNE': 4, 'AZUL': 11, 'VALOR UNIONISTA': 24, 'CABAL': 24, 'TODOS': 0, 'VAMOS': 2, 'PHG': 1, 'PR': 3, 'PIN': 2, 'ELEFANTE': 5, 'VICTORIA': 7, 'SEMILLA': 96, 'FCN-NACION': 1, 'PPN': 0, 'UR': 6, 'URNG-MAIZ WINAQ': 1, 'CREO': 3, 'BIEN': 20, 'VIVA': 7, 'MI FAMILIA': 2, 'CAMBIO': 0, 'VOS': 26}",2,30,277,0,Algún campo sin dato,1.Guatemala,8.Mixco,0261,presidente
2824,,"{'UNE': 2, 'AZUL': 10, 'VALOR UNIONISTA': 31, 'CABAL': 23, 'TODOS': 1, 'VAMOS': 2, 'PHG': 1, 'PR': 4, 'PIN': 0, 'ELEFANTE': 4, 'VICTORIA': 7, 'SEMILLA': 78, 'FCN-NACION': 1, 'PPN': 1, 'UR': 3, 'URNG-MAIZ WINAQ': 4, 'CREO': 4, 'BIEN': 23, 'VIVA': 11, 'MI FAMILIA': 1, 'CAMBIO': 5, 'VOS': 32}",2,30,280,0,Algún campo sin dato,1.Guatemala,8.Mixco,0261,presidente
2825,,"{'UNE': 4, 'AZUL': 4, 'VALOR UNIONISTA': 32, 'CABAL': 21, 'TODOS': 0, 'VAMOS': 0, 'PHG': 2, 'PR': 12, 'PIN': 2, 'ELEFANTE': 4, 'VICTORIA': 9, 'SEMILLA': 91, 'FCN-NACION': 1, 'PPN': 1, 'UR': 7, 'URNG-MAIZ WINAQ': 4, 'CREO': 0, 'BIEN': 15, 'VIVA': 17, 'MI FAMILIA': 1, 'CAMBIO': 0, 'VOS': 30}",1,27,285,0,Algún campo sin dato,1.Guatemala,8.Mixco,0261,presidente
2826,,"{'UNE': 11, 'AZUL': 3, 'VALOR UNIONISTA': 30, 'CABAL': 17, 'TODOS': 0, 'VAMOS': 0, 'PHG': 2, 'PR': 2, 'PIN': 0, 'ELEFANTE': 2, 'VICTORIA': 7, 'SEMILLA': 75, 'FCN-NACION': 1, 'PPN': 0, 'UR': 8, 'URNG-MAIZ WINAQ': 2, 'CREO': 4, 'BIEN': 23, 'VIVA': 10, 'MI FAMILIA': 5, 'CAMBIO': 0, 'VOS': 27}",0,37,266,0,Algún campo sin dato,1.Guatemala,8.Mixco,0261,presidente
2827,,"{'UNE': 3, 'AZUL': 5, 'VALOR UNIONISTA': 30, 'CABAL': 12, 'TODOS': 0, 'VAMOS': 3, 'PHG': 0, 'PR': 0, 'PIN': 3, 'ELEFANTE': 4, 'VICTORIA': 7, 'SEMILLA': 95, 'FCN-NACION': 0, 'PPN': 0, 'UR': 1, 'URNG-MAIZ WINAQ': 4, 'CREO': 3, 'BIEN': 18, 'VIVA': 3, 'MI FAMILIA': 6, 'CAMBIO': 0, 'VOS': 29}",1,28,255,0,Algún campo sin dato,1.Guatemala,8.Mixco,0262,presidente
2828,,"{'UNE': 4, 'AZUL': 1, 'VALOR UNIONISTA': 16, 'CABAL': 12, 'TODOS': 0, 'VAMOS': 0, 'PHG': 0, 'PR': 2, 'PIN': 1, 'ELEFANTE': 4, 'VICTORIA': 3, 'SEMILLA': 157, 'FCN-NACION': 1, 'PPN': 0, 'UR': 2, 'URNG-MAIZ WINAQ': 3, 'CREO': 0, 'BIEN': 21, 'VIVA': 3, 'MI FAMILIA': 1, 'CAMBIO': 0, 'VOS': 32}",0,11,274,0,Algún campo sin dato,1.Guatemala,8.Mixco,0262,presidente
2829,,"{'UNE': 3, 'AZUL': 1, 'VALOR UNIONISTA': 5, 'CABAL': 2, 'TODOS': 1, 'VAMOS': 1, 'PHG': 0, 'PR': 1, 'PIN': 0, 'ELEFANTE': 0, 'VICTORIA': 6, 'SEMILLA': 61, 'FCN-NACION': 1, 'PPN': 0, 'UR': 1, 'URNG-MAIZ WINAQ': 0, 'CREO': 0, 'BIEN': 10, 'VIVA': 3, 'MI FAMILIA': 2, 'CAMBIO': 0, 'VOS': 13}",0,12,123,0,Algún campo sin dato,1.Guatemala,8.Mixco,0262,presidente
2830,,"{'UNE': 3, 'AZUL': 2, 'VALOR UNIONISTA': 13, 'CABAL': 4, 'TODOS': 0, 'VAMOS': 0, 'PHG': 0, 'PR': 0, 'PIN': 0, 'ELEFANTE': 0, 'VICTORIA': 3, 'SEMILLA': 68, 'FCN-NACION': 0, 'PPN': 0, 'UR': 0, 'URNG-MAIZ WINAQ': 1, 'CREO': 1, 'BIEN': 6, 'VIVA': 6, 'MI FAMILIA': 0, 'CAMBIO': 0, 'VOS': 7}",0,10,124,0,Algún campo sin dato,1.Guatemala,8.Mixco,0262,presidente
2831,,"{'UNE': 9, 'AZUL': 4, 'VALOR UNIONISTA': 42, 'CABAL': 16, 'TODOS': 0, 'VAMOS': 5, 'PHG': 1, 'PR': 5, 'PIN': 0, 'ELEFANTE': 2, 'VICTORIA': 4, 'SEMILLA': 92, 'FCN-NACION': 2, 'PPN': 0, 'UR': 5, 'URNG-MAIZ WINAQ': 1, 'CREO': 4, 'BIEN': 13, 'VIVA': 9, 'MI FAMILIA': 5, 'CAMBIO': 1, 'VOS': 39}",2,22,283,0,Algún campo sin dato,1.Guatemala,8.Mixco,0263,presidente
2832,,"{'UNE': 7, 'AZUL': 4, 'VALOR UNIONISTA': 28, 'CABAL': 24, 'TODOS': 1, 'VAMOS': 3, 'PHG': 0, 'PR': 4, 'PIN': 0, 'ELEFANTE': 2, 'VICTORIA': 6, 'SEMILLA': 79, 'FCN-NACION': 1, 'PPN': 0, 'UR': 0, 'URNG-MAIZ WINAQ': 2, 'CREO': 2, 'BIEN': 10, 'VIVA': 14, 'MI FAMILIA': 6, 'CAMBIO': 1, 'VOS': 37}",1,31,263,0,Algún campo sin dato,1.Guatemala,8.Mixco,0263,presidente
2833,,"{'UNE': 9, 'AZUL': 4, 'VALOR UNIONISTA': 24, 'CABAL': 18, 'TODOS': 1, 'VAMOS': 3, 'PHG': 0, 'PR': 8, 'PIN': 0, 'ELEFANTE': 4, 'VICTORIA': 9, 'SEMILLA': 76, 'FCN-NACION': 0, 'PPN': 0, 'UR': 1, 'URNG-MAIZ WINAQ': 1, 'CREO': 4, 'BIEN': 9, 'VIVA': 27, 'MI FAMILIA': 6, 'CAMBIO': 0, 'VOS': 30}",0,29,263,0,Algún campo sin dato,1.Guatemala,8.Mixco,0263,presidente
2834,,"{'UNE': 5, 'AZUL': 6, 'VALOR UNIONISTA': 37, 'CABAL': 24, 'TODOS': 1, 'VAMOS': 8, 'PHG': 0, 'PR': 1, 'PIN': 0, 'ELEFANTE': 3, 'VICTORIA': 3, 'SEMILLA': 77, 'FCN-NACION': 1, 'PPN': 0, 'UR': 4, 'URNG-MAIZ WINAQ': 2, 'CREO': 2, 'BIEN': 13, 'VIVA': 12, 'MI FAMILIA': 6, 'CAMBIO': 0, 'VOS': 31}",2,27,265,0,Algún campo sin dato,1.Guatemala,8.Mixco,0263,presidente
2835,,"{'UNE': 10, 'AZUL': 4, 'VALOR UNIONISTA': 34, 'CABAL': 26, 'TODOS': 1, 'VAMOS': 4, 'PHG': 0, 'PR': 3, 'PIN': 0, 'ELEFANTE': 9, 'VICTORIA': 8, 'SEMILLA': 77, 'FCN-NACION': 1, 'PPN': 0, 'UR': 1, 'URNG-MAIZ WINAQ': 3, 'CREO': 3, 'BIEN': 14, 'VIVA': 8, 'MI FAMILIA': 3, 'CAMBIO': 0, 'VOS': 32}",1,35,277,1,Algún campo sin dato,1.Guatemala,8.Mixco,0263,presidente
2836,,"{'UNE': 6, 'AZUL': 9, 'VALOR UNIONISTA': 34, 'CABAL': 21, 'TODOS': 2, 'VAMOS': 1, 'PHG': 0, 'PR': 4, 'PIN': 2, 'ELEFANTE': 5, 'VICTORIA': 5, 'SEMILLA': 57, 'FCN-NACION': 0, 'PPN': 0, 'UR': 4, 'URNG-MAIZ WINAQ': 2, 'CREO': 5, 'BIEN': 21, 'VIVA': 8, 'MI FAMILIA': 16, 'CAMBIO': 0, 'VOS': 38}",0,38,278,0,Algún campo sin dato,1.Guatemala,8.Mixco,0263,presidente
2837,,"{'UNE': 16, 'AZUL': 5, 'VALOR UNIONISTA': 35, 'CABAL': 21, 'TODOS': 0, 'VAMOS': 4, 'PHG': 0, 'PR': 4, 'PIN': 1, 'ELEFANTE': 3, 'VICTORIA': 12, 'SEMILLA': 80, 'FCN-NACION': 1, 'PPN': 1, 'UR': 7, 'URNG-MAIZ WINAQ': 3, 'CREO': 2, 'BIEN': 23, 'VIVA': 17, 'MI FAMILIA': 5, 'CAMBIO': 0, 'VOS': 35}",0,24,299,0,Algún campo sin dato,1.Guatemala,8.Mixco,0263,presidente
2838,,"{'UNE': 7, 'AZUL': 5, 'VALOR UNIONISTA': 43, 'CABAL': 20, 'TODOS': 0, 'VAMOS': 2, 'PHG': 1, 'PR': 3, 'PIN': 0, 'ELEFANTE': 2, 'VICTORIA': 6, 'SEMILLA': 78, 'FCN-NACION': 0, 'PPN': 0, 'UR': 6, 'URNG-MAIZ WINAQ': 4, 'CREO': 5, 'BIEN': 11, 'VIVA': 6, 'MI FAMILIA': 6, 'CAMBIO': 0, 'VOS': 37}",1,31,274,0,Algún campo sin dato,1.Guatemala,8.Mixco,0263,presidente
2839,,"{'UNE': 10, 'AZUL': 1, 'VALOR UNIONISTA': 30, 'CABAL': 21, 'TODOS': 3, 'VAMOS': 0, 'PHG': 0, 'PR': 3, 'PIN': 1, 'ELEFANTE': 1, 'VICTORIA': 9, 'SEMILLA': 79, 'FCN-NACION': 0, 'PPN': 0, 'UR': 2, 'URNG-MAIZ WINAQ': 2, 'CREO': 1, 'BIEN': 29, 'VIVA': 13, 'MI FAMILIA': 5, 'CAMBIO': 0, 'VOS': 23}",0,39,272,0,Algún campo sin dato,1.Guatemala,8.Mixco,0263,presidente
2840,,"{'UNE': 5, 'AZUL': 2, 'VALOR UNIONISTA': 20, 'CABAL': 9, 'TODOS': 1, 'VAMOS': 2, 'PHG': 0, 'PR': 1, 'PIN': 0, 'ELEFANTE': 2, 'VICTORIA': 4, 'SEMILLA': 101, 'FCN-NACION': 1, 'PPN': 1, 'UR': 3, 'URNG-MAIZ WINAQ': 1, 'CREO': 2, 'BIEN': 15, 'VIVA': 9, 'MI FAMILIA': 2, 'CAMBIO': 0, 'VOS': 45}",1,19,246,0,Algún campo sin dato,1.Guatemala,8.Mixco,0263,presidente
2841,,"{'UNE': 8, 'AZUL': 2, 'VALOR UNIONISTA': 37, 'CABAL': 13, 'TODOS': 1, 'VAMOS': 4, 'PHG': 0, 'PR': 1, 'PIN': 0, 'ELEFANTE': 1, 'VICTORIA': 2, 'SEMILLA': 63, 'FCN-NACION': 0, 'PPN': 0, 'UR': 2, 'URNG-MAIZ WINAQ': 2, 'CREO': 2, 'BIEN': 19, 'VIVA': 13, 'MI FAMILIA': 5, 'CAMBIO': 0, 'VOS': 44}",1,26,246,0,Algún campo sin dato,1.Guatemala,8.Mixco,0263,presidente
2842,,"{'UNE': 7, 'AZUL': 2, 'VALOR UNIONISTA': 30, 'CABAL': 17, 'TODOS': 0, 'VAMOS': 6, 'PHG': 0, 'PR': 4, 'PIN': 2, 'ELEFANTE': 3, 'VICTORIA': 2, 'SEMILLA': 76, 'FCN-NACION': 1, 'PPN': 0, 'UR': 1, 'URNG-MAIZ WINAQ': 6, 'CREO': 4, 'BIEN': 20, 'VIVA': 10, 'MI FAMILIA': 6, 'CAMBIO': 1, 'VOS': 39}",0,39,276,0,Algún campo sin dato,1.Guatemala,8.Mixco,0263,presidente
2843,,"{'UNE': 11, 'AZUL': 6, 'VALOR UNIONISTA': 40, 'CABAL': 15, 'TODOS': 1, 'VAMOS': 5, 'PHG': 0, 'PR': 2, 'PIN': 2, 'ELEFANTE': 6, 'VICTORIA': 6, 'SEMILLA': 74, 'FCN-NACION': 0, 'PPN': 0, 'UR': 4, 'URNG-MAIZ WINAQ': 5, 'CREO': 6, 'BIEN': 18, 'VIVA': 10, 'MI FAMILIA': 0, 'CAMBIO': 0, 'VOS': 23}",1,31,266,0,Algún campo sin dato,1.Guatemala,8.Mixco,0263,presidente
2844,,"{'UNE': 5, 'AZUL': 6, 'VALOR UNIONISTA': 44, 'CABAL': 23, 'TODOS': 1, 'VAMOS': 1, 'PHG': 0, 'PR': 2, 'PIN': 1, 'ELEFANTE': 0, 'VICTORIA': 8, 'SEMILLA': 86, 'FCN-NACION': 0, 'PPN': 1, 'UR': 1, 'URNG-MAIZ WINAQ': 2, 'CREO': 2, 'BIEN': 30, 'VIVA': 16, 'MI FAMILIA': 3, 'CAMBIO': 0, 'VOS': 28}",0,18,278,0,,1.Guatemala,8.Mixco,0263,presidente
2845,,"{'UNE': 7, 'AZUL': 1, 'VALOR UNIONISTA': 39, 'CABAL': 13, 'TODOS': 0, 'VAMOS': 9, 'PHG': 1, 'PR': 5, 'PIN': 0, 'ELEFANTE': 4, 'VICTORIA': 5, 'SEMILLA': 88, 'FCN-NACION': 1, 'PPN': 0, 'UR': 2, 'URNG-MAIZ WINAQ': 4, 'CREO': 3, 'BIEN': 22, 'VIVA': 5, 'MI FAMILIA': 4, 'CAMBIO': 0, 'VOS': 37}",1,26,277,0,Algún campo sin dato,1.Guatemala,8.Mixco,0263,presidente
2846,,"{'UNE': 6, 'AZUL': 6, 'VALOR UNIONISTA': 36, 'CABAL': 20, 'TODOS': 0, 'VAMOS': 5, 'PHG': 0, 'PR': 2, 'PIN': 1, 'ELEFANTE': 1, 'VICTORIA': 6, 'SEMILLA': 95, 'FCN-NACION': 3, 'PPN': 1, 'UR': 4, 'URNG-MAIZ WINAQ': 3, 'CREO': 3, 'BIEN': 19, 'VIVA': 9, 'MI FAMILIA': 5, 'CAMBIO': 0, 'VOS': 43}",0,22,290,0,Algún campo sin dato,1.Guatemala,8.Mixco,0263,presidente
2847,,"{'UNE': 8, 'AZUL': 2, 'VALOR UNIONISTA': 37, 'CABAL': 21, 'TODOS': 1, 'VAMOS': 1, 'PHG': 1, 'PR': 2, 'PIN': 2, 'ELEFANTE': 5, 'VICTORIA': 3, 'SEMILLA': 83, 'FCN-NACION': 0, 'PPN': 0, 'UR': 4, 'URNG-MAIZ WINAQ': 5, 'CREO': 3, 'BIEN': 25, 'VIVA': 9, 'MI FAMILIA': 4, 'CAMBIO': 0, 'VOS': 37}",2,29,284,0,Algún campo sin dato,1.Guatemala,8.Mixco,0264,presidente
2848,,"{'UNE': 4, 'AZUL': 5, 'VALOR UNIONISTA': 32, 'CABAL': 27, 'TODOS': 1, 'VAMOS': 4, 'PHG': 0, 'PR': 2, 'PIN': 0, 'ELEFANTE': 3, 'VICTORIA': 3, 'SEMILLA': 83, 'FCN-NACION': 0, 'PPN': 0, 'UR': 3, 'URNG-MAIZ WINAQ': 2, 'CREO': 3, 'BIEN': 22, 'VIVA': 5, 'MI FAMILIA': 4, 'CAMBIO': 1, 'VOS': 39}",0,33,276,0,Algún campo sin dato,1.Guatemala,8.Mixco,0264,presidente
2849,,"{'UNE': 9, 'AZUL': 8, 'VALOR UNIONISTA': 44, 'CABAL': 22, 'TODOS': 1, 'VAMOS': 5, 'PHG': 2, 'PR': 3, 'PIN': 1, 'ELEFANTE': 3, 'VICTORIA': 8, 'SEMILLA': 73, 'FCN-NACION': 0, 'PPN': 2, 'UR': 6, 'URNG-MAIZ WINAQ': 4, 'CREO': 0, 'BIEN': 29, 'VIVA': 10, 'MI FAMILIA': 2, 'CAMBIO': 0, 'VOS': 42}",0,19,293,0,Sumas Asentadas sin cuadrar,1.Guatemala,8.Mixco,0264,presidente
2850,,"{'UNE': 9, 'AZUL': 2, 'VALOR UNIONISTA': 41, 'CABAL': 20, 'TODOS': 1, 'VAMOS': 1, 'PHG': 0, 'PR': 1, 'PIN': 1, 'ELEFANTE': 3, 'VICTORIA': 4, 'SEMILLA': 86, 'FCN-NACION': 2, 'PPN': 0, 'UR': 2, 'URNG-MAIZ WINAQ': 1, 'CREO': 3, 'BIEN': 18, 'VIVA': 7, 'MI FAMILIA': 4, 'CAMBIO': 0, 'VOS': 38}",10,10,264,0,Algún campo sin dato,1.Guatemala,8.Mixco,0264,presidente
2851,,"{'UNE': 10, 'AZUL': 1, 'VALOR UNIONISTA': 32, 'CABAL': 20, 'TODOS': 0, 'VAMOS': 1, 'PHG': 0, 'PR': 0, 'PIN': 0, 'ELEFANTE': 4, 'VICTORIA': 6, 'SEMILLA': 80, 'FCN-NACION': 0, 'PPN': 1, 'UR': 1, 'URNG-MAIZ WINAQ': 5, 'CREO': 4, 'BIEN': 17, 'VIVA': 8, 'MI FAMILIA': 9, 'CAMBIO': 1, 'VOS': 28}",1,38,267,0,Algún campo sin dato,1.Guatemala,8.Mixco,0264,presidente
2852,,"{'UNE': 5, 'AZUL': 1, 'VALOR UNIONISTA': 41, 'CABAL': 24, 'TODOS': 2, 'VAMOS': 2, 'PHG': 0, 'PR': 3, 'PIN': 0, 'ELEFANTE': 5, 'VICTORIA': 10, 'SEMILLA': 78, 'FCN-NACION': 2, 'PPN': 1, 'UR': 1, 'URNG-MAIZ WINAQ': 1, 'CREO': 7, 'BIEN': 22, 'VIVA': 9, 'MI FAMILIA': 2, 'CAMBIO': 0, 'VOS': 23}",1,20,260,0,Algún campo sin dato,1.Guatemala,8.Mixco,0264,presidente
2853,,"{'UNE': 11, 'AZUL': 6, 'VALOR UNIONISTA': 35, 'CABAL': 24, 'TODOS': 1, 'VAMOS': 3, 'PHG': 0, 'PR': 3, 'PIN': 0, 'ELEFANTE': 2, 'VICTORIA': 2, 'SEMILLA': 72, 'FCN-NACION': 1, 'PPN': 0, 'UR': 5, 'URNG-MAIZ WINAQ': 2, 'CREO': 3, 'BIEN': 12, 'VIVA': 14, 'MI FAMILIA': 5, 'CAMBIO': 0, 'VOS': 36}",1,37,275,0,Algún campo sin dato,1.Guatemala,8.Mixco,0264,presidente
2854,,"{'UNE': 7, 'AZUL': 3, 'VALOR UNIONISTA': 38, 'CABAL': 18, 'TODOS': 2, 'VAMOS': 3, 'PHG': 0, 'PR': 4, 'PIN': 1, 'ELEFANTE': 3, 'VICTORIA': 4, 'SEMILLA': 92, 'FCN-NACION': 0, 'PPN': 3, 'UR': 4, 'URNG-MAIZ WINAQ': 2, 'CREO': 3, 'BIEN': 11, 'VIVA': 9, 'MI FAMILIA': 2, 'CAMBIO': 1, 'VOS': 26}",0,25,261,0,Algún campo sin dato,1.Guatemala,8.Mixco,0264,presidente
2855,,"{'UNE': 6, 'AZUL': 2, 'VALOR UNIONISTA': 28, 'CABAL': 22, 'TODOS': 1, 'VAMOS': 4, 'PHG': 1, 'PR': 1, 'PIN': 1, 'ELEFANTE': 0, 'VICTORIA': 7, 'SEMILLA': 80, 'FCN-NACION': 2, 'PPN': 0, 'UR': 2, 'URNG-MAIZ WINAQ': 1, 'CREO': 2, 'BIEN': 16, 'VIVA': 13, 'MI FAMILIA': 9, 'CAMBIO': 1, 'VOS': 42}",0,36,277,0,Algún campo sin dato,1.Guatemala,8.Mixco,0265,presidente
2856,,"{'UNE': 7, 'AZUL': 2, 'VALOR UNIONISTA': 34, 'CABAL': 14, 'TODOS': 0, 'VAMOS': 6, 'PHG': 1, 'PR': 5, 'PIN': 0, 'ELEFANTE': 2, 'VICTORIA': 5, 'SEMILLA': 90, 'FCN-NACION': 0, 'PPN': 0, 'UR': 2, 'URNG-MAIZ WINAQ': 1, 'CREO': 4, 'BIEN': 20, 'VIVA': 4, 'MI FAMILIA': 2, 'CAMBIO': 1, 'VOS': 28}",1,19,248,0,Algún campo sin dato,1.Guatemala,8.Mixco,0265,presidente
2857,,"{'UNE': 7, 'AZUL': 1, 'VALOR UNIONISTA': 28, 'CABAL': 11, 'TODOS': 0, 'VAMOS': 2, 'PHG': 0, 'PR': 0, 'PIN': 0, 'ELEFANTE': 0, 'VICTORIA': 12, 'SEMILLA': 108, 'FCN-NACION': 0, 'PPN': 2, 'UR': 5, 'URNG-MAIZ WINAQ': 0, 'CREO': 2, 'BIEN': 21, 'VIVA': 10, 'MI FAMILIA': 3, 'CAMBIO': 1, 'VOS': 33}",2,23,271,0,Algún campo sin dato,1.Guatemala,8.Mixco,0265,presidente
2858,,"{'UNE': 4, 'AZUL': 4, 'VALOR UNIONISTA': 18, 'CABAL': 13, 'TODOS': 1, 'VAMOS': 0, 'PHG': 0, 'PR': 2, 'PIN': 2, 'ELEFANTE': 0, 'VICTORIA': 4, 'SEMILLA': 163, 'FCN-NACION': 0, 'PPN': 1, 'UR': 0, 'URNG-MAIZ WINAQ': 0, 'CREO': 1, 'BIEN': 16, 'VIVA': 6, 'MI FAMILIA': 2, 'CAMBIO': 0, 'VOS': 31}",1,11,280,0,Algún campo sin dato,1.Guatemala,8.Mixco,0265,presidente
2859,,"{'UNE': 2, 'AZUL': 2, 'VALOR UNIONISTA': 14, 'CABAL': 8, 'TODOS': 0, 'VAMOS': 0, 'PHG': 2, 'PR': 2, 'PIN': 1, 'ELEFANTE': 3, 'VICTORIA': 3, 'SEMILLA': 200, 'FCN-NACION': 1, 'PPN': 0, 'UR': 3, 'URNG-MAIZ WINAQ': 2, 'CREO': 2, 'BIEN': 16, 'VIVA': 4, 'MI FAMILIA': 0, 'CAMBIO': 0, 'VOS': 26}",0,12,303,0,Algún campo sin dato,1.Guatemala,8.Mixco,0265,presidente
2860,,"{'UNE': 0, 'AZUL': 2, 'VALOR UNIONISTA': 15, 'CABAL': 10, 'TODOS': 1, 'VAMOS': 4, 'PHG': 0, 'PR': 2, 'PIN': 0, 'ELEFANTE': 1, 'VICTORIA': 2, 'SEMILLA': 136, 'FCN-NACION': 0, 'PPN': 1, 'UR': 1, 'URNG-MAIZ WINAQ': 1, 'CREO': 1, 'BIEN': 25, 'VIVA': 8, 'MI FAMILIA': 2, 'CAMBIO': 0, 'VOS': 16}",0,15,243,2,,1.Guatemala,8.Mixco,0265,presidente
2861,,"{'UNE': 5, 'AZUL': 1, 'VALOR UNIONISTA': 19, 'CABAL': 8, 'TODOS': 1, 'VAMOS': 3, 'PHG': 0, 'PR': 0, 'PIN': 0, 'ELEFANTE': 4, 'VICTORIA': 2, 'SEMILLA': 81, 'FCN-NACION': 0, 'PPN': 1, 'UR': 1, 'URNG-MAIZ WINAQ': 1, 'CREO': 3, 'BIEN': 13, 'VIVA': 7, 'MI FAMILIA': 2, 'CAMBIO': 0, 'VOS': 19}",2,16,189,0,Algún campo sin dato,1.Guatemala,8.Mixco,0265,presidente
2862,,"{'UNE': 6, 'AZUL': 1, 'VALOR UNIONISTA': 12, 'CABAL': 9, 'TODOS': 0, 'VAMOS': 1, 'PHG': 0, 'PR': 1, 'PIN': 1, 'ELEFANTE': 1, 'VICTORIA': 1, 'SEMILLA': 145, 'FCN-NACION': 0, 'PPN': 1, 'UR': 1, 'URNG-MAIZ WINAQ': 0, 'CREO': 0, 'BIEN': 7, 'VIVA': 4, 'MI FAMILIA': 2, 'CAMBIO': 0, 'VOS': 17}",0,15,225,0,Algún campo sin dato,1.Guatemala,8.Mixco,0265,presidente
2863,,"{'UNE': 11, 'AZUL': 3, 'VALOR UNIONISTA': 32, 'CABAL': 16, 'TODOS': 0, 'VAMOS': 2, 'PHG': 0, 'PR': 3, 'PIN': 1, 'ELEFANTE': 4, 'VICTORIA': 11, 'SEMILLA': 78, 'FCN-NACION': 1, 'PPN': 1, 'UR': 3, 'URNG-MAIZ WINAQ': 2, 'CREO': 1, 'BIEN': 24, 'VIVA': 12, 'MI FAMILIA': 7, 'CAMBIO': 1, 'VOS': 36}",0,22,271,0,Algún campo sin dato,1.Guatemala,8.Mixco,0266,presidente
2864,,"{'UNE': 7, 'AZUL': 5, 'VALOR UNIONISTA': 42, 'CABAL': 24, 'TODOS': 0, 'VAMOS': 3, 'PHG': 1, 'PR': 1, 'PIN': 3, 'ELEFANTE': 5, 'VICTORIA': 14, 'SEMILLA': 79, 'FCN-NACION': 0, 'PPN': 0, 'UR': 4, 'URNG-MAIZ WINAQ': 3, 'CREO': 3, 'BIEN': 15, 'VIVA': 8, 'MI FAMILIA': 3, 'CAMBIO': 0, 'VOS': 29}",0,23,272,0,Algún campo sin dato,1.Guatemala,8.Mixco,0266,presidente
2865,,"{'UNE': 11, 'AZUL': 1, 'VALOR UNIONISTA': 35, 'CABAL': 22, 'TODOS': 0, 'VAMOS': 4, 'PHG': 1, 'PR': 1, 'PIN': 1, 'ELEFANTE': 2, 'VICTORIA': 9, 'SEMILLA': 83, 'FCN-NACION': 1, 'PPN': 1, 'UR': 3, 'URNG-MAIZ WINAQ': 3, 'CREO': 2, 'BIEN': 19, 'VIVA': 13, 'MI FAMILIA': 4, 'CAMBIO': 0, 'VOS': 37}",0,28,281,0,Algún campo sin dato,1.Guatemala,8.Mixco,0266,presidente
2866,,"{'UNE': 6, 'AZUL': 5, 'VALOR UNIONISTA': 28, 'CABAL': 19, 'TODOS': 1, 'VAMOS': 4, 'PHG': 0, 'PR': 4, 'PIN': 2, 'ELEFANTE': 9, 'VICTORIA': 11, 'SEMILLA': 70, 'FCN-NACION': 0, 'PPN': 0, 'UR': 7, 'URNG-MAIZ WINAQ': 2, 'CREO': 3, 'BIEN': 18, 'VIVA': 9, 'MI FAMILIA': 4, 'CAMBIO': 3, 'VOS': 26}",2,31,264,1,Algún campo sin dato,1.Guatemala,8.Mixco,0266,presidente
2867,,"{'UNE': 10, 'AZUL': 2, 'VALOR UNIONISTA': 42, 'CABAL': 17, 'TODOS': 1, 'VAMOS': 9, 'PHG': 1, 'PR': 5, 'PIN': 0, 'ELEFANTE': 6, 'VICTORIA': 9, 'SEMILLA': 76, 'FCN-NACION': 2, 'PPN': 0, 'UR': 6, 'URNG-MAIZ WINAQ': 3, 'CREO': 1, 'BIEN': 21, 'VIVA': 11, 'MI FAMILIA': 7, 'CAMBIO': 0, 'VOS': 43}",2,31,305,1,Algún campo sin dato,1.Guatemala,8.Mixco,0266,presidente
2868,,"{'UNE': 7, 'AZUL': 12, 'VALOR UNIONISTA': 47, 'CABAL': 29, 'TODOS': 0, 'VAMOS': 4, 'PHG': 0, 'PR': 3, 'PIN': 2, 'ELEFANTE': 5, 'VICTORIA': 12, 'SEMILLA': 86, 'FCN-NACION': 0, 'PPN': 1, 'UR': 2, 'URNG-MAIZ WINAQ': 7, 'CREO': 0, 'BIEN': 22, 'VIVA': 13, 'MI FAMILIA': 2, 'CAMBIO': 0, 'VOS': 24}",0,23,301,1,Algún campo sin dato,1.Guatemala,8.Mixco,0266,presidente
2869,,"{'UNE': 10, 'AZUL': 3, 'VALOR UNIONISTA': 42, 'CABAL': 27, 'TODOS': 0, 'VAMOS': 4, 'PHG': 0, 'PR': 5, 'PIN': 1, 'ELEFANTE': 4, 'VICTORIA': 13, 'SEMILLA': 79, 'FCN-NACION': 2, 'PPN': 2, 'UR': 3, 'URNG-MAIZ WINAQ': 5, 'CREO': 3, 'BIEN': 17, 'VIVA': 3, 'MI FAMILIA': 7, 'CAMBIO': 0, 'VOS': 36}",0,26,292,1,Algún campo sin dato,1.Guatemala,8.Mixco,0266,presidente
2870,,"{'UNE': 8, 'AZUL': 3, 'VALOR UNIONISTA': 38, 'CABAL': 31, 'TODOS': 0, 'VAMOS': 2, 'PHG': 0, 'PR': 6, 'PIN': 1, 'ELEFANTE': 3, 'VICTORIA': 20, 'SEMILLA': 79, 'FCN-NACION': 1, 'PPN': 1, 'UR': 6, 'URNG-MAIZ WINAQ': 4, 'CREO': 0, 'BIEN': 13, 'VIVA': 7, 'MI FAMILIA': 8, 'CAMBIO': 0, 'VOS': 22}",0,35,288,0,Algún campo sin dato,1.Guatemala,8.Mixco,0266,presidente
2871,,"{'UNE': 10, 'AZUL': 4, 'VALOR UNIONISTA': 38, 'CABAL': 19, 'TODOS': 0, 'VAMOS': 6, 'PHG': 1, 'PR': 3, 'PIN': 1, 'ELEFANTE': 0, 'VICTORIA': 11, 'SEMILLA': 77, 'FCN-NACION': 3, 'PPN': 0, 'UR': 4, 'URNG-MAIZ WINAQ': 5, 'CREO': 2, 'BIEN': 24, 'VIVA': 9, 'MI FAMILIA': 5, 'CAMBIO': 0, 'VOS': 31}",0,24,277,1,Algún campo sin dato,1.Guatemala,8.Mixco,0266,presidente
2872,,"{'UNE': 10, 'AZUL': 3, 'VALOR UNIONISTA': 31, 'CABAL': 19, 'TODOS': 0, 'VAMOS': 6, 'PHG': 1, 'PR': 4, 'PIN': 3, 'ELEFANTE': 5, 'VICTORIA': 10, 'SEMILLA': 80, 'FCN-NACION': 0, 'PPN': 0, 'UR': 2, 'URNG-MAIZ WINAQ': 3, 'CREO': 4, 'BIEN': 23, 'VIVA': 10, 'MI FAMILIA': 7, 'CAMBIO': 1, 'VOS': 22}",1,36,281,0,Algún campo sin dato,1.Guatemala,8.Mixco,0266,presidente
2873,,"{'UNE': 13, 'AZUL': 4, 'VALOR UNIONISTA': 35, 'CABAL': 21, 'TODOS': 2, 'VAMOS': 3, 'PHG': 0, 'PR': 5, 'PIN': 0, 'ELEFANTE': 2, 'VICTORIA': 9, 'SEMILLA': 65, 'FCN-NACION': 2, 'PPN': 1, 'UR': 0, 'URNG-MAIZ WINAQ': 4, 'CREO': 2, 'BIEN': 24, 'VIVA': 9, 'MI FAMILIA': 2, 'CAMBIO': 2, 'VOS': 32}",0,22,259,0,Algún campo sin dato,1.Guatemala,8.Mixco,0266,presidente
2874,,"{'UNE': 2, 'AZUL': 0, 'VALOR UNIONISTA': 19, 'CABAL': 13, 'TODOS': 0, 'VAMOS': 3, 'PHG': 0, 'PR': 1, 'PIN': 1, 'ELEFANTE': 2, 'VICTORIA': 11, 'SEMILLA': 112, 'FCN-NACION': 0, 'PPN': 0, 'UR': 1, 'URNG-MAIZ WINAQ': 2, 'CREO': 2, 'BIEN': 18, 'VIVA': 6, 'MI FAMILIA': 5, 'CAMBIO': 0, 'VOS': 32}",0,19,249,0,Algún campo sin dato,1.Guatemala,8.Mixco,0266,presidente
2875,,"{'UNE': 3, 'AZUL': 2, 'VALOR UNIONISTA': 27, 'CABAL': 6, 'TODOS': 0, 'VAMOS': 3, 'PHG': 0, 'PR': 0, 'PIN': 1, 'ELEFANTE': 2, 'VICTORIA': 12, 'SEMILLA': 118, 'FCN-NACION': 0, 'PPN': 3, 'UR': 1, 'URNG-MAIZ WINAQ': 1, 'CREO': 1, 'BIEN': 20, 'VIVA': 6, 'MI FAMILIA': 6, 'CAMBIO': 0, 'VOS': 33}",0,14,259,0,Sumas Asentadas sin cuadrar,1.Guatemala,8.Mixco,0266,presidente
2876,,"{'UNE': 9, 'AZUL': 2, 'VALOR UNIONISTA': 40, 'CABAL': 24, 'TODOS': 0, 'VAMOS': 2, 'PHG': 0, 'PR': 4, 'PIN': 3, 'ELEFANTE': 3, 'VICTORIA': 13, 'SEMILLA': 87, 'FCN-NACION': 0, 'PPN': 1, 'UR': 4, 'URNG-MAIZ WINAQ': 2, 'CREO': 4, 'BIEN': 11, 'VIVA': 4, 'MI FAMILIA': 3, 'CAMBIO': 0, 'VOS': 35}",0,12,263,0,Algún campo sin dato,1.Guatemala,8.Mixco,0266,presidente
2877,,"{'UNE': 10, 'AZUL': 1, 'VALOR UNIONISTA': 36, 'CABAL': 24, 'TODOS': 0, 'VAMOS': 2, 'PHG': 0, 'PR': 2, 'PIN': 1, 'ELEFANTE': 1, 'VICTORIA': 18, 'SEMILLA': 80, 'FCN-NACION': 0, 'PPN': 0, 'UR': 2, 'URNG-MAIZ WINAQ': 6, 'CREO': 1, 'BIEN': 20, 'VIVA': 9, 'MI FAMILIA': 4, 'CAMBIO': 0, 'VOS': 33}",1,25,276,1,Algún campo sin dato,1.Guatemala,8.Mixco,0266,presidente
2878,,"{'UNE': 8, 'AZUL': 3, 'VALOR UNIONISTA': 25, 'CABAL': 19, 'TODOS': 1, 'VAMOS': 2, 'PHG': 1, 'PR': 4, 'PIN': 1, 'ELEFANTE': 3, 'VICTORIA': 9, 'SEMILLA': 91, 'FCN-NACION': 0, 'PPN': 1, 'UR': 4, 'URNG-MAIZ WINAQ': 3, 'CREO': 3, 'BIEN': 19, 'VIVA': 12, 'MI FAMILIA': 5, 'CAMBIO': 1, 'VOS': 32}",0,30,277,0,Algún campo sin dato,1.Guatemala,8.Mixco,0267,presidente
2879,,"{'UNE': 4, 'AZUL': 3, 'VALOR UNIONISTA': 31, 'CABAL': 13, 'TODOS': 1, 'VAMOS': 5, 'PHG': 0, 'PR': 1, 'PIN': 1, 'ELEFANTE': 7, 'VICTORIA': 11, 'SEMILLA': 76, 'FCN-NACION': 2, 'PPN': 1, 'UR': 2, 'URNG-MAIZ WINAQ': 5, 'CREO': 2, 'BIEN': 19, 'VIVA': 12, 'MI FAMILIA': 6, 'CAMBIO': 0, 'VOS': 20}",0,23,245,0,Algún campo sin dato,1.Guatemala,8.Mixco,0267,presidente
2880,,"{'UNE': 7, 'AZUL': 4, 'VALOR UNIONISTA': 30, 'CABAL': 11, 'TODOS': 3, 'VAMOS': 1, 'PHG': 0, 'PR': 2, 'PIN': 1, 'ELEFANTE': 2, 'VICTORIA': 12, 'SEMILLA': 98, 'FCN-NACION': 0, 'PPN': 2, 'UR': 2, 'URNG-MAIZ WINAQ': 4, 'CREO': 2, 'BIEN': 36, 'VIVA': 6, 'MI FAMILIA': 5, 'CAMBIO': 0, 'VOS': 39}",0,22,289,0,Algún campo sin dato,1.Guatemala,8.Mixco,0267,presidente
2881,,"{'UNE': 4, 'AZUL': 4, 'VALOR UNIONISTA': 33, 'CABAL': 19, 'TODOS': 0, 'VAMOS': 7, 'PHG': 0, 'PR': 4, 'PIN': 1, 'ELEFANTE': 2, 'VICTORIA': 10, 'SEMILLA': 91, 'FCN-NACION': 2, 'PPN': 1, 'UR': 5, 'URNG-MAIZ WINAQ': 4, 'CREO': 7, 'BIEN': 18, 'VIVA': 7, 'MI FAMILIA': 1, 'CAMBIO': 2, 'VOS': 37}",0,25,284,0,Algún campo sin dato,1.Guatemala,8.Mixco,0267,presidente
2882,,"{'UNE': 5, 'AZUL': 6, 'VALOR UNIONISTA': 33, 'CABAL': 20, 'TODOS': 0, 'VAMOS': 3, 'PHG': 1, 'PR': 2, 'PIN': 0, 'ELEFANTE': 4, 'VICTORIA': 4, 'SEMILLA': 93, 'FCN-NACION': 0, 'PPN': 0, 'UR': 2, 'URNG-MAIZ WINAQ': 2, 'CREO': 3, 'BIEN': 22, 'VIVA': 10, 'MI FAMILIA': 10, 'CAMBIO': 0, 'VOS': 35}",1,24,280,0,,1.Guatemala,8.Mixco,0267,presidente
2883,,"{'UNE': 11, 'AZUL': 8, 'VALOR UNIONISTA': 29, 'CABAL': 16, 'TODOS': 0, 'VAMOS': 4, 'PHG': 2, 'PR': 1, 'PIN': 0, 'ELEFANTE': 3, 'VICTORIA': 10, 'SEMILLA': 99, 'FCN-NACION': 0, 'PPN': 1, 'UR': 3, 'URNG-MAIZ WINAQ': 2, 'CREO': 3, 'BIEN': 15, 'VIVA': 9, 'MI FAMILIA': 4, 'CAMBIO': 2, 'VOS': 40}",1,22,285,0,Algún campo sin dato,1.Guatemala,8.Mixco,0267,presidente
2884,,"{'UNE': 14, 'AZUL': 5, 'VALOR UNIONISTA': 33, 'CABAL': 11, 'TODOS': 0, 'VAMOS': 3, 'PHG': 1, 'PR': 3, 'PIN': 4, 'ELEFANTE': 3, 'VICTORIA': 12, 'SEMILLA': 100, 'FCN-NACION': 2, 'PPN': 1, 'UR': 1, 'URNG-MAIZ WINAQ': 3, 'CREO': 1, 'BIEN': 22, 'VIVA': 5, 'MI FAMILIA': 0, 'CAMBIO': 2, 'VOS': 30}",2,17,275,0,Algún campo sin dato,1.Guatemala,8.Mixco,0267,presidente
2885,,"{'UNE': 9, 'AZUL': 4, 'VALOR UNIONISTA': 41, 'CABAL': 19, 'TODOS': 0, 'VAMOS': 3, 'PHG': 1, 'PR': 3, 'PIN': 1, 'ELEFANTE': 3, 'VICTORIA': 7, 'SEMILLA': 77, 'FCN-NACION': 2, 'PPN': 1, 'UR': 6, 'URNG-MAIZ WINAQ': 3, 'CREO': 0, 'BIEN': 32, 'VIVA': 8, 'MI FAMILIA': 4, 'CAMBIO': 0, 'VOS': 33}",3,15,275,0,Algún campo sin dato,1.Guatemala,8.Mixco,0267,presidente
2886,,"{'UNE': 10, 'AZUL': 4, 'VALOR UNIONISTA': 37, 'CABAL': 15, 'TODOS': 0, 'VAMOS': 4, 'PHG': 0, 'PR': 2, 'PIN': 0, 'ELEFANTE': 2, 'VICTORIA': 17, 'SEMILLA': 90, 'FCN-NACION': 2, 'PPN': 0, 'UR': 3, 'URNG-MAIZ WINAQ': 3, 'CREO': 2, 'BIEN': 22, 'VIVA': 6, 'MI FAMILIA': 7, 'CAMBIO': 1, 'VOS': 34}",3,25,289,0,Algún campo sin dato,1.Guatemala,8.Mixco,0267,presidente
2887,,"{'UNE': 10, 'AZUL': 4, 'VALOR UNIONISTA': 37, 'CABAL': 20, 'TODOS': 1, 'VAMOS': 7, 'PHG': 0, 'PR': 4, 'PIN': 2, 'ELEFANTE': 1, 'VICTORIA': 8, 'SEMILLA': 81, 'FCN-NACION': 1, 'PPN': 0, 'UR': 6, 'URNG-MAIZ WINAQ': 4, 'CREO': 1, 'BIEN': 21, 'VIVA': 10, 'MI FAMILIA': 4, 'CAMBIO': 0, 'VOS': 38}",2,23,285,0,Algún campo sin dato,1.Guatemala,8.Mixco,0267,presidente
2888,,"{'UNE': 7, 'AZUL': 2, 'VALOR UNIONISTA': 40, 'CABAL': 27, 'TODOS': 0, 'VAMOS': 5, 'PHG': 0, 'PR': 7, 'PIN': 0, 'ELEFANTE': 3, 'VICTORIA': 10, 'SEMILLA': 66, 'FCN-NACION': 2, 'PPN': 1, 'UR': 3, 'URNG-MAIZ WINAQ': 1, 'CREO': 3, 'BIEN': 17, 'VIVA': 13, 'MI FAMILIA': 6, 'CAMBIO': 0, 'VOS': 32}",0,30,275,0,Algún campo sin dato,1.Guatemala,8.Mixco,0267,presidente
2889,,"{'UNE': 7, 'AZUL': 5, 'VALOR UNIONISTA': 40, 'CABAL': 23, 'TODOS': 1, 'VAMOS': 4, 'PHG': 0, 'PR': 3, 'PIN': 1, 'ELEFANTE': 3, 'VICTORIA': 9, 'SEMILLA': 91, 'FCN-NACION': 0, 'PPN': 1, 'UR': 3, 'URNG-MAIZ WINAQ': 1, 'CREO': 1, 'BIEN': 15, 'VIVA': 3, 'MI FAMILIA': 11, 'CAMBIO': 0, 'VOS': 27}",0,24,273,0,Algún campo sin dato,1.Guatemala,8.Mixco,0268,presidente
2890,,"{'UNE': 11, 'AZUL': 2, 'VALOR UNIONISTA': 32, 'CABAL': 24, 'TODOS': 1, 'VAMOS': 2, 'PHG': 1, 'PR': 3, 'PIN': 3, 'ELEFANTE': 4, 'VICTORIA': 14, 'SEMILLA': 77, 'FCN-NACION': 0, 'PPN': 1, 'UR': 5, 'URNG-MAIZ WINAQ': 2, 'CREO': 1, 'BIEN': 23, 'VIVA': 13, 'MI FAMILIA': 4, 'CAMBIO': 0, 'VOS': 19}",0,27,269,0,Algún campo sin dato,1.Guatemala,8.Mixco,0268,presidente
2891,,"{'UNE': 18, 'AZUL': 3, 'VALOR UNIONISTA': 34, 'CABAL': 18, 'TODOS': 0, 'VAMOS': 5, 'PHG': 0, 'PR': 0, 'PIN': 0, 'ELEFANTE': 3, 'VICTORIA': 7, 'SEMILLA': 102, 'FCN-NACION': 0, 'PPN': 0, 'UR': 2, 'URNG-MAIZ WINAQ': 0, 'CREO': 1, 'BIEN': 19, 'VIVA': 11, 'MI FAMILIA': 5, 'CAMBIO': 2, 'VOS': 29}",2,22,283,0,Algún campo sin dato,1.Guatemala,8.Mixco,0268,presidente
2892,,"{'UNE': 8, 'AZUL': 2, 'VALOR UNIONISTA': 32, 'CABAL': 18, 'TODOS': 0, 'VAMOS': 3, 'PHG': 1, 'PR': 1, 'PIN': 2, 'ELEFANTE': 2, 'VICTORIA': 6, 'SEMILLA': 91, 'FCN-NACION': 0, 'PPN': 0, 'UR': 3, 'URNG-MAIZ WINAQ': 4, 'CREO': 3, 'BIEN': 21, 'VIVA': 13, 'MI FAMILIA': 6, 'CAMBIO': 0, 'VOS': 29}",0,28,273,0,Algún campo sin dato,1.Guatemala,8.Mixco,0268,presidente
2893,,"{'UNE': 11, 'AZUL': 2, 'VALOR UNIONISTA': 33, 'CABAL': 14, 'TODOS': 0, 'VAMOS': 6, 'PHG': 0, 'PR': 1, 'PIN': 1, 'ELEFANTE': 9, 'VICTORIA': 13, 'SEMILLA': 77, 'FCN-NACION': 1, 'PPN': 4, 'UR': 1, 'URNG-MAIZ WINAQ': 5, 'CREO': 1, 'BIEN': 16, 'VIVA': 12, 'MI FAMILIA': 2, 'CAMBIO': 1, 'VOS': 20}",0,20,250,0,Algún campo sin dato,1.Guatemala,8.Mixco,0268,presidente
2894,,"{'UNE': 5, 'AZUL': 3, 'VALOR UNIONISTA': 29, 'CABAL': 15, 'TODOS': 2, 'VAMOS': 8, 'PHG': 1, 'PR': 2, 'PIN': 1, 'ELEFANTE': 5, 'VICTORIA': 12, 'SEMILLA': 87, 'FCN-NACION': 1, 'PPN': 1, 'UR': 3, 'URNG-MAIZ WINAQ': 5, 'CREO': 1, 'BIEN': 15, 'VIVA': 10, 'MI FAMILIA': 4, 'CAMBIO': 1, 'VOS': 24}",0,25,260,2,Algún campo sin dato,1.Guatemala,8.Mixco,0268,presidente
2895,,"{'UNE': 6, 'AZUL': 2, 'VALOR UNIONISTA': 35, 'CABAL': 12, 'TODOS': 1, 'VAMOS': 1, 'PHG': 2, 'PR': 0, 'PIN': 0, 'ELEFANTE': 3, 'VICTORIA': 9, 'SEMILLA': 114, 'FCN-NACION': 2, 'PPN': 0, 'UR': 6, 'URNG-MAIZ WINAQ': 5, 'CREO': 1, 'BIEN': 15, 'VIVA': 14, 'MI FAMILIA': 3, 'CAMBIO': 0, 'VOS': 31}",0,15,277,0,Algún campo sin dato,1.Guatemala,8.Mixco,0269,presidente
2896,,"{'UNE': 7, 'AZUL': 2, 'VALOR UNIONISTA': 21, 'CABAL': 9, 'TODOS': 0, 'VAMOS': 4, 'PHG': 0, 'PR': 1, 'PIN': 0, 'ELEFANTE': 3, 'VICTORIA': 8, 'SEMILLA': 112, 'FCN-NACION': 0, 'PPN': 0, 'UR': 3, 'URNG-MAIZ WINAQ': 1, 'CREO': 1, 'BIEN': 20, 'VIVA': 11, 'MI FAMILIA': 2, 'CAMBIO': 0, 'VOS': 28}",1,18,252,0,Algún campo sin dato,1.Guatemala,8.Mixco,0269,presidente
2897,,"{'UNE': 5, 'AZUL': 4, 'VALOR UNIONISTA': 25, 'CABAL': 11, 'TODOS': 0, 'VAMOS': 4, 'PHG': 1, 'PR': 3, 'PIN': 0, 'ELEFANTE': 2, 'VICTORIA': 9, 'SEMILLA': 115, 'FCN-NACION': 0, 'PPN': 0, 'UR': 5, 'URNG-MAIZ WINAQ': 1, 'CREO': 0, 'BIEN': 20, 'VIVA': 8, 'MI FAMILIA': 2, 'CAMBIO': 0, 'VOS': 23}",151,11,400,0,,1.Guatemala,8.Mixco,0269,presidente
2898,,"{'UNE': 6, 'AZUL': 5, 'VALOR UNIONISTA': 21, 'CABAL': 8, 'TODOS': 0, 'VAMOS': 2, 'PHG': 0, 'PR': 1, 'PIN': 0, 'ELEFANTE': 0, 'VICTORIA': 3, 'SEMILLA': 187, 'FCN-NACION': 0, 'PPN': 0, 'UR': 0, 'URNG-MAIZ WINAQ': 1, 'CREO': 3, 'BIEN': 17, 'VIVA': 2, 'MI FAMILIA': 1, 'CAMBIO': 0, 'VOS': 33}",0,10,300,0,Algún campo sin dato,1.Guatemala,8.Mixco,0269,presidente
2899,,"{'UNE': 4, 'AZUL': 4, 'VALOR UNIONISTA': 18, 'CABAL': 11, 'TODOS': 1, 'VAMOS': 5, 'PHG': 1, 'PR': 0, 'PIN': 1, 'ELEFANTE': 4, 'VICTORIA': 4, 'SEMILLA': 182, 'FCN-NACION': 0, 'PPN': 0, 'UR': 2, 'URNG-MAIZ WINAQ': 1, 'CREO': 1, 'BIEN': 15, 'VIVA': 5, 'MI FAMILIA': 2, 'CAMBIO': 0, 'VOS': 34}",0,7,302,0,Algún campo sin dato,1.Guatemala,8.Mixco,0269,presidente
2900,,"{'UNE': 9, 'AZUL': 4, 'VALOR UNIONISTA': 12, 'CABAL': 12, 'TODOS': 2, 'VAMOS': 1, 'PHG': 2, 'PR': 3, 'PIN': 1, 'ELEFANTE': 4, 'VICTORIA': 10, 'SEMILLA': 173, 'FCN-NACION': 1, 'PPN': 1, 'UR': 0, 'URNG-MAIZ WINAQ': 2, 'CREO': 0, 'BIEN': 15, 'VIVA': 2, 'MI FAMILIA': 0, 'CAMBIO': 0, 'VOS': 22}",0,10,286,0,Algún campo sin dato,1.Guatemala,8.Mixco,0269,presidente
2901,,"{'UNE': 6, 'AZUL': 3, 'VALOR UNIONISTA': 11, 'CABAL': 13, 'TODOS': 0, 'VAMOS': 1, 'PHG': 0, 'PR': 2, 'PIN': 0, 'ELEFANTE': 0, 'VICTORIA': 6, 'SEMILLA': 148, 'FCN-NACION': 1, 'PPN': 1, 'UR': 0, 'URNG-MAIZ WINAQ': 2, 'CREO': 2, 'BIEN': 17, 'VIVA': 4, 'MI FAMILIA': 2, 'CAMBIO': 0, 'VOS': 27}",0,13,259,0,Algún campo sin dato,1.Guatemala,8.Mixco,0269,presidente
2902,,"{'UNE': 13, 'AZUL': 1, 'VALOR UNIONISTA': 15, 'CABAL': 9, 'TODOS': 0, 'VAMOS': 2, 'PHG': 1, 'PR': 0, 'PIN': 0, 'ELEFANTE': 2, 'VICTORIA': 13, 'SEMILLA': 89, 'FCN-NACION': 1, 'PPN': 0, 'UR': 5, 'URNG-MAIZ WINAQ': 0, 'CREO': 1, 'BIEN': 8, 'VIVA': 4, 'MI FAMILIA': 3, 'CAMBIO': 0, 'VOS': 17}",1,25,210,0,Algún campo sin dato,1.Guatemala,8.Mixco,0269,presidente
2903,,"{'UNE': 7, 'AZUL': 2, 'VALOR UNIONISTA': 18, 'CABAL': 7, 'TODOS': 0, 'VAMOS': 3, 'PHG': 0, 'PR': 2, 'PIN': 0, 'ELEFANTE': 1, 'VICTORIA': 4, 'SEMILLA': 173, 'FCN-NACION': 0, 'PPN': 0, 'UR': 2, 'URNG-MAIZ WINAQ': 1, 'CREO': 0, 'BIEN': 15, 'VIVA': 5, 'MI FAMILIA': 0, 'CAMBIO': 0, 'VOS': 9}",1,17,267,0,Sumas Asentadas sin cuadrar,1.Guatemala,8.Mixco,0269,presidente
2904,,"{'UNE': 3, 'AZUL': 0, 'VALOR UNIONISTA': 14, 'CABAL': 5, 'TODOS': 0, 'VAMOS': 1, 'PHG': 1, 'PR': 0, 'PIN': 0, 'ELEFANTE': 1, 'VICTORIA': 5, 'SEMILLA': 75, 'FCN-NACION': 0, 'PPN': 0, 'UR': 1, 'URNG-MAIZ WINAQ': 1, 'CREO': 0, 'BIEN': 7, 'VIVA': 3, 'MI FAMILIA': 2, 'CAMBIO': 0, 'VOS': 9}",0,3,131,0,Algún campo sin dato,1.Guatemala,8.Mixco,0269,presidente
2905,,"{'UNE': 3, 'AZUL': 2, 'VALOR UNIONISTA': 15, 'CABAL': 2, 'TODOS': 0, 'VAMOS': 1, 'PHG': 0, 'PR': 0, 'PIN': 2, 'ELEFANTE': 0, 'VICTORIA': 5, 'SEMILLA': 46, 'FCN-NACION': 1, 'PPN': 0, 'UR': 0, 'URNG-MAIZ WINAQ': 3, 'CREO': 0, 'BIEN': 9, 'VIVA': 3, 'MI FAMILIA': 0, 'CAMBIO': 0, 'VOS': 5}",0,3,100,0,Algún campo sin dato,1.Guatemala,8.Mixco,0269,presidente
2906,,"{'UNE': 4, 'AZUL': 8, 'VALOR UNIONISTA': 34, 'CABAL': 26, 'TODOS': 0, 'VAMOS': 6, 'PHG': 0, 'PR': 2, 'PIN': 0, 'ELEFANTE': 7, 'VICTORIA': 11, 'SEMILLA': 88, 'FCN-NACION': 1, 'PPN': 0, 'UR': 2, 'URNG-MAIZ WINAQ': 2, 'CREO': 0, 'BIEN': 19, 'VIVA': 4, 'MI FAMILIA': 6, 'CAMBIO': 0, 'VOS': 42}",0,30,292,0,Algún campo sin dato,1.Guatemala,8.Mixco,0270,presidente
2907,,"{'UNE': 5, 'AZUL': 5, 'VALOR UNIONISTA': 36, 'CABAL': 31, 'TODOS': 0, 'VAMOS': 6, 'PHG': 1, 'PR': 3, 'PIN': 0, 'ELEFANTE': 0, 'VICTORIA': 7, 'SEMILLA': 73, 'FCN-NACION': 0, 'PPN': 1, 'UR': 1, 'URNG-MAIZ WINAQ': 1, 'CREO': 2, 'BIEN': 24, 'VIVA': 15, 'MI FAMILIA': 4, 'CAMBIO': 0, 'VOS': 29}",3,27,274,1,Algún campo sin dato,1.Guatemala,8.Mixco,0271,presidente
2908,,"{'UNE': 9, 'AZUL': 2, 'VALOR UNIONISTA': 32, 'CABAL': 29, 'TODOS': 0, 'VAMOS': 8, 'PHG': 0, 'PR': 4, 'PIN': 2, 'ELEFANTE': 2, 'VICTORIA': 8, 'SEMILLA': 66, 'FCN-NACION': 0, 'PPN': 1, 'UR': 2, 'URNG-MAIZ WINAQ': 2, 'CREO': 2, 'BIEN': 35, 'VIVA': 9, 'MI FAMILIA': 2, 'CAMBIO': 0, 'VOS': 46}",1,20,282,1,Algún campo sin dato,1.Guatemala,8.Mixco,0271,presidente
2909,,"{'UNE': 6, 'AZUL': 7, 'VALOR UNIONISTA': 41, 'CABAL': 28, 'TODOS': 0, 'VAMOS': 6, 'PHG': 1, 'PR': 3, 'PIN': 1, 'ELEFANTE': 4, 'VICTORIA': 9, 'SEMILLA': 73, 'FCN-NACION': 0, 'PPN': 0, 'UR': 3, 'URNG-MAIZ WINAQ': 3, 'CREO': 1, 'BIEN': 24, 'VIVA': 13, 'MI FAMILIA': 1, 'CAMBIO': 1, 'VOS': 34}",0,29,288,0,Algún campo sin dato,1.Guatemala,8.Mixco,0272,presidente
2910,,"{'UNE': 9, 'AZUL': 8, 'VALOR UNIONISTA': 41, 'CABAL': 30, 'TODOS': 0, 'VAMOS': 3, 'PHG': 0, 'PR': 4, 'PIN': 0, 'ELEFANTE': 0, 'VICTORIA': 15, 'SEMILLA': 72, 'FCN-NACION': 0, 'PPN': 0, 'UR': 2, 'URNG-MAIZ WINAQ': 2, 'CREO': 1, 'BIEN': 23, 'VIVA': 10, 'MI FAMILIA': 0, 'CAMBIO': 0, 'VOS': 32}",1,22,275,0,Algún campo sin dato,1.Guatemala,8.Mixco,0272,presidente
2911,,"{'UNE': 6, 'AZUL': 2, 'VALOR UNIONISTA': 29, 'CABAL': 18, 'TODOS': 0, 'VAMOS': 2, 'PHG': 1, 'PR': 2, 'PIN': 1, 'ELEFANTE': 4, 'VICTORIA': 8, 'SEMILLA': 89, 'FCN-NACION': 1, 'PPN': 0, 'UR': 0, 'URNG-MAIZ WINAQ': 5, 'CREO': 0, 'BIEN': 30, 'VIVA': 14, 'MI FAMILIA': 4, 'CAMBIO': 0, 'VOS': 32}",1,29,278,0,Algún campo sin dato,1.Guatemala,8.Mixco,0272,presidente
2912,,"{'UNE': 6, 'AZUL': 7, 'VALOR UNIONISTA': 28, 'CABAL': 23, 'TODOS': 1, 'VAMOS': 4, 'PHG': 0, 'PR': 3, 'PIN': 0, 'ELEFANTE': 3, 'VICTORIA': 7, 'SEMILLA': 95, 'FCN-NACION': 1, 'PPN': 1, 'UR': 2, 'URNG-MAIZ WINAQ': 1, 'CREO': 3, 'BIEN': 21, 'VIVA': 8, 'MI FAMILIA': 2, 'CAMBIO': 0, 'VOS': 31}",0,30,277,5,Sumas Asentadas sin cuadrar,1.Guatemala,8.Mixco,0272,presidente
2913,,"{'UNE': 9, 'AZUL': 4, 'VALOR UNIONISTA': 43, 'CABAL': 21, 'TODOS': 0, 'VAMOS': 9, 'PHG': 0, 'PR': 0, 'PIN': 1, 'ELEFANTE': 4, 'VICTORIA': 7, 'SEMILLA': 83, 'FCN-NACION': 1, 'PPN': 0, 'UR': 1, 'URNG-MAIZ WINAQ': 3, 'CREO': 3, 'BIEN': 19, 'VIVA': 10, 'MI FAMILIA': 1, 'CAMBIO': 0, 'VOS': 39}",3,32,293,0,Algún campo sin dato,1.Guatemala,8.Mixco,0272,presidente
2914,,"{'UNE': 3, 'AZUL': 1, 'VALOR UNIONISTA': 33, 'CABAL': 14, 'TODOS': 0, 'VAMOS': 1, 'PHG': 0, 'PR': 2, 'PIN': 1, 'ELEFANTE': 6, 'VICTORIA': 11, 'SEMILLA': 95, 'FCN-NACION': 0, 'PPN': 0, 'UR': 1, 'URNG-MAIZ WINAQ': 6, 'CREO': 2, 'BIEN': 28, 'VIVA': 11, 'MI FAMILIA': 5, 'CAMBIO': 1, 'VOS': 47}",0,28,296,0,Algún campo sin dato,1.Guatemala,8.Mixco,0272,presidente
2915,,"{'UNE': 6, 'AZUL': 5, 'VALOR UNIONISTA': 30, 'CABAL': 31, 'TODOS': 0, 'VAMOS': 5, 'PHG': 0, 'PR': 4, 'PIN': 0, 'ELEFANTE': 5, 'VICTORIA': 8, 'SEMILLA': 93, 'FCN-NACION': 3, 'PPN': 0, 'UR': 2, 'URNG-MAIZ WINAQ': 4, 'CREO': 4, 'BIEN': 21, 'VIVA': 8, 'MI FAMILIA': 4, 'CAMBIO': 1, 'VOS': 33}",0,21,288,0,Sumas Asentadas sin cuadrar,1.Guatemala,8.Mixco,0272,presidente
2916,,"{'UNE': 17, 'AZUL': 7, 'VALOR UNIONISTA': 42, 'CABAL': 24, 'TODOS': 0, 'VAMOS': 3, 'PHG': 0, 'PR': 3, 'PIN': 1, 'ELEFANTE': 1, 'VICTORIA': 9, 'SEMILLA': 95, 'FCN-NACION': 0, 'PPN': 0, 'UR': 1, 'URNG-MAIZ WINAQ': 2, 'CREO': 4, 'BIEN': 25, 'VIVA': 7, 'MI FAMILIA': 4, 'CAMBIO': 0, 'VOS': 32}",1,14,292,0,Algún campo sin dato,1.Guatemala,8.Mixco,0272,presidente
2917,,"{'UNE': 8, 'AZUL': 3, 'VALOR UNIONISTA': 39, 'CABAL': 24, 'TODOS': 0, 'VAMOS': 4, 'PHG': 1, 'PR': 3, 'PIN': 0, 'ELEFANTE': 4, 'VICTORIA': 6, 'SEMILLA': 96, 'FCN-NACION': 0, 'PPN': 1, 'UR': 4, 'URNG-MAIZ WINAQ': 4, 'CREO': 0, 'BIEN': 27, 'VIVA': 10, 'MI FAMILIA': 6, 'CAMBIO': 1, 'VOS': 28}",0,17,286,0,Algún campo sin dato,1.Guatemala,8.Mixco,0272,presidente
2918,,"{'UNE': 2, 'AZUL': 7, 'VALOR UNIONISTA': 35, 'CABAL': 21, 'TODOS': 1, 'VAMOS': 5, 'PHG': 0, 'PR': 3, 'PIN': 0, 'ELEFANTE': 0, 'VICTORIA': 4, 'SEMILLA': 89, 'FCN-NACION': 3, 'PPN': 1, 'UR': 1, 'URNG-MAIZ WINAQ': 2, 'CREO': 0, 'BIEN': 37, 'VIVA': 13, 'MI FAMILIA': 4, 'CAMBIO': 0, 'VOS': 41}",0,30,299,0,Algún campo sin dato,1.Guatemala,8.Mixco,0272,presidente
2919,,"{'UNE': 7, 'AZUL': 10, 'VALOR UNIONISTA': 32, 'CABAL': 13, 'TODOS': 0, 'VAMOS': 6, 'PHG': 1, 'PR': 2, 'PIN': 1, 'ELEFANTE': 3, 'VICTORIA': 8, 'SEMILLA': 101, 'FCN-NACION': 1, 'PPN': 0, 'UR': 1, 'URNG-MAIZ WINAQ': 6, 'CREO': 1, 'BIEN': 25, 'VIVA': 17, 'MI FAMILIA': 2, 'CAMBIO': 0, 'VOS': 41}",1,25,304,0,Algún campo sin dato,1.Guatemala,8.Mixco,0273,presidente
2920,,"{'UNE': 12, 'AZUL': 4, 'VALOR UNIONISTA': 26, 'CABAL': 14, 'TODOS': 4, 'VAMOS': 4, 'PHG': 0, 'PR': 1, 'PIN': 1, 'ELEFANTE': 3, 'VICTORIA': 13, 'SEMILLA': 85, 'FCN-NACION': 0, 'PPN': 1, 'UR': 1, 'URNG-MAIZ WINAQ': 6, 'CREO': 4, 'BIEN': 33, 'VIVA': 10, 'MI FAMILIA': 7, 'CAMBIO': 0, 'VOS': 34}",0,32,295,0,Algún campo sin dato,1.Guatemala,8.Mixco,0273,presidente
2921,,"{'UNE': 7, 'AZUL': 6, 'VALOR UNIONISTA': 32, 'CABAL': 13, 'TODOS': 1, 'VAMOS': 3, 'PHG': 0, 'PR': 4, 'PIN': 0, 'ELEFANTE': 3, 'VICTORIA': 6, 'SEMILLA': 84, 'FCN-NACION': 0, 'PPN': 0, 'UR': 5, 'URNG-MAIZ WINAQ': 2, 'CREO': 1, 'BIEN': 28, 'VIVA': 14, 'MI FAMILIA': 3, 'CAMBIO': 0, 'VOS': 32}",1,26,271,0,Algún campo sin dato,1.Guatemala,8.Mixco,0273,presidente
2922,,"{'UNE': 9, 'AZUL': 4, 'VALOR UNIONISTA': 23, 'CABAL': 13, 'TODOS': 0, 'VAMOS': 1, 'PHG': 0, 'PR': 2, 'PIN': 0, 'ELEFANTE': 4, 'VICTORIA': 7, 'SEMILLA': 112, 'FCN-NACION': 2, 'PPN': 1, 'UR': 2, 'URNG-MAIZ WINAQ': 3, 'CREO': 2, 'BIEN': 26, 'VIVA': 6, 'MI FAMILIA': 3, 'CAMBIO': 0, 'VOS': 25}",0,20,265,0,Algún campo sin dato,1.Guatemala,8.Mixco,0273,presidente
2923,,"{'UNE': 6, 'AZUL': 3, 'VALOR UNIONISTA': 19, 'CABAL': 10, 'TODOS': 0, 'VAMOS': 2, 'PHG': 0, 'PR': 1, 'PIN': 0, 'ELEFANTE': 3, 'VICTORIA': 8, 'SEMILLA': 167, 'FCN-NACION': 0, 'PPN': 0, 'UR': 0, 'URNG-MAIZ WINAQ': 2, 'CREO': 1, 'BIEN': 24, 'VIVA': 4, 'MI FAMILIA': 0, 'CAMBIO': 0, 'VOS': 23}",0,13,286,0,Algún campo sin dato,1.Guatemala,8.Mixco,0274,presidente
2924,,"{'UNE': 2, 'AZUL': 2, 'VALOR UNIONISTA': 16, 'CABAL': 13, 'TODOS': 0, 'VAMOS': 2, 'PHG': 0, 'PR': 0, 'PIN': 1, 'ELEFANTE': 1, 'VICTORIA': 2, 'SEMILLA': 189, 'FCN-NACION': 0, 'PPN': 0, 'UR': 0, 'URNG-MAIZ WINAQ': 2, 'CREO': 1, 'BIEN': 17, 'VIVA': 4, 'MI FAMILIA': 2, 'CAMBIO': 1, 'VOS': 24}",0,12,291,0,Algún campo sin dato,1.Guatemala,8.Mixco,0274,presidente
2925,,"{'UNE': 3, 'AZUL': 3, 'VALOR UNIONISTA': 10, 'CABAL': 9, 'TODOS': 0, 'VAMOS': 4, 'PHG': 0, 'PR': 0, 'PIN': 1, 'ELEFANTE': 2, 'VICTORIA': 5, 'SEMILLA': 133, 'FCN-NACION': 0, 'PPN': 1, 'UR': 0, 'URNG-MAIZ WINAQ': 0, 'CREO': 0, 'BIEN': 18, 'VIVA': 5, 'MI FAMILIA': 2, 'CAMBIO': 1, 'VOS': 25}",0,15,237,0,Algún campo sin dato,1.Guatemala,8.Mixco,0274,presidente
2926,,"{'UNE': 4, 'AZUL': 3, 'VALOR UNIONISTA': 21, 'CABAL': 14, 'TODOS': 1, 'VAMOS': 1, 'PHG': 0, 'PR': 3, 'PIN': 0, 'ELEFANTE': 1, 'VICTORIA': 6, 'SEMILLA': 90, 'FCN-NACION': 0, 'PPN': 0, 'UR': 3, 'URNG-MAIZ WINAQ': 1, 'CREO': 0, 'BIEN': 19, 'VIVA': 3, 'MI FAMILIA': 1, 'CAMBIO': 0, 'VOS': 16}",0,14,201,0,Algún campo sin dato,1.Guatemala,8.Mixco,0274,presidente
2927,,"{'UNE': 1, 'AZUL': 1, 'VALOR UNIONISTA': 15, 'CABAL': 8, 'TODOS': 0, 'VAMOS': 0, 'PHG': 0, 'PR': 1, 'PIN': 1, 'ELEFANTE': 1, 'VICTORIA': 1, 'SEMILLA': 125, 'FCN-NACION': 0, 'PPN': 1, 'UR': 0, 'URNG-MAIZ WINAQ': 0, 'CREO': 0, 'BIEN': 16, 'VIVA': 1, 'MI FAMILIA': 1, 'CAMBIO': 0, 'VOS': 9}",0,4,186,0,Sumas Asentadas sin cuadrar,1.Guatemala,8.Mixco,0274,presidente
2928,,"{'UNE': 15, 'AZUL': 4, 'VALOR UNIONISTA': 27, 'CABAL': 11, 'TODOS': 2, 'VAMOS': 4, 'PHG': 0, 'PR': 3, 'PIN': 0, 'ELEFANTE': 3, 'VICTORIA': 17, 'SEMILLA': 70, 'FCN-NACION': 2, 'PPN': 5, 'UR': 9, 'URNG-MAIZ WINAQ': 12, 'CREO': 0, 'BIEN': 12, 'VIVA': 24, 'MI FAMILIA': 4, 'CAMBIO': 2, 'VOS': 15}",0,51,292,0,Algún campo sin dato,1.Guatemala,8.Mixco,0275,presidente
2929,,"{'UNE': 19, 'AZUL': 8, 'VALOR UNIONISTA': 23, 'CABAL': 16, 'TODOS': 3, 'VAMOS': 9, 'PHG': 0, 'PR': 3, 'PIN': 2, 'ELEFANTE': 3, 'VICTORIA': 3, 'SEMILLA': 72, 'FCN-NACION': 1, 'PPN': 11, 'UR': 3, 'URNG-MAIZ WINAQ': 11, 'CREO': 1, 'BIEN': 7, 'VIVA': 16, 'MI FAMILIA': 7, 'CAMBIO': 1, 'VOS': 33}",0,33,285,0,Algún campo sin dato,1.Guatemala,8.Mixco,0275,presidente
2930,,"{'UNE': 13, 'AZUL': 3, 'VALOR UNIONISTA': 35, 'CABAL': 18, 'TODOS': 0, 'VAMOS': 6, 'PHG': 1, 'PR': 6, 'PIN': 0, 'ELEFANTE': 4, 'VICTORIA': 25, 'SEMILLA': 69, 'FCN-NACION': 2, 'PPN': 2, 'UR': 5, 'URNG-MAIZ WINAQ': 7, 'CREO': 2, 'BIEN': 12, 'VIVA': 17, 'MI FAMILIA': 8, 'CAMBIO': 1, 'VOS': 23}",0,24,283,0,Algún campo sin dato,1.Guatemala,8.Mixco,0275,presidente
2931,,"{'UNE': 7, 'AZUL': 3, 'VALOR UNIONISTA': 17, 'CABAL': 20, 'TODOS': 0, 'VAMOS': 4, 'PHG': 0, 'PR': 1, 'PIN': 0, 'ELEFANTE': 3, 'VICTORIA': 10, 'SEMILLA': 89, 'FCN-NACION': 0, 'PPN': 0, 'UR': 4, 'URNG-MAIZ WINAQ': 4, 'CREO': 1, 'BIEN': 10, 'VIVA': 26, 'MI FAMILIA': 4, 'CAMBIO': 2, 'VOS': 26}",1,28,260,0,Algún campo sin dato,1.Guatemala,8.Mixco,0275,presidente
2932,,"{'UNE': 11, 'AZUL': 3, 'VALOR UNIONISTA': 34, 'CABAL': 10, 'TODOS': 1, 'VAMOS': 7, 'PHG': 0, 'PR': 3, 'PIN': 0, 'ELEFANTE': 6, 'VICTORIA': 10, 'SEMILLA': 67, 'FCN-NACION': 1, 'PPN': 2, 'UR': 5, 'URNG-MAIZ WINAQ': 4, 'CREO': 1, 'BIEN': 5, 'VIVA': 13, 'MI FAMILIA': 4, 'CAMBIO': 0, 'VOS': 27}",1,28,243,0,Algún campo sin dato,1.Guatemala,8.Mixco,0275,presidente
2933,,"{'UNE': 11, 'AZUL': 5, 'VALOR UNIONISTA': 20, 'CABAL': 16, 'TODOS': 2, 'VAMOS': 4, 'PHG': 0, 'PR': 3, 'PIN': 2, 'ELEFANTE': 1, 'VICTORIA': 15, 'SEMILLA': 74, 'FCN-NACION': 1, 'PPN': 0, 'UR': 4, 'URNG-MAIZ WINAQ': 8, 'CREO': 3, 'BIEN': 12, 'VIVA': 21, 'MI FAMILIA': 8, 'CAMBIO': 0, 'VOS': 28}",0,29,267,0,Algún campo sin dato,1.Guatemala,8.Mixco,0275,presidente
2934,,"{'UNE': 13, 'AZUL': 6, 'VALOR UNIONISTA': 22, 'CABAL': 10, 'TODOS': 0, 'VAMOS': 3, 'PHG': 0, 'PR': 2, 'PIN': 0, 'ELEFANTE': 3, 'VICTORIA': 12, 'SEMILLA': 71, 'FCN-NACION': 1, 'PPN': 1, 'UR': 2, 'URNG-MAIZ WINAQ': 5, 'CREO': 1, 'BIEN': 14, 'VIVA': 16, 'MI FAMILIA': 3, 'CAMBIO': 1, 'VOS': 24}",2,41,253,0,Algún campo sin dato,1.Guatemala,8.Mixco,0276,presidente
2935,,"{'UNE': 11, 'AZUL': 4, 'VALOR UNIONISTA': 26, 'CABAL': 12, 'TODOS': 0, 'VAMOS': 9, 'PHG': 0, 'PR': 9, 'PIN': 0, 'ELEFANTE': 3, 'VICTORIA': 19, 'SEMILLA': 64, 'FCN-NACION': 2, 'PPN': 0, 'UR': 9, 'URNG-MAIZ WINAQ': 4, 'CREO': 1, 'BIEN': 15, 'VIVA': 18, 'MI FAMILIA': 5, 'CAMBIO': 1, 'VOS': 30}",4,33,279,0,Algún campo sin dato,1.Guatemala,8.Mixco,0276,presidente
2936,,"{'UNE': 22, 'AZUL': 5, 'VALOR UNIONISTA': 29, 'CABAL': 19, 'TODOS': 1, 'VAMOS': 2, 'PHG': 0, 'PR': 0, 'PIN': 0, 'ELEFANTE': 6, 'VICTORIA': 19, 'SEMILLA': 68, 'FCN-NACION': 1, 'PPN': 0, 'UR': 2, 'URNG-MAIZ WINAQ': 4, 'CREO': 1, 'BIEN': 13, 'VIVA': 24, 'MI FAMILIA': 1, 'CAMBIO': 4, 'VOS': 16}",0,29,266,0,Algún campo sin dato,1.Guatemala,8.Mixco,0276,presidente
2937,,"{'UNE': 7, 'AZUL': 3, 'VALOR UNIONISTA': 26, 'CABAL': 19, 'TODOS': 3, 'VAMOS': 8, 'PHG': 0, 'PR': 6, 'PIN': 2, 'ELEFANTE': 4, 'VICTORIA': 28, 'SEMILLA': 71, 'FCN-NACION': 0, 'PPN': 0, 'UR': 7, 'URNG-MAIZ WINAQ': 3, 'CREO': 2, 'BIEN': 7, 'VIVA': 25, 'MI FAMILIA': 7, 'CAMBIO': 2, 'VOS': 16}",7,37,290,0,Algún campo sin dato,1.Guatemala,8.Mixco,0276,presidente
2938,,"{'UNE': 15, 'AZUL': 7, 'VALOR UNIONISTA': 27, 'CABAL': 17, 'TODOS': 1, 'VAMOS': 3, 'PHG': 0, 'PR': 2, 'PIN': 1, 'ELEFANTE': 4, 'VICTORIA': 7, 'SEMILLA': 67, 'FCN-NACION': 2, 'PPN': 1, 'UR': 3, 'URNG-MAIZ WINAQ': 7, 'CREO': 1, 'BIEN': 16, 'VIVA': 19, 'MI FAMILIA': 8, 'CAMBIO': 5, 'VOS': 9}",2,30,254,0,Algún campo sin dato,1.Guatemala,8.Mixco,0276,presidente
2939,,"{'UNE': 9, 'AZUL': 3, 'VALOR UNIONISTA': 25, 'CABAL': 10, 'TODOS': 0, 'VAMOS': 2, 'PHG': 0, 'PR': 4, 'PIN': 0, 'ELEFANTE': 4, 'VICTORIA': 21, 'SEMILLA': 60, 'FCN-NACION': 3, 'PPN': 0, 'UR': 3, 'URNG-MAIZ WINAQ': 5, 'CREO': 1, 'BIEN': 12, 'VIVA': 16, 'MI FAMILIA': 3, 'CAMBIO': 2, 'VOS': 16}",1,39,239,0,,1.Guatemala,8.Mixco,0277,presidente
2940,,"{'UNE': 7, 'AZUL': 1, 'VALOR UNIONISTA': 20, 'CABAL': 15, 'TODOS': 0, 'VAMOS': 1, 'PHG': 0, 'PR': 3, 'PIN': 0, 'ELEFANTE': 2, 'VICTORIA': 10, 'SEMILLA': 91, 'FCN-NACION': 0, 'PPN': 2, 'UR': 6, 'URNG-MAIZ WINAQ': 5, 'CREO': 2, 'BIEN': 14, 'VIVA': 19, 'MI FAMILIA': 5, 'CAMBIO': 2, 'VOS': 13}",2,28,248,0,Algún campo sin dato,1.Guatemala,8.Mixco,0277,presidente
2941,,"{'UNE': 10, 'AZUL': 2, 'VALOR UNIONISTA': 20, 'CABAL': 4, 'TODOS': 0, 'VAMOS': 2, 'PHG': 0, 'PR': 2, 'PIN': 1, 'ELEFANTE': 4, 'VICTORIA': 9, 'SEMILLA': 136, 'FCN-NACION': 0, 'PPN': 0, 'UR': 1, 'URNG-MAIZ WINAQ': 1, 'CREO': 0, 'BIEN': 13, 'VIVA': 14, 'MI FAMILIA': 3, 'CAMBIO': 1, 'VOS': 25}",0,18,266,0,Algún campo sin dato,1.Guatemala,8.Mixco,0277,presidente
2942,,"{'UNE': 4, 'AZUL': 3, 'VALOR UNIONISTA': 19, 'CABAL': 10, 'TODOS': 1, 'VAMOS': 1, 'PHG': 0, 'PR': 1, 'PIN': 0, 'ELEFANTE': 1, 'VICTORIA': 9, 'SEMILLA': 110, 'FCN-NACION': 0, 'PPN': 0, 'UR': 5, 'URNG-MAIZ WINAQ': 2, 'CREO': 0, 'BIEN': 15, 'VIVA': 9, 'MI FAMILIA': 1, 'CAMBIO': 0, 'VOS': 19}",1,25,236,0,Algún campo sin dato,1.Guatemala,8.Mixco,0277,presidente
2943,,"{'UNE': 4, 'AZUL': 0, 'VALOR UNIONISTA': 4, 'CABAL': 6, 'TODOS': 0, 'VAMOS': 0, 'PHG': 0, 'PR': 0, 'PIN': 0, 'ELEFANTE': 1, 'VICTORIA': 8, 'SEMILLA': 55, 'FCN-NACION': 0, 'PPN': 0, 'UR': 3, 'URNG-MAIZ WINAQ': 5, 'CREO': 0, 'BIEN': 3, 'VIVA': 9, 'MI FAMILIA': 1, 'CAMBIO': 0, 'VOS': 15}",0,8,122,1,Algún campo sin dato,1.Guatemala,8.Mixco,0277,presidente
2944,,"{'UNE': 3, 'AZUL': 4, 'VALOR UNIONISTA': 10, 'CABAL': 3, 'TODOS': 0, 'VAMOS': 0, 'PHG': 0, 'PR': 0, 'PIN': 0, 'ELEFANTE': 1, 'VICTORIA': 4, 'SEMILLA': 76, 'FCN-NACION': 0, 'PPN': 1, 'UR': 4, 'URNG-MAIZ WINAQ': 1, 'CREO': 0, 'BIEN': 5, 'VIVA': 6, 'MI FAMILIA': 2, 'CAMBIO': 1, 'VOS': 6}",0,9,136,0,Algún campo sin dato,1.Guatemala,8.Mixco,0277,presidente
2945,,"{'UNE': 5, 'AZUL': 7, 'VALOR UNIONISTA': 40, 'CABAL': 17, 'TODOS': 0, 'VAMOS': 4, 'PHG': 0, 'PR': 2, 'PIN': 0, 'ELEFANTE': 3, 'VICTORIA': 13, 'SEMILLA': 91, 'FCN-NACION': 0, 'PPN': 0, 'UR': 4, 'URNG-MAIZ WINAQ': 4, 'CREO': 3, 'BIEN': 16, 'VIVA': 15, 'MI FAMILIA': 7, 'CAMBIO': 0, 'VOS': 34}",1,28,294,0,Algún campo sin dato,1.Guatemala,8.Mixco,0278,presidente
2946,,"{'UNE': 9, 'AZUL': 9, 'VALOR UNIONISTA': 38, 'CABAL': 12, 'TODOS': 2, 'VAMOS': 2, 'PHG': 0, 'PR': 1, 'PIN': 3, 'ELEFANTE': 5, 'VICTORIA': 9, 'SEMILLA': 83, 'FCN-NACION': 1, 'PPN': 1, 'UR': 5, 'URNG-MAIZ WINAQ': 7, 'CREO': 2, 'BIEN': 19, 'VIVA': 9, 'MI FAMILIA': 3, 'CAMBIO': 0, 'VOS': 32}",1,36,289,108,Algún campo sin dato,1.Guatemala,8.Mixco,0278,presidente
2947,,"{'UNE': 6, 'AZUL': 5, 'VALOR UNIONISTA': 44, 'CABAL': 28, 'TODOS': 0, 'VAMOS': 6, 'PHG': 0, 'PR': 4, 'PIN': 0, 'ELEFANTE': 9, 'VICTORIA': 7, 'SEMILLA': 69, 'FCN-NACION': 0, 'PPN': 1, 'UR': 3, 'URNG-MAIZ WINAQ': 6, 'CREO': 1, 'BIEN': 15, 'VIVA': 9, 'MI FAMILIA': 3, 'CAMBIO': 1, 'VOS': 39}",1,28,285,0,Algún campo sin dato,1.Guatemala,8.Mixco,0278,presidente
2948,,"{'UNE': 11, 'AZUL': 1, 'VALOR UNIONISTA': 25, 'CABAL': 19, 'TODOS': 0, 'VAMOS': 2, 'PHG': 0, 'PR': 3, 'PIN': 1, 'ELEFANTE': 8, 'VICTORIA': 8, 'SEMILLA': 91, 'FCN-NACION': 1, 'PPN': 2, 'UR': 4, 'URNG-MAIZ WINAQ': 2, 'CREO': 3, 'BIEN': 15, 'VIVA': 9, 'MI FAMILIA': 13, 'CAMBIO': 0, 'VOS': 36}",0,44,298,0,Algún campo sin dato,1.Guatemala,8.Mixco,0278,presidente
2949,,"{'UNE': 14, 'AZUL': 9, 'VALOR UNIONISTA': 39, 'CABAL': 20, 'TODOS': 0, 'VAMOS': 4, 'PHG': 0, 'PR': 3, 'PIN': 0, 'ELEFANTE': 6, 'VICTORIA': 13, 'SEMILLA': 96, 'FCN-NACION': 2, 'PPN': 0, 'UR': 2, 'URNG-MAIZ WINAQ': 3, 'CREO': 1, 'BIEN': 17, 'VIVA': 9, 'MI FAMILIA': 5, 'CAMBIO': 0, 'VOS': 24}",0,31,298,0,Algún campo sin dato,1.Guatemala,8.Mixco,0278,presidente
2950,,"{'UNE': 13, 'AZUL': 7, 'VALOR UNIONISTA': 35, 'CABAL': 20, 'TODOS': 3, 'VAMOS': 1, 'PHG': 1, 'PR': 2, 'PIN': 0, 'ELEFANTE': 6, 'VICTORIA': 11, 'SEMILLA': 86, 'FCN-NACION': 0, 'PPN': 0, 'UR': 5, 'URNG-MAIZ WINAQ': 2, 'CREO': 2, 'BIEN': 15, 'VIVA': 7, 'MI FAMILIA': 4, 'CAMBIO': 0, 'VOS': 34}",2,24,280,0,Algún campo sin dato,1.Guatemala,8.Mixco,0278,presidente
2951,,"{'UNE': 10, 'AZUL': 3, 'VALOR UNIONISTA': 34, 'CABAL': 24, 'TODOS': 0, 'VAMOS': 2, 'PHG': 1, 'PR': 1, 'PIN': 0, 'ELEFANTE': 4, 'VICTORIA': 4, 'SEMILLA': 124, 'FCN-NACION': 3, 'PPN': 1, 'UR': 4, 'URNG-MAIZ WINAQ': 5, 'CREO': 2, 'BIEN': 14, 'VIVA': 8, 'MI FAMILIA': 4, 'CAMBIO': 2, 'VOS': 40}",2,17,309,0,Algún campo sin dato,1.Guatemala,8.Mixco,0278,presidente
2952,,"{'UNE': 9, 'AZUL': 5, 'VALOR UNIONISTA': 31, 'CABAL': 12, 'TODOS': 1, 'VAMOS': 2, 'PHG': 0, 'PR': 5, 'PIN': 1, 'ELEFANTE': 2, 'VICTORIA': 10, 'SEMILLA': 116, 'FCN-NACION': 0, 'PPN': 1, 'UR': 1, 'URNG-MAIZ WINAQ': 3, 'CREO': 1, 'BIEN': 19, 'VIVA': 9, 'MI FAMILIA': 1, 'CAMBIO': 1, 'VOS': 41}",110,21,402,0,Algún campo sin dato,1.Guatemala,8.Mixco,0278,presidente
2953,,"{'UNE': 3, 'AZUL': 4, 'VALOR UNIONISTA': 33, 'CABAL': 16, 'TODOS': 4, 'VAMOS': 1, 'PHG': 1, 'PR': 1, 'PIN': 1, 'ELEFANTE': 6, 'VICTORIA': 9, 'SEMILLA': 98, 'FCN-NACION': 0, 'PPN': 0, 'UR': 3, 'URNG-MAIZ WINAQ': 4, 'CREO': 4, 'BIEN': 14, 'VIVA': 15, 'MI FAMILIA': 4, 'CAMBIO': 1, 'VOS': 31}",0,27,280,0,Algún campo sin dato,1.Guatemala,8.Mixco,0278,presidente
2954,,"{'UNE': 14, 'AZUL': 2, 'VALOR UNIONISTA': 34, 'CABAL': 13, 'TODOS': 0, 'VAMOS': 3, 'PHG': 0, 'PR': 0, 'PIN': 0, 'ELEFANTE': 5, 'VICTORIA': 10, 'SEMILLA': 83, 'FCN-NACION': 0, 'PPN': 0, 'UR': 5, 'URNG-MAIZ WINAQ': 6, 'CREO': 2, 'BIEN': 19, 'VIVA': 13, 'MI FAMILIA': 7, 'CAMBIO': 0, 'VOS': 36}",1,23,276,124,Algún campo sin dato,1.Guatemala,8.Mixco,0278,presidente
2955,,"{'UNE': 17, 'AZUL': 1, 'VALOR UNIONISTA': 36, 'CABAL': 13, 'TODOS': 1, 'VAMOS': 1, 'PHG': 0, 'PR': 5, 'PIN': 2, 'ELEFANTE': 2, 'VICTORIA': 13, 'SEMILLA': 105, 'FCN-NACION': 2, 'PPN': 1, 'UR': 2, 'URNG-MAIZ WINAQ': 7, 'CREO': 1, 'BIEN': 18, 'VIVA': 2, 'MI FAMILIA': 2, 'CAMBIO': 3, 'VOS': 47}",0,16,297,0,Algún campo sin dato,1.Guatemala,8.Mixco,0278,presidente
2956,,"{'UNE': 6, 'AZUL': 6, 'VALOR UNIONISTA': 31, 'CABAL': 19, 'TODOS': 1, 'VAMOS': 5, 'PHG': 0, 'PR': 7, 'PIN': 0, 'ELEFANTE': 3, 'VICTORIA': 10, 'SEMILLA': 76, 'FCN-NACION': 1, 'PPN': 1, 'UR': 8, 'URNG-MAIZ WINAQ': 3, 'CREO': 5, 'BIEN': 19, 'VIVA': 14, 'MI FAMILIA': 8, 'CAMBIO': 3, 'VOS': 34}",0,25,285,0,Algún campo sin dato,1.Guatemala,8.Mixco,0278,presidente
2957,,"{'UNE': 6, 'AZUL': 6, 'VALOR UNIONISTA': 26, 'CABAL': 6, 'TODOS': 0, 'VAMOS': 8, 'PHG': 2, 'PR': 1, 'PIN': 1, 'ELEFANTE': 1, 'VICTORIA': 8, 'SEMILLA': 77, 'FCN-NACION': 3, 'PPN': 0, 'UR': 1, 'URNG-MAIZ WINAQ': 2, 'CREO': 1, 'BIEN': 1, 'VIVA': 7, 'MI FAMILIA': 5, 'CAMBIO': 0, 'VOS': 22}",0,42,226,0,Algún campo sin dato,1.Guatemala,8.Mixco,0278,presidente
2958,,"{'UNE': 10, 'AZUL': 9, 'VALOR UNIONISTA': 32, 'CABAL': 13, 'TODOS': 1, 'VAMOS': 3, 'PHG': 0, 'PR': 6, 'PIN': 0, 'ELEFANTE': 5, 'VICTORIA': 9, 'SEMILLA': 94, 'FCN-NACION': 2, 'PPN': 2, 'UR': 4, 'URNG-MAIZ WINAQ': 1, 'CREO': 2, 'BIEN': 15, 'VIVA': 13, 'MI FAMILIA': 8, 'CAMBIO': 0, 'VOS': 31}",0,27,287,0,,1.Guatemala,8.Mixco,0278,presidente
2959,,"{'UNE': 10, 'AZUL': 2, 'VALOR UNIONISTA': 36, 'CABAL': 19, 'TODOS': 2, 'VAMOS': 4, 'PHG': 0, 'PR': 7, 'PIN': 1, 'ELEFANTE': 4, 'VICTORIA': 2, 'SEMILLA': 102, 'FCN-NACION': 0, 'PPN': 2, 'UR': 3, 'URNG-MAIZ WINAQ': 4, 'CREO': 2, 'BIEN': 17, 'VIVA': 11, 'MI FAMILIA': 5, 'CAMBIO': 1, 'VOS': 41}",2,23,300,0,Algún campo sin dato,1.Guatemala,8.Mixco,0278,presidente
2960,,"{'UNE': 5, 'AZUL': 4, 'VALOR UNIONISTA': 40, 'CABAL': 13, 'TODOS': 1, 'VAMOS': 5, 'PHG': 0, 'PR': 5, 'PIN': 0, 'ELEFANTE': 2, 'VICTORIA': 9, 'SEMILLA': 86, 'FCN-NACION': 1, 'PPN': 1, 'UR': 5, 'URNG-MAIZ WINAQ': 6, 'CREO': 0, 'BIEN': 26, 'VIVA': 9, 'MI FAMILIA': 6, 'CAMBIO': 0, 'VOS': 44}",0,27,295,0,Algún campo sin dato,1.Guatemala,8.Mixco,0279,presidente
2961,,"{'UNE': 10, 'AZUL': 1, 'VALOR UNIONISTA': 33, 'CABAL': 20, 'TODOS': 1, 'VAMOS': 2, 'PHG': 1, 'PR': 4, 'PIN': 2, 'ELEFANTE': 5, 'VICTORIA': 5, 'SEMILLA': 95, 'FCN-NACION': 0, 'PPN': 0, 'UR': 3, 'URNG-MAIZ WINAQ': 4, 'CREO': 1, 'BIEN': 9, 'VIVA': 14, 'MI FAMILIA': 10, 'CAMBIO': 1, 'VOS': 34}",121,21,397,0,,1.Guatemala,8.Mixco,0279,presidente
2962,,"{'UNE': 8, 'AZUL': 8, 'VALOR UNIONISTA': 31, 'CABAL': 21, 'TODOS': 0, 'VAMOS': 5, 'PHG': 0, 'PR': 3, 'PIN': 1, 'ELEFANTE': 5, 'VICTORIA': 8, 'SEMILLA': 80, 'FCN-NACION': 2, 'PPN': 2, 'UR': 4, 'URNG-MAIZ WINAQ': 4, 'CREO': 4, 'BIEN': 28, 'VIVA': 8, 'MI FAMILIA': 3, 'CAMBIO': 1, 'VOS': 36}",0,18,280,0,Algún campo sin dato,1.Guatemala,8.Mixco,0279,presidente
2963,,"{'UNE': 19, 'AZUL': 8, 'VALOR UNIONISTA': 32, 'CABAL': 19, 'TODOS': 1, 'VAMOS': 6, 'PHG': 0, 'PR': 0, 'PIN': 1, 'ELEFANTE': 5, 'VICTORIA': 4, 'SEMILLA': 106, 'FCN-NACION': 0, 'PPN': 0, 'UR': 2, 'URNG-MAIZ WINAQ': 7, 'CREO': 2, 'BIEN': 14, 'VIVA': 8, 'MI FAMILIA': 2, 'CAMBIO': 3, 'VOS': 38}",1,22,300,0,Algún campo sin dato,1.Guatemala,8.Mixco,0279,presidente
2964,,"{'UNE': 14, 'AZUL': 4, 'VALOR UNIONISTA': 29, 'CABAL': 13, 'TODOS': 2, 'VAMOS': 6, 'PHG': 0, 'PR': 5, 'PIN': 0, 'ELEFANTE': 4, 'VICTORIA': 9, 'SEMILLA': 79, 'FCN-NACION': 0, 'PPN': 1, 'UR': 8, 'URNG-MAIZ WINAQ': 3, 'CREO': 1, 'BIEN': 14, 'VIVA': 12, 'MI FAMILIA': 6, 'CAMBIO': 0, 'VOS': 33}",1,27,271,1,Algún campo sin dato,1.Guatemala,8.Mixco,0279,presidente
2965,,"{'UNE': 6, 'AZUL': 6, 'VALOR UNIONISTA': 21, 'CABAL': 23, 'TODOS': 0, 'VAMOS': 5, 'PHG': 0, 'PR': 3, 'PIN': 2, 'ELEFANTE': 4, 'VICTORIA': 11, 'SEMILLA': 74, 'FCN-NACION': 0, 'PPN': 0, 'UR': 7, 'URNG-MAIZ WINAQ': 7, 'CREO': 4, 'BIEN': 12, 'VIVA': 12, 'MI FAMILIA': 4, 'CAMBIO': 0, 'VOS': 32}",3,23,259,0,Algún campo sin dato,1.Guatemala,8.Mixco,0279,presidente
2966,,"{'UNE': 14, 'AZUL': 6, 'VALOR UNIONISTA': 30, 'CABAL': 17, 'TODOS': 1, 'VAMOS': 5, 'PHG': 1, 'PR': 3, 'PIN': 0, 'ELEFANTE': 5, 'VICTORIA': 4, 'SEMILLA': 89, 'FCN-NACION': 1, 'PPN': 0, 'UR': 5, 'URNG-MAIZ WINAQ': 2, 'CREO': 1, 'BIEN': 17, 'VIVA': 10, 'MI FAMILIA': 5, 'CAMBIO': 0, 'VOS': 36}",2,23,277,0,Algún campo sin dato,1.Guatemala,8.Mixco,0279,presidente
2967,,"{'UNE': 8, 'AZUL': 4, 'VALOR UNIONISTA': 16, 'CABAL': 9, 'TODOS': 1, 'VAMOS': 5, 'PHG': 0, 'PR': 1, 'PIN': 2, 'ELEFANTE': 2, 'VICTORIA': 7, 'SEMILLA': 125, 'FCN-NACION': 0, 'PPN': 1, 'UR': 0, 'URNG-MAIZ WINAQ': 1, 'CREO': 1, 'BIEN': 17, 'VIVA': 6, 'MI FAMILIA': 1, 'CAMBIO': 0, 'VOS': 22}",2,12,243,0,Algún campo sin dato,1.Guatemala,8.Mixco,0280,presidente
2968,,"{'UNE': 3, 'AZUL': 1, 'VALOR UNIONISTA': 11, 'CABAL': 8, 'TODOS': 0, 'VAMOS': 2, 'PHG': 0, 'PR': 1, 'PIN': 1, 'ELEFANTE': 2, 'VICTORIA': 3, 'SEMILLA': 191, 'FCN-NACION': 0, 'PPN': 0, 'UR': 1, 'URNG-MAIZ WINAQ': 2, 'CREO': 0, 'BIEN': 16, 'VIVA': 1, 'MI FAMILIA': 3, 'CAMBIO': 0, 'VOS': 26}",0,14,286,0,Algún campo sin dato,1.Guatemala,8.Mixco,0280,presidente
2969,,"{'UNE': 3, 'AZUL': 2, 'VALOR UNIONISTA': 17, 'CABAL': 8, 'TODOS': 0, 'VAMOS': 2, 'PHG': 0, 'PR': 3, 'PIN': 0, 'ELEFANTE': 3, 'VICTORIA': 1, 'SEMILLA': 159, 'FCN-NACION': 0, 'PPN': 0, 'UR': 1, 'URNG-MAIZ WINAQ': 5, 'CREO': 2, 'BIEN': 15, 'VIVA': 8, 'MI FAMILIA': 1, 'CAMBIO': 0, 'VOS': 22}",0,8,260,0,Algún campo sin dato,1.Guatemala,8.Mixco,0280,presidente
2970,,"{'UNE': 2, 'AZUL': 3, 'VALOR UNIONISTA': 17, 'CABAL': 10, 'TODOS': 0, 'VAMOS': 3, 'PHG': 2, 'PR': 0, 'PIN': 1, 'ELEFANTE': 1, 'VICTORIA': 6, 'SEMILLA': 122, 'FCN-NACION': 0, 'PPN': 0, 'UR': 3, 'URNG-MAIZ WINAQ': 0, 'CREO': 0, 'BIEN': 11, 'VIVA': 6, 'MI FAMILIA': 1, 'CAMBIO': 0, 'VOS': 23}",0,17,228,0,Algún campo sin dato,1.Guatemala,8.Mixco,0280,presidente
2971,,"{'UNE': 4, 'AZUL': 0, 'VALOR UNIONISTA': 11, 'CABAL': 7, 'TODOS': 1, 'VAMOS': 2, 'PHG': 0, 'PR': 2, 'PIN': 0, 'ELEFANTE': 2, 'VICTORIA': 3, 'SEMILLA': 86, 'FCN-NACION': 0, 'PPN': 1, 'UR': 0, 'URNG-MAIZ WINAQ': 2, 'CREO': 1, 'BIEN': 8, 'VIVA': 2, 'MI FAMILIA': 0, 'CAMBIO': 0, 'VOS': 12}",0,7,151,0,Algún campo sin dato,1.Guatemala,8.Mixco,0280,presidente
2972,,"{'UNE': 6, 'AZUL': 0, 'VALOR UNIONISTA': 6, 'CABAL': 10, 'TODOS': 0, 'VAMOS': 1, 'PHG': 0, 'PR': 2, 'PIN': 0, 'ELEFANTE': 1, 'VICTORIA': 2, 'SEMILLA': 68, 'FCN-NACION': 0, 'PPN': 0, 'UR': 3, 'URNG-MAIZ WINAQ': 3, 'CREO': 1, 'BIEN': 6, 'VIVA': 5, 'MI FAMILIA': 0, 'CAMBIO': 0, 'VOS': 10}",0,10,134,0,Algún campo sin dato,1.Guatemala,8.Mixco,0280,presidente
2973,,"{'UNE': 15, 'AZUL': 4, 'VALOR UNIONISTA': 34, 'CABAL': 15, 'TODOS': 1, 'VAMOS': 8, 'PHG': 1, 'PR': 1, 'PIN': 2, 'ELEFANTE': 2, 'VICTORIA': 18, 'SEMILLA': 74, 'FCN-NACION': 0, 'PPN': 0, 'UR': 2, 'URNG-MAIZ WINAQ': 3, 'CREO': 0, 'BIEN': 13, 'VIVA': 16, 'MI FAMILIA': 4, 'CAMBIO': 0, 'VOS': 32}",3,35,283,0,Algún campo sin dato,1.Guatemala,8.Mixco,0281,presidente
2974,,"{'UNE': 17, 'AZUL': 6, 'VALOR UNIONISTA': 34, 'CABAL': 18, 'TODOS': 2, 'VAMOS': 8, 'PHG': 0, 'PR': 4, 'PIN': 1, 'ELEFANTE': 3, 'VICTORIA': 14, 'SEMILLA': 63, 'FCN-NACION': 0, 'PPN': 1, 'UR': 3, 'URNG-MAIZ WINAQ': 6, 'CREO': 1, 'BIEN': 15, 'VIVA': 20, 'MI FAMILIA': 9, 'CAMBIO': 1, 'VOS': 33}",3,45,307,0,Algún campo sin dato,1.Guatemala,8.Mixco,0281,presidente
2975,,"{'UNE': 11, 'AZUL': 3, 'VALOR UNIONISTA': 36, 'CABAL': 21, 'TODOS': 0, 'VAMOS': 5, 'PHG': 0, 'PR': 2, 'PIN': 1, 'ELEFANTE': 4, 'VICTORIA': 19, 'SEMILLA': 57, 'FCN-NACION': 0, 'PPN': 3, 'UR': 2, 'URNG-MAIZ WINAQ': 5, 'CREO': 4, 'BIEN': 17, 'VIVA': 21, 'MI FAMILIA': 5, 'CAMBIO': 1, 'VOS': 21}",1,40,279,6,,1.Guatemala,8.Mixco,0281,presidente
2976,,"{'UNE': 8, 'AZUL': 2, 'VALOR UNIONISTA': 19, 'CABAL': 12, 'TODOS': 1, 'VAMOS': 7, 'PHG': 0, 'PR': 1, 'PIN': 0, 'ELEFANTE': 1, 'VICTORIA': 12, 'SEMILLA': 99, 'FCN-NACION': 2, 'PPN': 0, 'UR': 0, 'URNG-MAIZ WINAQ': 0, 'CREO': 4, 'BIEN': 17, 'VIVA': 18, 'MI FAMILIA': 1, 'CAMBIO': 0, 'VOS': 36}",5,23,268,0,Algún campo sin dato,1.Guatemala,8.Mixco,0281,presidente
2977,,"{'UNE': 7, 'AZUL': 1, 'VALOR UNIONISTA': 27, 'CABAL': 13, 'TODOS': 2, 'VAMOS': 6, 'PHG': 0, 'PR': 3, 'PIN': 3, 'ELEFANTE': 2, 'VICTORIA': 17, 'SEMILLA': 67, 'FCN-NACION': 2, 'PPN': 1, 'UR': 3, 'URNG-MAIZ WINAQ': 5, 'CREO': 1, 'BIEN': 27, 'VIVA': 16, 'MI FAMILIA': 6, 'CAMBIO': 0, 'VOS': 34}",1,35,279,0,Algún campo sin dato,1.Guatemala,8.Mixco,0281,presidente
2978,,"{'UNE': 8, 'AZUL': 5, 'VALOR UNIONISTA': 35, 'CABAL': 14, 'TODOS': 2, 'VAMOS': 5, 'PHG': 0, 'PR': 2, 'PIN': 2, 'ELEFANTE': 5, 'VICTORIA': 10, 'SEMILLA': 61, 'FCN-NACION': 1, 'PPN': 2, 'UR': 3, 'URNG-MAIZ WINAQ': 4, 'CREO': 1, 'BIEN': 20, 'VIVA': 26, 'MI FAMILIA': 1, 'CAMBIO': 1, 'VOS': 35}",2,28,273,0,Algún campo sin dato,1.Guatemala,8.Mixco,0281,presidente
2979,,"{'UNE': 10, 'AZUL': 3, 'VALOR UNIONISTA': 38, 'CABAL': 15, 'TODOS': 0, 'VAMOS': 2, 'PHG': 1, 'PR': 3, 'PIN': 0, 'ELEFANTE': 1, 'VICTORIA': 11, 'SEMILLA': 75, 'FCN-NACION': 0, 'PPN': 2, 'UR': 1, 'URNG-MAIZ WINAQ': 5, 'CREO': 5, 'BIEN': 18, 'VIVA': 25, 'MI FAMILIA': 5, 'CAMBIO': 1, 'VOS': 28}",5,30,284,0,Algún campo sin dato,1.Guatemala,8.Mixco,0281,presidente
2980,,"{'UNE': 17, 'AZUL': 6, 'VALOR UNIONISTA': 40, 'CABAL': 12, 'TODOS': 0, 'VAMOS': 6, 'PHG': 0, 'PR': 6, 'PIN': 0, 'ELEFANTE': 3, 'VICTORIA': 17, 'SEMILLA': 81, 'FCN-NACION': 0, 'PPN': 1, 'UR': 3, 'URNG-MAIZ WINAQ': 2, 'CREO': 2, 'BIEN': 16, 'VIVA': 18, 'MI FAMILIA': 5, 'CAMBIO': 2, 'VOS': 23}",2,36,298,0,Algún campo sin dato,1.Guatemala,8.Mixco,0281,presidente
2981,,"{'UNE': 15, 'AZUL': 2, 'VALOR UNIONISTA': 22, 'CABAL': 12, 'TODOS': 2, 'VAMOS': 1, 'PHG': 1, 'PR': 1, 'PIN': 1, 'ELEFANTE': 0, 'VICTORIA': 16, 'SEMILLA': 70, 'FCN-NACION': 1, 'PPN': 2, 'UR': 2, 'URNG-MAIZ WINAQ': 3, 'CREO': 3, 'BIEN': 13, 'VIVA': 19, 'MI FAMILIA': 5, 'CAMBIO': 0, 'VOS': 34}",3,40,268,0,Algún campo sin dato,1.Guatemala,8.Mixco,0281,presidente
2982,,"{'UNE': 12, 'AZUL': 1, 'VALOR UNIONISTA': 28, 'CABAL': 14, 'TODOS': 1, 'VAMOS': 2, 'PHG': 0, 'PR': 3, 'PIN': 1, 'ELEFANTE': 1, 'VICTORIA': 18, 'SEMILLA': 56, 'FCN-NACION': 0, 'PPN': 1, 'UR': 3, 'URNG-MAIZ WINAQ': 1, 'CREO': 2, 'BIEN': 14, 'VIVA': 18, 'MI FAMILIA': 4, 'CAMBIO': 1, 'VOS': 18}",2,23,224,0,Algún campo sin dato,1.Guatemala,8.Mixco,0281,presidente
2983,,"{'UNE': 18, 'AZUL': 1, 'VALOR UNIONISTA': 29, 'CABAL': 9, 'TODOS': 0, 'VAMOS': 6, 'PHG': 1, 'PR': 0, 'PIN': 0, 'ELEFANTE': 1, 'VICTORIA': 19, 'SEMILLA': 82, 'FCN-NACION': 0, 'PPN': 3, 'UR': 4, 'URNG-MAIZ WINAQ': 2, 'CREO': 1, 'BIEN': 17, 'VIVA': 16, 'MI FAMILIA': 8, 'CAMBIO': 0, 'VOS': 21}",0,20,258,1,Algún campo sin dato,1.Guatemala,8.Mixco,0282,presidente
2984,,"{'UNE': 2, 'AZUL': 2, 'VALOR UNIONISTA': 13, 'CABAL': 10, 'TODOS': 1, 'VAMOS': 2, 'PHG': 0, 'PR': 2, 'PIN': 1, 'ELEFANTE': 2, 'VICTORIA': 12, 'SEMILLA': 148, 'FCN-NACION': 1, 'PPN': 1, 'UR': 0, 'URNG-MAIZ WINAQ': 2, 'CREO': 1, 'BIEN': 23, 'VIVA': 13, 'MI FAMILIA': 2, 'CAMBIO': 0, 'VOS': 28}",0,17,283,0,Algún campo sin dato,1.Guatemala,8.Mixco,0282,presidente
2985,,"{'UNE': 8, 'AZUL': 1, 'VALOR UNIONISTA': 9, 'CABAL': 5, 'TODOS': 0, 'VAMOS': 2, 'PHG': 0, 'PR': 2, 'PIN': 0, 'ELEFANTE': 3, 'VICTORIA': 6, 'SEMILLA': 108, 'FCN-NACION': 0, 'PPN': 0, 'UR': 0, 'URNG-MAIZ WINAQ': 0, 'CREO': 0, 'BIEN': 15, 'VIVA': 14, 'MI FAMILIA': 0, 'CAMBIO': 0, 'VOS': 21}",1,17,212,0,Algún campo sin dato,1.Guatemala,8.Mixco,0282,presidente
2986,,"{'UNE': 3, 'AZUL': 2, 'VALOR UNIONISTA': 12, 'CABAL': 6, 'TODOS': 0, 'VAMOS': 4, 'PHG': 1, 'PR': 1, 'PIN': 0, 'ELEFANTE': 0, 'VICTORIA': 3, 'SEMILLA': 92, 'FCN-NACION': 0, 'PPN': 1, 'UR': 0, 'URNG-MAIZ WINAQ': 1, 'CREO': 1, 'BIEN': 11, 'VIVA': 11, 'MI FAMILIA': 2, 'CAMBIO': 1, 'VOS': 9}",2,17,180,14,Sumas Asentadas sin cuadrar,1.Guatemala,8.Mixco,0282,presidente
2987,,"{'UNE': 16, 'AZUL': 4, 'VALOR UNIONISTA': 29, 'CABAL': 15, 'TODOS': 1, 'VAMOS': 1, 'PHG': 1, 'PR': 4, 'PIN': 1, 'ELEFANTE': 1, 'VICTORIA': 21, 'SEMILLA': 68, 'FCN-NACION': 0, 'PPN': 1, 'UR': 2, 'URNG-MAIZ WINAQ': 3, 'CREO': 1, 'BIEN': 18, 'VIVA': 12, 'MI FAMILIA': 4, 'CAMBIO': 0, 'VOS': 37}",0,48,288,0,Algún campo sin dato,1.Guatemala,8.Mixco,0283,presidente
2988,,"{'UNE': 16, 'AZUL': 3, 'VALOR UNIONISTA': 33, 'CABAL': 15, 'TODOS': 1, 'VAMOS': 2, 'PHG': 2, 'PR': 3, 'PIN': 1, 'ELEFANTE': 5, 'VICTORIA': 20, 'SEMILLA': 40, 'FCN-NACION': 0, 'PPN': 0, 'UR': 5, 'URNG-MAIZ WINAQ': 4, 'CREO': 5, 'BIEN': 11, 'VIVA': 18, 'MI FAMILIA': 10, 'CAMBIO': 0, 'VOS': 33}",3,31,261,0,Algún campo sin dato,1.Guatemala,8.Mixco,0283,presidente
2989,,"{'UNE': 11, 'AZUL': 5, 'VALOR UNIONISTA': 0, 'CABAL': 9, 'TODOS': 0, 'VAMOS': 5, 'PHG': 0, 'PR': 5, 'PIN': 0, 'ELEFANTE': 6, 'VICTORIA': 21, 'SEMILLA': 74, 'FCN-NACION': 0, 'PPN': 0, 'UR': 5, 'URNG-MAIZ WINAQ': 2, 'CREO': 3, 'BIEN': 20, 'VIVA': 20, 'MI FAMILIA': 5, 'CAMBIO': 0, 'VOS': 23}",5,30,249,0,Sumas Asentadas sin cuadrar,1.Guatemala,8.Mixco,0283,presidente
2990,,"{'UNE': 8, 'AZUL': 8, 'VALOR UNIONISTA': 34, 'CABAL': 17, 'TODOS': 2, 'VAMOS': 5, 'PHG': 0, 'PR': 4, 'PIN': 0, 'ELEFANTE': 4, 'VICTORIA': 21, 'SEMILLA': 68, 'FCN-NACION': 1, 'PPN': 2, 'UR': 1, 'URNG-MAIZ WINAQ': 3, 'CREO': 2, 'BIEN': 23, 'VIVA': 17, 'MI FAMILIA': 5, 'CAMBIO': 0, 'VOS': 25}",3,29,282,0,Algún campo sin dato,1.Guatemala,8.Mixco,0283,presidente
2991,,"{'UNE': 5, 'AZUL': 4, 'VALOR UNIONISTA': 18, 'CABAL': 9, 'TODOS': 1, 'VAMOS': 3, 'PHG': 0, 'PR': 1, 'PIN': 1, 'ELEFANTE': 5, 'VICTORIA': 13, 'SEMILLA': 83, 'FCN-NACION': 1, 'PPN': 1, 'UR': 4, 'URNG-MAIZ WINAQ': 5, 'CREO': 0, 'BIEN': 13, 'VIVA': 16, 'MI FAMILIA': 5, 'CAMBIO': 1, 'VOS': 30}",0,30,249,0,Algún campo sin dato,1.Guatemala,8.Mixco,0283,presidente
2992,,"{'UNE': 8, 'AZUL': 6, 'VALOR UNIONISTA': 27, 'CABAL': 20, 'TODOS': 0, 'VAMOS': 7, 'PHG': 0, 'PR': 5, 'PIN': 1, 'ELEFANTE': 1, 'VICTORIA': 27, 'SEMILLA': 83, 'FCN-NACION': 0, 'PPN': 1, 'UR': 7, 'URNG-MAIZ WINAQ': 5, 'CREO': 0, 'BIEN': 8, 'VIVA': 14, 'MI FAMILIA': 4, 'CAMBIO': 0, 'VOS': 27}",2,36,289,0,Algún campo sin dato,1.Guatemala,8.Mixco,0283,presidente
2993,,"{'UNE': 10, 'AZUL': 5, 'VALOR UNIONISTA': 31, 'CABAL': 23, 'TODOS': 0, 'VAMOS': 4, 'PHG': 0, 'PR': 3, 'PIN': 1, 'ELEFANTE': 4, 'VICTORIA': 12, 'SEMILLA': 76, 'FCN-NACION': 0, 'PPN': 1, 'UR': 4, 'URNG-MAIZ WINAQ': 1, 'CREO': 1, 'BIEN': 15, 'VIVA': 10, 'MI FAMILIA': 7, 'CAMBIO': 0, 'VOS': 31}",1,28,268,0,,1.Guatemala,8.Mixco,0283,presidente
2994,,"{'UNE': 4, 'AZUL': 3, 'VALOR UNIONISTA': 34, 'CABAL': 12, 'TODOS': 0, 'VAMOS': 4, 'PHG': 1, 'PR': 4, 'PIN': 0, 'ELEFANTE': 3, 'VICTORIA': 16, 'SEMILLA': 59, 'FCN-NACION': 2, 'PPN': 0, 'UR': 2, 'URNG-MAIZ WINAQ': 3, 'CREO': 6, 'BIEN': 19, 'VIVA': 16, 'MI FAMILIA': 9, 'CAMBIO': 1, 'VOS': 28}",1,33,260,0,Algún campo sin dato,1.Guatemala,8.Mixco,0283,presidente
2995,,"{'UNE': 9, 'AZUL': 5, 'VALOR UNIONISTA': 37, 'CABAL': 13, 'TODOS': 0, 'VAMOS': 7, 'PHG': 2, 'PR': 4, 'PIN': 0, 'ELEFANTE': 3, 'VICTORIA': 22, 'SEMILLA': 77, 'FCN-NACION': 1, 'PPN': 1, 'UR': 2, 'URNG-MAIZ WINAQ': 1, 'CREO': 3, 'BIEN': 17, 'VIVA': 18, 'MI FAMILIA': 8, 'CAMBIO': 1, 'VOS': 29}",2,33,295,0,Algún campo sin dato,1.Guatemala,8.Mixco,0283,presidente
2996,,"{'UNE': 8, 'AZUL': 11, 'VALOR UNIONISTA': 21, 'CABAL': 18, 'TODOS': 1, 'VAMOS': 4, 'PHG': 0, 'PR': 0, 'PIN': 0, 'ELEFANTE': 3, 'VICTORIA': 16, 'SEMILLA': 74, 'FCN-NACION': 0, 'PPN': 1, 'UR': 3, 'URNG-MAIZ WINAQ': 5, 'CREO': 2, 'BIEN': 12, 'VIVA': 19, 'MI FAMILIA': 4, 'CAMBIO': 2, 'VOS': 31}",0,39,274,0,Algún campo sin dato,1.Guatemala,8.Mixco,0284,presidente
2997,,"{'UNE': 12, 'AZUL': 5, 'VALOR UNIONISTA': 26, 'CABAL': 11, 'TODOS': 0, 'VAMOS': 4, 'PHG': 2, 'PR': 2, 'PIN': 0, 'ELEFANTE': 3, 'VICTORIA': 20, 'SEMILLA': 67, 'FCN-NACION': 3, 'PPN': 1, 'UR': 3, 'URNG-MAIZ WINAQ': 0, 'CREO': 3, 'BIEN': 10, 'VIVA': 10, 'MI FAMILIA': 4, 'CAMBIO': 1, 'VOS': 21}",3,37,248,0,Algún campo sin dato,1.Guatemala,8.Mixco,0284,presidente
2998,,"{'UNE': 7, 'AZUL': 8, 'VALOR UNIONISTA': 27, 'CABAL': 7, 'TODOS': 0, 'VAMOS': 4, 'PHG': 0, 'PR': 7, 'PIN': 0, 'ELEFANTE': 4, 'VICTORIA': 22, 'SEMILLA': 75, 'FCN-NACION': 2, 'PPN': 0, 'UR': 2, 'URNG-MAIZ WINAQ': 3, 'CREO': 1, 'BIEN': 7, 'VIVA': 15, 'MI FAMILIA': 4, 'CAMBIO': 1, 'VOS': 29}",0,37,262,0,Algún campo sin dato,1.Guatemala,8.Mixco,0284,presidente
2999,,"{'UNE': 12, 'AZUL': 3, 'VALOR UNIONISTA': 22, 'CABAL': 8, 'TODOS': 0, 'VAMOS': 2, 'PHG': 1, 'PR': 0, 'PIN': 0, 'ELEFANTE': 3, 'VICTORIA': 21, 'SEMILLA': 65, 'FCN-NACION': 1, 'PPN': 0, 'UR': 0, 'URNG-MAIZ WINAQ': 0, 'CREO': 0, 'BIEN': 11, 'VIVA': 20, 'MI FAMILIA': 1, 'CAMBIO': 2, 'VOS': 29}",0,24,225,175,Algún campo sin dato,1.Guatemala,8.Mixco,0284,presidente
3000,,"{'UNE': 11, 'AZUL': 2, 'VALOR UNIONISTA': 20, 'CABAL': 9, 'TODOS': 1, 'VAMOS': 4, 'PHG': 1, 'PR': 3, 'PIN': 2, 'ELEFANTE': 2, 'VICTORIA': 21, 'SEMILLA': 90, 'FCN-NACION': 1, 'PPN': 0, 'UR': 0, 'URNG-MAIZ WINAQ': 3, 'CREO': 0, 'BIEN': 13, 'VIVA': 11, 'MI FAMILIA': 5, 'CAMBIO': 1, 'VOS': 33}",2,28,263,0,Algún campo sin dato,1.Guatemala,8.Mixco,0284,presidente
3001,,"{'UNE': 4, 'AZUL': 3, 'VALOR UNIONISTA': 20, 'CABAL': 13, 'TODOS': 1, 'VAMOS': 3, 'PHG': 0, 'PR': 3, 'PIN': 0, 'ELEFANTE': 3, 'VICTORIA': 18, 'SEMILLA': 139, 'FCN-NACION': 0, 'PPN': 2, 'UR': 3, 'URNG-MAIZ WINAQ': 4, 'CREO': 0, 'BIEN': 15, 'VIVA': 6, 'MI FAMILIA': 2, 'CAMBIO': 0, 'VOS': 34}",0,11,284,0,Algún campo sin dato,1.Guatemala,8.Mixco,0284,presidente
3002,,"{'UNE': 7, 'AZUL': 3, 'VALOR UNIONISTA': 4, 'CABAL': 9, 'TODOS': 1, 'VAMOS': 2, 'PHG': 0, 'PR': 0, 'PIN': 0, 'ELEFANTE': 1, 'VICTORIA': 7, 'SEMILLA': 127, 'FCN-NACION': 1, 'PPN': 0, 'UR': 0, 'URNG-MAIZ WINAQ': 3, 'CREO': 1, 'BIEN': 13, 'VIVA': 8, 'MI FAMILIA': 1, 'CAMBIO': 0, 'VOS': 29}",2,26,245,1,Algún campo sin dato,1.Guatemala,8.Mixco,0284,presidente
3003,,"{'UNE': 8, 'AZUL': 2, 'VALOR UNIONISTA': 12, 'CABAL': 5, 'TODOS': 0, 'VAMOS': 0, 'PHG': 0, 'PR': 1, 'PIN': 0, 'ELEFANTE': 1, 'VICTORIA': 10, 'SEMILLA': 49, 'FCN-NACION': 0, 'PPN': 0, 'UR': 0, 'URNG-MAIZ WINAQ': 0, 'CREO': 0, 'BIEN': 1, 'VIVA': 2, 'MI FAMILIA': 1, 'CAMBIO': 2, 'VOS': 13}",0,5,112,1,Algún campo sin dato,1.Guatemala,8.Mixco,0284,presidente
3004,,"{'UNE': 2, 'AZUL': 3, 'VALOR UNIONISTA': 8, 'CABAL': 5, 'TODOS': 0, 'VAMOS': 0, 'PHG': 0, 'PR': 0, 'PIN': 0, 'ELEFANTE': 0, 'VICTORIA': 3, 'SEMILLA': 61, 'FCN-NACION': 1, 'PPN': 0, 'UR': 1, 'URNG-MAIZ WINAQ': 1, 'CREO': 1, 'BIEN': 6, 'VIVA': 1, 'MI FAMILIA': 1, 'CAMBIO': 1, 'VOS': 7}",1,7,110,0,Algún campo sin dato,1.Guatemala,8.Mixco,0284,presidente
3005,,"{'UNE': 13, 'AZUL': 3, 'VALOR UNIONISTA': 23, 'CABAL': 12, 'TODOS': 3, 'VAMOS': 7, 'PHG': 0, 'PR': 3, 'PIN': 2, 'ELEFANTE': 1, 'VICTORIA': 45, 'SEMILLA': 45, 'FCN-NACION': 1, 'PPN': 1, 'UR': 4, 'URNG-MAIZ WINAQ': 4, 'CREO': 3, 'BIEN': 12, 'VIVA': 18, 'MI FAMILIA': 5, 'CAMBIO': 3, 'VOS': 16}",4,33,261,0,Algún campo sin dato,1.Guatemala,8.Mixco,0285,presidente
3006,,"{'UNE': 24, 'AZUL': 0, 'VALOR UNIONISTA': 18, 'CABAL': 7, 'TODOS': 0, 'VAMOS': 7, 'PHG': 0, 'PR': 4, 'PIN': 1, 'ELEFANTE': 3, 'VICTORIA': 45, 'SEMILLA': 44, 'FCN-NACION': 2, 'PPN': 1, 'UR': 6, 'URNG-MAIZ WINAQ': 0, 'CREO': 0, 'BIEN': 5, 'VIVA': 25, 'MI FAMILIA': 7, 'CAMBIO': 2, 'VOS': 14}",6,46,267,1,Algún campo sin dato,1.Guatemala,8.Mixco,0285,presidente
3007,,"{'UNE': 17, 'AZUL': 5, 'VALOR UNIONISTA': 27, 'CABAL': 7, 'TODOS': 0, 'VAMOS': 5, 'PHG': 0, 'PR': 3, 'PIN': 0, 'ELEFANTE': 2, 'VICTORIA': 52, 'SEMILLA': 41, 'FCN-NACION': 2, 'PPN': 2, 'UR': 5, 'URNG-MAIZ WINAQ': 7, 'CREO': 0, 'BIEN': 15, 'VIVA': 14, 'MI FAMILIA': 5, 'CAMBIO': 0, 'VOS': 23}",7,42,281,0,Algún campo sin dato,1.Guatemala,8.Mixco,0285,presidente
3008,,"{'UNE': 12, 'AZUL': 2, 'VALOR UNIONISTA': 16, 'CABAL': 9, 'TODOS': 1, 'VAMOS': 13, 'PHG': 0, 'PR': 1, 'PIN': 1, 'ELEFANTE': 4, 'VICTORIA': 46, 'SEMILLA': 44, 'FCN-NACION': 1, 'PPN': 0, 'UR': 4, 'URNG-MAIZ WINAQ': 5, 'CREO': 3, 'BIEN': 8, 'VIVA': 24, 'MI FAMILIA': 4, 'CAMBIO': 2, 'VOS': 20}",2,32,254,0,Algún campo sin dato,1.Guatemala,8.Mixco,0285,presidente
3009,,"{'UNE': 17, 'AZUL': 4, 'VALOR UNIONISTA': 24, 'CABAL': 9, 'TODOS': 0, 'VAMOS': 8, 'PHG': 1, 'PR': 5, 'PIN': 2, 'ELEFANTE': 6, 'VICTORIA': 61, 'SEMILLA': 36, 'FCN-NACION': 0, 'PPN': 3, 'UR': 8, 'URNG-MAIZ WINAQ': 3, 'CREO': 2, 'BIEN': 7, 'VIVA': 23, 'MI FAMILIA': 4, 'CAMBIO': 2, 'VOS': 17}",3,32,277,0,Algún campo sin dato,1.Guatemala,8.Mixco,0285,presidente
3010,,"{'UNE': 8, 'AZUL': 4, 'VALOR UNIONISTA': 23, 'CABAL': 15, 'TODOS': 1, 'VAMOS': 5, 'PHG': 0, 'PR': 2, 'PIN': 0, 'ELEFANTE': 8, 'VICTORIA': 64, 'SEMILLA': 51, 'FCN-NACION': 0, 'PPN': 1, 'UR': 2, 'URNG-MAIZ WINAQ': 6, 'CREO': 3, 'BIEN': 8, 'VIVA': 18, 'MI FAMILIA': 3, 'CAMBIO': 0, 'VOS': 18}",4,33,277,2,Algún campo sin dato,1.Guatemala,8.Mixco,0285,presidente
3011,,"{'UNE': 21, 'AZUL': 2, 'VALOR UNIONISTA': 18, 'CABAL': 13, 'TODOS': 0, 'VAMOS': 11, 'PHG': 1, 'PR': 5, 'PIN': 2, 'ELEFANTE': 5, 'VICTORIA': 47, 'SEMILLA': 49, 'FCN-NACION': 0, 'PPN': 3, 'UR': 5, 'URNG-MAIZ WINAQ': 6, 'CREO': 2, 'BIEN': 4, 'VIVA': 20, 'MI FAMILIA': 6, 'CAMBIO': 0, 'VOS': 21}",5,29,275,0,Algún campo sin dato,1.Guatemala,8.Mixco,0285,presidente
3012,,"{'UNE': 14, 'AZUL': 4, 'VALOR UNIONISTA': 35, 'CABAL': 18, 'TODOS': 0, 'VAMOS': 4, 'PHG': 0, 'PR': 2, 'PIN': 0, 'ELEFANTE': 4, 'VICTORIA': 53, 'SEMILLA': 55, 'FCN-NACION': 1, 'PPN': 1, 'UR': 5, 'URNG-MAIZ WINAQ': 7, 'CREO': 2, 'BIEN': 7, 'VIVA': 17, 'MI FAMILIA': 5, 'CAMBIO': 0, 'VOS': 15}",3,30,282,0,Algún campo sin dato,1.Guatemala,8.Mixco,0285,presidente
3013,,"{'UNE': 13, 'AZUL': 3, 'VALOR UNIONISTA': 24, 'CABAL': 12, 'TODOS': 1, 'VAMOS': 4, 'PHG': 0, 'PR': 3, 'PIN': 0, 'ELEFANTE': 3, 'VICTORIA': 57, 'SEMILLA': 38, 'FCN-NACION': 1, 'PPN': 1, 'UR': 2, 'URNG-MAIZ WINAQ': 6, 'CREO': 4, 'BIEN': 8, 'VIVA': 20, 'MI FAMILIA': 7, 'CAMBIO': 0, 'VOS': 16}",4,47,274,274,Sumas Asentadas sin cuadrar,1.Guatemala,8.Mixco,0285,presidente
3014,,"{'UNE': 0, 'AZUL': 0, 'VALOR UNIONISTA': 0, 'CABAL': 0, 'TODOS': 0, 'VAMOS': 0, 'PHG': 0, 'PR': 0, 'PIN': 0, 'ELEFANTE': 0, 'VICTORIA': 0, 'SEMILLA': 0, 'FCN-NACION': 0, 'PPN': 0, 'UR': 0, 'URNG-MAIZ WINAQ': 0, 'CREO': 0, 'BIEN': 0, 'VIVA': 0, 'MI FAMILIA': 0, 'CAMBIO': 0, 'VOS': 0}",0,0,0,0,Acta ilegible,1.Guatemala,8.Mixco,0285,presidente
3015,,"{'UNE': 22, 'AZUL': 2, 'VALOR UNIONISTA': 20, 'CABAL': 8, 'TODOS': 2, 'VAMOS': 7, 'PHG': 0, 'PR': 3, 'PIN': 0, 'ELEFANTE': 2, 'VICTORIA': 48, 'SEMILLA': 42, 'FCN-NACION': 2, 'PPN': 1, 'UR': 3, 'URNG-MAIZ WINAQ': 6, 'CREO': 1, 'BIEN': 8, 'VIVA': 20, 'MI FAMILIA': 5, 'CAMBIO': 2, 'VOS': 15}",1,26,246,0,Algún campo sin dato,1.Guatemala,8.Mixco,0285,presidente
3016,,"{'UNE': 9, 'AZUL': 1, 'VALOR UNIONISTA': 8, 'CABAL': 11, 'TODOS': 0, 'VAMOS': 6, 'PHG': 0, 'PR': 1, 'PIN': 0, 'ELEFANTE': 5, 'VICTORIA': 45, 'SEMILLA': 67, 'FCN-NACION': 0, 'PPN': 0, 'UR': 1, 'URNG-MAIZ WINAQ': 2, 'CREO': 0, 'BIEN': 18, 'VIVA': 23, 'MI FAMILIA': 2, 'CAMBIO': 1, 'VOS': 32}",0,29,261,0,Algún campo sin dato,1.Guatemala,8.Mixco,0285,presidente
3017,,"{'UNE': 13, 'AZUL': 0, 'VALOR UNIONISTA': 16, 'CABAL': 10, 'TODOS': 0, 'VAMOS': 6, 'PHG': 0, 'PR': 0, 'PIN': 0, 'ELEFANTE': 2, 'VICTORIA': 42, 'SEMILLA': 74, 'FCN-NACION': 0, 'PPN': 1, 'UR': 2, 'URNG-MAIZ WINAQ': 3, 'CREO': 0, 'BIEN': 9, 'VIVA': 18, 'MI FAMILIA': 2, 'CAMBIO': 1, 'VOS': 25}",1,21,246,0,,1.Guatemala,8.Mixco,0285,presidente
3018,,"{'UNE': 13, 'AZUL': 0, 'VALOR UNIONISTA': 15, 'CABAL': 7, 'TODOS': 1, 'VAMOS': 6, 'PHG': 0, 'PR': 3, 'PIN': 2, 'ELEFANTE': 1, 'VICTORIA': 52, 'SEMILLA': 61, 'FCN-NACION': 0, 'PPN': 0, 'UR': 3, 'URNG-MAIZ WINAQ': 3, 'CREO': 1, 'BIEN': 12, 'VIVA': 12, 'MI FAMILIA': 2, 'CAMBIO': 0, 'VOS': 13}",3,33,243,0,Algún campo sin dato,1.Guatemala,8.Mixco,0285,presidente
3019,,"{'UNE': 15, 'AZUL': 2, 'VALOR UNIONISTA': 21, 'CABAL': 4, 'TODOS': 1, 'VAMOS': 5, 'PHG': 1, 'PR': 1, 'PIN': 0, 'ELEFANTE': 1, 'VICTORIA': 64, 'SEMILLA': 35, 'FCN-NACION': 0, 'PPN': 0, 'UR': 6, 'URNG-MAIZ WINAQ': 5, 'CREO': 1, 'BIEN': 7, 'VIVA': 20, 'MI FAMILIA': 3, 'CAMBIO': 2, 'VOS': 21}",1,27,243,0,Algún campo sin dato,1.Guatemala,8.Mixco,0285,presidente
3020,,"{'UNE': 7, 'AZUL': 4, 'VALOR UNIONISTA': 27, 'CABAL': 14, 'TODOS': 2, 'VAMOS': 5, 'PHG': 1, 'PR': 2, 'PIN': 0, 'ELEFANTE': 0, 'VICTORIA': 48, 'SEMILLA': 38, 'FCN-NACION': 1, 'PPN': 2, 'UR': 6, 'URNG-MAIZ WINAQ': 6, 'CREO': 2, 'BIEN': 8, 'VIVA': 15, 'MI FAMILIA': 1, 'CAMBIO': 0, 'VOS': 14}",3,37,243,0,Algún campo sin dato,1.Guatemala,8.Mixco,0285,presidente
3021,,"{'UNE': 16, 'AZUL': 4, 'VALOR UNIONISTA': 19, 'CABAL': 12, 'TODOS': 2, 'VAMOS': 4, 'PHG': 0, 'PR': 1, 'PIN': 0, 'ELEFANTE': 4, 'VICTORIA': 44, 'SEMILLA': 54, 'FCN-NACION': 2, 'PPN': 3, 'UR': 3, 'URNG-MAIZ WINAQ': 4, 'CREO': 2, 'BIEN': 8, 'VIVA': 16, 'MI FAMILIA': 4, 'CAMBIO': 0, 'VOS': 20}",0,38,260,0,Sumas Asentadas sin cuadrar,1.Guatemala,8.Mixco,0285,presidente
3022,,"{'UNE': 14, 'AZUL': 3, 'VALOR UNIONISTA': 18, 'CABAL': 9, 'TODOS': 0, 'VAMOS': 11, 'PHG': 3, 'PR': 2, 'PIN': 0, 'ELEFANTE': 2, 'VICTORIA': 44, 'SEMILLA': 62, 'FCN-NACION': 1, 'PPN': 0, 'UR': 2, 'URNG-MAIZ WINAQ': 4, 'CREO': 0, 'BIEN': 19, 'VIVA': 20, 'MI FAMILIA': 1, 'CAMBIO': 1, 'VOS': 26}",2,0,244,0,Sumas Asentadas sin cuadrar,1.Guatemala,8.Mixco,0285,presidente
3023,,"{'UNE': 19, 'AZUL': 2, 'VALOR UNIONISTA': 16, 'CABAL': 4, 'TODOS': 2, 'VAMOS': 7, 'PHG': 1, 'PR': 4, 'PIN': 0, 'ELEFANTE': 2, 'VICTORIA': 46, 'SEMILLA': 47, 'FCN-NACION': 2, 'PPN': 1, 'UR': 2, 'URNG-MAIZ WINAQ': 4, 'CREO': 2, 'BIEN': 9, 'VIVA': 23, 'MI FAMILIA': 6, 'CAMBIO': 2, 'VOS': 25}",2,31,259,0,Algún campo sin dato,1.Guatemala,8.Mixco,0285,presidente
3024,,"{'UNE': 15, 'AZUL': 6, 'VALOR UNIONISTA': 24, 'CABAL': 5, 'TODOS': 0, 'VAMOS': 11, 'PHG': 0, 'PR': 0, 'PIN': 0, 'ELEFANTE': 5, 'VICTORIA': 57, 'SEMILLA': 46, 'FCN-NACION': 2, 'PPN': 0, 'UR': 3, 'URNG-MAIZ WINAQ': 6, 'CREO': 1, 'BIEN': 10, 'VIVA': 23, 'MI FAMILIA': 6, 'CAMBIO': 0, 'VOS': 21}",0,37,278,0,Algún campo sin dato,1.Guatemala,8.Mixco,0285,presidente
3025,,"{'UNE': 14, 'AZUL': 6, 'VALOR UNIONISTA': 24, 'CABAL': 10, 'TODOS': 4, 'VAMOS': 2, 'PHG': 0, 'PR': 2, 'PIN': 2, 'ELEFANTE': 3, 'VICTORIA': 62, 'SEMILLA': 48, 'FCN-NACION': 2, 'PPN': 2, 'UR': 3, 'URNG-MAIZ WINAQ': 4, 'CREO': 0, 'BIEN': 10, 'VIVA': 26, 'MI FAMILIA': 3, 'CAMBIO': 2, 'VOS': 21}",4,22,276,0,Algún campo sin dato,1.Guatemala,8.Mixco,0285,presidente
3026,,"{'UNE': 13, 'AZUL': 4, 'VALOR UNIONISTA': 19, 'CABAL': 8, 'TODOS': 0, 'VAMOS': 2, 'PHG': 2, 'PR': 1, 'PIN': 1, 'ELEFANTE': 5, 'VICTORIA': 66, 'SEMILLA': 57, 'FCN-NACION': 1, 'PPN': 0, 'UR': 2, 'URNG-MAIZ WINAQ': 2, 'CREO': 0, 'BIEN': 12, 'VIVA': 21, 'MI FAMILIA': 3, 'CAMBIO': 0, 'VOS': 20}",3,22,264,0,Sumas Asentadas sin cuadrar,1.Guatemala,8.Mixco,0285,presidente
3027,,"{'UNE': 19, 'AZUL': 1, 'VALOR UNIONISTA': 24, 'CABAL': 13, 'TODOS': 1, 'VAMOS': 2, 'PHG': 0, 'PR': 0, 'PIN': 0, 'ELEFANTE': 2, 'VICTORIA': 52, 'SEMILLA': 54, 'FCN-NACION': 3, 'PPN': 3, 'UR': 1, 'URNG-MAIZ WINAQ': 4, 'CREO': 1, 'BIEN': 11, 'VIVA': 15, 'MI FAMILIA': 1, 'CAMBIO': 2, 'VOS': 15}",1,37,262,0,Algún campo sin dato,1.Guatemala,8.Mixco,0285,presidente
3028,,"{'UNE': 12, 'AZUL': 2, 'VALOR UNIONISTA': 15, 'CABAL': 4, 'TODOS': 1, 'VAMOS': 3, 'PHG': 1, 'PR': 2, 'PIN': 1, 'ELEFANTE': 4, 'VICTORIA': 75, 'SEMILLA': 53, 'FCN-NACION': 0, 'PPN': 0, 'UR': 2, 'URNG-MAIZ WINAQ': 2, 'CREO': 2, 'BIEN': 5, 'VIVA': 20, 'MI FAMILIA': 5, 'CAMBIO': 1, 'VOS': 20}",3,25,258,0,Sumas Asentadas sin cuadrar,1.Guatemala,8.Mixco,0285,presidente
3029,,"{'UNE': 17, 'AZUL': 6, 'VALOR UNIONISTA': 22, 'CABAL': 6, 'TODOS': 1, 'VAMOS': 4, 'PHG': 0, 'PR': 1, 'PIN': 0, 'ELEFANTE': 2, 'VICTORIA': 42, 'SEMILLA': 54, 'FCN-NACION': 0, 'PPN': 3, 'UR': 3, 'URNG-MAIZ WINAQ': 3, 'CREO': 1, 'BIEN': 6, 'VIVA': 18, 'MI FAMILIA': 4, 'CAMBIO': 0, 'VOS': 27}",4,43,267,0,Algún campo sin dato,1.Guatemala,8.Mixco,0285,presidente
3030,,"{'UNE': 0, 'AZUL': 0, 'VALOR UNIONISTA': 0, 'CABAL': 0, 'TODOS': 0, 'VAMOS': 0, 'PHG': 0, 'PR': 0, 'PIN': 0, 'ELEFANTE': 0, 'VICTORIA': 0, 'SEMILLA': 0, 'FCN-NACION': 0, 'PPN': 0, 'UR': 0, 'URNG-MAIZ WINAQ': 0, 'CREO': 0, 'BIEN': 0, 'VIVA': 0, 'MI FAMILIA': 0, 'CAMBIO': 0, 'VOS': 0}",0,0,0,0,Acta ilegible,1.Guatemala,8.Mixco,0285,presidente
3031,,"{'UNE': 18, 'AZUL': 6, 'VALOR UNIONISTA': 21, 'CABAL': 8, 'TODOS': 1, 'VAMOS': 8, 'PHG': 0, 'PR': 2, 'PIN': 1, 'ELEFANTE': 2, 'VICTORIA': 41, 'SEMILLA': 47, 'FCN-NACION': 1, 'PPN': 1, 'UR': 6, 'URNG-MAIZ WINAQ': 5, 'CREO': 1, 'BIEN': 7, 'VIVA': 14, 'MI FAMILIA': 3, 'CAMBIO': 0, 'VOS': 17}",5,35,250,0,Algún campo sin dato,1.Guatemala,8.Mixco,0286,presidente
3032,,"{'UNE': 20, 'AZUL': 7, 'VALOR UNIONISTA': 19, 'CABAL': 11, 'TODOS': 1, 'VAMOS': 6, 'PHG': 3, 'PR': 4, 'PIN': 1, 'ELEFANTE': 4, 'VICTORIA': 48, 'SEMILLA': 41, 'FCN-NACION': 2, 'PPN': 1, 'UR': 3, 'URNG-MAIZ WINAQ': 4, 'CREO': 0, 'BIEN': 5, 'VIVA': 20, 'MI FAMILIA': 3, 'CAMBIO': 1, 'VOS': 15}",5,27,251,0,Algún campo sin dato,1.Guatemala,8.Mixco,0286,presidente
3033,,"{'UNE': 17, 'AZUL': 3, 'VALOR UNIONISTA': 14, 'CABAL': 6, 'TODOS': 0, 'VAMOS': 9, 'PHG': 0, 'PR': 3, 'PIN': 1, 'ELEFANTE': 4, 'VICTORIA': 58, 'SEMILLA': 46, 'FCN-NACION': 0, 'PPN': 1, 'UR': 3, 'URNG-MAIZ WINAQ': 1, 'CREO': 3, 'BIEN': 4, 'VIVA': 20, 'MI FAMILIA': 5, 'CAMBIO': 0, 'VOS': 16}",2,25,241,0,Algún campo sin dato,1.Guatemala,8.Mixco,0286,presidente
3034,,"{'UNE': 22, 'AZUL': 0, 'VALOR UNIONISTA': 16, 'CABAL': 7, 'TODOS': 0, 'VAMOS': 4, 'PHG': 1, 'PR': 2, 'PIN': 0, 'ELEFANTE': 2, 'VICTORIA': 51, 'SEMILLA': 75, 'FCN-NACION': 4, 'PPN': 1, 'UR': 1, 'URNG-MAIZ WINAQ': 2, 'CREO': 3, 'BIEN': 8, 'VIVA': 19, 'MI FAMILIA': 2, 'CAMBIO': 3, 'VOS': 19}",3,22,267,0,Algún campo sin dato,1.Guatemala,8.Mixco,0286,presidente
3035,,"{'UNE': 27, 'AZUL': 3, 'VALOR UNIONISTA': 13, 'CABAL': 4, 'TODOS': 2, 'VAMOS': 10, 'PHG': 2, 'PR': 3, 'PIN': 1, 'ELEFANTE': 1, 'VICTORIA': 52, 'SEMILLA': 36, 'FCN-NACION': 1, 'PPN': 1, 'UR': 4, 'URNG-MAIZ WINAQ': 2, 'CREO': 1, 'BIEN': 6, 'VIVA': 28, 'MI FAMILIA': 2, 'CAMBIO': 2, 'VOS': 15}",1,37,254,0,Algún campo sin dato,1.Guatemala,8.Mixco,0287,presidente
3036,,"{'UNE': 23, 'AZUL': 3, 'VALOR UNIONISTA': 18, 'CABAL': 5, 'TODOS': 0, 'VAMOS': 2, 'PHG': 0, 'PR': 1, 'PIN': 0, 'ELEFANTE': 0, 'VICTORIA': 50, 'SEMILLA': 37, 'FCN-NACION': 0, 'PPN': 0, 'UR': 2, 'URNG-MAIZ WINAQ': 7, 'CREO': 0, 'BIEN': 5, 'VIVA': 28, 'MI FAMILIA': 1, 'CAMBIO': 0, 'VOS': 20}",6,35,243,0,Sumas Asentadas sin cuadrar,1.Guatemala,8.Mixco,0287,presidente
3037,,"{'UNE': 28, 'AZUL': 3, 'VALOR UNIONISTA': 24, 'CABAL': 6, 'TODOS': 0, 'VAMOS': 12, 'PHG': 1, 'PR': 2, 'PIN': 0, 'ELEFANTE': 1, 'VICTORIA': 43, 'SEMILLA': 32, 'FCN-NACION': 1, 'PPN': 2, 'UR': 1, 'URNG-MAIZ WINAQ': 2, 'CREO': 2, 'BIEN': 8, 'VIVA': 21, 'MI FAMILIA': 4, 'CAMBIO': 1, 'VOS': 14}",4,22,234,0,Algún campo sin dato,1.Guatemala,8.Mixco,0287,presidente
3038,,"{'UNE': 20, 'AZUL': 3, 'VALOR UNIONISTA': 13, 'CABAL': 11, 'TODOS': 0, 'VAMOS': 4, 'PHG': 1, 'PR': 3, 'PIN': 0, 'ELEFANTE': 2, 'VICTORIA': 55, 'SEMILLA': 36, 'FCN-NACION': 0, 'PPN': 0, 'UR': 2, 'URNG-MAIZ WINAQ': 3, 'CREO': 7, 'BIEN': 6, 'VIVA': 8, 'MI FAMILIA': 6, 'CAMBIO': 2, 'VOS': 19}",4,29,234,0,Algún campo sin dato,1.Guatemala,8.Mixco,0287,presidente
3039,,"{'UNE': 17, 'AZUL': 3, 'VALOR UNIONISTA': 14, 'CABAL': 6, 'TODOS': 0, 'VAMOS': 6, 'PHG': 0, 'PR': 0, 'PIN': 0, 'ELEFANTE': 0, 'VICTORIA': 41, 'SEMILLA': 45, 'FCN-NACION': 0, 'PPN': 1, 'UR': 4, 'URNG-MAIZ WINAQ': 2, 'CREO': 0, 'BIEN': 11, 'VIVA': 22, 'MI FAMILIA': 1, 'CAMBIO': 3, 'VOS': 12}",6,26,220,0,Algún campo sin dato,1.Guatemala,8.Mixco,0287,presidente
3040,,"{'UNE': 27, 'AZUL': 3, 'VALOR UNIONISTA': 24, 'CABAL': 6, 'TODOS': 0, 'VAMOS': 4, 'PHG': 0, 'PR': 0, 'PIN': 0, 'ELEFANTE': 2, 'VICTORIA': 51, 'SEMILLA': 41, 'FCN-NACION': 1, 'PPN': 1, 'UR': 2, 'URNG-MAIZ WINAQ': 2, 'CREO': 2, 'BIEN': 5, 'VIVA': 22, 'MI FAMILIA': 1, 'CAMBIO': 1, 'VOS': 18}",2,17,232,0,Algún campo sin dato,1.Guatemala,8.Mixco,0287,presidente
3041,,"{'UNE': 12, 'AZUL': 2, 'VALOR UNIONISTA': 15, 'CABAL': 13, 'TODOS': 0, 'VAMOS': 5, 'PHG': 1, 'PR': 0, 'PIN': 0, 'ELEFANTE': 2, 'VICTORIA': 43, 'SEMILLA': 88, 'FCN-NACION': 1, 'PPN': 0, 'UR': 2, 'URNG-MAIZ WINAQ': 1, 'CREO': 0, 'BIEN': 9, 'VIVA': 6, 'MI FAMILIA': 1, 'CAMBIO': 0, 'VOS': 10}",2,23,236,0,Sumas Asentadas sin cuadrar,1.Guatemala,8.Mixco,0287,presidente
3042,,"{'UNE': 15, 'AZUL': 3, 'VALOR UNIONISTA': 14, 'CABAL': 3, 'TODOS': 0, 'VAMOS': 4, 'PHG': 2, 'PR': 2, 'PIN': 0, 'ELEFANTE': 2, 'VICTORIA': 36, 'SEMILLA': 90, 'FCN-NACION': 0, 'PPN': 2, 'UR': 4, 'URNG-MAIZ WINAQ': 0, 'CREO': 0, 'BIEN': 9, 'VIVA': 17, 'MI FAMILIA': 2, 'CAMBIO': 1, 'VOS': 16}",0,27,249,0,Algún campo sin dato,1.Guatemala,8.Mixco,0287,presidente
3043,,"{'UNE': 15, 'AZUL': 2, 'VALOR UNIONISTA': 10, 'CABAL': 5, 'TODOS': 0, 'VAMOS': 3, 'PHG': 0, 'PR': 0, 'PIN': 0, 'ELEFANTE': 4, 'VICTORIA': 29, 'SEMILLA': 113, 'FCN-NACION': 0, 'PPN': 1, 'UR': 4, 'URNG-MAIZ WINAQ': 1, 'CREO': 0, 'BIEN': 12, 'VIVA': 12, 'MI FAMILIA': 0, 'CAMBIO': 0, 'VOS': 21}",0,23,255,0,Algún campo sin dato,1.Guatemala,8.Mixco,0287,presidente
3044,,"{'UNE': 4, 'AZUL': 1, 'VALOR UNIONISTA': 13, 'CABAL': 4, 'TODOS': 1, 'VAMOS': 2, 'PHG': 0, 'PR': 2, 'PIN': 1, 'ELEFANTE': 3, 'VICTORIA': 39, 'SEMILLA': 122, 'FCN-NACION': 0, 'PPN': 0, 'UR': 0, 'URNG-MAIZ WINAQ': 3, 'CREO': 1, 'BIEN': 10, 'VIVA': 10, 'MI FAMILIA': 0, 'CAMBIO': 2, 'VOS': 15}",0,13,246,0,Algún campo sin dato,1.Guatemala,8.Mixco,0287,presidente
3045,,"{'UNE': 3, 'AZUL': 0, 'VALOR UNIONISTA': 11, 'CABAL': 11, 'TODOS': 1, 'VAMOS': 0, 'PHG': 0, 'PR': 1, 'PIN': 0, 'ELEFANTE': 0, 'VICTORIA': 39, 'SEMILLA': 106, 'FCN-NACION': 1, 'PPN': 1, 'UR': 3, 'URNG-MAIZ WINAQ': 3, 'CREO': 1, 'BIEN': 11, 'VIVA': 12, 'MI FAMILIA': 0, 'CAMBIO': 3, 'VOS': 12}",2,17,238,0,Algún campo sin dato,1.Guatemala,8.Mixco,0287,presidente
3046,,"{'UNE': 2, 'AZUL': 2, 'VALOR UNIONISTA': 14, 'CABAL': 2, 'TODOS': 0, 'VAMOS': 5, 'PHG': 1, 'PR': 1, 'PIN': 0, 'ELEFANTE': 3, 'VICTORIA': 40, 'SEMILLA': 74, 'FCN-NACION': 0, 'PPN': 0, 'UR': 0, 'URNG-MAIZ WINAQ': 1, 'CREO': 0, 'BIEN': 14, 'VIVA': 17, 'MI FAMILIA': 3, 'CAMBIO': 18, 'VOS': 0}",0,17,214,0,Algún campo sin dato,1.Guatemala,8.Mixco,0287,presidente
3047,,"{'UNE': 7, 'AZUL': 1, 'VALOR UNIONISTA': 11, 'CABAL': 10, 'TODOS': 0, 'VAMOS': 2, 'PHG': 0, 'PR': 3, 'PIN': 0, 'ELEFANTE': 2, 'VICTORIA': 30, 'SEMILLA': 59, 'FCN-NACION': 0, 'PPN': 0, 'UR': 3, 'URNG-MAIZ WINAQ': 2, 'CREO': 0, 'BIEN': 8, 'VIVA': 13, 'MI FAMILIA': 2, 'CAMBIO': 1, 'VOS': 12}",4,26,196,0,Algún campo sin dato,1.Guatemala,8.Mixco,0287,presidente
3048,,"{'UNE': 12, 'AZUL': 1, 'VALOR UNIONISTA': 11, 'CABAL': 6, 'TODOS': 1, 'VAMOS': 1, 'PHG': 0, 'PR': 1, 'PIN': 0, 'ELEFANTE': 4, 'VICTORIA': 26, 'SEMILLA': 77, 'FCN-NACION': 1, 'PPN': 1, 'UR': 3, 'URNG-MAIZ WINAQ': 4, 'CREO': 2, 'BIEN': 6, 'VIVA': 6, 'MI FAMILIA': 0, 'CAMBIO': 4, 'VOS': 12}",2,13,194,0,Algún campo sin dato,1.Guatemala,8.Mixco,0287,presidente
3049,,"{'UNE': 9, 'AZUL': 2, 'VALOR UNIONISTA': 8, 'CABAL': 3, 'TODOS': 0, 'VAMOS': 2, 'PHG': 1, 'PR': 0, 'PIN': 0, 'ELEFANTE': 1, 'VICTORIA': 25, 'SEMILLA': 60, 'FCN-NACION': 2, 'PPN': 1, 'UR': 2, 'URNG-MAIZ WINAQ': 0, 'CREO': 0, 'BIEN': 11, 'VIVA': 6, 'MI FAMILIA': 1, 'CAMBIO': 3, 'VOS': 10}",0,14,161,0,Algún campo sin dato,1.Guatemala,8.Mixco,0287,presidente
3050,,"{'UNE': 14, 'AZUL': 4, 'VALOR UNIONISTA': 14, 'CABAL': 13, 'TODOS': 0, 'VAMOS': 1, 'PHG': 1, 'PR': 2, 'PIN': 1, 'ELEFANTE': 4, 'VICTORIA': 53, 'SEMILLA': 41, 'FCN-NACION': 2, 'PPN': 1, 'UR': 10, 'URNG-MAIZ WINAQ': 4, 'CREO': 2, 'BIEN': 7, 'VIVA': 16, 'MI FAMILIA': 4, 'CAMBIO': 2, 'VOS': 19}",1,42,258,0,Algún campo sin dato,1.Guatemala,8.Mixco,0288,presidente
3051,,"{'UNE': 19, 'AZUL': 3, 'VALOR UNIONISTA': 23, 'CABAL': 11, 'TODOS': 0, 'VAMOS': 3, 'PHG': 0, 'PR': 3, 'PIN': 1, 'ELEFANTE': 11, 'VICTORIA': 43, 'SEMILLA': 46, 'FCN-NACION': 1, 'PPN': 1, 'UR': 3, 'URNG-MAIZ WINAQ': 2, 'CREO': 1, 'BIEN': 8, 'VIVA': 25, 'MI FAMILIA': 6, 'CAMBIO': 1, 'VOS': 14}",1,35,261,0,Algún campo sin dato,1.Guatemala,8.Mixco,0288,presidente
3052,,"{'UNE': 16, 'AZUL': 5, 'VALOR UNIONISTA': 26, 'CABAL': 7, 'TODOS': 1, 'VAMOS': 11, 'PHG': 1, 'PR': 2, 'PIN': 2, 'ELEFANTE': 13, 'VICTORIA': 43, 'SEMILLA': 49, 'FCN-NACION': 0, 'PPN': 1, 'UR': 7, 'URNG-MAIZ WINAQ': 2, 'CREO': 1, 'BIEN': 1, 'VIVA': 27, 'MI FAMILIA': 5, 'CAMBIO': 2, 'VOS': 15}",1,41,279,0,Algún campo sin dato,1.Guatemala,8.Mixco,0288,presidente
3053,,"{'UNE': 25, 'AZUL': 5, 'VALOR UNIONISTA': 22, 'CABAL': 9, 'TODOS': 0, 'VAMOS': 7, 'PHG': 1, 'PR': 2, 'PIN': 0, 'ELEFANTE': 7, 'VICTORIA': 37, 'SEMILLA': 41, 'FCN-NACION': 2, 'PPN': 3, 'UR': 4, 'URNG-MAIZ WINAQ': 3, 'CREO': 2, 'BIEN': 6, 'VIVA': 22, 'MI FAMILIA': 4, 'CAMBIO': 0, 'VOS': 18}",2,36,258,0,Algún campo sin dato,1.Guatemala,8.Mixco,0288,presidente
3054,,"{'UNE': 7, 'AZUL': 4, 'VALOR UNIONISTA': 22, 'CABAL': 7, 'TODOS': 3, 'VAMOS': 3, 'PHG': 0, 'PR': 2, 'PIN': 0, 'ELEFANTE': 6, 'VICTORIA': 34, 'SEMILLA': 62, 'FCN-NACION': 0, 'PPN': 1, 'UR': 2, 'URNG-MAIZ WINAQ': 6, 'CREO': 0, 'BIEN': 5, 'VIVA': 23, 'MI FAMILIA': 4, 'CAMBIO': 0, 'VOS': 13}",2,35,241,0,Algún campo sin dato,1.Guatemala,8.Mixco,0288,presidente
3055,,"{'UNE': 16, 'AZUL': 4, 'VALOR UNIONISTA': 22, 'CABAL': 12, 'TODOS': 1, 'VAMOS': 1, 'PHG': 1, 'PR': 2, 'PIN': 0, 'ELEFANTE': 6, 'VICTORIA': 30, 'SEMILLA': 51, 'FCN-NACION': 0, 'PPN': 0, 'UR': 4, 'URNG-MAIZ WINAQ': 2, 'CREO': 1, 'BIEN': 11, 'VIVA': 15, 'MI FAMILIA': 7, 'CAMBIO': 2, 'VOS': 23}",1,30,242,6,Algún campo sin dato,1.Guatemala,8.Mixco,0288,presidente
3056,,"{'UNE': 24, 'AZUL': 2, 'VALOR UNIONISTA': 10, 'CABAL': 8, 'TODOS': 1, 'VAMOS': 5, 'PHG': 0, 'PR': 3, 'PIN': 0, 'ELEFANTE': 4, 'VICTORIA': 42, 'SEMILLA': 52, 'FCN-NACION': 0, 'PPN': 3, 'UR': 6, 'URNG-MAIZ WINAQ': 2, 'CREO': 3, 'BIEN': 8, 'VIVA': 24, 'MI FAMILIA': 3, 'CAMBIO': 0, 'VOS': 17}",2,28,247,0,Algún campo sin dato,1.Guatemala,8.Mixco,0288,presidente
3057,,"{'UNE': 19, 'AZUL': 2, 'VALOR UNIONISTA': 14, 'CABAL': 9, 'TODOS': 0, 'VAMOS': 6, 'PHG': 0, 'PR': 2, 'PIN': 1, 'ELEFANTE': 5, 'VICTORIA': 49, 'SEMILLA': 48, 'FCN-NACION': 1, 'PPN': 0, 'UR': 3, 'URNG-MAIZ WINAQ': 2, 'CREO': 1, 'BIEN': 12, 'VIVA': 19, 'MI FAMILIA': 5, 'CAMBIO': 3, 'VOS': 11}",4,20,236,0,Algún campo sin dato,1.Guatemala,8.Mixco,0288,presidente
3058,,"{'UNE': 14, 'AZUL': 2, 'VALOR UNIONISTA': 18, 'CABAL': 9, 'TODOS': 2, 'VAMOS': 9, 'PHG': 0, 'PR': 4, 'PIN': 0, 'ELEFANTE': 6, 'VICTORIA': 40, 'SEMILLA': 58, 'FCN-NACION': 1, 'PPN': 1, 'UR': 1, 'URNG-MAIZ WINAQ': 7, 'CREO': 0, 'BIEN': 6, 'VIVA': 21, 'MI FAMILIA': 7, 'CAMBIO': 3, 'VOS': 21}",0,24,254,0,Algún campo sin dato,1.Guatemala,8.Mixco,0288,presidente
3059,,"{'UNE': 16, 'AZUL': 2, 'VALOR UNIONISTA': 13, 'CABAL': 10, 'TODOS': 0, 'VAMOS': 2, 'PHG': 0, 'PR': 1, 'PIN': 0, 'ELEFANTE': 11, 'VICTORIA': 48, 'SEMILLA': 46, 'FCN-NACION': 0, 'PPN': 0, 'UR': 3, 'URNG-MAIZ WINAQ': 2, 'CREO': 0, 'BIEN': 11, 'VIVA': 13, 'MI FAMILIA': 5, 'CAMBIO': 0, 'VOS': 10}",1,38,232,0,Algún campo sin dato,1.Guatemala,8.Mixco,0288,presidente
3060,,"{'UNE': 13, 'AZUL': 4, 'VALOR UNIONISTA': 24, 'CABAL': 11, 'TODOS': 1, 'VAMOS': 5, 'PHG': 0, 'PR': 4, 'PIN': 1, 'ELEFANTE': 2, 'VICTORIA': 45, 'SEMILLA': 39, 'FCN-NACION': 1, 'PPN': 3, 'UR': 1, 'URNG-MAIZ WINAQ': 2, 'CREO': 0, 'BIEN': 11, 'VIVA': 17, 'MI FAMILIA': 3, 'CAMBIO': 2, 'VOS': 11}",4,31,235,0,Algún campo sin dato,1.Guatemala,8.Mixco,0288,presidente
3061,,"{'UNE': 21, 'AZUL': 5, 'VALOR UNIONISTA': 18, 'CABAL': 4, 'TODOS': 1, 'VAMOS': 6, 'PHG': 0, 'PR': 2, 'PIN': 1, 'ELEFANTE': 8, 'VICTORIA': 50, 'SEMILLA': 41, 'FCN-NACION': 1, 'PPN': 0, 'UR': 5, 'URNG-MAIZ WINAQ': 2, 'CREO': 0, 'BIEN': 8, 'VIVA': 17, 'MI FAMILIA': 3, 'CAMBIO': 0, 'VOS': 15}",1,29,238,0,Algún campo sin dato,1.Guatemala,8.Mixco,0288,presidente
3062,,"{'UNE': 18, 'AZUL': 3, 'VALOR UNIONISTA': 14, 'CABAL': 10, 'TODOS': 1, 'VAMOS': 3, 'PHG': 0, 'PR': 1, 'PIN': 0, 'ELEFANTE': 5, 'VICTORIA': 52, 'SEMILLA': 42, 'FCN-NACION': 1, 'PPN': 0, 'UR': 0, 'URNG-MAIZ WINAQ': 31, 'CREO': 2, 'BIEN': 9, 'VIVA': 21, 'MI FAMILIA': 2, 'CAMBIO': 0, 'VOS': 10}",3,31,259,0,Sumas Asentadas sin cuadrar,1.Guatemala,8.Mixco,0288,presidente
3063,,"{'UNE': 13, 'AZUL': 4, 'VALOR UNIONISTA': 8, 'CABAL': 4, 'TODOS': 0, 'VAMOS': 2, 'PHG': 0, 'PR': 0, 'PIN': 0, 'ELEFANTE': 2, 'VICTORIA': 47, 'SEMILLA': 59, 'FCN-NACION': 1, 'PPN': 4, 'UR': 2, 'URNG-MAIZ WINAQ': 1, 'CREO': 3, 'BIEN': 10, 'VIVA': 19, 'MI FAMILIA': 2, 'CAMBIO': 0, 'VOS': 17}",2,27,227,0,Algún campo sin dato,1.Guatemala,8.Mixco,0288,presidente
3064,,"{'UNE': 9, 'AZUL': 2, 'VALOR UNIONISTA': 13, 'CABAL': 5, 'TODOS': 0, 'VAMOS': 4, 'PHG': 0, 'PR': 1, 'PIN': 0, 'ELEFANTE': 2, 'VICTORIA': 28, 'SEMILLA': 105, 'FCN-NACION': 1, 'PPN': 1, 'UR': 1, 'URNG-MAIZ WINAQ': 0, 'CREO': 0, 'BIEN': 9, 'VIVA': 12, 'MI FAMILIA': 2, 'CAMBIO': 2, 'VOS': 24}",0,22,243,0,Algún campo sin dato,1.Guatemala,8.Mixco,0288,presidente
3065,,"{'UNE': 3, 'AZUL': 0, 'VALOR UNIONISTA': 10, 'CABAL': 8, 'TODOS': 1, 'VAMOS': 0, 'PHG': 0, 'PR': 3, 'PIN': 1, 'ELEFANTE': 1, 'VICTORIA': 25, 'SEMILLA': 113, 'FCN-NACION': 1, 'PPN': 1, 'UR': 1, 'URNG-MAIZ WINAQ': 1, 'CREO': 1, 'BIEN': 9, 'VIVA': 7, 'MI FAMILIA': 2, 'CAMBIO': 0, 'VOS': 12}",0,13,213,0,Algún campo sin dato,1.Guatemala,8.Mixco,0289,presidente
3066,,"{'UNE': 5, 'AZUL': 2, 'VALOR UNIONISTA': 7, 'CABAL': 1, 'TODOS': 1, 'VAMOS': 2, 'PHG': 0, 'PR': 0, 'PIN': 0, 'ELEFANTE': 2, 'VICTORIA': 23, 'SEMILLA': 31, 'FCN-NACION': 0, 'PPN': 0, 'UR': 1, 'URNG-MAIZ WINAQ': 1, 'CREO': 0, 'BIEN': 5, 'VIVA': 2, 'MI FAMILIA': 0, 'CAMBIO': 0, 'VOS': 9}",2,5,99,0,Algún campo sin dato,1.Guatemala,8.Mixco,0289,presidente
3067,,"{'UNE': 3, 'AZUL': 0, 'VALOR UNIONISTA': 5, 'CABAL': 8, 'TODOS': 0, 'VAMOS': 1, 'PHG': 1, 'PR': 1, 'PIN': 0, 'ELEFANTE': 2, 'VICTORIA': 14, 'SEMILLA': 41, 'FCN-NACION': 0, 'PPN': 1, 'UR': 1, 'URNG-MAIZ WINAQ': 1, 'CREO': 1, 'BIEN': 2, 'VIVA': 7, 'MI FAMILIA': 2, 'CAMBIO': 0, 'VOS': 7}",0,8,106,0,Algún campo sin dato,1.Guatemala,8.Mixco,0289,presidente
3068,,"{'UNE': 5, 'AZUL': 6, 'VALOR UNIONISTA': 40, 'CABAL': 31, 'TODOS': 3, 'VAMOS': 6, 'PHG': 0, 'PR': 6, 'PIN': 0, 'ELEFANTE': 3, 'VICTORIA': 8, 'SEMILLA': 81, 'FCN-NACION': 1, 'PPN': 0, 'UR': 4, 'URNG-MAIZ WINAQ': 5, 'CREO': 4, 'BIEN': 13, 'VIVA': 17, 'MI FAMILIA': 3, 'CAMBIO': 0, 'VOS': 50}",1,73,360,0,Sumas Asentadas sin cuadrar,1.Guatemala,8.Mixco,0290,presidente
3069,,"{'UNE': 5, 'AZUL': 2, 'VALOR UNIONISTA': 43, 'CABAL': 24, 'TODOS': 2, 'VAMOS': 2, 'PHG': 0, 'PR': 5, 'PIN': 1, 'ELEFANTE': 8, 'VICTORIA': 12, 'SEMILLA': 77, 'FCN-NACION': 1, 'PPN': 0, 'UR': 3, 'URNG-MAIZ WINAQ': 2, 'CREO': 1, 'BIEN': 18, 'VIVA': 9, 'MI FAMILIA': 5, 'CAMBIO': 1, 'VOS': 37}",1,40,299,0,Algún campo sin dato,1.Guatemala,8.Mixco,0290,presidente
3070,,"{'UNE': 7, 'AZUL': 4, 'VALOR UNIONISTA': 46, 'CABAL': 18, 'TODOS': 2, 'VAMOS': 4, 'PHG': 1, 'PR': 4, 'PIN': 1, 'ELEFANTE': 6, 'VICTORIA': 15, 'SEMILLA': 85, 'FCN-NACION': 1, 'PPN': 0, 'UR': 3, 'URNG-MAIZ WINAQ': 1, 'CREO': 0, 'BIEN': 17, 'VIVA': 8, 'MI FAMILIA': 1, 'CAMBIO': 0, 'VOS': 45}",0,27,296,0,Algún campo sin dato,1.Guatemala,8.Mixco,0290,presidente
3071,,"{'UNE': 5, 'AZUL': 2, 'VALOR UNIONISTA': 37, 'CABAL': 21, 'TODOS': 2, 'VAMOS': 4, 'PHG': 0, 'PR': 3, 'PIN': 0, 'ELEFANTE': 4, 'VICTORIA': 10, 'SEMILLA': 85, 'FCN-NACION': 0, 'PPN': 1, 'UR': 0, 'URNG-MAIZ WINAQ': 1, 'CREO': 1, 'BIEN': 21, 'VIVA': 13, 'MI FAMILIA': 7, 'CAMBIO': 0, 'VOS': 37}",4,27,285,0,Algún campo sin dato,1.Guatemala,8.Mixco,0290,presidente
3072,,"{'UNE': 5, 'AZUL': 4, 'VALOR UNIONISTA': 45, 'CABAL': 24, 'TODOS': 1, 'VAMOS': 1, 'PHG': 1, 'PR': 1, 'PIN': 0, 'ELEFANTE': 5, 'VICTORIA': 13, 'SEMILLA': 103, 'FCN-NACION': 1, 'PPN': 0, 'UR': 3, 'URNG-MAIZ WINAQ': 3, 'CREO': 2, 'BIEN': 14, 'VIVA': 7, 'MI FAMILIA': 5, 'CAMBIO': 0, 'VOS': 39}",0,33,310,0,Algún campo sin dato,1.Guatemala,8.Mixco,0290,presidente
3073,,"{'UNE': 8, 'AZUL': 7, 'VALOR UNIONISTA': 39, 'CABAL': 20, 'TODOS': 3, 'VAMOS': 3, 'PHG': 0, 'PR': 8, 'PIN': 0, 'ELEFANTE': 6, 'VICTORIA': 9, 'SEMILLA': 70, 'FCN-NACION': 3, 'PPN': 0, 'UR': 1, 'URNG-MAIZ WINAQ': 3, 'CREO': 1, 'BIEN': 21, 'VIVA': 9, 'MI FAMILIA': 5, 'CAMBIO': 3, 'VOS': 36}",0,22,277,0,Algún campo sin dato,1.Guatemala,8.Mixco,0290,presidente
3074,,"{'UNE': 7, 'AZUL': 9, 'VALOR UNIONISTA': 38, 'CABAL': 28, 'TODOS': 0, 'VAMOS': 1, 'PHG': 0, 'PR': 0, 'PIN': 0, 'ELEFANTE': 3, 'VICTORIA': 8, 'SEMILLA': 78, 'FCN-NACION': 1, 'PPN': 0, 'UR': 5, 'URNG-MAIZ WINAQ': 1, 'CREO': 1, 'BIEN': 21, 'VIVA': 8, 'MI FAMILIA': 8, 'CAMBIO': 0, 'VOS': 36}",0,31,284,0,Algún campo sin dato,1.Guatemala,8.Mixco,0290,presidente
3075,,"{'UNE': 8, 'AZUL': 3, 'VALOR UNIONISTA': 35, 'CABAL': 22, 'TODOS': 1, 'VAMOS': 2, 'PHG': 0, 'PR': 4, 'PIN': 2, 'ELEFANTE': 3, 'VICTORIA': 14, 'SEMILLA': 85, 'FCN-NACION': 1, 'PPN': 1, 'UR': 1, 'URNG-MAIZ WINAQ': 3, 'CREO': 0, 'BIEN': 18, 'VIVA': 6, 'MI FAMILIA': 6, 'CAMBIO': 0, 'VOS': 37}",1,33,286,0,Sumas Asentadas sin cuadrar,1.Guatemala,8.Mixco,0290,presidente
3076,,"{'UNE': 8, 'AZUL': 6, 'VALOR UNIONISTA': 36, 'CABAL': 17, 'TODOS': 1, 'VAMOS': 3, 'PHG': 0, 'PR': 1, 'PIN': 1, 'ELEFANTE': 4, 'VICTORIA': 11, 'SEMILLA': 97, 'FCN-NACION': 1, 'PPN': 0, 'UR': 5, 'URNG-MAIZ WINAQ': 2, 'CREO': 0, 'BIEN': 15, 'VIVA': 7, 'MI FAMILIA': 4, 'CAMBIO': 0, 'VOS': 33}",1,25,278,0,Algún campo sin dato,1.Guatemala,8.Mixco,0290,presidente
3077,,"{'UNE': 1, 'AZUL': 2, 'VALOR UNIONISTA': 29, 'CABAL': 11, 'TODOS': 2, 'VAMOS': 5, 'PHG': 1, 'PR': 1, 'PIN': 1, 'ELEFANTE': 5, 'VICTORIA': 7, 'SEMILLA': 110, 'FCN-NACION': 0, 'PPN': 2, 'UR': 2, 'URNG-MAIZ WINAQ': 1, 'CREO': 0, 'BIEN': 9, 'VIVA': 10, 'MI FAMILIA': 1, 'CAMBIO': 2, 'VOS': 28}",0,43,273,0,Algún campo sin dato,1.Guatemala,8.Mixco,0290,presidente
3078,,"{'UNE': 2, 'AZUL': 1, 'VALOR UNIONISTA': 17, 'CABAL': 6, 'TODOS': 3, 'VAMOS': 1, 'PHG': 0, 'PR': 0, 'PIN': 0, 'ELEFANTE': 2, 'VICTORIA': 5, 'SEMILLA': 123, 'FCN-NACION': 1, 'PPN': 1, 'UR': 0, 'URNG-MAIZ WINAQ': 1, 'CREO': 0, 'BIEN': 12, 'VIVA': 6, 'MI FAMILIA': 0, 'CAMBIO': 2, 'VOS': 20}",0,9,212,6,Algún campo sin dato,1.Guatemala,8.Mixco,0290,presidente
3079,,"{'UNE': 5, 'AZUL': 0, 'VALOR UNIONISTA': 22, 'CABAL': 4, 'TODOS': 1, 'VAMOS': 0, 'PHG': 0, 'PR': 1, 'PIN': 3, 'ELEFANTE': 0, 'VICTORIA': 4, 'SEMILLA': 102, 'FCN-NACION': 1, 'PPN': 0, 'UR': 0, 'URNG-MAIZ WINAQ': 0, 'CREO': 0, 'BIEN': 6, 'VIVA': 3, 'MI FAMILIA': 1, 'CAMBIO': 1, 'VOS': 11}",1,7,173,0,Algún campo sin dato,1.Guatemala,8.Mixco,0290,presidente
3080,,"{'UNE': 31, 'AZUL': 2, 'VALOR UNIONISTA': 17, 'CABAL': 10, 'TODOS': 0, 'VAMOS': 4, 'PHG': 0, 'PR': 2, 'PIN': 0, 'ELEFANTE': 2, 'VICTORIA': 56, 'SEMILLA': 32, 'FCN-NACION': 0, 'PPN': 2, 'UR': 2, 'URNG-MAIZ WINAQ': 2, 'CREO': 0, 'BIEN': 5, 'VIVA': 31, 'MI FAMILIA': 5, 'CAMBIO': 0, 'VOS': 10}",4,30,247,0,Algún campo sin dato,1.Guatemala,8.Mixco,0291,presidente
3081,,"{'UNE': 28, 'AZUL': 2, 'VALOR UNIONISTA': 23, 'CABAL': 12, 'TODOS': 1, 'VAMOS': 7, 'PHG': 1, 'PR': 2, 'PIN': 0, 'ELEFANTE': 3, 'VICTORIA': 43, 'SEMILLA': 29, 'FCN-NACION': 2, 'PPN': 4, 'UR': 2, 'URNG-MAIZ WINAQ': 4, 'CREO': 2, 'BIEN': 5, 'VIVA': 33, 'MI FAMILIA': 2, 'CAMBIO': 1, 'VOS': 15}",2,32,255,10,Algún campo sin dato,1.Guatemala,8.Mixco,0291,presidente
3082,,"{'UNE': 20, 'AZUL': 3, 'VALOR UNIONISTA': 25, 'CABAL': 10, 'TODOS': 0, 'VAMOS': 6, 'PHG': 0, 'PR': 0, 'PIN': 0, 'ELEFANTE': 3, 'VICTORIA': 47, 'SEMILLA': 34, 'FCN-NACION': 1, 'PPN': 1, 'UR': 5, 'URNG-MAIZ WINAQ': 4, 'CREO': 1, 'BIEN': 3, 'VIVA': 29, 'MI FAMILIA': 5, 'CAMBIO': 1, 'VOS': 22}",7,26,253,7,Algún campo sin dato,1.Guatemala,8.Mixco,0291,presidente
3083,,"{'UNE': 20, 'AZUL': 4, 'VALOR UNIONISTA': 14, 'CABAL': 7, 'TODOS': 0, 'VAMOS': 4, 'PHG': 0, 'PR': 0, 'PIN': 1, 'ELEFANTE': 3, 'VICTORIA': 41, 'SEMILLA': 48, 'FCN-NACION': 1, 'PPN': 2, 'UR': 3, 'URNG-MAIZ WINAQ': 4, 'CREO': 1, 'BIEN': 3, 'VIVA': 30, 'MI FAMILIA': 5, 'CAMBIO': 1, 'VOS': 8}",1,30,231,0,Algún campo sin dato,1.Guatemala,8.Mixco,0291,presidente
3084,,"{'UNE': 22, 'AZUL': 2, 'VALOR UNIONISTA': 15, 'CABAL': 10, 'TODOS': 0, 'VAMOS': 4, 'PHG': 0, 'PR': 1, 'PIN': 0, 'ELEFANTE': 1, 'VICTORIA': 52, 'SEMILLA': 33, 'FCN-NACION': 1, 'PPN': 1, 'UR': 1, 'URNG-MAIZ WINAQ': 3, 'CREO': 0, 'BIEN': 3, 'VIVA': 27, 'MI FAMILIA': 9, 'CAMBIO': 1, 'VOS': 14}",8,28,236,0,Algún campo sin dato,1.Guatemala,8.Mixco,0291,presidente
3085,,"{'UNE': 28, 'AZUL': 2, 'VALOR UNIONISTA': 17, 'CABAL': 10, 'TODOS': 0, 'VAMOS': 1, 'PHG': 0, 'PR': 0, 'PIN': 1, 'ELEFANTE': 4, 'VICTORIA': 36, 'SEMILLA': 33, 'FCN-NACION': 1, 'PPN': 0, 'UR': 5, 'URNG-MAIZ WINAQ': 4, 'CREO': 1, 'BIEN': 8, 'VIVA': 16, 'MI FAMILIA': 7, 'CAMBIO': 0, 'VOS': 20}",2,30,226,0,Algún campo sin dato,1.Guatemala,8.Mixco,0291,presidente
3086,,"{'UNE': 33, 'AZUL': 0, 'VALOR UNIONISTA': 18, 'CABAL': 8, 'TODOS': 1, 'VAMOS': 4, 'PHG': 0, 'PR': 0, 'PIN': 0, 'ELEFANTE': 1, 'VICTORIA': 44, 'SEMILLA': 28, 'FCN-NACION': 0, 'PPN': 2, 'UR': 0, 'URNG-MAIZ WINAQ': 5, 'CREO': 1, 'BIEN': 4, 'VIVA': 22, 'MI FAMILIA': 4, 'CAMBIO': 2, 'VOS': 11}",6,37,231,0,Algún campo sin dato,1.Guatemala,8.Mixco,0291,presidente
3087,,"{'UNE': 28, 'AZUL': 2, 'VALOR UNIONISTA': 13, 'CABAL': 6, 'TODOS': 0, 'VAMOS': 3, 'PHG': 0, 'PR': 0, 'PIN': 0, 'ELEFANTE': 2, 'VICTORIA': 55, 'SEMILLA': 30, 'FCN-NACION': 3, 'PPN': 3, 'UR': 2, 'URNG-MAIZ WINAQ': 1, 'CREO': 2, 'BIEN': 4, 'VIVA': 28, 'MI FAMILIA': 3, 'CAMBIO': 0, 'VOS': 9}",6,48,248,0,Algún campo sin dato,1.Guatemala,8.Mixco,0291,presidente
3088,,"{'UNE': 28, 'AZUL': 2, 'VALOR UNIONISTA': 12, 'CABAL': 6, 'TODOS': 0, 'VAMOS': 4, 'PHG': 1, 'PR': 1, 'PIN': 0, 'ELEFANTE': 7, 'VICTORIA': 35, 'SEMILLA': 30, 'FCN-NACION': 0, 'PPN': 2, 'UR': 6, 'URNG-MAIZ WINAQ': 3, 'CREO': 1, 'BIEN': 3, 'VIVA': 29, 'MI FAMILIA': 8, 'CAMBIO': 1, 'VOS': 6}",7,26,218,0,Algún campo sin dato,1.Guatemala,8.Mixco,0291,presidente
3089,,"{'UNE': 22, 'AZUL': 4, 'VALOR UNIONISTA': 13, 'CABAL': 7, 'TODOS': 0, 'VAMOS': 3, 'PHG': 1, 'PR': 3, 'PIN': 2, 'ELEFANTE': 2, 'VICTORIA': 53, 'SEMILLA': 24, 'FCN-NACION': 0, 'PPN': 1, 'UR': 2, 'URNG-MAIZ WINAQ': 4, 'CREO': 2, 'BIEN': 6, 'VIVA': 19, 'MI FAMILIA': 4, 'CAMBIO': 1, 'VOS': 8}",3,27,211,0,Algún campo sin dato,1.Guatemala,8.Mixco,0291,presidente
3090,,"{'UNE': 29, 'AZUL': 2, 'VALOR UNIONISTA': 11, 'CABAL': 5, 'TODOS': 2, 'VAMOS': 7, 'PHG': 1, 'PR': 2, 'PIN': 0, 'ELEFANTE': 0, 'VICTORIA': 52, 'SEMILLA': 26, 'FCN-NACION': 2, 'PPN': 1, 'UR': 1, 'URNG-MAIZ WINAQ': 5, 'CREO': 1, 'BIEN': 2, 'VIVA': 27, 'MI FAMILIA': 3, 'CAMBIO': 2, 'VOS': 8}",7,32,228,0,Algún campo sin dato,1.Guatemala,8.Mixco,0291,presidente
3091,,"{'UNE': 32, 'AZUL': 0, 'VALOR UNIONISTA': 17, 'CABAL': 11, 'TODOS': 2, 'VAMOS': 5, 'PHG': 4, 'PR': 0, 'PIN': 0, 'ELEFANTE': 1, 'VICTORIA': 44, 'SEMILLA': 28, 'FCN-NACION': 1, 'PPN': 0, 'UR': 1, 'URNG-MAIZ WINAQ': 3, 'CREO': 0, 'BIEN': 4, 'VIVA': 16, 'MI FAMILIA': 2, 'CAMBIO': 0, 'VOS': 13}",4,16,204,15,Algún campo sin dato,1.Guatemala,8.Mixco,0291,presidente
3092,,"{'UNE': 14, 'AZUL': 3, 'VALOR UNIONISTA': 11, 'CABAL': 10, 'TODOS': 0, 'VAMOS': 5, 'PHG': 0, 'PR': 2, 'PIN': 0, 'ELEFANTE': 0, 'VICTORIA': 36, 'SEMILLA': 49, 'FCN-NACION': 2, 'PPN': 0, 'UR': 0, 'URNG-MAIZ WINAQ': 4, 'CREO': 1, 'BIEN': 10, 'VIVA': 24, 'MI FAMILIA': 2, 'CAMBIO': 0, 'VOS': 9}",1,25,208,0,Algún campo sin dato,1.Guatemala,8.Mixco,0291,presidente
3093,,"{'UNE': 8, 'AZUL': 3, 'VALOR UNIONISTA': 4, 'CABAL': 3, 'TODOS': 1, 'VAMOS': 7, 'PHG': 1, 'PR': 0, 'PIN': 0, 'ELEFANTE': 0, 'VICTORIA': 38, 'SEMILLA': 83, 'FCN-NACION': 0, 'PPN': 0, 'UR': 3, 'URNG-MAIZ WINAQ': 1, 'CREO': 0, 'BIEN': 5, 'VIVA': 16, 'MI FAMILIA': 5, 'CAMBIO': 4, 'VOS': 13}",1,29,225,0,Algún campo sin dato,1.Guatemala,8.Mixco,0291,presidente
3094,,"{'UNE': 9, 'AZUL': 0, 'VALOR UNIONISTA': 8, 'CABAL': 7, 'TODOS': 0, 'VAMOS': 0, 'PHG': 0, 'PR': 0, 'PIN': 0, 'ELEFANTE': 0, 'VICTORIA': 30, 'SEMILLA': 73, 'FCN-NACION': 3, 'PPN': 3, 'UR': 2, 'URNG-MAIZ WINAQ': 4, 'CREO': 1, 'BIEN': 5, 'VIVA': 16, 'MI FAMILIA': 2, 'CAMBIO': 3, 'VOS': 8}",0,28,202,0,Algún campo sin dato,1.Guatemala,8.Mixco,0291,presidente
3095,,"{'UNE': 12, 'AZUL': 0, 'VALOR UNIONISTA': 10, 'CABAL': 1, 'TODOS': 0, 'VAMOS': 0, 'PHG': 0, 'PR': 0, 'PIN': 0, 'ELEFANTE': 2, 'VICTORIA': 11, 'SEMILLA': 34, 'FCN-NACION': 0, 'PPN': 1, 'UR': 1, 'URNG-MAIZ WINAQ': 2, 'CREO': 1, 'BIEN': 2, 'VIVA': 9, 'MI FAMILIA': 0, 'CAMBIO': 0, 'VOS': 10}",2,17,115,0,Algún campo sin dato,1.Guatemala,8.Mixco,0291,presidente
3096,,"{'UNE': 10, 'AZUL': 0, 'VALOR UNIONISTA': 8, 'CABAL': 5, 'TODOS': 0, 'VAMOS': 3, 'PHG': 1, 'PR': 1, 'PIN': 0, 'ELEFANTE': 2, 'VICTORIA': 13, 'SEMILLA': 34, 'FCN-NACION': 1, 'PPN': 0, 'UR': 1, 'URNG-MAIZ WINAQ': 1, 'CREO': 0, 'BIEN': 4, 'VIVA': 5, 'MI FAMILIA': 4, 'CAMBIO': 1, 'VOS': 3}",1,12,110,0,Algún campo sin dato,1.Guatemala,8.Mixco,0291,presidente
3097,,"{'UNE': 19, 'AZUL': 2, 'VALOR UNIONISTA': 24, 'CABAL': 8, 'TODOS': 0, 'VAMOS': 6, 'PHG': 1, 'PR': 4, 'PIN': 1, 'ELEFANTE': 2, 'VICTORIA': 38, 'SEMILLA': 58, 'FCN-NACION': 0, 'PPN': 0, 'UR': 5, 'URNG-MAIZ WINAQ': 7, 'CREO': 2, 'BIEN': 17, 'VIVA': 22, 'MI FAMILIA': 8, 'CAMBIO': 2, 'VOS': 18}",1,31,276,0,Algún campo sin dato,1.Guatemala,8.Mixco,0292,presidente
3098,,"{'UNE': 23, 'AZUL': 3, 'VALOR UNIONISTA': 24, 'CABAL': 12, 'TODOS': 0, 'VAMOS': 8, 'PHG': 0, 'PR': 5, 'PIN': 0, 'ELEFANTE': 4, 'VICTORIA': 40, 'SEMILLA': 49, 'FCN-NACION': 1, 'PPN': 5, 'UR': 3, 'URNG-MAIZ WINAQ': 6, 'CREO': 0, 'BIEN': 9, 'VIVA': 7, 'MI FAMILIA': 5, 'CAMBIO': 1, 'VOS': 27}",2,36,270,0,Algún campo sin dato,1.Guatemala,8.Mixco,0292,presidente
3099,,"{'UNE': 17, 'AZUL': 6, 'VALOR UNIONISTA': 22, 'CABAL': 13, 'TODOS': 1, 'VAMOS': 7, 'PHG': 0, 'PR': 3, 'PIN': 2, 'ELEFANTE': 5, 'VICTORIA': 32, 'SEMILLA': 49, 'FCN-NACION': 1, 'PPN': 0, 'UR': 5, 'URNG-MAIZ WINAQ': 7, 'CREO': 1, 'BIEN': 12, 'VIVA': 20, 'MI FAMILIA': 3, 'CAMBIO': 0, 'VOS': 22}",1,31,260,6,Algún campo sin dato,1.Guatemala,8.Mixco,0292,presidente
3100,,"{'UNE': 13, 'AZUL': 5, 'VALOR UNIONISTA': 26, 'CABAL': 11, 'TODOS': 2, 'VAMOS': 3, 'PHG': 2, 'PR': 4, 'PIN': 1, 'ELEFANTE': 7, 'VICTORIA': 32, 'SEMILLA': 58, 'FCN-NACION': 6, 'PPN': 0, 'UR': 2, 'URNG-MAIZ WINAQ': 6, 'CREO': 2, 'BIEN': 14, 'VIVA': 17, 'MI FAMILIA': 7, 'CAMBIO': 1, 'VOS': 14}",2,22,257,0,Algún campo sin dato,1.Guatemala,8.Mixco,0292,presidente
3101,,"{'UNE': 19, 'AZUL': 1, 'VALOR UNIONISTA': 27, 'CABAL': 10, 'TODOS': 2, 'VAMOS': 5, 'PHG': 0, 'PR': 0, 'PIN': 0, 'ELEFANTE': 4, 'VICTORIA': 43, 'SEMILLA': 53, 'FCN-NACION': 1, 'PPN': 0, 'UR': 4, 'URNG-MAIZ WINAQ': 2, 'CREO': 1, 'BIEN': 8, 'VIVA': 24, 'MI FAMILIA': 4, 'CAMBIO': 1, 'VOS': 15}",6,36,266,134,,1.Guatemala,8.Mixco,0292,presidente
3102,,"{'UNE': 15, 'AZUL': 5, 'VALOR UNIONISTA': 31, 'CABAL': 12, 'TODOS': 1, 'VAMOS': 2, 'PHG': 2, 'PR': 3, 'PIN': 0, 'ELEFANTE': 2, 'VICTORIA': 40, 'SEMILLA': 44, 'FCN-NACION': 0, 'PPN': 1, 'UR': 3, 'URNG-MAIZ WINAQ': 5, 'CREO': 1, 'BIEN': 11, 'VIVA': 11, 'MI FAMILIA': 3, 'CAMBIO': 1, 'VOS': 19}",2,37,251,0,Algún campo sin dato,1.Guatemala,8.Mixco,0292,presidente
3103,,"{'UNE': 6, 'AZUL': 7, 'VALOR UNIONISTA': 0, 'CABAL': 6, 'TODOS': 0, 'VAMOS': 5, 'PHG': 0, 'PR': 1, 'PIN': 0, 'ELEFANTE': 2, 'VICTORIA': 28, 'SEMILLA': 82, 'FCN-NACION': 1, 'PPN': 0, 'UR': 3, 'URNG-MAIZ WINAQ': 4, 'CREO': 1, 'BIEN': 10, 'VIVA': 12, 'MI FAMILIA': 2, 'CAMBIO': 0, 'VOS': 23}",0,12,205,10,Sumas Asentadas sin cuadrar,1.Guatemala,8.Mixco,0292,presidente
3104,,"{'UNE': 5, 'AZUL': 5, 'VALOR UNIONISTA': 34, 'CABAL': 13, 'TODOS': 1, 'VAMOS': 1, 'PHG': 0, 'PR': 1, 'PIN': 1, 'ELEFANTE': 2, 'VICTORIA': 15, 'SEMILLA': 67, 'FCN-NACION': 0, 'PPN': 1, 'UR': 2, 'URNG-MAIZ WINAQ': 2, 'CREO': 2, 'BIEN': 13, 'VIVA': 16, 'MI FAMILIA': 5, 'CAMBIO': 1, 'VOS': 30}",0,29,246,0,Algún campo sin dato,1.Guatemala,8.Mixco,0292,presidente
3105,,"{'UNE': 19, 'AZUL': 3, 'VALOR UNIONISTA': 27, 'CABAL': 9, 'TODOS': 0, 'VAMOS': 3, 'PHG': 0, 'PR': 2, 'PIN': 0, 'ELEFANTE': 5, 'VICTORIA': 41, 'SEMILLA': 51, 'FCN-NACION': 0, 'PPN': 1, 'UR': 1, 'URNG-MAIZ WINAQ': 4, 'CREO': 1, 'BIEN': 11, 'VIVA': 13, 'MI FAMILIA': 5, 'CAMBIO': 2, 'VOS': 29}",1,32,260,0,Algún campo sin dato,1.Guatemala,8.Mixco,0292,presidente
3106,,"{'UNE': 8, 'AZUL': 6, 'VALOR UNIONISTA': 22, 'CABAL': 12, 'TODOS': 3, 'VAMOS': 5, 'PHG': 0, 'PR': 0, 'PIN': 1, 'ELEFANTE': 6, 'VICTORIA': 28, 'SEMILLA': 67, 'FCN-NACION': 0, 'PPN': 0, 'UR': 6, 'URNG-MAIZ WINAQ': 2, 'CREO': 2, 'BIEN': 11, 'VIVA': 21, 'MI FAMILIA': 5, 'CAMBIO': 0, 'VOS': 26}",0,36,267,1,Algún campo sin dato,1.Guatemala,8.Mixco,0292,presidente
3107,,"{'UNE': 18, 'AZUL': 5, 'VALOR UNIONISTA': 19, 'CABAL': 8, 'TODOS': 0, 'VAMOS': 4, 'PHG': 0, 'PR': 0, 'PIN': 0, 'ELEFANTE': 0, 'VICTORIA': 34, 'SEMILLA': 65, 'FCN-NACION': 1, 'PPN': 1, 'UR': 4, 'URNG-MAIZ WINAQ': 1, 'CREO': 4, 'BIEN': 14, 'VIVA': 18, 'MI FAMILIA': 1, 'CAMBIO': 1, 'VOS': 33}",0,19,250,0,Algún campo sin dato,1.Guatemala,8.Mixco,0292,presidente
3108,,"{'UNE': 17, 'AZUL': 5, 'VALOR UNIONISTA': 19, 'CABAL': 6, 'TODOS': 1, 'VAMOS': 4, 'PHG': 0, 'PR': 4, 'PIN': 0, 'ELEFANTE': 3, 'VICTORIA': 44, 'SEMILLA': 62, 'FCN-NACION': 1, 'PPN': 3, 'UR': 1, 'URNG-MAIZ WINAQ': 3, 'CREO': 0, 'BIEN': 9, 'VIVA': 11, 'MI FAMILIA': 4, 'CAMBIO': 0, 'VOS': 15}",5,25,242,0,Algún campo sin dato,1.Guatemala,8.Mixco,0292,presidente
3109,,"{'UNE': 12, 'AZUL': 4, 'VALOR UNIONISTA': 19, 'CABAL': 10, 'TODOS': 0, 'VAMOS': 6, 'PHG': 0, 'PR': 4, 'PIN': 2, 'ELEFANTE': 3, 'VICTORIA': 38, 'SEMILLA': 51, 'FCN-NACION': 3, 'PPN': 0, 'UR': 6, 'URNG-MAIZ WINAQ': 11, 'CREO': 2, 'BIEN': 9, 'VIVA': 13, 'MI FAMILIA': 5, 'CAMBIO': 0, 'VOS': 30}",4,20,252,0,Algún campo sin dato,1.Guatemala,8.Mixco,0292,presidente
3110,,"{'UNE': 12, 'AZUL': 3, 'VALOR UNIONISTA': 23, 'CABAL': 14, 'TODOS': 1, 'VAMOS': 4, 'PHG': 0, 'PR': 2, 'PIN': 1, 'ELEFANTE': 3, 'VICTORIA': 40, 'SEMILLA': 62, 'FCN-NACION': 3, 'PPN': 2, 'UR': 3, 'URNG-MAIZ WINAQ': 7, 'CREO': 3, 'BIEN': 11, 'VIVA': 15, 'MI FAMILIA': 4, 'CAMBIO': 1, 'VOS': 17}",2,26,259,1,,1.Guatemala,8.Mixco,0292,presidente
3111,,"{'UNE': 12, 'AZUL': 5, 'VALOR UNIONISTA': 16, 'CABAL': 11, 'TODOS': 0, 'VAMOS': 2, 'PHG': 0, 'PR': 3, 'PIN': 0, 'ELEFANTE': 4, 'VICTORIA': 31, 'SEMILLA': 66, 'FCN-NACION': 3, 'PPN': 1, 'UR': 2, 'URNG-MAIZ WINAQ': 4, 'CREO': 1, 'BIEN': 10, 'VIVA': 22, 'MI FAMILIA': 1, 'CAMBIO': 0, 'VOS': 18}",2,34,248,1,Algún campo sin dato,1.Guatemala,8.Mixco,0292,presidente
3112,,"{'UNE': 22, 'AZUL': 2, 'VALOR UNIONISTA': 19, 'CABAL': 6, 'TODOS': 0, 'VAMOS': 5, 'PHG': 0, 'PR': 1, 'PIN': 0, 'ELEFANTE': 5, 'VICTORIA': 29, 'SEMILLA': 63, 'FCN-NACION': 1, 'PPN': 0, 'UR': 3, 'URNG-MAIZ WINAQ': 7, 'CREO': 11, 'BIEN': 9, 'VIVA': 15, 'MI FAMILIA': 4, 'CAMBIO': 0, 'VOS': 18}",6,33,259,0,Sumas Asentadas sin cuadrar,1.Guatemala,8.Mixco,0293,presidente
3113,,"{'UNE': 19, 'AZUL': 2, 'VALOR UNIONISTA': 22, 'CABAL': 8, 'TODOS': 0, 'VAMOS': 3, 'PHG': 0, 'PR': 5, 'PIN': 0, 'ELEFANTE': 4, 'VICTORIA': 31, 'SEMILLA': 58, 'FCN-NACION': 1, 'PPN': 1, 'UR': 6, 'URNG-MAIZ WINAQ': 6, 'CREO': 1, 'BIEN': 5, 'VIVA': 18, 'MI FAMILIA': 4, 'CAMBIO': 0, 'VOS': 15}",1,31,241,0,Algún campo sin dato,1.Guatemala,8.Mixco,0293,presidente
3114,,"{'UNE': 19, 'AZUL': 4, 'VALOR UNIONISTA': 28, 'CABAL': 9, 'TODOS': 0, 'VAMOS': 1, 'PHG': 0, 'PR': 3, 'PIN': 0, 'ELEFANTE': 1, 'VICTORIA': 27, 'SEMILLA': 51, 'FCN-NACION': 0, 'PPN': 0, 'UR': 3, 'URNG-MAIZ WINAQ': 5, 'CREO': 0, 'BIEN': 12, 'VIVA': 9, 'MI FAMILIA': 3, 'CAMBIO': 1, 'VOS': 17}",3,34,230,0,Algún campo sin dato,1.Guatemala,8.Mixco,0293,presidente
3115,,"{'UNE': 21, 'AZUL': 6, 'VALOR UNIONISTA': 28, 'CABAL': 15, 'TODOS': 1, 'VAMOS': 3, 'PHG': 0, 'PR': 0, 'PIN': 2, 'ELEFANTE': 2, 'VICTORIA': 47, 'SEMILLA': 53, 'FCN-NACION': 0, 'PPN': 0, 'UR': 4, 'URNG-MAIZ WINAQ': 3, 'CREO': 1, 'BIEN': 7, 'VIVA': 15, 'MI FAMILIA': 5, 'CAMBIO': 0, 'VOS': 10}",2,28,253,0,Algún campo sin dato,1.Guatemala,8.Mixco,0293,presidente
3116,,"{'UNE': 14, 'AZUL': 3, 'VALOR UNIONISTA': 12, 'CABAL': 12, 'TODOS': 2, 'VAMOS': 6, 'PHG': 0, 'PR': 5, 'PIN': 0, 'ELEFANTE': 1, 'VICTORIA': 36, 'SEMILLA': 41, 'FCN-NACION': 0, 'PPN': 1, 'UR': 3, 'URNG-MAIZ WINAQ': 4, 'CREO': 0, 'BIEN': 9, 'VIVA': 7, 'MI FAMILIA': 7, 'CAMBIO': 0, 'VOS': 21}",1,31,216,0,Algún campo sin dato,1.Guatemala,8.Mixco,0293,presidente
3117,,"{'UNE': 17, 'AZUL': 5, 'VALOR UNIONISTA': 23, 'CABAL': 10, 'TODOS': 0, 'VAMOS': 6, 'PHG': 0, 'PR': 2, 'PIN': 0, 'ELEFANTE': 4, 'VICTORIA': 22, 'SEMILLA': 56, 'FCN-NACION': 0, 'PPN': 1, 'UR': 6, 'URNG-MAIZ WINAQ': 3, 'CREO': 0, 'BIEN': 6, 'VIVA': 12, 'MI FAMILIA': 5, 'CAMBIO': 0, 'VOS': 14}",6,30,228,0,Algún campo sin dato,1.Guatemala,8.Mixco,0293,presidente
3118,,"{'UNE': 13, 'AZUL': 1, 'VALOR UNIONISTA': 9, 'CABAL': 11, 'TODOS': 1, 'VAMOS': 1, 'PHG': 0, 'PR': 2, 'PIN': 0, 'ELEFANTE': 2, 'VICTORIA': 21, 'SEMILLA': 80, 'FCN-NACION': 3, 'PPN': 1, 'UR': 4, 'URNG-MAIZ WINAQ': 4, 'CREO': 1, 'BIEN': 11, 'VIVA': 15, 'MI FAMILIA': 2, 'CAMBIO': 1, 'VOS': 20}",0,22,225,0,Algún campo sin dato,1.Guatemala,8.Mixco,0293,presidente
3119,,"{'UNE': 3, 'AZUL': 3, 'VALOR UNIONISTA': 11, 'CABAL': 5, 'TODOS': 0, 'VAMOS': 1, 'PHG': 1, 'PR': 2, 'PIN': 0, 'ELEFANTE': 2, 'VICTORIA': 13, 'SEMILLA': 102, 'FCN-NACION': 0, 'PPN': 0, 'UR': 0, 'URNG-MAIZ WINAQ': 3, 'CREO': 0, 'BIEN': 5, 'VIVA': 9, 'MI FAMILIA': 0, 'CAMBIO': 0, 'VOS': 16}",0,14,190,0,Algún campo sin dato,1.Guatemala,8.Mixco,0294,presidente
3120,,"{'UNE': 5, 'AZUL': 0, 'VALOR UNIONISTA': 7, 'CABAL': 3, 'TODOS': 1, 'VAMOS': 1, 'PHG': 0, 'PR': 2, 'PIN': 0, 'ELEFANTE': 1, 'VICTORIA': 16, 'SEMILLA': 103, 'FCN-NACION': 0, 'PPN': 0, 'UR': 4, 'URNG-MAIZ WINAQ': 7, 'CREO': 0, 'BIEN': 10, 'VIVA': 9, 'MI FAMILIA': 0, 'CAMBIO': 1, 'VOS': 22}",0,12,204,0,Algún campo sin dato,1.Guatemala,8.Mixco,0294,presidente
3121,,"{'UNE': 3, 'AZUL': 1, 'VALOR UNIONISTA': 5, 'CABAL': 8, 'TODOS': 0, 'VAMOS': 1, 'PHG': 0, 'PR': 1, 'PIN': 0, 'ELEFANTE': 1, 'VICTORIA': 19, 'SEMILLA': 109, 'FCN-NACION': 2, 'PPN': 0, 'UR': 2, 'URNG-MAIZ WINAQ': 1, 'CREO': 1, 'BIEN': 6, 'VIVA': 1, 'MI FAMILIA': 0, 'CAMBIO': 0, 'VOS': 7}",1,10,179,0,Algún campo sin dato,1.Guatemala,8.Mixco,0294,presidente
3122,,"{'UNE': 4, 'AZUL': 0, 'VALOR UNIONISTA': 11, 'CABAL': 4, 'TODOS': 1, 'VAMOS': 0, 'PHG': 0, 'PR': 1, 'PIN': 0, 'ELEFANTE': 1, 'VICTORIA': 12, 'SEMILLA': 63, 'FCN-NACION': 1, 'PPN': 0, 'UR': 1, 'URNG-MAIZ WINAQ': 1, 'CREO': 0, 'BIEN': 11, 'VIVA': 7, 'MI FAMILIA': 1, 'CAMBIO': 1, 'VOS': 11}",3,10,144,0,Algún campo sin dato,1.Guatemala,8.Mixco,0294,presidente
3123,,"{'UNE': 10, 'AZUL': 1, 'VALOR UNIONISTA': 6, 'CABAL': 2, 'TODOS': 0, 'VAMOS': 3, 'PHG': 0, 'PR': 0, 'PIN': 1, 'ELEFANTE': 2, 'VICTORIA': 16, 'SEMILLA': 74, 'FCN-NACION': 1, 'PPN': 0, 'UR': 0, 'URNG-MAIZ WINAQ': 4, 'CREO': 1, 'BIEN': 6, 'VIVA': 7, 'MI FAMILIA': 2, 'CAMBIO': 1, 'VOS': 6}",0,8,151,0,,1.Guatemala,8.Mixco,0294,presidente
3124,,"{'UNE': 12, 'AZUL': 0, 'VALOR UNIONISTA': 24, 'CABAL': 11, 'TODOS': 0, 'VAMOS': 4, 'PHG': 0, 'PR': 1, 'PIN': 2, 'ELEFANTE': 4, 'VICTORIA': 28, 'SEMILLA': 60, 'FCN-NACION': 0, 'PPN': 0, 'UR': 4, 'URNG-MAIZ WINAQ': 1, 'CREO': 2, 'BIEN': 8, 'VIVA': 19, 'MI FAMILIA': 13, 'CAMBIO': 0, 'VOS': 22}",0,22,237,0,Algún campo sin dato,1.Guatemala,8.Mixco,0295,presidente
3125,,"{'UNE': 9, 'AZUL': 5, 'VALOR UNIONISTA': 16, 'CABAL': 12, 'TODOS': 1, 'VAMOS': 2, 'PHG': 0, 'PR': 5, 'PIN': 4, 'ELEFANTE': 3, 'VICTORIA': 20, 'SEMILLA': 65, 'FCN-NACION': 1, 'PPN': 0, 'UR': 4, 'URNG-MAIZ WINAQ': 3, 'CREO': 2, 'BIEN': 13, 'VIVA': 15, 'MI FAMILIA': 5, 'CAMBIO': 0, 'VOS': 19}",3,31,238,0,Algún campo sin dato,1.Guatemala,8.Mixco,0295,presidente
3126,,"{'UNE': 6, 'AZUL': 5, 'VALOR UNIONISTA': 21, 'CABAL': 14, 'TODOS': 0, 'VAMOS': 4, 'PHG': 0, 'PR': 4, 'PIN': 0, 'ELEFANTE': 5, 'VICTORIA': 26, 'SEMILLA': 53, 'FCN-NACION': 1, 'PPN': 3, 'UR': 2, 'URNG-MAIZ WINAQ': 5, 'CREO': 1, 'BIEN': 10, 'VIVA': 21, 'MI FAMILIA': 11, 'CAMBIO': 1, 'VOS': 19}",2,34,248,0,Sumas Asentadas sin cuadrar,1.Guatemala,8.Mixco,0295,presidente
3127,,"{'UNE': 12, 'AZUL': 2, 'VALOR UNIONISTA': 27, 'CABAL': 15, 'TODOS': 0, 'VAMOS': 1, 'PHG': 0, 'PR': 5, 'PIN': 0, 'ELEFANTE': 0, 'VICTORIA': 30, 'SEMILLA': 55, 'FCN-NACION': 0, 'PPN': 0, 'UR': 3, 'URNG-MAIZ WINAQ': 7, 'CREO': 0, 'BIEN': 12, 'VIVA': 25, 'MI FAMILIA': 8, 'CAMBIO': 0, 'VOS': 19}",0,34,255,0,Algún campo sin dato,1.Guatemala,8.Mixco,0295,presidente
3128,,"{'UNE': 11, 'AZUL': 0, 'VALOR UNIONISTA': 28, 'CABAL': 17, 'TODOS': 0, 'VAMOS': 3, 'PHG': 0, 'PR': 2, 'PIN': 1, 'ELEFANTE': 5, 'VICTORIA': 18, 'SEMILLA': 69, 'FCN-NACION': 0, 'PPN': 1, 'UR': 6, 'URNG-MAIZ WINAQ': 3, 'CREO': 3, 'BIEN': 6, 'VIVA': 14, 'MI FAMILIA': 1, 'CAMBIO': 0, 'VOS': 26}",2,39,255,0,Algún campo sin dato,1.Guatemala,8.Mixco,0295,presidente
3129,,"{'UNE': 13, 'AZUL': 5, 'VALOR UNIONISTA': 34, 'CABAL': 14, 'TODOS': 2, 'VAMOS': 3, 'PHG': 2, 'PR': 2, 'PIN': 1, 'ELEFANTE': 4, 'VICTORIA': 27, 'SEMILLA': 54, 'FCN-NACION': 1, 'PPN': 2, 'UR': 1, 'URNG-MAIZ WINAQ': 6, 'CREO': 0, 'BIEN': 7, 'VIVA': 23, 'MI FAMILIA': 4, 'CAMBIO': 0, 'VOS': 18}",1,36,260,0,Sumas Asentadas sin cuadrar,1.Guatemala,8.Mixco,0295,presidente
3130,,"{'UNE': 17, 'AZUL': 5, 'VALOR UNIONISTA': 20, 'CABAL': 18, 'TODOS': 0, 'VAMOS': 6, 'PHG': 0, 'PR': 1, 'PIN': 1, 'ELEFANTE': 6, 'VICTORIA': 19, 'SEMILLA': 67, 'FCN-NACION': 0, 'PPN': 3, 'UR': 2, 'URNG-MAIZ WINAQ': 2, 'CREO': 1, 'BIEN': 9, 'VIVA': 19, 'MI FAMILIA': 7, 'CAMBIO': 0, 'VOS': 22}",0,35,260,1,Algún campo sin dato,1.Guatemala,8.Mixco,0295,presidente
3131,,"{'UNE': 12, 'AZUL': 2, 'VALOR UNIONISTA': 28, 'CABAL': 22, 'TODOS': 3, 'VAMOS': 3, 'PHG': 1, 'PR': 1, 'PIN': 0, 'ELEFANTE': 4, 'VICTORIA': 13, 'SEMILLA': 55, 'FCN-NACION': 2, 'PPN': 1, 'UR': 4, 'URNG-MAIZ WINAQ': 9, 'CREO': 4, 'BIEN': 5, 'VIVA': 26, 'MI FAMILIA': 5, 'CAMBIO': 1, 'VOS': 25}",1,37,264,0,Algún campo sin dato,1.Guatemala,8.Mixco,0295,presidente
3132,,"{'UNE': 14, 'AZUL': 4, 'VALOR UNIONISTA': 33, 'CABAL': 21, 'TODOS': 0, 'VAMOS': 3, 'PHG': 0, 'PR': 2, 'PIN': 1, 'ELEFANTE': 1, 'VICTORIA': 18, 'SEMILLA': 50, 'FCN-NACION': 3, 'PPN': 0, 'UR': 10, 'URNG-MAIZ WINAQ': 3, 'CREO': 2, 'BIEN': 22, 'VIVA': 17, 'MI FAMILIA': 4, 'CAMBIO': 2, 'VOS': 26}",0,30,266,0,Algún campo sin dato,1.Guatemala,8.Mixco,0295,presidente
3133,,"{'UNE': 10, 'AZUL': 2, 'VALOR UNIONISTA': 27, 'CABAL': 12, 'TODOS': 0, 'VAMOS': 3, 'PHG': 1, 'PR': 3, 'PIN': 1, 'ELEFANTE': 4, 'VICTORIA': 24, 'SEMILLA': 46, 'FCN-NACION': 4, 'PPN': 0, 'UR': 3, 'URNG-MAIZ WINAQ': 6, 'CREO': 2, 'BIEN': 8, 'VIVA': 22, 'MI FAMILIA': 11, 'CAMBIO': 0, 'VOS': 29}",2,37,257,0,Algún campo sin dato,1.Guatemala,8.Mixco,0295,presidente
3134,,"{'UNE': 14, 'AZUL': 6, 'VALOR UNIONISTA': 27, 'CABAL': 11, 'TODOS': 0, 'VAMOS': 1, 'PHG': 0, 'PR': 1, 'PIN': 0, 'ELEFANTE': 4, 'VICTORIA': 21, 'SEMILLA': 50, 'FCN-NACION': 0, 'PPN': 2, 'UR': 6, 'URNG-MAIZ WINAQ': 3, 'CREO': 3, 'BIEN': 10, 'VIVA': 25, 'MI FAMILIA': 8, 'CAMBIO': 0, 'VOS': 21}",1,31,245,0,Algún campo sin dato,1.Guatemala,8.Mixco,0295,presidente
3135,,"{'UNE': 12, 'AZUL': 5, 'VALOR UNIONISTA': 11, 'CABAL': 12, 'TODOS': 1, 'VAMOS': 3, 'PHG': 0, 'PR': 3, 'PIN': 0, 'ELEFANTE': 2, 'VICTORIA': 20, 'SEMILLA': 63, 'FCN-NACION': 3, 'PPN': 1, 'UR': 1, 'URNG-MAIZ WINAQ': 6, 'CREO': 0, 'BIEN': 16, 'VIVA': 27, 'MI FAMILIA': 5, 'CAMBIO': 0, 'VOS': 33}",0,25,249,0,Algún campo sin dato,1.Guatemala,8.Mixco,0295,presidente
3136,,"{'UNE': 6, 'AZUL': 4, 'VALOR UNIONISTA': 10, 'CABAL': 8, 'TODOS': 0, 'VAMOS': 0, 'PHG': 0, 'PR': 1, 'PIN': 0, 'ELEFANTE': 2, 'VICTORIA': 16, 'SEMILLA': 94, 'FCN-NACION': 0, 'PPN': 1, 'UR': 1, 'URNG-MAIZ WINAQ': 2, 'CREO': 1, 'BIEN': 22, 'VIVA': 14, 'MI FAMILIA': 2, 'CAMBIO': 1, 'VOS': 28}",0,21,234,0,Algún campo sin dato,1.Guatemala,8.Mixco,0295,presidente
3137,,"{'UNE': 11, 'AZUL': 0, 'VALOR UNIONISTA': 19, 'CABAL': 8, 'TODOS': 0, 'VAMOS': 1, 'PHG': 0, 'PR': 2, 'PIN': 0, 'ELEFANTE': 1, 'VICTORIA': 19, 'SEMILLA': 65, 'FCN-NACION': 1, 'PPN': 0, 'UR': 2, 'URNG-MAIZ WINAQ': 3, 'CREO': 0, 'BIEN': 11, 'VIVA': 21, 'MI FAMILIA': 7, 'CAMBIO': 0, 'VOS': 29}",1,20,221,0,Algún campo sin dato,1.Guatemala,8.Mixco,0295,presidente
3138,,"{'UNE': 13, 'AZUL': 3, 'VALOR UNIONISTA': 21, 'CABAL': 6, 'TODOS': 1, 'VAMOS': 9, 'PHG': 0, 'PR': 3, 'PIN': 1, 'ELEFANTE': 2, 'VICTORIA': 19, 'SEMILLA': 52, 'FCN-NACION': 0, 'PPN': 1, 'UR': 4, 'URNG-MAIZ WINAQ': 3, 'CREO': 1, 'BIEN': 12, 'VIVA': 17, 'MI FAMILIA': 3, 'CAMBIO': 1, 'VOS': 27}",4,30,233,0,Algún campo sin dato,1.Guatemala,8.Mixco,0295,presidente
3139,,"{'UNE': 13, 'AZUL': 5, 'VALOR UNIONISTA': 30, 'CABAL': 10, 'TODOS': 1, 'VAMOS': 6, 'PHG': 4, 'PR': 6, 'PIN': 0, 'ELEFANTE': 2, 'VICTORIA': 19, 'SEMILLA': 74, 'FCN-NACION': 1, 'PPN': 0, 'UR': 0, 'URNG-MAIZ WINAQ': 5, 'CREO': 3, 'BIEN': 20, 'VIVA': 22, 'MI FAMILIA': 4, 'CAMBIO': 0, 'VOS': 25}",0,30,280,0,Algún campo sin dato,1.Guatemala,8.Mixco,0295,presidente
3140,,"{'UNE': 12, 'AZUL': 3, 'VALOR UNIONISTA': 18, 'CABAL': 10, 'TODOS': 1, 'VAMOS': 3, 'PHG': 1, 'PR': 4, 'PIN': 2, 'ELEFANTE': 2, 'VICTORIA': 32, 'SEMILLA': 50, 'FCN-NACION': 0, 'PPN': 2, 'UR': 4, 'URNG-MAIZ WINAQ': 3, 'CREO': 1, 'BIEN': 18, 'VIVA': 18, 'MI FAMILIA': 7, 'CAMBIO': 0, 'VOS': 26}",1,18,236,0,Algún campo sin dato,1.Guatemala,8.Mixco,0296,presidente
3141,,"{'UNE': 12, 'AZUL': 2, 'VALOR UNIONISTA': 15, 'CABAL': 14, 'TODOS': 3, 'VAMOS': 3, 'PHG': 1, 'PR': 1, 'PIN': 0, 'ELEFANTE': 1, 'VICTORIA': 18, 'SEMILLA': 70, 'FCN-NACION': 1, 'PPN': 2, 'UR': 3, 'URNG-MAIZ WINAQ': 2, 'CREO': 1, 'BIEN': 14, 'VIVA': 25, 'MI FAMILIA': 6, 'CAMBIO': 0, 'VOS': 27}",0,29,250,0,Algún campo sin dato,1.Guatemala,8.Mixco,0296,presidente
3142,,"{'UNE': 8, 'AZUL': 5, 'VALOR UNIONISTA': 15, 'CABAL': 15, 'TODOS': 1, 'VAMOS': 4, 'PHG': 1, 'PR': 5, 'PIN': 2, 'ELEFANTE': 5, 'VICTORIA': 21, 'SEMILLA': 67, 'FCN-NACION': 0, 'PPN': 0, 'UR': 2, 'URNG-MAIZ WINAQ': 5, 'CREO': 2, 'BIEN': 13, 'VIVA': 21, 'MI FAMILIA': 9, 'CAMBIO': 0, 'VOS': 34}",1,26,262,0,Algún campo sin dato,1.Guatemala,8.Mixco,0296,presidente
3143,,"{'UNE': 12, 'AZUL': 1, 'VALOR UNIONISTA': 30, 'CABAL': 7, 'TODOS': 3, 'VAMOS': 2, 'PHG': 0, 'PR': 3, 'PIN': 0, 'ELEFANTE': 5, 'VICTORIA': 36, 'SEMILLA': 61, 'FCN-NACION': 2, 'PPN': 2, 'UR': 1, 'URNG-MAIZ WINAQ': 3, 'CREO': 1, 'BIEN': 13, 'VIVA': 16, 'MI FAMILIA': 2, 'CAMBIO': 0, 'VOS': 21}",1,38,260,1,Algún campo sin dato,1.Guatemala,8.Mixco,0296,presidente
3144,,"{'UNE': 9, 'AZUL': 4, 'VALOR UNIONISTA': 26, 'CABAL': 11, 'TODOS': 0, 'VAMOS': 0, 'PHG': 1, 'PR': 7, 'PIN': 1, 'ELEFANTE': 3, 'VICTORIA': 16, 'SEMILLA': 70, 'FCN-NACION': 0, 'PPN': 2, 'UR': 2, 'URNG-MAIZ WINAQ': 5, 'CREO': 4, 'BIEN': 12, 'VIVA': 20, 'MI FAMILIA': 9, 'CAMBIO': 2, 'VOS': 31}",0,27,262,0,Algún campo sin dato,1.Guatemala,8.Mixco,0296,presidente
3145,,"{'UNE': 12, 'AZUL': 5, 'VALOR UNIONISTA': 25, 'CABAL': 17, 'TODOS': 0, 'VAMOS': 3, 'PHG': 1, 'PR': 3, 'PIN': 0, 'ELEFANTE': 4, 'VICTORIA': 14, 'SEMILLA': 58, 'FCN-NACION': 1, 'PPN': 1, 'UR': 9, 'URNG-MAIZ WINAQ': 4, 'CREO': 1, 'BIEN': 15, 'VIVA': 19, 'MI FAMILIA': 3, 'CAMBIO': 0, 'VOS': 35}",1,21,252,0,Sumas Asentadas sin cuadrar,1.Guatemala,8.Mixco,0296,presidente
3146,,"{'UNE': 10, 'AZUL': 4, 'VALOR UNIONISTA': 22, 'CABAL': 16, 'TODOS': 0, 'VAMOS': 3, 'PHG': 1, 'PR': 5, 'PIN': 0, 'ELEFANTE': 4, 'VICTORIA': 25, 'SEMILLA': 68, 'FCN-NACION': 0, 'PPN': 0, 'UR': 4, 'URNG-MAIZ WINAQ': 5, 'CREO': 2, 'BIEN': 14, 'VIVA': 10, 'MI FAMILIA': 9, 'CAMBIO': 2, 'VOS': 24}",1,30,259,0,Algún campo sin dato,1.Guatemala,8.Mixco,0296,presidente
3147,,"{'UNE': 13, 'AZUL': 11, 'VALOR UNIONISTA': 24, 'CABAL': 14, 'TODOS': 0, 'VAMOS': 3, 'PHG': 0, 'PR': 2, 'PIN': 1, 'ELEFANTE': 1, 'VICTORIA': 26, 'SEMILLA': 72, 'FCN-NACION': 0, 'PPN': 1, 'UR': 3, 'URNG-MAIZ WINAQ': 0, 'CREO': 0, 'BIEN': 12, 'VIVA': 28, 'MI FAMILIA': 11, 'CAMBIO': 0, 'VOS': 26}",1,29,278,0,Sumas Asentadas sin cuadrar,1.Guatemala,8.Mixco,0296,presidente
3148,,"{'UNE': 5, 'AZUL': 1, 'VALOR UNIONISTA': 22, 'CABAL': 15, 'TODOS': 0, 'VAMOS': 3, 'PHG': 0, 'PR': 2, 'PIN': 1, 'ELEFANTE': 3, 'VICTORIA': 24, 'SEMILLA': 57, 'FCN-NACION': 0, 'PPN': 1, 'UR': 5, 'URNG-MAIZ WINAQ': 4, 'CREO': 3, 'BIEN': 14, 'VIVA': 18, 'MI FAMILIA': 5, 'CAMBIO': 0, 'VOS': 28}",0,35,246,0,Algún campo sin dato,1.Guatemala,8.Mixco,0296,presidente
3149,,"{'UNE': 9, 'AZUL': 4, 'VALOR UNIONISTA': 28, 'CABAL': 12, 'TODOS': 2, 'VAMOS': 5, 'PHG': 1, 'PR': 3, 'PIN': 0, 'ELEFANTE': 3, 'VICTORIA': 21, 'SEMILLA': 82, 'FCN-NACION': 1, 'PPN': 0, 'UR': 7, 'URNG-MAIZ WINAQ': 6, 'CREO': 2, 'BIEN': 9, 'VIVA': 15, 'MI FAMILIA': 13, 'CAMBIO': 0, 'VOS': 23}",3,18,267,0,Algún campo sin dato,1.Guatemala,8.Mixco,0296,presidente
3150,,"{'UNE': 14, 'AZUL': 2, 'VALOR UNIONISTA': 28, 'CABAL': 16, 'TODOS': 0, 'VAMOS': 7, 'PHG': 0, 'PR': 0, 'PIN': 0, 'ELEFANTE': 2, 'VICTORIA': 32, 'SEMILLA': 58, 'FCN-NACION': 0, 'PPN': 1, 'UR': 2, 'URNG-MAIZ WINAQ': 1, 'CREO': 1, 'BIEN': 7, 'VIVA': 15, 'MI FAMILIA': 6, 'CAMBIO': 1, 'VOS': 25}",1,31,250,1,Algún campo sin dato,1.Guatemala,8.Mixco,0296,presidente
3151,,"{'UNE': 16, 'AZUL': 6, 'VALOR UNIONISTA': 23, 'CABAL': 8, 'TODOS': 1, 'VAMOS': 5, 'PHG': 0, 'PR': 4, 'PIN': 0, 'ELEFANTE': 2, 'VICTORIA': 24, 'SEMILLA': 58, 'FCN-NACION': 1, 'PPN': 0, 'UR': 1, 'URNG-MAIZ WINAQ': 4, 'CREO': 4, 'BIEN': 8, 'VIVA': 20, 'MI FAMILIA': 6, 'CAMBIO': 2, 'VOS': 18}",2,32,245,0,Algún campo sin dato,1.Guatemala,8.Mixco,0296,presidente
3152,,"{'UNE': 8, 'AZUL': 4, 'VALOR UNIONISTA': 27, 'CABAL': 12, 'TODOS': 1, 'VAMOS': 5, 'PHG': 0, 'PR': 1, 'PIN': 0, 'ELEFANTE': 5, 'VICTORIA': 19, 'SEMILLA': 75, 'FCN-NACION': 1, 'PPN': 0, 'UR': 3, 'URNG-MAIZ WINAQ': 4, 'CREO': 1, 'BIEN': 9, 'VIVA': 14, 'MI FAMILIA': 3, 'CAMBIO': 1, 'VOS': 28}",1,18,240,0,Algún campo sin dato,1.Guatemala,8.Mixco,0296,presidente
3153,,"{'UNE': 14, 'AZUL': 5, 'VALOR UNIONISTA': 22, 'CABAL': 15, 'TODOS': 1, 'VAMOS': 7, 'PHG': 1, 'PR': 3, 'PIN': 0, 'ELEFANTE': 5, 'VICTORIA': 35, 'SEMILLA': 61, 'FCN-NACION': 0, 'PPN': 0, 'UR': 3, 'URNG-MAIZ WINAQ': 3, 'CREO': 1, 'BIEN': 5, 'VIVA': 21, 'MI FAMILIA': 5, 'CAMBIO': 0, 'VOS': 25}",1,20,253,0,Algún campo sin dato,1.Guatemala,8.Mixco,0296,presidente
3154,,"{'UNE': 17, 'AZUL': 4, 'VALOR UNIONISTA': 12, 'CABAL': 12, 'TODOS': 1, 'VAMOS': 4, 'PHG': 0, 'PR': 1, 'PIN': 0, 'ELEFANTE': 3, 'VICTORIA': 20, 'SEMILLA': 67, 'FCN-NACION': 0, 'PPN': 2, 'UR': 2, 'URNG-MAIZ WINAQ': 5, 'CREO': 0, 'BIEN': 12, 'VIVA': 16, 'MI FAMILIA': 7, 'CAMBIO': 1, 'VOS': 29}",2,27,244,0,Algún campo sin dato,1.Guatemala,8.Mixco,0296,presidente
3155,,"{'UNE': 9, 'AZUL': 6, 'VALOR UNIONISTA': 15, 'CABAL': 10, 'TODOS': 2, 'VAMOS': 5, 'PHG': 0, 'PR': 2, 'PIN': 0, 'ELEFANTE': 3, 'VICTORIA': 27, 'SEMILLA': 62, 'FCN-NACION': 1, 'PPN': 5, 'UR': 0, 'URNG-MAIZ WINAQ': 2, 'CREO': 1, 'BIEN': 17, 'VIVA': 15, 'MI FAMILIA': 5, 'CAMBIO': 0, 'VOS': 23}",1,29,240,0,Algún campo sin dato,1.Guatemala,8.Mixco,0296,presidente
3156,,"{'UNE': 13, 'AZUL': 1, 'VALOR UNIONISTA': 26, 'CABAL': 11, 'TODOS': 0, 'VAMOS': 5, 'PHG': 0, 'PR': 0, 'PIN': 0, 'ELEFANTE': 3, 'VICTORIA': 21, 'SEMILLA': 47, 'FCN-NACION': 1, 'PPN': 3, 'UR': 5, 'URNG-MAIZ WINAQ': 3, 'CREO': 0, 'BIEN': 10, 'VIVA': 22, 'MI FAMILIA': 5, 'CAMBIO': 0, 'VOS': 25}",4,25,230,0,Algún campo sin dato,1.Guatemala,8.Mixco,0297,presidente
3157,,"{'UNE': 19, 'AZUL': 3, 'VALOR UNIONISTA': 18, 'CABAL': 13, 'TODOS': 0, 'VAMOS': 7, 'PHG': 0, 'PR': 3, 'PIN': 0, 'ELEFANTE': 1, 'VICTORIA': 23, 'SEMILLA': 55, 'FCN-NACION': 0, 'PPN': 1, 'UR': 2, 'URNG-MAIZ WINAQ': 6, 'CREO': 1, 'BIEN': 13, 'VIVA': 13, 'MI FAMILIA': 6, 'CAMBIO': 1, 'VOS': 28}",0,30,243,0,Algún campo sin dato,1.Guatemala,8.Mixco,0297,presidente
3158,,"{'UNE': 14, 'AZUL': 3, 'VALOR UNIONISTA': 23, 'CABAL': 5, 'TODOS': 2, 'VAMOS': 1, 'PHG': 1, 'PR': 3, 'PIN': 0, 'ELEFANTE': 3, 'VICTORIA': 17, 'SEMILLA': 50, 'FCN-NACION': 3, 'PPN': 0, 'UR': 5, 'URNG-MAIZ WINAQ': 5, 'CREO': 0, 'BIEN': 8, 'VIVA': 13, 'MI FAMILIA': 5, 'CAMBIO': 0, 'VOS': 27}",1,32,221,0,Algún campo sin dato,1.Guatemala,8.Mixco,0297,presidente
3159,,"{'UNE': 10, 'AZUL': 3, 'VALOR UNIONISTA': 19, 'CABAL': 9, 'TODOS': 0, 'VAMOS': 2, 'PHG': 0, 'PR': 2, 'PIN': 1, 'ELEFANTE': 1, 'VICTORIA': 19, 'SEMILLA': 66, 'FCN-NACION': 3, 'PPN': 0, 'UR': 1, 'URNG-MAIZ WINAQ': 2, 'CREO': 4, 'BIEN': 9, 'VIVA': 13, 'MI FAMILIA': 6, 'CAMBIO': 3, 'VOS': 27}",1,31,232,0,Algún campo sin dato,1.Guatemala,8.Mixco,0297,presidente
3160,,"{'UNE': 11, 'AZUL': 2, 'VALOR UNIONISTA': 23, 'CABAL': 11, 'TODOS': 1, 'VAMOS': 1, 'PHG': 0, 'PR': 0, 'PIN': 0, 'ELEFANTE': 0, 'VICTORIA': 19, 'SEMILLA': 78, 'FCN-NACION': 0, 'PPN': 0, 'UR': 4, 'URNG-MAIZ WINAQ': 0, 'CREO': 3, 'BIEN': 14, 'VIVA': 16, 'MI FAMILIA': 1, 'CAMBIO': 0, 'VOS': 22}",1,29,236,0,Algún campo sin dato,1.Guatemala,8.Mixco,0297,presidente
3161,,"{'UNE': 5, 'AZUL': 3, 'VALOR UNIONISTA': 12, 'CABAL': 3, 'TODOS': 0, 'VAMOS': 3, 'PHG': 0, 'PR': 1, 'PIN': 0, 'ELEFANTE': 1, 'VICTORIA': 12, 'SEMILLA': 85, 'FCN-NACION': 0, 'PPN': 2, 'UR': 3, 'URNG-MAIZ WINAQ': 1, 'CREO': 0, 'BIEN': 8, 'VIVA': 23, 'MI FAMILIA': 4, 'CAMBIO': 1, 'VOS': 22}",1,20,210,0,,1.Guatemala,8.Mixco,0297,presidente
3162,,"{'UNE': 8, 'AZUL': 3, 'VALOR UNIONISTA': 15, 'CABAL': 10, 'TODOS': 0, 'VAMOS': 1, 'PHG': 0, 'PR': 2, 'PIN': 0, 'ELEFANTE': 3, 'VICTORIA': 12, 'SEMILLA': 109, 'FCN-NACION': 3, 'PPN': 2, 'UR': 3, 'URNG-MAIZ WINAQ': 3, 'CREO': 1, 'BIEN': 12, 'VIVA': 20, 'MI FAMILIA': 1, 'CAMBIO': 3, 'VOS': 31}",0,18,260,0,Sumas Asentadas sin cuadrar,1.Guatemala,8.Mixco,0297,presidente
3163,,"{'UNE': 4, 'AZUL': 2, 'VALOR UNIONISTA': 9, 'CABAL': 9, 'TODOS': 0, 'VAMOS': 1, 'PHG': 0, 'PR': 2, 'PIN': 0, 'ELEFANTE': 1, 'VICTORIA': 21, 'SEMILLA': 152, 'FCN-NACION': 1, 'PPN': 0, 'UR': 1, 'URNG-MAIZ WINAQ': 0, 'CREO': 0, 'BIEN': 16, 'VIVA': 10, 'MI FAMILIA': 2, 'CAMBIO': 0, 'VOS': 25}",1,13,270,0,Algún campo sin dato,1.Guatemala,8.Mixco,0297,presidente
3164,,"{'UNE': 7, 'AZUL': 6, 'VALOR UNIONISTA': 15, 'CABAL': 5, 'TODOS': 0, 'VAMOS': 3, 'PHG': 0, 'PR': 0, 'PIN': 0, 'ELEFANTE': 0, 'VICTORIA': 15, 'SEMILLA': 147, 'FCN-NACION': 0, 'PPN': 1, 'UR': 3, 'URNG-MAIZ WINAQ': 2, 'CREO': 0, 'BIEN': 8, 'VIVA': 10, 'MI FAMILIA': 2, 'CAMBIO': 1, 'VOS': 35}",0,19,279,0,Algún campo sin dato,1.Guatemala,8.Mixco,0297,presidente
3165,,"{'UNE': 6, 'AZUL': 0, 'VALOR UNIONISTA': 19, 'CABAL': 14, 'TODOS': 0, 'VAMOS': 1, 'PHG': 0, 'PR': 1, 'PIN': 0, 'ELEFANTE': 4, 'VICTORIA': 16, 'SEMILLA': 110, 'FCN-NACION': 1, 'PPN': 0, 'UR': 3, 'URNG-MAIZ WINAQ': 2, 'CREO': 0, 'BIEN': 10, 'VIVA': 15, 'MI FAMILIA': 2, 'CAMBIO': 1, 'VOS': 22}",0,14,241,1,Algún campo sin dato,1.Guatemala,8.Mixco,0297,presidente
3166,,"{'UNE': 4, 'AZUL': 0, 'VALOR UNIONISTA': 6, 'CABAL': 11, 'TODOS': 1, 'VAMOS': 4, 'PHG': 0, 'PR': 0, 'PIN': 0, 'ELEFANTE': 1, 'VICTORIA': 12, 'SEMILLA': 81, 'FCN-NACION': 1, 'PPN': 0, 'UR': 2, 'URNG-MAIZ WINAQ': 0, 'CREO': 1, 'BIEN': 4, 'VIVA': 8, 'MI FAMILIA': 1, 'CAMBIO': 0, 'VOS': 19}",0,18,174,0,Algún campo sin dato,1.Guatemala,8.Mixco,0297,presidente
3167,,"{'UNE': 12, 'AZUL': 0, 'VALOR UNIONISTA': 8, 'CABAL': 6, 'TODOS': 0, 'VAMOS': 1, 'PHG': 0, 'PR': 1, 'PIN': 1, 'ELEFANTE': 1, 'VICTORIA': 13, 'SEMILLA': 65, 'FCN-NACION': 0, 'PPN': 2, 'UR': 2, 'URNG-MAIZ WINAQ': 3, 'CREO': 1, 'BIEN': 7, 'VIVA': 12, 'MI FAMILIA': 1, 'CAMBIO': 0, 'VOS': 9}",1,16,162,0,Algún campo sin dato,1.Guatemala,8.Mixco,0297,presidente
3168,,"{'UNE': 4, 'AZUL': 0, 'VALOR UNIONISTA': 13, 'CABAL': 10, 'TODOS': 1, 'VAMOS': 4, 'PHG': 2, 'PR': 1, 'PIN': 0, 'ELEFANTE': 1, 'VICTORIA': 14, 'SEMILLA': 99, 'FCN-NACION': 2, 'PPN': 0, 'UR': 3, 'URNG-MAIZ WINAQ': 2, 'CREO': 0, 'BIEN': 7, 'VIVA': 3, 'MI FAMILIA': 3, 'CAMBIO': 1, 'VOS': 13}",1,10,194,0,Algún campo sin dato,1.Guatemala,8.Mixco,0297,presidente
3169,,"{'UNE': 7, 'AZUL': 0, 'VALOR UNIONISTA': 8, 'CABAL': 4, 'TODOS': 0, 'VAMOS': 1, 'PHG': 1, 'PR': 0, 'PIN': 1, 'ELEFANTE': 2, 'VICTORIA': 6, 'SEMILLA': 62, 'FCN-NACION': 0, 'PPN': 3, 'UR': 4, 'URNG-MAIZ WINAQ': 4, 'CREO': 1, 'BIEN': 3, 'VIVA': 9, 'MI FAMILIA': 3, 'CAMBIO': 0, 'VOS': 12}",0,18,149,0,Algún campo sin dato,1.Guatemala,8.Mixco,0297,presidente
3170,,"{'UNE': 20, 'AZUL': 2, 'VALOR UNIONISTA': 27, 'CABAL': 20, 'TODOS': 1, 'VAMOS': 6, 'PHG': 0, 'PR': 0, 'PIN': 1, 'ELEFANTE': 1, 'VICTORIA': 18, 'SEMILLA': 41, 'FCN-NACION': 0, 'PPN': 2, 'UR': 4, 'URNG-MAIZ WINAQ': 6, 'CREO': 5, 'BIEN': 14, 'VIVA': 21, 'MI FAMILIA': 7, 'CAMBIO': 0, 'VOS': 33}",0,36,265,0,Sumas Asentadas sin cuadrar,1.Guatemala,8.Mixco,0298,presidente
3171,,"{'UNE': 4, 'AZUL': 2, 'VALOR UNIONISTA': 26, 'CABAL': 16, 'TODOS': 0, 'VAMOS': 1, 'PHG': 0, 'PR': 4, 'PIN': 1, 'ELEFANTE': 3, 'VICTORIA': 25, 'SEMILLA': 41, 'FCN-NACION': 2, 'PPN': 2, 'UR': 2, 'URNG-MAIZ WINAQ': 5, 'CREO': 4, 'BIEN': 11, 'VIVA': 27, 'MI FAMILIA': 5, 'CAMBIO': 1, 'VOS': 28}",5,33,248,0,Algún campo sin dato,1.Guatemala,8.Mixco,0298,presidente
3172,,"{'UNE': 14, 'AZUL': 2, 'VALOR UNIONISTA': 33, 'CABAL': 16, 'TODOS': 0, 'VAMOS': 1, 'PHG': 0, 'PR': 1, 'PIN': 0, 'ELEFANTE': 6, 'VICTORIA': 24, 'SEMILLA': 61, 'FCN-NACION': 2, 'PPN': 1, 'UR': 6, 'URNG-MAIZ WINAQ': 5, 'CREO': 0, 'BIEN': 12, 'VIVA': 18, 'MI FAMILIA': 7, 'CAMBIO': 2, 'VOS': 24}",4,30,269,0,,1.Guatemala,8.Mixco,0298,presidente
3173,,"{'UNE': 11, 'AZUL': 8, 'VALOR UNIONISTA': 30, 'CABAL': 18, 'TODOS': 0, 'VAMOS': 1, 'PHG': 0, 'PR': 5, 'PIN': 1, 'ELEFANTE': 4, 'VICTORIA': 35, 'SEMILLA': 58, 'FCN-NACION': 0, 'PPN': 0, 'UR': 5, 'URNG-MAIZ WINAQ': 2, 'CREO': 4, 'BIEN': 9, 'VIVA': 19, 'MI FAMILIA': 9, 'CAMBIO': 0, 'VOS': 17}",0,33,269,0,Algún campo sin dato,1.Guatemala,8.Mixco,0298,presidente
3174,,"{'UNE': 9, 'AZUL': 7, 'VALOR UNIONISTA': 18, 'CABAL': 12, 'TODOS': 0, 'VAMOS': 3, 'PHG': 0, 'PR': 1, 'PIN': 1, 'ELEFANTE': 2, 'VICTORIA': 29, 'SEMILLA': 60, 'FCN-NACION': 0, 'PPN': 2, 'UR': 3, 'URNG-MAIZ WINAQ': 6, 'CREO': 2, 'BIEN': 14, 'VIVA': 23, 'MI FAMILIA': 9, 'CAMBIO': 2, 'VOS': 25}",2,26,256,0,Algún campo sin dato,1.Guatemala,8.Mixco,0298,presidente
3175,,"{'UNE': 19, 'AZUL': 7, 'VALOR UNIONISTA': 22, 'CABAL': 19, 'TODOS': 0, 'VAMOS': 5, 'PHG': 0, 'PR': 2, 'PIN': 1, 'ELEFANTE': 3, 'VICTORIA': 31, 'SEMILLA': 47, 'FCN-NACION': 2, 'PPN': 0, 'UR': 4, 'URNG-MAIZ WINAQ': 5, 'CREO': 2, 'BIEN': 10, 'VIVA': 17, 'MI FAMILIA': 3, 'CAMBIO': 2, 'VOS': 22}",1,36,260,0,Algún campo sin dato,1.Guatemala,8.Mixco,0298,presidente
3176,,"{'UNE': 18, 'AZUL': 3, 'VALOR UNIONISTA': 23, 'CABAL': 12, 'TODOS': 0, 'VAMOS': 5, 'PHG': 0, 'PR': 2, 'PIN': 3, 'ELEFANTE': 5, 'VICTORIA': 29, 'SEMILLA': 64, 'FCN-NACION': 0, 'PPN': 0, 'UR': 5, 'URNG-MAIZ WINAQ': 4, 'CREO': 2, 'BIEN': 14, 'VIVA': 21, 'MI FAMILIA': 5, 'CAMBIO': 2, 'VOS': 25}",0,33,275,0,Algún campo sin dato,1.Guatemala,8.Mixco,0298,presidente
3177,,"{'UNE': 12, 'AZUL': 7, 'VALOR UNIONISTA': 29, 'CABAL': 17, 'TODOS': 2, 'VAMOS': 3, 'PHG': 1, 'PR': 3, 'PIN': 0, 'ELEFANTE': 4, 'VICTORIA': 28, 'SEMILLA': 62, 'FCN-NACION': 1, 'PPN': 1, 'UR': 4, 'URNG-MAIZ WINAQ': 3, 'CREO': 2, 'BIEN': 6, 'VIVA': 24, 'MI FAMILIA': 13, 'CAMBIO': 1, 'VOS': 21}",4,32,280,0,Algún campo sin dato,1.Guatemala,8.Mixco,0298,presidente
3178,,"{'UNE': 14, 'AZUL': 6, 'VALOR UNIONISTA': 25, 'CABAL': 18, 'TODOS': 2, 'VAMOS': 3, 'PHG': 0, 'PR': 2, 'PIN': 1, 'ELEFANTE': 2, 'VICTORIA': 33, 'SEMILLA': 44, 'FCN-NACION': 1, 'PPN': 1, 'UR': 2, 'URNG-MAIZ WINAQ': 2, 'CREO': 2, 'BIEN': 13, 'VIVA': 19, 'MI FAMILIA': 8, 'CAMBIO': 0, 'VOS': 26}",1,41,266,0,Algún campo sin dato,1.Guatemala,8.Mixco,0298,presidente
3179,,"{'UNE': 11, 'AZUL': 5, 'VALOR UNIONISTA': 24, 'CABAL': 25, 'TODOS': 1, 'VAMOS': 4, 'PHG': 1, 'PR': 2, 'PIN': 1, 'ELEFANTE': 4, 'VICTORIA': 25, 'SEMILLA': 66, 'FCN-NACION': 2, 'PPN': 0, 'UR': 2, 'URNG-MAIZ WINAQ': 3, 'CREO': 3, 'BIEN': 23, 'VIVA': 16, 'MI FAMILIA': 4, 'CAMBIO': 3, 'VOS': 20}",1,43,289,0,Algún campo sin dato,1.Guatemala,8.Mixco,0298,presidente
3180,,"{'UNE': 10, 'AZUL': 2, 'VALOR UNIONISTA': 26, 'CABAL': 16, 'TODOS': 1, 'VAMOS': 0, 'PHG': 0, 'PR': 1, 'PIN': 0, 'ELEFANTE': 3, 'VICTORIA': 28, 'SEMILLA': 78, 'FCN-NACION': 1, 'PPN': 0, 'UR': 5, 'URNG-MAIZ WINAQ': 5, 'CREO': 1, 'BIEN': 11, 'VIVA': 20, 'MI FAMILIA': 4, 'CAMBIO': 1, 'VOS': 21}",0,24,258,0,Algún campo sin dato,1.Guatemala,8.Mixco,0298,presidente
3181,,"{'UNE': 8, 'AZUL': 2, 'VALOR UNIONISTA': 17, 'CABAL': 8, 'TODOS': 0, 'VAMOS': 1, 'PHG': 0, 'PR': 0, 'PIN': 2, 'ELEFANTE': 4, 'VICTORIA': 14, 'SEMILLA': 73, 'FCN-NACION': 3, 'PPN': 1, 'UR': 2, 'URNG-MAIZ WINAQ': 5, 'CREO': 2, 'BIEN': 18, 'VIVA': 11, 'MI FAMILIA': 4, 'CAMBIO': 1, 'VOS': 24}",0,31,231,0,,1.Guatemala,8.Mixco,0298,presidente
3182,,"{'UNE': 8, 'AZUL': 4, 'VALOR UNIONISTA': 15, 'CABAL': 12, 'TODOS': 0, 'VAMOS': 3, 'PHG': 0, 'PR': 1, 'PIN': 0, 'ELEFANTE': 4, 'VICTORIA': 19, 'SEMILLA': 72, 'FCN-NACION': 1, 'PPN': 1, 'UR': 2, 'URNG-MAIZ WINAQ': 6, 'CREO': 2, 'BIEN': 16, 'VIVA': 21, 'MI FAMILIA': 7, 'CAMBIO': 0, 'VOS': 25}",1,19,239,0,Algún campo sin dato,1.Guatemala,8.Mixco,0298,presidente
3183,,"{'UNE': 8, 'AZUL': 2, 'VALOR UNIONISTA': 16, 'CABAL': 11, 'TODOS': 0, 'VAMOS': 2, 'PHG': 0, 'PR': 2, 'PIN': 1, 'ELEFANTE': 1, 'VICTORIA': 30, 'SEMILLA': 65, 'FCN-NACION': 1, 'PPN': 0, 'UR': 5, 'URNG-MAIZ WINAQ': 3, 'CREO': 1, 'BIEN': 11, 'VIVA': 23, 'MI FAMILIA': 6, 'CAMBIO': 32, 'VOS': 33}",1,35,289,0,Sumas Asentadas sin cuadrar,1.Guatemala,8.Mixco,0299,presidente
3184,,"{'UNE': 10, 'AZUL': 2, 'VALOR UNIONISTA': 17, 'CABAL': 12, 'TODOS': 0, 'VAMOS': 4, 'PHG': 0, 'PR': 4, 'PIN': 1, 'ELEFANTE': 2, 'VICTORIA': 33, 'SEMILLA': 80, 'FCN-NACION': 0, 'PPN': 0, 'UR': 7, 'URNG-MAIZ WINAQ': 5, 'CREO': 5, 'BIEN': 13, 'VIVA': 19, 'MI FAMILIA': 3, 'CAMBIO': 0, 'VOS': 20}",2,23,262,0,Algún campo sin dato,1.Guatemala,8.Mixco,0299,presidente
3185,,"{'UNE': 15, 'AZUL': 2, 'VALOR UNIONISTA': 29, 'CABAL': 10, 'TODOS': 0, 'VAMOS': 4, 'PHG': 0, 'PR': 1, 'PIN': 2, 'ELEFANTE': 2, 'VICTORIA': 15, 'SEMILLA': 70, 'FCN-NACION': 2, 'PPN': 0, 'UR': 5, 'URNG-MAIZ WINAQ': 4, 'CREO': 0, 'BIEN': 13, 'VIVA': 16, 'MI FAMILIA': 8, 'CAMBIO': 0, 'VOS': 38}",2,22,260,0,Algún campo sin dato,1.Guatemala,8.Mixco,0299,presidente
3186,,"{'UNE': 11, 'AZUL': 5, 'VALOR UNIONISTA': 11, 'CABAL': 12, 'TODOS': 0, 'VAMOS': 2, 'PHG': 0, 'PR': 2, 'PIN': 1, 'ELEFANTE': 2, 'VICTORIA': 29, 'SEMILLA': 74, 'FCN-NACION': 0, 'PPN': 2, 'UR': 2, 'URNG-MAIZ WINAQ': 0, 'CREO': 2, 'BIEN': 16, 'VIVA': 15, 'MI FAMILIA': 4, 'CAMBIO': 0, 'VOS': 20}",2,32,244,0,Algún campo sin dato,1.Guatemala,8.Mixco,0299,presidente
3187,,"{'UNE': 9, 'AZUL': 4, 'VALOR UNIONISTA': 22, 'CABAL': 17, 'TODOS': 0, 'VAMOS': 4, 'PHG': 1, 'PR': 4, 'PIN': 0, 'ELEFANTE': 2, 'VICTORIA': 18, 'SEMILLA': 80, 'FCN-NACION': 1, 'PPN': 0, 'UR': 5, 'URNG-MAIZ WINAQ': 5, 'CREO': 2, 'BIEN': 16, 'VIVA': 11, 'MI FAMILIA': 7, 'CAMBIO': 0, 'VOS': 20}",2,25,255,0,Algún campo sin dato,1.Guatemala,8.Mixco,0299,presidente
3188,,"{'UNE': 19, 'AZUL': 4, 'VALOR UNIONISTA': 24, 'CABAL': 15, 'TODOS': 1, 'VAMOS': 5, 'PHG': 0, 'PR': 2, 'PIN': 2, 'ELEFANTE': 3, 'VICTORIA': 24, 'SEMILLA': 53, 'FCN-NACION': 0, 'PPN': 0, 'UR': 2, 'URNG-MAIZ WINAQ': 6, 'CREO': 3, 'BIEN': 14, 'VIVA': 13, 'MI FAMILIA': 7, 'CAMBIO': 2, 'VOS': 28}",3,19,249,0,Algún campo sin dato,1.Guatemala,8.Mixco,0299,presidente
3189,,"{'UNE': 12, 'AZUL': 3, 'VALOR UNIONISTA': 24, 'CABAL': 19, 'TODOS': 0, 'VAMOS': 1, 'PHG': 0, 'PR': 3, 'PIN': 0, 'ELEFANTE': 4, 'VICTORIA': 18, 'SEMILLA': 73, 'FCN-NACION': 0, 'PPN': 0, 'UR': 4, 'URNG-MAIZ WINAQ': 3, 'CREO': 1, 'BIEN': 18, 'VIVA': 16, 'MI FAMILIA': 9, 'CAMBIO': 1, 'VOS': 28}",2,26,265,1,Algún campo sin dato,1.Guatemala,8.Mixco,0299,presidente
3190,,"{'UNE': 13, 'AZUL': 5, 'VALOR UNIONISTA': 27, 'CABAL': 19, 'TODOS': 1, 'VAMOS': 4, 'PHG': 0, 'PR': 4, 'PIN': 1, 'ELEFANTE': 4, 'VICTORIA': 22, 'SEMILLA': 70, 'FCN-NACION': 0, 'PPN': 0, 'UR': 4, 'URNG-MAIZ WINAQ': 8, 'CREO': 4, 'BIEN': 17, 'VIVA': 16, 'MI FAMILIA': 13, 'CAMBIO': 1, 'VOS': 19}",0,16,268,0,Algún campo sin dato,1.Guatemala,8.Mixco,0300,presidente
3191,,"{'UNE': 11, 'AZUL': 5, 'VALOR UNIONISTA': 24, 'CABAL': 15, 'TODOS': 2, 'VAMOS': 3, 'PHG': 0, 'PR': 3, 'PIN': 1, 'ELEFANTE': 1, 'VICTORIA': 27, 'SEMILLA': 72, 'FCN-NACION': 0, 'PPN': 1, 'UR': 0, 'URNG-MAIZ WINAQ': 5, 'CREO': 1, 'BIEN': 14, 'VIVA': 25, 'MI FAMILIA': 4, 'CAMBIO': 2, 'VOS': 22}",3,27,268,0,Algún campo sin dato,1.Guatemala,8.Mixco,0300,presidente
3192,,"{'UNE': 11, 'AZUL': 3, 'VALOR UNIONISTA': 27, 'CABAL': 24, 'TODOS': 4, 'VAMOS': 1, 'PHG': 2, 'PR': 3, 'PIN': 0, 'ELEFANTE': 2, 'VICTORIA': 27, 'SEMILLA': 83, 'FCN-NACION': 0, 'PPN': 1, 'UR': 1, 'URNG-MAIZ WINAQ': 3, 'CREO': 2, 'BIEN': 15, 'VIVA': 16, 'MI FAMILIA': 6, 'CAMBIO': 0, 'VOS': 30}",1,31,293,0,Algún campo sin dato,1.Guatemala,8.Mixco,0300,presidente
3193,,"{'UNE': 17, 'AZUL': 8, 'VALOR UNIONISTA': 25, 'CABAL': 13, 'TODOS': 0, 'VAMOS': 1, 'PHG': 0, 'PR': 2, 'PIN': 0, 'ELEFANTE': 4, 'VICTORIA': 28, 'SEMILLA': 64, 'FCN-NACION': 2, 'PPN': 2, 'UR': 2, 'URNG-MAIZ WINAQ': 5, 'CREO': 1, 'BIEN': 24, 'VIVA': 11, 'MI FAMILIA': 6, 'CAMBIO': 2, 'VOS': 19}",2,38,276,0,Algún campo sin dato,1.Guatemala,8.Mixco,0300,presidente
3194,,"{'UNE': 14, 'AZUL': 2, 'VALOR UNIONISTA': 29, 'CABAL': 8, 'TODOS': 0, 'VAMOS': 0, 'PHG': 1, 'PR': 2, 'PIN': 1, 'ELEFANTE': 2, 'VICTORIA': 17, 'SEMILLA': 71, 'FCN-NACION': 0, 'PPN': 1, 'UR': 5, 'URNG-MAIZ WINAQ': 5, 'CREO': 3, 'BIEN': 13, 'VIVA': 28, 'MI FAMILIA': 10, 'CAMBIO': 1, 'VOS': 16}",3,28,260,140,Algún campo sin dato,1.Guatemala,8.Mixco,0301,presidente
3195,,"{'UNE': 9, 'AZUL': 3, 'VALOR UNIONISTA': 20, 'CABAL': 11, 'TODOS': 0, 'VAMOS': 1, 'PHG': 0, 'PR': 5, 'PIN': 1, 'ELEFANTE': 5, 'VICTORIA': 31, 'SEMILLA': 55, 'FCN-NACION': 2, 'PPN': 7, 'UR': 3, 'URNG-MAIZ WINAQ': 3, 'CREO': 6, 'BIEN': 7, 'VIVA': 13, 'MI FAMILIA': 6, 'CAMBIO': 1, 'VOS': 22}",0,25,236,164,Algún campo sin dato,1.Guatemala,8.Mixco,0301,presidente
3196,,"{'UNE': 16, 'AZUL': 0, 'VALOR UNIONISTA': 17, 'CABAL': 17, 'TODOS': 0, 'VAMOS': 4, 'PHG': 0, 'PR': 4, 'PIN': 0, 'ELEFANTE': 2, 'VICTORIA': 32, 'SEMILLA': 65, 'FCN-NACION': 0, 'PPN': 2, 'UR': 1, 'URNG-MAIZ WINAQ': 4, 'CREO': 0, 'BIEN': 9, 'VIVA': 14, 'MI FAMILIA': 7, 'CAMBIO': 0, 'VOS': 19}",0,27,240,0,Algún campo sin dato,1.Guatemala,8.Mixco,0301,presidente
3197,,"{'UNE': 17, 'AZUL': 3, 'VALOR UNIONISTA': 14, 'CABAL': 15, 'TODOS': 0, 'VAMOS': 3, 'PHG': 2, 'PR': 2, 'PIN': 0, 'ELEFANTE': 6, 'VICTORIA': 33, 'SEMILLA': 65, 'FCN-NACION': 1, 'PPN': 0, 'UR': 0, 'URNG-MAIZ WINAQ': 4, 'CREO': 3, 'BIEN': 8, 'VIVA': 18, 'MI FAMILIA': 8, 'CAMBIO': 0, 'VOS': 18}",2,25,247,0,Algún campo sin dato,1.Guatemala,8.Mixco,0302,presidente
3198,,"{'UNE': 8, 'AZUL': 2, 'VALOR UNIONISTA': 19, 'CABAL': 13, 'TODOS': 0, 'VAMOS': 4, 'PHG': 1, 'PR': 1, 'PIN': 1, 'ELEFANTE': 2, 'VICTORIA': 35, 'SEMILLA': 57, 'FCN-NACION': 1, 'PPN': 2, 'UR': 2, 'URNG-MAIZ WINAQ': 3, 'CREO': 1, 'BIEN': 12, 'VIVA': 13, 'MI FAMILIA': 9, 'CAMBIO': 2, 'VOS': 30}",3,29,250,0,Algún campo sin dato,1.Guatemala,8.Mixco,0302,presidente
3199,,"{'UNE': 12, 'AZUL': 5, 'VALOR UNIONISTA': 25, 'CABAL': 12, 'TODOS': 0, 'VAMOS': 5, 'PHG': 0, 'PR': 3, 'PIN': 1, 'ELEFANTE': 1, 'VICTORIA': 22, 'SEMILLA': 62, 'FCN-NACION': 1, 'PPN': 0, 'UR': 3, 'URNG-MAIZ WINAQ': 3, 'CREO': 1, 'BIEN': 20, 'VIVA': 28, 'MI FAMILIA': 4, 'CAMBIO': 0, 'VOS': 18}",3,20,249,0,Algún campo sin dato,1.Guatemala,8.Mixco,0302,presidente
3200,,"{'UNE': 14, 'AZUL': 0, 'VALOR UNIONISTA': 26, 'CABAL': 5, 'TODOS': 2, 'VAMOS': 4, 'PHG': 0, 'PR': 3, 'PIN': 0, 'ELEFANTE': 1, 'VICTORIA': 29, 'SEMILLA': 53, 'FCN-NACION': 0, 'PPN': 1, 'UR': 4, 'URNG-MAIZ WINAQ': 2, 'CREO': 1, 'BIEN': 17, 'VIVA': 19, 'MI FAMILIA': 8, 'CAMBIO': 0, 'VOS': 10}",2,28,229,4,Algún campo sin dato,1.Guatemala,8.Mixco,0302,presidente
3201,,"{'UNE': 8, 'AZUL': 4, 'VALOR UNIONISTA': 23, 'CABAL': 16, 'TODOS': 1, 'VAMOS': 3, 'PHG': 0, 'PR': 1, 'PIN': 0, 'ELEFANTE': 7, 'VICTORIA': 31, 'SEMILLA': 49, 'FCN-NACION': 0, 'PPN': 1, 'UR': 5, 'URNG-MAIZ WINAQ': 4, 'CREO': 1, 'BIEN': 14, 'VIVA': 12, 'MI FAMILIA': 11, 'CAMBIO': 0, 'VOS': 29}",0,15,235,6,Algún campo sin dato,1.Guatemala,8.Mixco,0302,presidente
3202,,"{'UNE': 6, 'AZUL': 1, 'VALOR UNIONISTA': 19, 'CABAL': 10, 'TODOS': 1, 'VAMOS': 3, 'PHG': 0, 'PR': 2, 'PIN': 1, 'ELEFANTE': 2, 'VICTORIA': 27, 'SEMILLA': 72, 'FCN-NACION': 0, 'PPN': 0, 'UR': 2, 'URNG-MAIZ WINAQ': 5, 'CREO': 1, 'BIEN': 10, 'VIVA': 16, 'MI FAMILIA': 7, 'CAMBIO': 0, 'VOS': 19}",0,26,230,0,Algún campo sin dato,1.Guatemala,8.Mixco,0302,presidente
3203,,"{'UNE': 16, 'AZUL': 2, 'VALOR UNIONISTA': 23, 'CABAL': 7, 'TODOS': 1, 'VAMOS': 5, 'PHG': 0, 'PR': 3, 'PIN': 1, 'ELEFANTE': 9, 'VICTORIA': 23, 'SEMILLA': 79, 'FCN-NACION': 1, 'PPN': 1, 'UR': 3, 'URNG-MAIZ WINAQ': 2, 'CREO': 3, 'BIEN': 12, 'VIVA': 13, 'MI FAMILIA': 7, 'CAMBIO': 0, 'VOS': 26}",2,23,262,2,Algún campo sin dato,1.Guatemala,8.Mixco,0302,presidente
3204,,"{'UNE': 11, 'AZUL': 3, 'VALOR UNIONISTA': 8, 'CABAL': 15, 'TODOS': 0, 'VAMOS': 2, 'PHG': 0, 'PR': 2, 'PIN': 0, 'ELEFANTE': 1, 'VICTORIA': 20, 'SEMILLA': 81, 'FCN-NACION': 0, 'PPN': 0, 'UR': 1, 'URNG-MAIZ WINAQ': 4, 'CREO': 2, 'BIEN': 11, 'VIVA': 23, 'MI FAMILIA': 2, 'CAMBIO': 0, 'VOS': 16}",0,24,226,0,Algún campo sin dato,1.Guatemala,8.Mixco,0302,presidente
3205,,"{'UNE': 7, 'AZUL': 1, 'VALOR UNIONISTA': 16, 'CABAL': 11, 'TODOS': 0, 'VAMOS': 2, 'PHG': 1, 'PR': 1, 'PIN': 0, 'ELEFANTE': 0, 'VICTORIA': 12, 'SEMILLA': 120, 'FCN-NACION': 0, 'PPN': 1, 'UR': 2, 'URNG-MAIZ WINAQ': 2, 'CREO': 1, 'BIEN': 17, 'VIVA': 11, 'MI FAMILIA': 7, 'CAMBIO': 0, 'VOS': 18}",0,19,249,0,Algún campo sin dato,1.Guatemala,8.Mixco,0302,presidente
3206,,"{'UNE': 7, 'AZUL': 3, 'VALOR UNIONISTA': 14, 'CABAL': 10, 'TODOS': 1, 'VAMOS': 1, 'PHG': 0, 'PR': 2, 'PIN': 0, 'ELEFANTE': 3, 'VICTORIA': 15, 'SEMILLA': 168, 'FCN-NACION': 1, 'PPN': 0, 'UR': 3, 'URNG-MAIZ WINAQ': 0, 'CREO': 1, 'BIEN': 18, 'VIVA': 6, 'MI FAMILIA': 1, 'CAMBIO': 0, 'VOS': 22}",1,15,292,0,Algún campo sin dato,1.Guatemala,8.Mixco,0302,presidente
3207,,"{'UNE': 7, 'AZUL': 1, 'VALOR UNIONISTA': 17, 'CABAL': 17, 'TODOS': 1, 'VAMOS': 5, 'PHG': 0, 'PR': 3, 'PIN': 1, 'ELEFANTE': 2, 'VICTORIA': 8, 'SEMILLA': 158, 'FCN-NACION': 0, 'PPN': 1, 'UR': 2, 'URNG-MAIZ WINAQ': 2, 'CREO': 0, 'BIEN': 22, 'VIVA': 4, 'MI FAMILIA': 3, 'CAMBIO': 0, 'VOS': 25}",1,11,291,0,Algún campo sin dato,1.Guatemala,8.Mixco,0302,presidente
3208,,"{'UNE': 1, 'AZUL': 0, 'VALOR UNIONISTA': 8, 'CABAL': 14, 'TODOS': 0, 'VAMOS': 2, 'PHG': 0, 'PR': 0, 'PIN': 0, 'ELEFANTE': 2, 'VICTORIA': 12, 'SEMILLA': 154, 'FCN-NACION': 0, 'PPN': 1, 'UR': 0, 'URNG-MAIZ WINAQ': 6, 'CREO': 3, 'BIEN': 5, 'VIVA': 11, 'MI FAMILIA': 3, 'CAMBIO': 0, 'VOS': 20}",0,17,259,1,Algún campo sin dato,1.Guatemala,8.Mixco,0302,presidente
3209,,"{'UNE': 6, 'AZUL': 3, 'VALOR UNIONISTA': 7, 'CABAL': 6, 'TODOS': 0, 'VAMOS': 0, 'PHG': 0, 'PR': 2, 'PIN': 0, 'ELEFANTE': 2, 'VICTORIA': 13, 'SEMILLA': 105, 'FCN-NACION': 0, 'PPN': 0, 'UR': 2, 'URNG-MAIZ WINAQ': 1, 'CREO': 1, 'BIEN': 10, 'VIVA': 10, 'MI FAMILIA': 4, 'CAMBIO': 1, 'VOS': 15}",0,17,205,0,Algún campo sin dato,1.Guatemala,8.Mixco,0303,presidente
3210,,"{'UNE': 6, 'AZUL': 2, 'VALOR UNIONISTA': 2, 'CABAL': 8, 'TODOS': 0, 'VAMOS': 2, 'PHG': 0, 'PR': 0, 'PIN': 0, 'ELEFANTE': 1, 'VICTORIA': 13, 'SEMILLA': 79, 'FCN-NACION': 0, 'PPN': 1, 'UR': 1, 'URNG-MAIZ WINAQ': 1, 'CREO': 4, 'BIEN': 14, 'VIVA': 12, 'MI FAMILIA': 2, 'CAMBIO': 0, 'VOS': 11}",0,25,184,0,Algún campo sin dato,1.Guatemala,8.Mixco,0303,presidente
3211,,"{'UNE': 9, 'AZUL': 3, 'VALOR UNIONISTA': 12, 'CABAL': 10, 'TODOS': 0, 'VAMOS': 1, 'PHG': 1, 'PR': 0, 'PIN': 1, 'ELEFANTE': 5, 'VICTORIA': 15, 'SEMILLA': 111, 'FCN-NACION': 0, 'PPN': 1, 'UR': 1, 'URNG-MAIZ WINAQ': 0, 'CREO': 1, 'BIEN': 11, 'VIVA': 6, 'MI FAMILIA': 3, 'CAMBIO': 1, 'VOS': 11}",1,20,224,0,Algún campo sin dato,1.Guatemala,8.Mixco,0303,presidente
3212,,"{'UNE': 2, 'AZUL': 2, 'VALOR UNIONISTA': 10, 'CABAL': 11, 'TODOS': 0, 'VAMOS': 2, 'PHG': 0, 'PR': 0, 'PIN': 1, 'ELEFANTE': 2, 'VICTORIA': 14, 'SEMILLA': 94, 'FCN-NACION': 0, 'PPN': 0, 'UR': 2, 'URNG-MAIZ WINAQ': 1, 'CREO': 0, 'BIEN': 7, 'VIVA': 3, 'MI FAMILIA': 1, 'CAMBIO': 0, 'VOS': 8}",0,4,164,0,Algún campo sin dato,1.Guatemala,8.Mixco,0303,presidente
3213,,"{'UNE': 2, 'AZUL': 2, 'VALOR UNIONISTA': 11, 'CABAL': 7, 'TODOS': 0, 'VAMOS': 1, 'PHG': 0, 'PR': 0, 'PIN': 0, 'ELEFANTE': 0, 'VICTORIA': 6, 'SEMILLA': 71, 'FCN-NACION': 1, 'PPN': 1, 'UR': 0, 'URNG-MAIZ WINAQ': 1, 'CREO': 0, 'BIEN': 4, 'VIVA': 2, 'MI FAMILIA': 1, 'CAMBIO': 0, 'VOS': 11}",2,8,131,0,Algún campo sin dato,1.Guatemala,8.Mixco,0303,presidente
3214,,"{'UNE': 12, 'AZUL': 3, 'VALOR UNIONISTA': 45, 'CABAL': 29, 'TODOS': 0, 'VAMOS': 6, 'PHG': 0, 'PR': 1, 'PIN': 0, 'ELEFANTE': 4, 'VICTORIA': 5, 'SEMILLA': 92, 'FCN-NACION': 2, 'PPN': 0, 'UR': 2, 'URNG-MAIZ WINAQ': 0, 'CREO': 2, 'BIEN': 26, 'VIVA': 3, 'MI FAMILIA': 3, 'CAMBIO': 0, 'VOS': 40}",3,20,298,0,Algún campo sin dato,1.Guatemala,8.Mixco,0304,presidente
3215,,"{'UNE': 8, 'AZUL': 7, 'VALOR UNIONISTA': 48, 'CABAL': 36, 'TODOS': 3, 'VAMOS': 0, 'PHG': 0, 'PR': 5, 'PIN': 1, 'ELEFANTE': 7, 'VICTORIA': 12, 'SEMILLA': 67, 'FCN-NACION': 1, 'PPN': 0, 'UR': 1, 'URNG-MAIZ WINAQ': 3, 'CREO': 4, 'BIEN': 23, 'VIVA': 5, 'MI FAMILIA': 5, 'CAMBIO': 0, 'VOS': 37}",0,23,296,0,Algún campo sin dato,1.Guatemala,8.Mixco,0304,presidente
3216,,"{'UNE': 8, 'AZUL': 7, 'VALOR UNIONISTA': 41, 'CABAL': 33, 'TODOS': 4, 'VAMOS': 4, 'PHG': 0, 'PR': 5, 'PIN': 1, 'ELEFANTE': 1, 'VICTORIA': 9, 'SEMILLA': 82, 'FCN-NACION': 0, 'PPN': 2, 'UR': 0, 'URNG-MAIZ WINAQ': 2, 'CREO': 5, 'BIEN': 19, 'VIVA': 4, 'MI FAMILIA': 3, 'CAMBIO': 1, 'VOS': 38}",0,25,294,2,Algún campo sin dato,1.Guatemala,8.Mixco,0304,presidente
3217,,"{'UNE': 8, 'AZUL': 9, 'VALOR UNIONISTA': 55, 'CABAL': 19, 'TODOS': 0, 'VAMOS': 3, 'PHG': 0, 'PR': 1, 'PIN': 1, 'ELEFANTE': 2, 'VICTORIA': 5, 'SEMILLA': 80, 'FCN-NACION': 1, 'PPN': 0, 'UR': 1, 'URNG-MAIZ WINAQ': 2, 'CREO': 4, 'BIEN': 19, 'VIVA': 1, 'MI FAMILIA': 1, 'CAMBIO': 1, 'VOS': 31}",0,25,269,0,Sumas Asentadas sin cuadrar,1.Guatemala,8.Mixco,0304,presidente
3218,,"{'UNE': 7, 'AZUL': 2, 'VALOR UNIONISTA': 38, 'CABAL': 23, 'TODOS': 1, 'VAMOS': 3, 'PHG': 1, 'PR': 4, 'PIN': 0, 'ELEFANTE': 1, 'VICTORIA': 4, 'SEMILLA': 89, 'FCN-NACION': 0, 'PPN': 0, 'UR': 1, 'URNG-MAIZ WINAQ': 5, 'CREO': 2, 'BIEN': 27, 'VIVA': 6, 'MI FAMILIA': 3, 'CAMBIO': 0, 'VOS': 50}",0,25,292,0,,1.Guatemala,8.Mixco,0304,presidente
3219,,"{'UNE': 6, 'AZUL': 2, 'VALOR UNIONISTA': 39, 'CABAL': 38, 'TODOS': 0, 'VAMOS': 4, 'PHG': 0, 'PR': 5, 'PIN': 0, 'ELEFANTE': 1, 'VICTORIA': 6, 'SEMILLA': 94, 'FCN-NACION': 0, 'PPN': 0, 'UR': 0, 'URNG-MAIZ WINAQ': 2, 'CREO': 4, 'BIEN': 29, 'VIVA': 4, 'MI FAMILIA': 2, 'CAMBIO': 0, 'VOS': 37}",0,21,294,0,Algún campo sin dato,1.Guatemala,8.Mixco,0304,presidente
3220,,"{'UNE': 11, 'AZUL': 5, 'VALOR UNIONISTA': 48, 'CABAL': 28, 'TODOS': 1, 'VAMOS': 6, 'PHG': 0, 'PR': 1, 'PIN': 0, 'ELEFANTE': 2, 'VICTORIA': 5, 'SEMILLA': 91, 'FCN-NACION': 0, 'PPN': 0, 'UR': 0, 'URNG-MAIZ WINAQ': 4, 'CREO': 3, 'BIEN': 36, 'VIVA': 4, 'MI FAMILIA': 1, 'CAMBIO': 0, 'VOS': 28}",0,25,299,100,Sumas Asentadas sin cuadrar,1.Guatemala,8.Mixco,0304,presidente
3221,,"{'UNE': 6, 'AZUL': 6, 'VALOR UNIONISTA': 47, 'CABAL': 29, 'TODOS': 0, 'VAMOS': 5, 'PHG': 1, 'PR': 3, 'PIN': 0, 'ELEFANTE': 5, 'VICTORIA': 8, 'SEMILLA': 80, 'FCN-NACION': 2, 'PPN': 0, 'UR': 0, 'URNG-MAIZ WINAQ': 1, 'CREO': 2, 'BIEN': 20, 'VIVA': 9, 'MI FAMILIA': 4, 'CAMBIO': 0, 'VOS': 47}",0,31,306,0,Algún campo sin dato,1.Guatemala,8.Mixco,0304,presidente
3222,,"{'UNE': 6, 'AZUL': 7, 'VALOR UNIONISTA': 46, 'CABAL': 28, 'TODOS': 1, 'VAMOS': 5, 'PHG': 0, 'PR': 2, 'PIN': 0, 'ELEFANTE': 3, 'VICTORIA': 5, 'SEMILLA': 98, 'FCN-NACION': 1, 'PPN': 0, 'UR': 0, 'URNG-MAIZ WINAQ': 3, 'CREO': 2, 'BIEN': 22, 'VIVA': 5, 'MI FAMILIA': 6, 'CAMBIO': 0, 'VOS': 29}",107,24,400,0,Algún campo sin dato,1.Guatemala,8.Mixco,0304,presidente
3223,,"{'UNE': 4, 'AZUL': 5, 'VALOR UNIONISTA': 37, 'CABAL': 30, 'TODOS': 1, 'VAMOS': 4, 'PHG': 0, 'PR': 1, 'PIN': 0, 'ELEFANTE': 5, 'VICTORIA': 3, 'SEMILLA': 95, 'FCN-NACION': 0, 'PPN': 2, 'UR': 1, 'URNG-MAIZ WINAQ': 3, 'CREO': 3, 'BIEN': 25, 'VIVA': 8, 'MI FAMILIA': 2, 'CAMBIO': 0, 'VOS': 34}",0,29,292,0,Algún campo sin dato,1.Guatemala,8.Mixco,0304,presidente
3224,,"{'UNE': 9, 'AZUL': 1, 'VALOR UNIONISTA': 44, 'CABAL': 23, 'TODOS': 1, 'VAMOS': 1, 'PHG': 0, 'PR': 2, 'PIN': 1, 'ELEFANTE': 4, 'VICTORIA': 9, 'SEMILLA': 83, 'FCN-NACION': 1, 'PPN': 0, 'UR': 1, 'URNG-MAIZ WINAQ': 0, 'CREO': 3, 'BIEN': 16, 'VIVA': 8, 'MI FAMILIA': 2, 'CAMBIO': 1, 'VOS': 42}",1,17,270,0,Algún campo sin dato,1.Guatemala,8.Mixco,0305,presidente
3225,,"{'UNE': 5, 'AZUL': 0, 'VALOR UNIONISTA': 42, 'CABAL': 15, 'TODOS': 1, 'VAMOS': 4, 'PHG': 0, 'PR': 1, 'PIN': 1, 'ELEFANTE': 2, 'VICTORIA': 2, 'SEMILLA': 134, 'FCN-NACION': 1, 'PPN': 0, 'UR': 0, 'URNG-MAIZ WINAQ': 2, 'CREO': 0, 'BIEN': 16, 'VIVA': 2, 'MI FAMILIA': 3, 'CAMBIO': 1, 'VOS': 32}",0,17,281,0,Algún campo sin dato,1.Guatemala,8.Mixco,0305,presidente
3226,,"{'UNE': 5, 'AZUL': 2, 'VALOR UNIONISTA': 19, 'CABAL': 16, 'TODOS': 1, 'VAMOS': 1, 'PHG': 0, 'PR': 1, 'PIN': 0, 'ELEFANTE': 0, 'VICTORIA': 4, 'SEMILLA': 185, 'FCN-NACION': 1, 'PPN': 1, 'UR': 0, 'URNG-MAIZ WINAQ': 0, 'CREO': 0, 'BIEN': 23, 'VIVA': 2, 'MI FAMILIA': 3, 'CAMBIO': 0, 'VOS': 19}",0,14,297,0,Sumas Asentadas sin cuadrar,1.Guatemala,8.Mixco,0305,presidente
3227,,"{'UNE': 2, 'AZUL': 3, 'VALOR UNIONISTA': 16, 'CABAL': 7, 'TODOS': 0, 'VAMOS': 2, 'PHG': 0, 'PR': 1, 'PIN': 0, 'ELEFANTE': 1, 'VICTORIA': 0, 'SEMILLA': 77, 'FCN-NACION': 0, 'PPN': 2, 'UR': 1, 'URNG-MAIZ WINAQ': 1, 'CREO': 0, 'BIEN': 17, 'VIVA': 5, 'MI FAMILIA': 0, 'CAMBIO': 1, 'VOS': 16}",0,13,165,0,Algún campo sin dato,1.Guatemala,8.Mixco,0305,presidente
3228,,"{'UNE': 3, 'AZUL': 3, 'VALOR UNIONISTA': 10, 'CABAL': 9, 'TODOS': 0, 'VAMOS': 0, 'PHG': 0, 'PR': 0, 'PIN': 0, 'ELEFANTE': 2, 'VICTORIA': 1, 'SEMILLA': 98, 'FCN-NACION': 0, 'PPN': 0, 'UR': 0, 'URNG-MAIZ WINAQ': 0, 'CREO': 1, 'BIEN': 14, 'VIVA': 2, 'MI FAMILIA': 2, 'CAMBIO': 0, 'VOS': 8}",0,12,165,0,Algún campo sin dato,1.Guatemala,8.Mixco,0305,presidente
3229,,"{'UNE': 7, 'AZUL': 11, 'VALOR UNIONISTA': 50, 'CABAL': 20, 'TODOS': 0, 'VAMOS': 5, 'PHG': 3, 'PR': 4, 'PIN': 0, 'ELEFANTE': 2, 'VICTORIA': 2, 'SEMILLA': 94, 'FCN-NACION': 1, 'PPN': 0, 'UR': 0, 'URNG-MAIZ WINAQ': 1, 'CREO': 6, 'BIEN': 27, 'VIVA': 3, 'MI FAMILIA': 5, 'CAMBIO': 1, 'VOS': 40}",0,28,310,0,Sumas Asentadas sin cuadrar,1.Guatemala,8.Mixco,0306,presidente
3230,,"{'UNE': 10, 'AZUL': 3, 'VALOR UNIONISTA': 34, 'CABAL': 34, 'TODOS': 0, 'VAMOS': 3, 'PHG': 0, 'PR': 0, 'PIN': 1, 'ELEFANTE': 7, 'VICTORIA': 3, 'SEMILLA': 83, 'FCN-NACION': 1, 'PPN': 0, 'UR': 2, 'URNG-MAIZ WINAQ': 1, 'CREO': 3, 'BIEN': 23, 'VIVA': 5, 'MI FAMILIA': 6, 'CAMBIO': 1, 'VOS': 43}",103,34,400,0,Algún campo sin dato,1.Guatemala,8.Mixco,0306,presidente
3231,,"{'UNE': 7, 'AZUL': 7, 'VALOR UNIONISTA': 48, 'CABAL': 32, 'TODOS': 1, 'VAMOS': 5, 'PHG': 0, 'PR': 3, 'PIN': 2, 'ELEFANTE': 1, 'VICTORIA': 6, 'SEMILLA': 77, 'FCN-NACION': 1, 'PPN': 0, 'UR': 4, 'URNG-MAIZ WINAQ': 2, 'CREO': 5, 'BIEN': 24, 'VIVA': 8, 'MI FAMILIA': 6, 'CAMBIO': 0, 'VOS': 36}",4,32,311,0,Sumas Asentadas sin cuadrar,1.Guatemala,8.Mixco,0306,presidente
3232,,"{'UNE': 13, 'AZUL': 6, 'VALOR UNIONISTA': 42, 'CABAL': 31, 'TODOS': 0, 'VAMOS': 8, 'PHG': 1, 'PR': 1, 'PIN': 2, 'ELEFANTE': 1, 'VICTORIA': 6, 'SEMILLA': 83, 'FCN-NACION': 0, 'PPN': 1, 'UR': 5, 'URNG-MAIZ WINAQ': 2, 'CREO': 2, 'BIEN': 21, 'VIVA': 3, 'MI FAMILIA': 4, 'CAMBIO': 0, 'VOS': 39}",0,30,301,0,Algún campo sin dato,1.Guatemala,8.Mixco,0306,presidente
3233,,"{'UNE': 5, 'AZUL': 7, 'VALOR UNIONISTA': 33, 'CABAL': 31, 'TODOS': 0, 'VAMOS': 4, 'PHG': 1, 'PR': 2, 'PIN': 0, 'ELEFANTE': 2, 'VICTORIA': 4, 'SEMILLA': 66, 'FCN-NACION': 0, 'PPN': 0, 'UR': 1, 'URNG-MAIZ WINAQ': 1, 'CREO': 2, 'BIEN': 32, 'VIVA': 4, 'MI FAMILIA': 6, 'CAMBIO': 0, 'VOS': 51}",0,32,284,0,Algún campo sin dato,1.Guatemala,8.Mixco,0306,presidente
3234,,"{'UNE': 8, 'AZUL': 3, 'VALOR UNIONISTA': 22, 'CABAL': 27, 'TODOS': 0, 'VAMOS': 3, 'PHG': 2, 'PR': 3, 'PIN': 1, 'ELEFANTE': 1, 'VICTORIA': 5, 'SEMILLA': 104, 'FCN-NACION': 1, 'PPN': 1, 'UR': 2, 'URNG-MAIZ WINAQ': 4, 'CREO': 4, 'BIEN': 22, 'VIVA': 3, 'MI FAMILIA': 2, 'CAMBIO': 0, 'VOS': 54}",0,18,290,0,,1.Guatemala,8.Mixco,0306,presidente
3235,,"{'UNE': 9, 'AZUL': 8, 'VALOR UNIONISTA': 40, 'CABAL': 22, 'TODOS': 1, 'VAMOS': 4, 'PHG': 1, 'PR': 2, 'PIN': 2, 'ELEFANTE': 6, 'VICTORIA': 5, 'SEMILLA': 72, 'FCN-NACION': 0, 'PPN': 0, 'UR': 3, 'URNG-MAIZ WINAQ': 3, 'CREO': 2, 'BIEN': 26, 'VIVA': 9, 'MI FAMILIA': 7, 'CAMBIO': 1, 'VOS': 42}",0,26,291,0,Algún campo sin dato,1.Guatemala,8.Mixco,0306,presidente
3236,,"{'UNE': 5, 'AZUL': 7, 'VALOR UNIONISTA': 38, 'CABAL': 23, 'TODOS': 0, 'VAMOS': 3, 'PHG': 0, 'PR': 3, 'PIN': 0, 'ELEFANTE': 0, 'VICTORIA': 9, 'SEMILLA': 103, 'FCN-NACION': 1, 'PPN': 0, 'UR': 1, 'URNG-MAIZ WINAQ': 4, 'CREO': 5, 'BIEN': 19, 'VIVA': 5, 'MI FAMILIA': 6, 'CAMBIO': 1, 'VOS': 38}",0,20,291,0,Algún campo sin dato,1.Guatemala,8.Mixco,0306,presidente
3237,,"{'UNE': 3, 'AZUL': 3, 'VALOR UNIONISTA': 42, 'CABAL': 42, 'TODOS': 0, 'VAMOS': 3, 'PHG': 1, 'PR': 2, 'PIN': 0, 'ELEFANTE': 5, 'VICTORIA': 5, 'SEMILLA': 89, 'FCN-NACION': 1, 'PPN': 0, 'UR': 1, 'URNG-MAIZ WINAQ': 5, 'CREO': 3, 'BIEN': 25, 'VIVA': 7, 'MI FAMILIA': 7, 'CAMBIO': 0, 'VOS': 39}",2,25,310,1,Algún campo sin dato,1.Guatemala,8.Mixco,0306,presidente
3238,,"{'UNE': 8, 'AZUL': 5, 'VALOR UNIONISTA': 38, 'CABAL': 21, 'TODOS': 0, 'VAMOS': 2, 'PHG': 1, 'PR': 5, 'PIN': 1, 'ELEFANTE': 5, 'VICTORIA': 8, 'SEMILLA': 108, 'FCN-NACION': 3, 'PPN': 0, 'UR': 7, 'URNG-MAIZ WINAQ': 0, 'CREO': 2, 'BIEN': 20, 'VIVA': 4, 'MI FAMILIA': 2, 'CAMBIO': 0, 'VOS': 47}",0,18,305,4,Sumas Asentadas sin cuadrar,1.Guatemala,8.Mixco,0306,presidente
3239,,"{'UNE': 3, 'AZUL': 7, 'VALOR UNIONISTA': 40, 'CABAL': 33, 'TODOS': 1, 'VAMOS': 8, 'PHG': 1, 'PR': 5, 'PIN': 1, 'ELEFANTE': 4, 'VICTORIA': 9, 'SEMILLA': 95, 'FCN-NACION': 0, 'PPN': 1, 'UR': 0, 'URNG-MAIZ WINAQ': 2, 'CREO': 2, 'BIEN': 17, 'VIVA': 4, 'MI FAMILIA': 5, 'CAMBIO': 1, 'VOS': 43}",0,23,305,0,Algún campo sin dato,1.Guatemala,8.Mixco,0306,presidente
3240,,"{'UNE': 9, 'AZUL': 4, 'VALOR UNIONISTA': 42, 'CABAL': 30, 'TODOS': 0, 'VAMOS': 5, 'PHG': 0, 'PR': 6, 'PIN': 1, 'ELEFANTE': 3, 'VICTORIA': 5, 'SEMILLA': 87, 'FCN-NACION': 1, 'PPN': 1, 'UR': 2, 'URNG-MAIZ WINAQ': 2, 'CREO': 7, 'BIEN': 19, 'VIVA': 7, 'MI FAMILIA': 3, 'CAMBIO': 0, 'VOS': 45}",1,25,305,0,Algún campo sin dato,1.Guatemala,8.Mixco,0306,presidente
3241,,"{'UNE': 8, 'AZUL': 7, 'VALOR UNIONISTA': 59, 'CABAL': 28, 'TODOS': 0, 'VAMOS': 5, 'PHG': 2, 'PR': 1, 'PIN': 2, 'ELEFANTE': 4, 'VICTORIA': 3, 'SEMILLA': 81, 'FCN-NACION': 0, 'PPN': 0, 'UR': 1, 'URNG-MAIZ WINAQ': 2, 'CREO': 1, 'BIEN': 22, 'VIVA': 5, 'MI FAMILIA': 3, 'CAMBIO': 0, 'VOS': 41}",0,22,297,0,Sumas Asentadas sin cuadrar,1.Guatemala,8.Mixco,0306,presidente
3242,,"{'UNE': 4, 'AZUL': 8, 'VALOR UNIONISTA': 39, 'CABAL': 17, 'TODOS': 1, 'VAMOS': 3, 'PHG': 2, 'PR': 1, 'PIN': 1, 'ELEFANTE': 0, 'VICTORIA': 7, 'SEMILLA': 92, 'FCN-NACION': 2, 'PPN': 1, 'UR': 4, 'URNG-MAIZ WINAQ': 2, 'CREO': 4, 'BIEN': 21, 'VIVA': 10, 'MI FAMILIA': 6, 'CAMBIO': 0, 'VOS': 41}",0,30,296,0,Algún campo sin dato,1.Guatemala,8.Mixco,0306,presidente
3243,,"{'UNE': 9, 'AZUL': 3, 'VALOR UNIONISTA': 37, 'CABAL': 22, 'TODOS': 0, 'VAMOS': 3, 'PHG': 2, 'PR': 2, 'PIN': 1, 'ELEFANTE': 3, 'VICTORIA': 6, 'SEMILLA': 91, 'FCN-NACION': 0, 'PPN': 1, 'UR': 3, 'URNG-MAIZ WINAQ': 6, 'CREO': 2, 'BIEN': 22, 'VIVA': 4, 'MI FAMILIA': 2, 'CAMBIO': 0, 'VOS': 47}",0,17,283,0,Algún campo sin dato,1.Guatemala,8.Mixco,0306,presidente
3244,,"{'UNE': 3, 'AZUL': 3, 'VALOR UNIONISTA': 31, 'CABAL': 24, 'TODOS': 0, 'VAMOS': 3, 'PHG': 0, 'PR': 4, 'PIN': 0, 'ELEFANTE': 1, 'VICTORIA': 4, 'SEMILLA': 145, 'FCN-NACION': 1, 'PPN': 1, 'UR': 0, 'URNG-MAIZ WINAQ': 1, 'CREO': 1, 'BIEN': 17, 'VIVA': 5, 'MI FAMILIA': 1, 'CAMBIO': 0, 'VOS': 26}",0,11,282,0,Algún campo sin dato,1.Guatemala,8.Mixco,0306,presidente
3245,,"{'UNE': 3, 'AZUL': 3, 'VALOR UNIONISTA': 15, 'CABAL': 14, 'TODOS': 17, 'VAMOS': 0, 'PHG': 1, 'PR': 0, 'PIN': 1, 'ELEFANTE': 1, 'VICTORIA': 5, 'SEMILLA': 189, 'FCN-NACION': 0, 'PPN': 0, 'UR': 0, 'URNG-MAIZ WINAQ': 2, 'CREO': 0, 'BIEN': 13, 'VIVA': 8, 'MI FAMILIA': 0, 'CAMBIO': 0, 'VOS': 17}",0,7,296,0,Sumas Asentadas sin cuadrar,1.Guatemala,8.Mixco,0306,presidente
3246,,"{'UNE': 5, 'AZUL': 2, 'VALOR UNIONISTA': 13, 'CABAL': 12, 'TODOS': 0, 'VAMOS': 3, 'PHG': 1, 'PR': 2, 'PIN': 3, 'ELEFANTE': 0, 'VICTORIA': 3, 'SEMILLA': 135, 'FCN-NACION': 0, 'PPN': 0, 'UR': 0, 'URNG-MAIZ WINAQ': 1, 'CREO': 0, 'BIEN': 16, 'VIVA': 4, 'MI FAMILIA': 2, 'CAMBIO': 1, 'VOS': 22}",0,12,237,0,Algún campo sin dato,1.Guatemala,8.Mixco,0306,presidente
3247,,"{'UNE': 14, 'AZUL': 5, 'VALOR UNIONISTA': 50, 'CABAL': 21, 'TODOS': 0, 'VAMOS': 6, 'PHG': 0, 'PR': 3, 'PIN': 0, 'ELEFANTE': 2, 'VICTORIA': 6, 'SEMILLA': 96, 'FCN-NACION': 0, 'PPN': 1, 'UR': 0, 'URNG-MAIZ WINAQ': 2, 'CREO': 5, 'BIEN': 23, 'VIVA': 8, 'MI FAMILIA': 5, 'CAMBIO': 0, 'VOS': 44}",0,23,314,0,Algún campo sin dato,1.Guatemala,8.Mixco,0307,presidente
3248,,"{'UNE': 11, 'AZUL': 5, 'VALOR UNIONISTA': 43, 'CABAL': 29, 'TODOS': 0, 'VAMOS': 4, 'PHG': 1, 'PR': 5, 'PIN': 2, 'ELEFANTE': 6, 'VICTORIA': 6, 'SEMILLA': 76, 'FCN-NACION': 3, 'PPN': 3, 'UR': 1, 'URNG-MAIZ WINAQ': 1, 'CREO': 4, 'BIEN': 17, 'VIVA': 9, 'MI FAMILIA': 5, 'CAMBIO': 0, 'VOS': 51}",0,30,312,0,Sumas Asentadas sin cuadrar,1.Guatemala,8.Mixco,0307,presidente
3249,,"{'UNE': 7, 'AZUL': 3, 'VALOR UNIONISTA': 42, 'CABAL': 33, 'TODOS': 0, 'VAMOS': 2, 'PHG': 0, 'PR': 2, 'PIN': 1, 'ELEFANTE': 2, 'VICTORIA': 3, 'SEMILLA': 81, 'FCN-NACION': 0, 'PPN': 0, 'UR': 0, 'URNG-MAIZ WINAQ': 0, 'CREO': 4, 'BIEN': 33, 'VIVA': 7, 'MI FAMILIA': 10, 'CAMBIO': 1, 'VOS': 41}",0,30,302,0,,1.Guatemala,8.Mixco,0307,presidente
3250,,"{'UNE': 8, 'AZUL': 4, 'VALOR UNIONISTA': 41, 'CABAL': 23, 'TODOS': 1, 'VAMOS': 3, 'PHG': 0, 'PR': 1, 'PIN': 1, 'ELEFANTE': 7, 'VICTORIA': 8, 'SEMILLA': 76, 'FCN-NACION': 1, 'PPN': 0, 'UR': 2, 'URNG-MAIZ WINAQ': 1, 'CREO': 3, 'BIEN': 25, 'VIVA': 8, 'MI FAMILIA': 7, 'CAMBIO': 0, 'VOS': 41}",1,27,289,0,Algún campo sin dato,1.Guatemala,8.Mixco,0307,presidente
3251,,"{'UNE': 6, 'AZUL': 3, 'VALOR UNIONISTA': 49, 'CABAL': 25, 'TODOS': 1, 'VAMOS': 7, 'PHG': 0, 'PR': 3, 'PIN': 1, 'ELEFANTE': 7, 'VICTORIA': 6, 'SEMILLA': 76, 'FCN-NACION': 0, 'PPN': 0, 'UR': 1, 'URNG-MAIZ WINAQ': 1, 'CREO': 0, 'BIEN': 29, 'VIVA': 8, 'MI FAMILIA': 0, 'CAMBIO': 1, 'VOS': 36}",1,31,292,0,Algún campo sin dato,1.Guatemala,8.Mixco,0307,presidente
3252,,"{'UNE': 10, 'AZUL': 6, 'VALOR UNIONISTA': 55, 'CABAL': 22, 'TODOS': 0, 'VAMOS': 5, 'PHG': 0, 'PR': 3, 'PIN': 0, 'ELEFANTE': 2, 'VICTORIA': 5, 'SEMILLA': 83, 'FCN-NACION': 0, 'PPN': 1, 'UR': 2, 'URNG-MAIZ WINAQ': 0, 'CREO': 2, 'BIEN': 26, 'VIVA': 6, 'MI FAMILIA': 5, 'CAMBIO': 0, 'VOS': 32}",1,28,294,105,Algún campo sin dato,1.Guatemala,8.Mixco,0307,presidente
3253,,"{'UNE': 7, 'AZUL': 2, 'VALOR UNIONISTA': 58, 'CABAL': 29, 'TODOS': 2, 'VAMOS': 5, 'PHG': 0, 'PR': 1, 'PIN': 1, 'ELEFANTE': 2, 'VICTORIA': 8, 'SEMILLA': 77, 'FCN-NACION': 0, 'PPN': 0, 'UR': 2, 'URNG-MAIZ WINAQ': 4, 'CREO': 3, 'BIEN': 29, 'VIVA': 4, 'MI FAMILIA': 1, 'CAMBIO': 0, 'VOS': 40}",0,24,299,0,Algún campo sin dato,1.Guatemala,8.Mixco,0307,presidente
3254,,"{'UNE': 9, 'AZUL': 2, 'VALOR UNIONISTA': 27, 'CABAL': 17, 'TODOS': 0, 'VAMOS': 5, 'PHG': 1, 'PR': 0, 'PIN': 1, 'ELEFANTE': 5, 'VICTORIA': 3, 'SEMILLA': 103, 'FCN-NACION': 0, 'PPN': 0, 'UR': 1, 'URNG-MAIZ WINAQ': 1, 'CREO': 2, 'BIEN': 25, 'VIVA': 6, 'MI FAMILIA': 4, 'CAMBIO': 1, 'VOS': 40}",0,21,274,0,Algún campo sin dato,1.Guatemala,8.Mixco,0307,presidente
3255,,"{'UNE': 5, 'AZUL': 3, 'VALOR UNIONISTA': 32, 'CABAL': 24, 'TODOS': 1, 'VAMOS': 3, 'PHG': 0, 'PR': 2, 'PIN': 1, 'ELEFANTE': 4, 'VICTORIA': 7, 'SEMILLA': 97, 'FCN-NACION': 1, 'PPN': 0, 'UR': 4, 'URNG-MAIZ WINAQ': 1, 'CREO': 1, 'BIEN': 26, 'VIVA': 6, 'MI FAMILIA': 5, 'CAMBIO': 1, 'VOS': 36}",1,21,282,0,Algún campo sin dato,1.Guatemala,8.Mixco,0307,presidente
3256,,"{'UNE': 9, 'AZUL': 2, 'VALOR UNIONISTA': 49, 'CABAL': 29, 'TODOS': 5, 'VAMOS': 6, 'PHG': 1, 'PR': 4, 'PIN': 2, 'ELEFANTE': 3, 'VICTORIA': 4, 'SEMILLA': 71, 'FCN-NACION': 1, 'PPN': 2, 'UR': 3, 'URNG-MAIZ WINAQ': 1, 'CREO': 5, 'BIEN': 27, 'VIVA': 9, 'MI FAMILIA': 1, 'CAMBIO': 0, 'VOS': 43}",2,15,294,0,Algún campo sin dato,1.Guatemala,8.Mixco,0307,presidente
3257,,"{'UNE': 4, 'AZUL': 2, 'VALOR UNIONISTA': 55, 'CABAL': 28, 'TODOS': 1, 'VAMOS': 5, 'PHG': 0, 'PR': 3, 'PIN': 0, 'ELEFANTE': 0, 'VICTORIA': 8, 'SEMILLA': 82, 'FCN-NACION': 0, 'PPN': 0, 'UR': 0, 'URNG-MAIZ WINAQ': 0, 'CREO': 0, 'BIEN': 29, 'VIVA': 12, 'MI FAMILIA': 3, 'CAMBIO': 1, 'VOS': 40}",1,24,298,0,Algún campo sin dato,1.Guatemala,8.Mixco,0307,presidente
3258,,"{'UNE': 6, 'AZUL': 4, 'VALOR UNIONISTA': 51, 'CABAL': 21, 'TODOS': 0, 'VAMOS': 6, 'PHG': 0, 'PR': 3, 'PIN': 0, 'ELEFANTE': 4, 'VICTORIA': 5, 'SEMILLA': 105, 'FCN-NACION': 0, 'PPN': 0, 'UR': 2, 'URNG-MAIZ WINAQ': 6, 'CREO': 4, 'BIEN': 19, 'VIVA': 5, 'MI FAMILIA': 2, 'CAMBIO': 0, 'VOS': 35}",1,23,302,0,Algún campo sin dato,1.Guatemala,8.Mixco,0307,presidente
3259,,"{'UNE': 7, 'AZUL': 5, 'VALOR UNIONISTA': 42, 'CABAL': 31, 'TODOS': 1, 'VAMOS': 4, 'PHG': 0, 'PR': 3, 'PIN': 1, 'ELEFANTE': 4, 'VICTORIA': 4, 'SEMILLA': 86, 'FCN-NACION': 0, 'PPN': 2, 'UR': 1, 'URNG-MAIZ WINAQ': 0, 'CREO': 6, 'BIEN': 23, 'VIVA': 3, 'MI FAMILIA': 3, 'CAMBIO': 0, 'VOS': 27}",1,31,285,0,Algún campo sin dato,1.Guatemala,8.Mixco,0307,presidente
3260,,"{'UNE': 8, 'AZUL': 2, 'VALOR UNIONISTA': 49, 'CABAL': 21, 'TODOS': 0, 'VAMOS': 4, 'PHG': 0, 'PR': 4, 'PIN': 1, 'ELEFANTE': 7, 'VICTORIA': 5, 'SEMILLA': 90, 'FCN-NACION': 0, 'PPN': 0, 'UR': 3, 'URNG-MAIZ WINAQ': 2, 'CREO': 3, 'BIEN': 25, 'VIVA': 11, 'MI FAMILIA': 6, 'CAMBIO': 0, 'VOS': 34}",0,24,299,0,Algún campo sin dato,1.Guatemala,8.Mixco,0307,presidente
3261,,"{'UNE': 3, 'AZUL': 3, 'VALOR UNIONISTA': 52, 'CABAL': 27, 'TODOS': 0, 'VAMOS': 9, 'PHG': 0, 'PR': 4, 'PIN': 1, 'ELEFANTE': 3, 'VICTORIA': 7, 'SEMILLA': 82, 'FCN-NACION': 1, 'PPN': 0, 'UR': 0, 'URNG-MAIZ WINAQ': 0, 'CREO': 5, 'BIEN': 28, 'VIVA': 4, 'MI FAMILIA': 5, 'CAMBIO': 2, 'VOS': 32}",0,21,289,0,Sumas Asentadas sin cuadrar,1.Guatemala,8.Mixco,0308,presidente
3262,,"{'UNE': 2, 'AZUL': 1, 'VALOR UNIONISTA': 50, 'CABAL': 28, 'TODOS': 0, 'VAMOS': 3, 'PHG': 0, 'PR': 2, 'PIN': 0, 'ELEFANTE': 3, 'VICTORIA': 8, 'SEMILLA': 85, 'FCN-NACION': 0, 'PPN': 1, 'UR': 0, 'URNG-MAIZ WINAQ': 2, 'CREO': 4, 'BIEN': 24, 'VIVA': 6, 'MI FAMILIA': 1, 'CAMBIO': 0, 'VOS': 41}",0,30,291,0,Algún campo sin dato,1.Guatemala,8.Mixco,0308,presidente
3263,,"{'UNE': 5, 'AZUL': 6, 'VALOR UNIONISTA': 46, 'CABAL': 28, 'TODOS': 0, 'VAMOS': 3, 'PHG': 0, 'PR': 3, 'PIN': 1, 'ELEFANTE': 0, 'VICTORIA': 3, 'SEMILLA': 92, 'FCN-NACION': 3, 'PPN': 1, 'UR': 2, 'URNG-MAIZ WINAQ': 1, 'CREO': 2, 'BIEN': 23, 'VIVA': 10, 'MI FAMILIA': 8, 'CAMBIO': 0, 'VOS': 28}",0,21,286,0,Algún campo sin dato,1.Guatemala,8.Mixco,0308,presidente
3264,,"{'UNE': 10, 'AZUL': 5, 'VALOR UNIONISTA': 45, 'CABAL': 26, 'TODOS': 3, 'VAMOS': 4, 'PHG': 0, 'PR': 1, 'PIN': 1, 'ELEFANTE': 2, 'VICTORIA': 7, 'SEMILLA': 75, 'FCN-NACION': 3, 'PPN': 1, 'UR': 4, 'URNG-MAIZ WINAQ': 0, 'CREO': 4, 'BIEN': 15, 'VIVA': 14, 'MI FAMILIA': 3, 'CAMBIO': 0, 'VOS': 38}",0,19,280,0,Algún campo sin dato,1.Guatemala,8.Mixco,0308,presidente
3265,,"{'UNE': 6, 'AZUL': 2, 'VALOR UNIONISTA': 49, 'CABAL': 17, 'TODOS': 0, 'VAMOS': 4, 'PHG': 0, 'PR': 2, 'PIN': 0, 'ELEFANTE': 5, 'VICTORIA': 8, 'SEMILLA': 79, 'FCN-NACION': 1, 'PPN': 0, 'UR': 1, 'URNG-MAIZ WINAQ': 2, 'CREO': 6, 'BIEN': 24, 'VIVA': 15, 'MI FAMILIA': 3, 'CAMBIO': 0, 'VOS': 25}",1,24,274,0,Algún campo sin dato,1.Guatemala,8.Mixco,0308,presidente
3266,,"{'UNE': 7, 'AZUL': 4, 'VALOR UNIONISTA': 50, 'CABAL': 23, 'TODOS': 0, 'VAMOS': 7, 'PHG': 0, 'PR': 2, 'PIN': 0, 'ELEFANTE': 2, 'VICTORIA': 7, 'SEMILLA': 82, 'FCN-NACION': 1, 'PPN': 0, 'UR': 1, 'URNG-MAIZ WINAQ': 1, 'CREO': 0, 'BIEN': 20, 'VIVA': 5, 'MI FAMILIA': 5, 'CAMBIO': 0, 'VOS': 33}",1,17,268,0,Algún campo sin dato,1.Guatemala,8.Mixco,0308,presidente
3267,,"{'UNE': 11, 'AZUL': 1, 'VALOR UNIONISTA': 43, 'CABAL': 30, 'TODOS': 0, 'VAMOS': 4, 'PHG': 0, 'PR': 1, 'PIN': 0, 'ELEFANTE': 2, 'VICTORIA': 4, 'SEMILLA': 75, 'FCN-NACION': 2, 'PPN': 0, 'UR': 1, 'URNG-MAIZ WINAQ': 3, 'CREO': 2, 'BIEN': 19, 'VIVA': 15, 'MI FAMILIA': 11, 'CAMBIO': 0, 'VOS': 24}",3,23,274,0,Sumas Asentadas sin cuadrar,1.Guatemala,8.Mixco,0308,presidente
3268,,"{'UNE': 9, 'AZUL': 3, 'VALOR UNIONISTA': 41, 'CABAL': 19, 'TODOS': 0, 'VAMOS': 7, 'PHG': 0, 'PR': 1, 'PIN': 0, 'ELEFANTE': 1, 'VICTORIA': 6, 'SEMILLA': 99, 'FCN-NACION': 1, 'PPN': 0, 'UR': 1, 'URNG-MAIZ WINAQ': 0, 'CREO': 2, 'BIEN': 23, 'VIVA': 12, 'MI FAMILIA': 3, 'CAMBIO': 0, 'VOS': 29}",1,18,276,0,Algún campo sin dato,1.Guatemala,8.Mixco,0308,presidente
3269,,"{'UNE': 9, 'AZUL': 2, 'VALOR UNIONISTA': 37, 'CABAL': 14, 'TODOS': 2, 'VAMOS': 3, 'PHG': 0, 'PR': 1, 'PIN': 0, 'ELEFANTE': 4, 'VICTORIA': 4, 'SEMILLA': 126, 'FCN-NACION': 0, 'PPN': 1, 'UR': 0, 'URNG-MAIZ WINAQ': 1, 'CREO': 3, 'BIEN': 16, 'VIVA': 3, 'MI FAMILIA': 2, 'CAMBIO': 0, 'VOS': 29}",2,13,272,0,Algún campo sin dato,1.Guatemala,8.Mixco,0308,presidente
3270,,"{'UNE': 2, 'AZUL': 3, 'VALOR UNIONISTA': 38, 'CABAL': 13, 'TODOS': 0, 'VAMOS': 5, 'PHG': 0, 'PR': 1, 'PIN': 0, 'ELEFANTE': 1, 'VICTORIA': 2, 'SEMILLA': 145, 'FCN-NACION': 0, 'PPN': 0, 'UR': 2, 'URNG-MAIZ WINAQ': 1, 'CREO': 5, 'BIEN': 24, 'VIVA': 6, 'MI FAMILIA': 0, 'CAMBIO': 1, 'VOS': 27}",0,5,281,0,Algún campo sin dato,1.Guatemala,8.Mixco,0308,presidente
3271,,"{'UNE': 3, 'AZUL': 0, 'VALOR UNIONISTA': 21, 'CABAL': 28, 'TODOS': 0, 'VAMOS': 0, 'PHG': 0, 'PR': 2, 'PIN': 1, 'ELEFANTE': 2, 'VICTORIA': 5, 'SEMILLA': 175, 'FCN-NACION': 1, 'PPN': 0, 'UR': 0, 'URNG-MAIZ WINAQ': 0, 'CREO': 2, 'BIEN': 18, 'VIVA': 2, 'MI FAMILIA': 0, 'CAMBIO': 0, 'VOS': 25}",0,7,292,0,Algún campo sin dato,1.Guatemala,8.Mixco,0308,presidente
3272,,"{'UNE': 3, 'AZUL': 0, 'VALOR UNIONISTA': 25, 'CABAL': 14, 'TODOS': 0, 'VAMOS': 3, 'PHG': 0, 'PR': 2, 'PIN': 0, 'ELEFANTE': 1, 'VICTORIA': 4, 'SEMILLA': 185, 'FCN-NACION': 0, 'PPN': 0, 'UR': 1, 'URNG-MAIZ WINAQ': 1, 'CREO': 6, 'BIEN': 24, 'VIVA': 2, 'MI FAMILIA': 2, 'CAMBIO': 0, 'VOS': 17}",0,4,294,0,Algún campo sin dato,1.Guatemala,8.Mixco,0308,presidente
3273,,"{'UNE': 1, 'AZUL': 1, 'VALOR UNIONISTA': 17, 'CABAL': 9, 'TODOS': 1, 'VAMOS': 1, 'PHG': 0, 'PR': 0, 'PIN': 0, 'ELEFANTE': 3, 'VICTORIA': 1, 'SEMILLA': 139, 'FCN-NACION': 0, 'PPN': 0, 'UR': 0, 'URNG-MAIZ WINAQ': 3, 'CREO': 0, 'BIEN': 13, 'VIVA': 13, 'MI FAMILIA': 1, 'CAMBIO': 1, 'VOS': 13}",0,10,227,0,Algún campo sin dato,1.Guatemala,8.Mixco,0308,presidente
3274,,"{'UNE': 7, 'AZUL': 2, 'VALOR UNIONISTA': 17, 'CABAL': 20, 'TODOS': 0, 'VAMOS': 0, 'PHG': 0, 'PR': 0, 'PIN': 2, 'ELEFANTE': 0, 'VICTORIA': 3, 'SEMILLA': 130, 'FCN-NACION': 1, 'PPN': 0, 'UR': 0, 'URNG-MAIZ WINAQ': 2, 'CREO': 1, 'BIEN': 15, 'VIVA': 7, 'MI FAMILIA': 0, 'CAMBIO': 0, 'VOS': 16}",0,10,233,0,Algún campo sin dato,1.Guatemala,8.Mixco,0308,presidente
3275,,"{'UNE': 1, 'AZUL': 4, 'VALOR UNIONISTA': 24, 'CABAL': 9, 'TODOS': 0, 'VAMOS': 4, 'PHG': 0, 'PR': 1, 'PIN': 0, 'ELEFANTE': 0, 'VICTORIA': 0, 'SEMILLA': 161, 'FCN-NACION': 0, 'PPN': 0, 'UR': 1, 'URNG-MAIZ WINAQ': 0, 'CREO': 3, 'BIEN': 13, 'VIVA': 0, 'MI FAMILIA': 1, 'CAMBIO': 0, 'VOS': 14}",1,7,244,0,Algún campo sin dato,1.Guatemala,8.Mixco,0308,presidente
3276,,"{'UNE': 7, 'AZUL': 4, 'VALOR UNIONISTA': 42, 'CABAL': 22, 'TODOS': 0, 'VAMOS': 5, 'PHG': 0, 'PR': 2, 'PIN': 0, 'ELEFANTE': 5, 'VICTORIA': 7, 'SEMILLA': 82, 'FCN-NACION': 0, 'PPN': 0, 'UR': 0, 'URNG-MAIZ WINAQ': 6, 'CREO': 3, 'BIEN': 22, 'VIVA': 2, 'MI FAMILIA': 6, 'CAMBIO': 1, 'VOS': 46}",2,30,294,0,Algún campo sin dato,1.Guatemala,8.Mixco,0309,presidente
3277,,"{'UNE': 9, 'AZUL': 6, 'VALOR UNIONISTA': 65, 'CABAL': 35, 'TODOS': 1, 'VAMOS': 2, 'PHG': 0, 'PR': 4, 'PIN': 0, 'ELEFANTE': 3, 'VICTORIA': 4, 'SEMILLA': 63, 'FCN-NACION': 0, 'PPN': 0, 'UR': 1, 'URNG-MAIZ WINAQ': 1, 'CREO': 3, 'BIEN': 29, 'VIVA': 7, 'MI FAMILIA': 3, 'CAMBIO': 0, 'VOS': 40}",0,19,295,1,Algún campo sin dato,1.Guatemala,8.Mixco,0309,presidente
3278,,"{'UNE': 9, 'AZUL': 5, 'VALOR UNIONISTA': 45, 'CABAL': 32, 'TODOS': 1, 'VAMOS': 4, 'PHG': 1, 'PR': 3, 'PIN': 3, 'ELEFANTE': 5, 'VICTORIA': 4, 'SEMILLA': 89, 'FCN-NACION': 0, 'PPN': 0, 'UR': 0, 'URNG-MAIZ WINAQ': 1, 'CREO': 6, 'BIEN': 24, 'VIVA': 6, 'MI FAMILIA': 5, 'CAMBIO': 1, 'VOS': 43}",1,29,317,0,Sumas Asentadas sin cuadrar,1.Guatemala,8.Mixco,0309,presidente
3279,,"{'UNE': 7, 'AZUL': 5, 'VALOR UNIONISTA': 54, 'CABAL': 39, 'TODOS': 0, 'VAMOS': 3, 'PHG': 0, 'PR': 3, 'PIN': 2, 'ELEFANTE': 2, 'VICTORIA': 8, 'SEMILLA': 58, 'FCN-NACION': 0, 'PPN': 0, 'UR': 3, 'URNG-MAIZ WINAQ': 0, 'CREO': 4, 'BIEN': 20, 'VIVA': 6, 'MI FAMILIA': 5, 'CAMBIO': 1, 'VOS': 33}",2,27,282,0,Sumas Asentadas sin cuadrar,1.Guatemala,8.Mixco,0309,presidente
3280,,"{'UNE': 7, 'AZUL': 4, 'VALOR UNIONISTA': 31, 'CABAL': 24, 'TODOS': 0, 'VAMOS': 3, 'PHG': 0, 'PR': 3, 'PIN': 1, 'ELEFANTE': 6, 'VICTORIA': 6, 'SEMILLA': 89, 'FCN-NACION': 1, 'PPN': 2, 'UR': 2, 'URNG-MAIZ WINAQ': 0, 'CREO': 4, 'BIEN': 20, 'VIVA': 1, 'MI FAMILIA': 4, 'CAMBIO': 1, 'VOS': 28}",0,22,259,0,Algún campo sin dato,1.Guatemala,8.Mixco,0309,presidente
3281,,"{'UNE': 8, 'AZUL': 5, 'VALOR UNIONISTA': 43, 'CABAL': 35, 'TODOS': 0, 'VAMOS': 3, 'PHG': 0, 'PR': 2, 'PIN': 0, 'ELEFANTE': 4, 'VICTORIA': 3, 'SEMILLA': 82, 'FCN-NACION': 3, 'PPN': 0, 'UR': 1, 'URNG-MAIZ WINAQ': 1, 'CREO': 5, 'BIEN': 16, 'VIVA': 2, 'MI FAMILIA': 1, 'CAMBIO': 0, 'VOS': 38}",3,21,276,0,Algún campo sin dato,1.Guatemala,8.Mixco,0309,presidente
3282,,"{'UNE': 10, 'AZUL': 5, 'VALOR UNIONISTA': 43, 'CABAL': 24, 'TODOS': 0, 'VAMOS': 2, 'PHG': 1, 'PR': 2, 'PIN': 0, 'ELEFANTE': 1, 'VICTORIA': 2, 'SEMILLA': 78, 'FCN-NACION': 1, 'PPN': 0, 'UR': 1, 'URNG-MAIZ WINAQ': 2, 'CREO': 5, 'BIEN': 31, 'VIVA': 3, 'MI FAMILIA': 3, 'CAMBIO': 0, 'VOS': 45}",0,28,287,0,Algún campo sin dato,1.Guatemala,8.Mixco,0310,presidente
3283,,"{'UNE': 9, 'AZUL': 3, 'VALOR UNIONISTA': 42, 'CABAL': 37, 'TODOS': 2, 'VAMOS': 0, 'PHG': 0, 'PR': 1, 'PIN': 1, 'ELEFANTE': 4, 'VICTORIA': 4, 'SEMILLA': 65, 'FCN-NACION': 1, 'PPN': 0, 'UR': 1, 'URNG-MAIZ WINAQ': 1, 'CREO': 4, 'BIEN': 29, 'VIVA': 7, 'MI FAMILIA': 6, 'CAMBIO': 1, 'VOS': 36}",0,20,274,0,Algún campo sin dato,1.Guatemala,8.Mixco,0310,presidente
3284,,"{'UNE': 10, 'AZUL': 9, 'VALOR UNIONISTA': 43, 'CABAL': 24, 'TODOS': 1, 'VAMOS': 3, 'PHG': 1, 'PR': 1, 'PIN': 1, 'ELEFANTE': 4, 'VICTORIA': 7, 'SEMILLA': 86, 'FCN-NACION': 1, 'PPN': 0, 'UR': 2, 'URNG-MAIZ WINAQ': 0, 'CREO': 3, 'BIEN': 27, 'VIVA': 4, 'MI FAMILIA': 5, 'CAMBIO': 2, 'VOS': 37}",1,22,294,0,Algún campo sin dato,1.Guatemala,8.Mixco,0310,presidente
3285,,"{'UNE': 13, 'AZUL': 6, 'VALOR UNIONISTA': 44, 'CABAL': 39, 'TODOS': 0, 'VAMOS': 6, 'PHG': 0, 'PR': 3, 'PIN': 1, 'ELEFANTE': 5, 'VICTORIA': 3, 'SEMILLA': 64, 'FCN-NACION': 1, 'PPN': 0, 'UR': 2, 'URNG-MAIZ WINAQ': 0, 'CREO': 3, 'BIEN': 16, 'VIVA': 4, 'MI FAMILIA': 4, 'CAMBIO': 2, 'VOS': 29}",1,23,269,0,Algún campo sin dato,1.Guatemala,8.Mixco,0310,presidente
3286,,"{'UNE': 9, 'AZUL': 8, 'VALOR UNIONISTA': 36, 'CABAL': 37, 'TODOS': 1, 'VAMOS': 2, 'PHG': 0, 'PR': 2, 'PIN': 2, 'ELEFANTE': 6, 'VICTORIA': 2, 'SEMILLA': 85, 'FCN-NACION': 2, 'PPN': 0, 'UR': 2, 'URNG-MAIZ WINAQ': 4, 'CREO': 6, 'BIEN': 26, 'VIVA': 5, 'MI FAMILIA': 2, 'CAMBIO': 0, 'VOS': 22}",1,31,291,0,Algún campo sin dato,1.Guatemala,8.Mixco,0310,presidente
3287,,"{'UNE': 7, 'AZUL': 6, 'VALOR UNIONISTA': 50, 'CABAL': 20, 'TODOS': 1, 'VAMOS': 3, 'PHG': 0, 'PR': 1, 'PIN': 1, 'ELEFANTE': 5, 'VICTORIA': 8, 'SEMILLA': 73, 'FCN-NACION': 2, 'PPN': 0, 'UR': 5, 'URNG-MAIZ WINAQ': 3, 'CREO': 7, 'BIEN': 19, 'VIVA': 2, 'MI FAMILIA': 5, 'CAMBIO': 0, 'VOS': 33}",1,18,270,0,Algún campo sin dato,1.Guatemala,8.Mixco,0310,presidente
3288,,"{'UNE': 2, 'AZUL': 3, 'VALOR UNIONISTA': 40, 'CABAL': 13, 'TODOS': 0, 'VAMOS': 2, 'PHG': 0, 'PR': 4, 'PIN': 0, 'ELEFANTE': 2, 'VICTORIA': 2, 'SEMILLA': 102, 'FCN-NACION': 0, 'PPN': 0, 'UR': 2, 'URNG-MAIZ WINAQ': 2, 'CREO': 3, 'BIEN': 18, 'VIVA': 4, 'MI FAMILIA': 3, 'CAMBIO': 0, 'VOS': 29}",0,18,249,0,Algún campo sin dato,1.Guatemala,8.Mixco,0310,presidente
3289,,"{'UNE': 4, 'AZUL': 0, 'VALOR UNIONISTA': 18, 'CABAL': 24, 'TODOS': 1, 'VAMOS': 3, 'PHG': 0, 'PR': 1, 'PIN': 0, 'ELEFANTE': 3, 'VICTORIA': 1, 'SEMILLA': 173, 'FCN-NACION': 1, 'PPN': 0, 'UR': 2, 'URNG-MAIZ WINAQ': 0, 'CREO': 0, 'BIEN': 27, 'VIVA': 1, 'MI FAMILIA': 2, 'CAMBIO': 0, 'VOS': 21}",0,10,292,0,Algún campo sin dato,1.Guatemala,8.Mixco,0310,presidente
3290,,"{'UNE': 0, 'AZUL': 2, 'VALOR UNIONISTA': 19, 'CABAL': 17, 'TODOS': 0, 'VAMOS': 1, 'PHG': 1, 'PR': 3, 'PIN': 0, 'ELEFANTE': 3, 'VICTORIA': 2, 'SEMILLA': 117, 'FCN-NACION': 5, 'PPN': 0, 'UR': 0, 'URNG-MAIZ WINAQ': 1, 'CREO': 1, 'BIEN': 15, 'VIVA': 2, 'MI FAMILIA': 3, 'CAMBIO': 0, 'VOS': 21}",0,15,228,0,Algún campo sin dato,1.Guatemala,8.Mixco,0310,presidente
3291,,"{'UNE': 1, 'AZUL': 1, 'VALOR UNIONISTA': 15, 'CABAL': 6, 'TODOS': 1, 'VAMOS': 1, 'PHG': 0, 'PR': 0, 'PIN': 0, 'ELEFANTE': 1, 'VICTORIA': 5, 'SEMILLA': 78, 'FCN-NACION': 0, 'PPN': 0, 'UR': 2, 'URNG-MAIZ WINAQ': 0, 'CREO': 0, 'BIEN': 8, 'VIVA': 0, 'MI FAMILIA': 1, 'CAMBIO': 0, 'VOS': 9}",1,6,136,0,Algún campo sin dato,1.Guatemala,8.Mixco,0310,presidente
3292,,"{'UNE': 1, 'AZUL': 0, 'VALOR UNIONISTA': 18, 'CABAL': 11, 'TODOS': 0, 'VAMOS': 1, 'PHG': 0, 'PR': 2, 'PIN': 0, 'ELEFANTE': 0, 'VICTORIA': 5, 'SEMILLA': 71, 'FCN-NACION': 0, 'PPN': 0, 'UR': 0, 'URNG-MAIZ WINAQ': 0, 'CREO': 0, 'BIEN': 12, 'VIVA': 3, 'MI FAMILIA': 1, 'CAMBIO': 1, 'VOS': 8}",0,4,138,0,Algún campo sin dato,1.Guatemala,8.Mixco,0310,presidente
3293,,"{'UNE': 16, 'AZUL': 2, 'VALOR UNIONISTA': 19, 'CABAL': 17, 'TODOS': 2, 'VAMOS': 5, 'PHG': 0, 'PR': 4, 'PIN': 2, 'ELEFANTE': 4, 'VICTORIA': 16, 'SEMILLA': 32, 'FCN-NACION': 2, 'PPN': 4, 'UR': 5, 'URNG-MAIZ WINAQ': 7, 'CREO': 1, 'BIEN': 3, 'VIVA': 33, 'MI FAMILIA': 6, 'CAMBIO': 0, 'VOS': 17}",4,54,255,0,Algún campo sin dato,1.Guatemala,8.Mixco,0311,presidente
3294,,"{'UNE': 24, 'AZUL': 3, 'VALOR UNIONISTA': 11, 'CABAL': 12, 'TODOS': 0, 'VAMOS': 2, 'PHG': 1, 'PR': 0, 'PIN': 2, 'ELEFANTE': 2, 'VICTORIA': 20, 'SEMILLA': 44, 'FCN-NACION': 2, 'PPN': 3, 'UR': 3, 'URNG-MAIZ WINAQ': 10, 'CREO': 4, 'BIEN': 9, 'VIVA': 32, 'MI FAMILIA': 4, 'CAMBIO': 0, 'VOS': 26}",5,41,260,0,Algún campo sin dato,1.Guatemala,8.Mixco,0311,presidente
3295,,"{'UNE': 24, 'AZUL': 0, 'VALOR UNIONISTA': 26, 'CABAL': 16, 'TODOS': 2, 'VAMOS': 8, 'PHG': 1, 'PR': 6, 'PIN': 2, 'ELEFANTE': 2, 'VICTORIA': 13, 'SEMILLA': 44, 'FCN-NACION': 2, 'PPN': 0, 'UR': 10, 'URNG-MAIZ WINAQ': 6, 'CREO': 2, 'BIEN': 9, 'VIVA': 34, 'MI FAMILIA': 7, 'CAMBIO': 0, 'VOS': 17}",2,37,270,0,Algún campo sin dato,1.Guatemala,8.Mixco,0311,presidente
3296,,"{'UNE': 18, 'AZUL': 3, 'VALOR UNIONISTA': 26, 'CABAL': 15, 'TODOS': 3, 'VAMOS': 1, 'PHG': 1, 'PR': 2, 'PIN': 2, 'ELEFANTE': 5, 'VICTORIA': 13, 'SEMILLA': 48, 'FCN-NACION': 1, 'PPN': 2, 'UR': 5, 'URNG-MAIZ WINAQ': 7, 'CREO': 1, 'BIEN': 4, 'VIVA': 25, 'MI FAMILIA': 5, 'CAMBIO': 2, 'VOS': 29}",1,45,264,0,Algún campo sin dato,1.Guatemala,8.Mixco,0311,presidente
3297,,"{'UNE': 11, 'AZUL': 2, 'VALOR UNIONISTA': 18, 'CABAL': 13, 'TODOS': 1, 'VAMOS': 2, 'PHG': 1, 'PR': 3, 'PIN': 2, 'ELEFANTE': 5, 'VICTORIA': 11, 'SEMILLA': 62, 'FCN-NACION': 1, 'PPN': 2, 'UR': 5, 'URNG-MAIZ WINAQ': 5, 'CREO': 1, 'BIEN': 8, 'VIVA': 18, 'MI FAMILIA': 4, 'CAMBIO': 3, 'VOS': 25}",2,34,239,0,Algún campo sin dato,1.Guatemala,8.Mixco,0311,presidente
3298,,"{'UNE': 17, 'AZUL': 0, 'VALOR UNIONISTA': 7, 'CABAL': 7, 'TODOS': 0, 'VAMOS': 4, 'PHG': 1, 'PR': 6, 'PIN': 1, 'ELEFANTE': 5, 'VICTORIA': 14, 'SEMILLA': 68, 'FCN-NACION': 0, 'PPN': 1, 'UR': 0, 'URNG-MAIZ WINAQ': 7, 'CREO': 1, 'BIEN': 5, 'VIVA': 22, 'MI FAMILIA': 2, 'CAMBIO': 2, 'VOS': 29}",0,38,237,0,Algún campo sin dato,1.Guatemala,8.Mixco,0311,presidente
3299,,"{'UNE': 14, 'AZUL': 4, 'VALOR UNIONISTA': 18, 'CABAL': 9, 'TODOS': 0, 'VAMOS': 3, 'PHG': 2, 'PR': 7, 'PIN': 0, 'ELEFANTE': 3, 'VICTORIA': 17, 'SEMILLA': 63, 'FCN-NACION': 2, 'PPN': 1, 'UR': 3, 'URNG-MAIZ WINAQ': 5, 'CREO': 1, 'BIEN': 3, 'VIVA': 24, 'MI FAMILIA': 5, 'CAMBIO': 1, 'VOS': 28}",1,34,248,0,Algún campo sin dato,1.Guatemala,8.Mixco,0311,presidente
3300,,"{'UNE': 11, 'AZUL': 3, 'VALOR UNIONISTA': 17, 'CABAL': 11, 'TODOS': 3, 'VAMOS': 3, 'PHG': 1, 'PR': 2, 'PIN': 0, 'ELEFANTE': 3, 'VICTORIA': 19, 'SEMILLA': 55, 'FCN-NACION': 0, 'PPN': 1, 'UR': 3, 'URNG-MAIZ WINAQ': 4, 'CREO': 2, 'BIEN': 6, 'VIVA': 26, 'MI FAMILIA': 5, 'CAMBIO': 2, 'VOS': 18}",1,38,234,0,Algún campo sin dato,1.Guatemala,8.Mixco,0311,presidente
3301,,"{'UNE': 18, 'AZUL': 4, 'VALOR UNIONISTA': 20, 'CABAL': 14, 'TODOS': 0, 'VAMOS': 7, 'PHG': 0, 'PR': 3, 'PIN': 1, 'ELEFANTE': 5, 'VICTORIA': 18, 'SEMILLA': 56, 'FCN-NACION': 0, 'PPN': 3, 'UR': 3, 'URNG-MAIZ WINAQ': 7, 'CREO': 3, 'BIEN': 11, 'VIVA': 33, 'MI FAMILIA': 4, 'CAMBIO': 0, 'VOS': 17}",5,30,262,0,Algún campo sin dato,1.Guatemala,8.Mixco,0311,presidente
3302,,"{'UNE': 18, 'AZUL': 1, 'VALOR UNIONISTA': 20, 'CABAL': 10, 'TODOS': 2, 'VAMOS': 3, 'PHG': 2, 'PR': 8, 'PIN': 0, 'ELEFANTE': 5, 'VICTORIA': 12, 'SEMILLA': 62, 'FCN-NACION': 1, 'PPN': 1, 'UR': 4, 'URNG-MAIZ WINAQ': 3, 'CREO': 1, 'BIEN': 9, 'VIVA': 27, 'MI FAMILIA': 10, 'CAMBIO': 3, 'VOS': 20}",0,37,259,0,Algún campo sin dato,1.Guatemala,8.Mixco,0311,presidente
3303,,"{'UNE': 9, 'AZUL': 0, 'VALOR UNIONISTA': 21, 'CABAL': 15, 'TODOS': 0, 'VAMOS': 1, 'PHG': 0, 'PR': 1, 'PIN': 0, 'ELEFANTE': 4, 'VICTORIA': 16, 'SEMILLA': 64, 'FCN-NACION': 0, 'PPN': 8, 'UR': 5, 'URNG-MAIZ WINAQ': 5, 'CREO': 2, 'BIEN': 9, 'VIVA': 22, 'MI FAMILIA': 5, 'CAMBIO': 0, 'VOS': 17}",0,33,237,0,Algún campo sin dato,1.Guatemala,8.Mixco,0312,presidente
3304,,"{'UNE': 18, 'AZUL': 2, 'VALOR UNIONISTA': 26, 'CABAL': 9, 'TODOS': 1, 'VAMOS': 2, 'PHG': 2, 'PR': 1, 'PIN': 1, 'ELEFANTE': 7, 'VICTORIA': 17, 'SEMILLA': 51, 'FCN-NACION': 1, 'PPN': 2, 'UR': 4, 'URNG-MAIZ WINAQ': 2, 'CREO': 2, 'BIEN': 7, 'VIVA': 30, 'MI FAMILIA': 1, 'CAMBIO': 1, 'VOS': 13}",1,32,233,3,Algún campo sin dato,1.Guatemala,8.Mixco,0312,presidente
3305,,"{'UNE': 16, 'AZUL': 4, 'VALOR UNIONISTA': 27, 'CABAL': 10, 'TODOS': 1, 'VAMOS': 3, 'PHG': 0, 'PR': 5, 'PIN': 1, 'ELEFANTE': 3, 'VICTORIA': 17, 'SEMILLA': 38, 'FCN-NACION': 2, 'PPN': 0, 'UR': 3, 'URNG-MAIZ WINAQ': 5, 'CREO': 1, 'BIEN': 8, 'VIVA': 20, 'MI FAMILIA': 2, 'CAMBIO': 2, 'VOS': 12}",4,31,215,0,Algún campo sin dato,1.Guatemala,8.Mixco,0312,presidente
3306,,"{'UNE': 16, 'AZUL': 2, 'VALOR UNIONISTA': 16, 'CABAL': 9, 'TODOS': 2, 'VAMOS': 0, 'PHG': 0, 'PR': 2, 'PIN': 0, 'ELEFANTE': 6, 'VICTORIA': 14, 'SEMILLA': 43, 'FCN-NACION': 1, 'PPN': 1, 'UR': 3, 'URNG-MAIZ WINAQ': 5, 'CREO': 2, 'BIEN': 8, 'VIVA': 26, 'MI FAMILIA': 10, 'CAMBIO': 2, 'VOS': 23}",2,30,223,0,Algún campo sin dato,1.Guatemala,8.Mixco,0312,presidente
3307,,"{'UNE': 20, 'AZUL': 2, 'VALOR UNIONISTA': 18, 'CABAL': 8, 'TODOS': 0, 'VAMOS': 3, 'PHG': 1, 'PR': 2, 'PIN': 0, 'ELEFANTE': 2, 'VICTORIA': 22, 'SEMILLA': 53, 'FCN-NACION': 1, 'PPN': 3, 'UR': 5, 'URNG-MAIZ WINAQ': 8, 'CREO': 1, 'BIEN': 9, 'VIVA': 17, 'MI FAMILIA': 3, 'CAMBIO': 1, 'VOS': 10}",1,32,222,0,Algún campo sin dato,1.Guatemala,8.Mixco,0312,presidente
3308,,"{'UNE': 11, 'AZUL': 0, 'VALOR UNIONISTA': 18, 'CABAL': 7, 'TODOS': 0, 'VAMOS': 4, 'PHG': 2, 'PR': 0, 'PIN': 0, 'ELEFANTE': 3, 'VICTORIA': 12, 'SEMILLA': 66, 'FCN-NACION': 0, 'PPN': 0, 'UR': 1, 'URNG-MAIZ WINAQ': 2, 'CREO': 0, 'BIEN': 7, 'VIVA': 17, 'MI FAMILIA': 0, 'CAMBIO': 1, 'VOS': 16}",0,29,196,0,Algún campo sin dato,1.Guatemala,8.Mixco,0313,presidente
3309,,"{'UNE': 4, 'AZUL': 1, 'VALOR UNIONISTA': 14, 'CABAL': 7, 'TODOS': 0, 'VAMOS': 1, 'PHG': 0, 'PR': 0, 'PIN': 0, 'ELEFANTE': 1, 'VICTORIA': 8, 'SEMILLA': 137, 'FCN-NACION': 0, 'PPN': 0, 'UR': 3, 'URNG-MAIZ WINAQ': 1, 'CREO': 0, 'BIEN': 8, 'VIVA': 22, 'MI FAMILIA': 1, 'CAMBIO': 1, 'VOS': 27}",1,17,254,0,Algún campo sin dato,1.Guatemala,8.Mixco,0313,presidente
3310,,"{'UNE': 5, 'AZUL': 0, 'VALOR UNIONISTA': 8, 'CABAL': 7, 'TODOS': 0, 'VAMOS': 2, 'PHG': 1, 'PR': 2, 'PIN': 0, 'ELEFANTE': 2, 'VICTORIA': 14, 'SEMILLA': 87, 'FCN-NACION': 3, 'PPN': 1, 'UR': 3, 'URNG-MAIZ WINAQ': 3, 'CREO': 1, 'BIEN': 8, 'VIVA': 16, 'MI FAMILIA': 1, 'CAMBIO': 0, 'VOS': 14}",1,28,207,0,Algún campo sin dato,1.Guatemala,8.Mixco,0314,presidente
3311,,"{'UNE': 7, 'AZUL': 1, 'VALOR UNIONISTA': 7, 'CABAL': 1, 'TODOS': 1, 'VAMOS': 1, 'PHG': 0, 'PR': 0, 'PIN': 0, 'ELEFANTE': 1, 'VICTORIA': 12, 'SEMILLA': 42, 'FCN-NACION': 0, 'PPN': 0, 'UR': 1, 'URNG-MAIZ WINAQ': 1, 'CREO': 1, 'BIEN': 3, 'VIVA': 6, 'MI FAMILIA': 1, 'CAMBIO': 0, 'VOS': 10}",1,18,115,0,Algún campo sin dato,1.Guatemala,8.Mixco,0314,presidente
3312,,"{'UNE': 7, 'AZUL': 0, 'VALOR UNIONISTA': 6, 'CABAL': 3, 'TODOS': 0, 'VAMOS': 0, 'PHG': 0, 'PR': 0, 'PIN': 1, 'ELEFANTE': 1, 'VICTORIA': 8, 'SEMILLA': 54, 'FCN-NACION': 2, 'PPN': 0, 'UR': 3, 'URNG-MAIZ WINAQ': 3, 'CREO': 3, 'BIEN': 5, 'VIVA': 7, 'MI FAMILIA': 0, 'CAMBIO': 1, 'VOS': 5}",1,15,125,0,Algún campo sin dato,1.Guatemala,8.Mixco,0314,presidente
3313,,"{'UNE': 22, 'AZUL': 4, 'VALOR UNIONISTA': 24, 'CABAL': 7, 'TODOS': 1, 'VAMOS': 2, 'PHG': 1, 'PR': 2, 'PIN': 2, 'ELEFANTE': 4, 'VICTORIA': 55, 'SEMILLA': 31, 'FCN-NACION': 0, 'PPN': 1, 'UR': 7, 'URNG-MAIZ WINAQ': 5, 'CREO': 2, 'BIEN': 11, 'VIVA': 29, 'MI FAMILIA': 6, 'CAMBIO': 0, 'VOS': 17}",3,24,260,0,Algún campo sin dato,1.Guatemala,8.Mixco,0315,presidente
3314,,"{'UNE': 21, 'AZUL': 4, 'VALOR UNIONISTA': 11, 'CABAL': 10, 'TODOS': 2, 'VAMOS': 4, 'PHG': 1, 'PR': 0, 'PIN': 0, 'ELEFANTE': 8, 'VICTORIA': 36, 'SEMILLA': 33, 'FCN-NACION': 0, 'PPN': 1, 'UR': 7, 'URNG-MAIZ WINAQ': 0, 'CREO': 4, 'BIEN': 5, 'VIVA': 24, 'MI FAMILIA': 4, 'CAMBIO': 1, 'VOS': 11}",1,47,235,0,,1.Guatemala,8.Mixco,0315,presidente
3315,,"{'UNE': 22, 'AZUL': 4, 'VALOR UNIONISTA': 24, 'CABAL': 8, 'TODOS': 1, 'VAMOS': 3, 'PHG': 2, 'PR': 2, 'PIN': 0, 'ELEFANTE': 5, 'VICTORIA': 48, 'SEMILLA': 37, 'FCN-NACION': 1, 'PPN': 3, 'UR': 2, 'URNG-MAIZ WINAQ': 5, 'CREO': 0, 'BIEN': 6, 'VIVA': 27, 'MI FAMILIA': 4, 'CAMBIO': 0, 'VOS': 14}",2,38,258,0,Algún campo sin dato,1.Guatemala,8.Mixco,0315,presidente
3316,,"{'UNE': 18, 'AZUL': 1, 'VALOR UNIONISTA': 26, 'CABAL': 9, 'TODOS': 0, 'VAMOS': 5, 'PHG': 1, 'PR': 2, 'PIN': 0, 'ELEFANTE': 1, 'VICTORIA': 38, 'SEMILLA': 42, 'FCN-NACION': 2, 'PPN': 4, 'UR': 5, 'URNG-MAIZ WINAQ': 6, 'CREO': 4, 'BIEN': 7, 'VIVA': 15, 'MI FAMILIA': 6, 'CAMBIO': 0, 'VOS': 14}",3,40,249,1,Algún campo sin dato,1.Guatemala,8.Mixco,0315,presidente
3317,,"{'UNE': 19, 'AZUL': 8, 'VALOR UNIONISTA': 16, 'CABAL': 9, 'TODOS': 1, 'VAMOS': 5, 'PHG': 1, 'PR': 3, 'PIN': 1, 'ELEFANTE': 2, 'VICTORIA': 43, 'SEMILLA': 47, 'FCN-NACION': 0, 'PPN': 1, 'UR': 3, 'URNG-MAIZ WINAQ': 7, 'CREO': 1, 'BIEN': 8, 'VIVA': 16, 'MI FAMILIA': 2, 'CAMBIO': 1, 'VOS': 20}",5,39,258,0,Algún campo sin dato,1.Guatemala,8.Mixco,0315,presidente
3318,,"{'UNE': 20, 'AZUL': 4, 'VALOR UNIONISTA': 20, 'CABAL': 9, 'TODOS': 1, 'VAMOS': 5, 'PHG': 0, 'PR': 3, 'PIN': 0, 'ELEFANTE': 5, 'VICTORIA': 41, 'SEMILLA': 47, 'FCN-NACION': 1, 'PPN': 2, 'UR': 5, 'URNG-MAIZ WINAQ': 8, 'CREO': 0, 'BIEN': 7, 'VIVA': 24, 'MI FAMILIA': 9, 'CAMBIO': 2, 'VOS': 12}",1,37,263,0,Algún campo sin dato,1.Guatemala,8.Mixco,0315,presidente
3319,,"{'UNE': 17, 'AZUL': 4, 'VALOR UNIONISTA': 22, 'CABAL': 12, 'TODOS': 1, 'VAMOS': 6, 'PHG': 1, 'PR': 2, 'PIN': 0, 'ELEFANTE': 2, 'VICTORIA': 44, 'SEMILLA': 56, 'FCN-NACION': 0, 'PPN': 1, 'UR': 6, 'URNG-MAIZ WINAQ': 4, 'CREO': 1, 'BIEN': 10, 'VIVA': 18, 'MI FAMILIA': 8, 'CAMBIO': 1, 'VOS': 23}",0,42,281,0,Sumas Asentadas sin cuadrar,1.Guatemala,8.Mixco,0315,presidente
3320,,"{'UNE': 21, 'AZUL': 0, 'VALOR UNIONISTA': 30, 'CABAL': 12, 'TODOS': 0, 'VAMOS': 4, 'PHG': 2, 'PR': 3, 'PIN': 0, 'ELEFANTE': 4, 'VICTORIA': 38, 'SEMILLA': 49, 'FCN-NACION': 1, 'PPN': 4, 'UR': 3, 'URNG-MAIZ WINAQ': 2, 'CREO': 3, 'BIEN': 9, 'VIVA': 20, 'MI FAMILIA': 10, 'CAMBIO': 0, 'VOS': 14}",1,40,270,0,Algún campo sin dato,1.Guatemala,8.Mixco,0315,presidente
3321,,"{'UNE': 24, 'AZUL': 0, 'VALOR UNIONISTA': 21, 'CABAL': 7, 'TODOS': 1, 'VAMOS': 1, 'PHG': 1, 'PR': 4, 'PIN': 1, 'ELEFANTE': 5, 'VICTORIA': 40, 'SEMILLA': 52, 'FCN-NACION': 3, 'PPN': 1, 'UR': 6, 'URNG-MAIZ WINAQ': 6, 'CREO': 1, 'BIEN': 9, 'VIVA': 21, 'MI FAMILIA': 12, 'CAMBIO': 1, 'VOS': 16}",2,38,273,0,Algún campo sin dato,1.Guatemala,8.Mixco,0315,presidente
3322,,"{'UNE': 12, 'AZUL': 3, 'VALOR UNIONISTA': 24, 'CABAL': 11, 'TODOS': 0, 'VAMOS': 3, 'PHG': 2, 'PR': 2, 'PIN': 0, 'ELEFANTE': 0, 'VICTORIA': 38, 'SEMILLA': 36, 'FCN-NACION': 4, 'PPN': 4, 'UR': 3, 'URNG-MAIZ WINAQ': 6, 'CREO': 4, 'BIEN': 12, 'VIVA': 23, 'MI FAMILIA': 6, 'CAMBIO': 1, 'VOS': 22}",1,32,249,0,Algún campo sin dato,1.Guatemala,8.Mixco,0315,presidente
3323,,"{'UNE': 17, 'AZUL': 3, 'VALOR UNIONISTA': 13, 'CABAL': 13, 'TODOS': 3, 'VAMOS': 5, 'PHG': 1, 'PR': 4, 'PIN': 0, 'ELEFANTE': 3, 'VICTORIA': 35, 'SEMILLA': 57, 'FCN-NACION': 1, 'PPN': 2, 'UR': 0, 'URNG-MAIZ WINAQ': 4, 'CREO': 0, 'BIEN': 11, 'VIVA': 21, 'MI FAMILIA': 2, 'CAMBIO': 2, 'VOS': 20}",1,32,250,0,Algún campo sin dato,1.Guatemala,8.Mixco,0315,presidente
3324,,"{'UNE': 10, 'AZUL': 1, 'VALOR UNIONISTA': 9, 'CABAL': 8, 'TODOS': 0, 'VAMOS': 4, 'PHG': 0, 'PR': 2, 'PIN': 2, 'ELEFANTE': 2, 'VICTORIA': 23, 'SEMILLA': 66, 'FCN-NACION': 1, 'PPN': 2, 'UR': 6, 'URNG-MAIZ WINAQ': 5, 'CREO': 1, 'BIEN': 13, 'VIVA': 21, 'MI FAMILIA': 1, 'CAMBIO': 0, 'VOS': 19}",1,43,240,0,Algún campo sin dato,1.Guatemala,8.Mixco,0315,presidente
3325,,"{'UNE': 8, 'AZUL': 2, 'VALOR UNIONISTA': 5, 'CABAL': 8, 'TODOS': 1, 'VAMOS': 5, 'PHG': 0, 'PR': 0, 'PIN': 0, 'ELEFANTE': 1, 'VICTORIA': 44, 'SEMILLA': 76, 'FCN-NACION': 0, 'PPN': 1, 'UR': 4, 'URNG-MAIZ WINAQ': 3, 'CREO': 1, 'BIEN': 15, 'VIVA': 17, 'MI FAMILIA': 2, 'CAMBIO': 0, 'VOS': 26}",0,34,253,0,Algún campo sin dato,1.Guatemala,8.Mixco,0315,presidente
3326,,"{'UNE': 19, 'AZUL': 4, 'VALOR UNIONISTA': 24, 'CABAL': 9, 'TODOS': 0, 'VAMOS': 5, 'PHG': 1, 'PR': 0, 'PIN': 0, 'ELEFANTE': 1, 'VICTORIA': 49, 'SEMILLA': 41, 'FCN-NACION': 0, 'PPN': 6, 'UR': 2, 'URNG-MAIZ WINAQ': 5, 'CREO': 1, 'BIEN': 9, 'VIVA': 15, 'MI FAMILIA': 3, 'CAMBIO': 0, 'VOS': 20}",1,35,250,0,Algún campo sin dato,1.Guatemala,8.Mixco,0316,presidente
3327,,"{'UNE': 22, 'AZUL': 1, 'VALOR UNIONISTA': 18, 'CABAL': 9, 'TODOS': 0, 'VAMOS': 5, 'PHG': 1, 'PR': 0, 'PIN': 0, 'ELEFANTE': 4, 'VICTORIA': 41, 'SEMILLA': 53, 'FCN-NACION': 1, 'PPN': 0, 'UR': 5, 'URNG-MAIZ WINAQ': 7, 'CREO': 0, 'BIEN': 11, 'VIVA': 25, 'MI FAMILIA': 4, 'CAMBIO': 0, 'VOS': 25}",3,36,271,1,Algún campo sin dato,1.Guatemala,8.Mixco,0316,presidente
3328,,"{'UNE': 14, 'AZUL': 5, 'VALOR UNIONISTA': 19, 'CABAL': 10, 'TODOS': 0, 'VAMOS': 6, 'PHG': 3, 'PR': 1, 'PIN': 1, 'ELEFANTE': 3, 'VICTORIA': 35, 'SEMILLA': 49, 'FCN-NACION': 2, 'PPN': 2, 'UR': 1, 'URNG-MAIZ WINAQ': 4, 'CREO': 2, 'BIEN': 7, 'VIVA': 23, 'MI FAMILIA': 2, 'CAMBIO': 1, 'VOS': 13}",1,41,245,0,Algún campo sin dato,1.Guatemala,8.Mixco,0316,presidente
3329,,"{'UNE': 10, 'AZUL': 4, 'VALOR UNIONISTA': 16, 'CABAL': 7, 'TODOS': 0, 'VAMOS': 4, 'PHG': 2, 'PR': 2, 'PIN': 1, 'ELEFANTE': 2, 'VICTORIA': 36, 'SEMILLA': 49, 'FCN-NACION': 2, 'PPN': 2, 'UR': 1, 'URNG-MAIZ WINAQ': 4, 'CREO': 0, 'BIEN': 16, 'VIVA': 15, 'MI FAMILIA': 3, 'CAMBIO': 1, 'VOS': 9}",3,43,232,0,Algún campo sin dato,1.Guatemala,8.Mixco,0316,presidente
3330,,"{'UNE': 22, 'AZUL': 3, 'VALOR UNIONISTA': 13, 'CABAL': 10, 'TODOS': 1, 'VAMOS': 4, 'PHG': 1, 'PR': 2, 'PIN': 0, 'ELEFANTE': 1, 'VICTORIA': 38, 'SEMILLA': 69, 'FCN-NACION': 1, 'PPN': 1, 'UR': 4, 'URNG-MAIZ WINAQ': 1, 'CREO': 3, 'BIEN': 7, 'VIVA': 22, 'MI FAMILIA': 7, 'CAMBIO': 1, 'VOS': 25}",0,32,268,0,Algún campo sin dato,1.Guatemala,8.Mixco,0316,presidente
3331,,"{'UNE': 17, 'AZUL': 3, 'VALOR UNIONISTA': 13, 'CABAL': 15, 'TODOS': 0, 'VAMOS': 4, 'PHG': 1, 'PR': 4, 'PIN': 1, 'ELEFANTE': 0, 'VICTORIA': 34, 'SEMILLA': 55, 'FCN-NACION': 2, 'PPN': 0, 'UR': 4, 'URNG-MAIZ WINAQ': 7, 'CREO': 1, 'BIEN': 12, 'VIVA': 21, 'MI FAMILIA': 4, 'CAMBIO': 0, 'VOS': 13}",2,38,251,0,Algún campo sin dato,1.Guatemala,8.Mixco,0316,presidente
3332,,"{'UNE': 19, 'AZUL': 3, 'VALOR UNIONISTA': 19, 'CABAL': 7, 'TODOS': 4, 'VAMOS': 3, 'PHG': 3, 'PR': 2, 'PIN': 0, 'ELEFANTE': 1, 'VICTORIA': 34, 'SEMILLA': 67, 'FCN-NACION': 1, 'PPN': 4, 'UR': 2, 'URNG-MAIZ WINAQ': 1, 'CREO': 0, 'BIEN': 22, 'VIVA': 18, 'MI FAMILIA': 4, 'CAMBIO': 1, 'VOS': 15}",6,30,266,0,Sumas Asentadas sin cuadrar,1.Guatemala,8.Mixco,0316,presidente
3333,,"{'UNE': 20, 'AZUL': 3, 'VALOR UNIONISTA': 24, 'CABAL': 6, 'TODOS': 0, 'VAMOS': 3, 'PHG': 1, 'PR': 1, 'PIN': 2, 'ELEFANTE': 3, 'VICTORIA': 53, 'SEMILLA': 58, 'FCN-NACION': 2, 'PPN': 1, 'UR': 5, 'URNG-MAIZ WINAQ': 3, 'CREO': 0, 'BIEN': 5, 'VIVA': 29, 'MI FAMILIA': 3, 'CAMBIO': 1, 'VOS': 18}",2,34,277,0,Algún campo sin dato,1.Guatemala,8.Mixco,0317,presidente
3334,,"{'UNE': 19, 'AZUL': 3, 'VALOR UNIONISTA': 16, 'CABAL': 8, 'TODOS': 1, 'VAMOS': 2, 'PHG': 2, 'PR': 2, 'PIN': 0, 'ELEFANTE': 2, 'VICTORIA': 49, 'SEMILLA': 48, 'FCN-NACION': 0, 'PPN': 0, 'UR': 2, 'URNG-MAIZ WINAQ': 5, 'CREO': 1, 'BIEN': 14, 'VIVA': 15, 'MI FAMILIA': 3, 'CAMBIO': 0, 'VOS': 20}",4,39,255,0,Algún campo sin dato,1.Guatemala,8.Mixco,0317,presidente
3335,,"{'UNE': 17, 'AZUL': 1, 'VALOR UNIONISTA': 16, 'CABAL': 10, 'TODOS': 0, 'VAMOS': 8, 'PHG': 1, 'PR': 0, 'PIN': 2, 'ELEFANTE': 5, 'VICTORIA': 44, 'SEMILLA': 53, 'FCN-NACION': 1, 'PPN': 4, 'UR': 0, 'URNG-MAIZ WINAQ': 4, 'CREO': 1, 'BIEN': 19, 'VIVA': 20, 'MI FAMILIA': 4, 'CAMBIO': 2, 'VOS': 14}",2,32,260,0,Algún campo sin dato,1.Guatemala,8.Mixco,0317,presidente
3336,,"{'UNE': 19, 'AZUL': 3, 'VALOR UNIONISTA': 20, 'CABAL': 8, 'TODOS': 0, 'VAMOS': 2, 'PHG': 1, 'PR': 1, 'PIN': 0, 'ELEFANTE': 3, 'VICTORIA': 44, 'SEMILLA': 46, 'FCN-NACION': 1, 'PPN': 2, 'UR': 6, 'URNG-MAIZ WINAQ': 0, 'CREO': 0, 'BIEN': 3, 'VIVA': 10, 'MI FAMILIA': 5, 'CAMBIO': 1, 'VOS': 11}",3,31,220,0,Sumas Asentadas sin cuadrar,1.Guatemala,8.Mixco,0317,presidente
3337,,"{'UNE': 22, 'AZUL': 2, 'VALOR UNIONISTA': 29, 'CABAL': 5, 'TODOS': 2, 'VAMOS': 4, 'PHG': 0, 'PR': 1, 'PIN': 0, 'ELEFANTE': 4, 'VICTORIA': 37, 'SEMILLA': 60, 'FCN-NACION': 1, 'PPN': 0, 'UR': 6, 'URNG-MAIZ WINAQ': 6, 'CREO': 1, 'BIEN': 3, 'VIVA': 22, 'MI FAMILIA': 4, 'CAMBIO': 0, 'VOS': 10}",3,32,254,0,Algún campo sin dato,1.Guatemala,8.Mixco,0317,presidente
3338,,"{'UNE': 25, 'AZUL': 2, 'VALOR UNIONISTA': 12, 'CABAL': 4, 'TODOS': 2, 'VAMOS': 3, 'PHG': 2, 'PR': 1, 'PIN': 1, 'ELEFANTE': 3, 'VICTORIA': 30, 'SEMILLA': 53, 'FCN-NACION': 0, 'PPN': 4, 'UR': 5, 'URNG-MAIZ WINAQ': 5, 'CREO': 0, 'BIEN': 7, 'VIVA': 27, 'MI FAMILIA': 2, 'CAMBIO': 0, 'VOS': 14}",2,39,243,163,Algún campo sin dato,1.Guatemala,8.Mixco,0318,presidente
3339,,"{'UNE': 24, 'AZUL': 1, 'VALOR UNIONISTA': 24, 'CABAL': 8, 'TODOS': 1, 'VAMOS': 2, 'PHG': 0, 'PR': 0, 'PIN': 3, 'ELEFANTE': 3, 'VICTORIA': 31, 'SEMILLA': 49, 'FCN-NACION': 0, 'PPN': 1, 'UR': 2, 'URNG-MAIZ WINAQ': 9, 'CREO': 1, 'BIEN': 12, 'VIVA': 21, 'MI FAMILIA': 7, 'CAMBIO': 0, 'VOS': 16}",5,32,252,0,Algún campo sin dato,1.Guatemala,8.Mixco,0318,presidente
3340,,"{'UNE': 15, 'AZUL': 5, 'VALOR UNIONISTA': 14, 'CABAL': 11, 'TODOS': 0, 'VAMOS': 3, 'PHG': 0, 'PR': 3, 'PIN': 0, 'ELEFANTE': 2, 'VICTORIA': 44, 'SEMILLA': 49, 'FCN-NACION': 1, 'PPN': 2, 'UR': 4, 'URNG-MAIZ WINAQ': 7, 'CREO': 1, 'BIEN': 6, 'VIVA': 18, 'MI FAMILIA': 4, 'CAMBIO': 2, 'VOS': 9}",3,26,229,0,Algún campo sin dato,1.Guatemala,8.Mixco,0318,presidente
3341,,"{'UNE': 14, 'AZUL': 1, 'VALOR UNIONISTA': 14, 'CABAL': 6, 'TODOS': 0, 'VAMOS': 4, 'PHG': 2, 'PR': 5, 'PIN': 0, 'ELEFANTE': 3, 'VICTORIA': 42, 'SEMILLA': 42, 'FCN-NACION': 0, 'PPN': 1, 'UR': 0, 'URNG-MAIZ WINAQ': 2, 'CREO': 0, 'BIEN': 10, 'VIVA': 22, 'MI FAMILIA': 7, 'CAMBIO': 1, 'VOS': 18}",7,42,243,0,Algún campo sin dato,1.Guatemala,8.Mixco,0318,presidente
3342,,"{'UNE': 24, 'AZUL': 3, 'VALOR UNIONISTA': 13, 'CABAL': 4, 'TODOS': 0, 'VAMOS': 5, 'PHG': 3, 'PR': 3, 'PIN': 0, 'ELEFANTE': 4, 'VICTORIA': 37, 'SEMILLA': 53, 'FCN-NACION': 0, 'PPN': 0, 'UR': 6, 'URNG-MAIZ WINAQ': 4, 'CREO': 0, 'BIEN': 2, 'VIVA': 14, 'MI FAMILIA': 4, 'CAMBIO': 0, 'VOS': 14}",2,30,225,0,Algún campo sin dato,1.Guatemala,8.Mixco,0318,presidente
3343,,"{'UNE': 20, 'AZUL': 6, 'VALOR UNIONISTA': 12, 'CABAL': 8, 'TODOS': 0, 'VAMOS': 5, 'PHG': 0, 'PR': 1, 'PIN': 1, 'ELEFANTE': 3, 'VICTORIA': 38, 'SEMILLA': 39, 'FCN-NACION': 3, 'PPN': 3, 'UR': 3, 'URNG-MAIZ WINAQ': 3, 'CREO': 0, 'BIEN': 17, 'VIVA': 14, 'MI FAMILIA': 4, 'CAMBIO': 1, 'VOS': 12}",1,25,219,0,Algún campo sin dato,1.Guatemala,8.Mixco,0319,presidente
3344,,"{'UNE': 18, 'AZUL': 3, 'VALOR UNIONISTA': 16, 'CABAL': 5, 'TODOS': 0, 'VAMOS': 4, 'PHG': 0, 'PR': 1, 'PIN': 1, 'ELEFANTE': 2, 'VICTORIA': 38, 'SEMILLA': 53, 'FCN-NACION': 0, 'PPN': 1, 'UR': 0, 'URNG-MAIZ WINAQ': 6, 'CREO': 3, 'BIEN': 9, 'VIVA': 18, 'MI FAMILIA': 6, 'CAMBIO': 1, 'VOS': 17}",1,43,246,0,Algún campo sin dato,1.Guatemala,8.Mixco,0319,presidente
3345,,"{'UNE': 12, 'AZUL': 2, 'VALOR UNIONISTA': 10, 'CABAL': 4, 'TODOS': 0, 'VAMOS': 2, 'PHG': 0, 'PR': 1, 'PIN': 0, 'ELEFANTE': 4, 'VICTORIA': 42, 'SEMILLA': 63, 'FCN-NACION': 0, 'PPN': 1, 'UR': 2, 'URNG-MAIZ WINAQ': 3, 'CREO': 0, 'BIEN': 7, 'VIVA': 20, 'MI FAMILIA': 2, 'CAMBIO': 2, 'VOS': 19}",0,32,228,0,Algún campo sin dato,1.Guatemala,8.Mixco,0319,presidente
3346,,"{'UNE': 15, 'AZUL': 3, 'VALOR UNIONISTA': 9, 'CABAL': 3, 'TODOS': 1, 'VAMOS': 2, 'PHG': 0, 'PR': 2, 'PIN': 0, 'ELEFANTE': 2, 'VICTORIA': 32, 'SEMILLA': 75, 'FCN-NACION': 0, 'PPN': 0, 'UR': 1, 'URNG-MAIZ WINAQ': 2, 'CREO': 0, 'BIEN': 17, 'VIVA': 20, 'MI FAMILIA': 1, 'CAMBIO': 0, 'VOS': 20}",2,21,228,0,Algún campo sin dato,1.Guatemala,8.Mixco,0319,presidente
3347,,"{'UNE': 5, 'AZUL': 3, 'VALOR UNIONISTA': 3, 'CABAL': 6, 'TODOS': 0, 'VAMOS': 2, 'PHG': 0, 'PR': 0, 'PIN': 0, 'ELEFANTE': 5, 'VICTORIA': 26, 'SEMILLA': 138, 'FCN-NACION': 0, 'PPN': 1, 'UR': 1, 'URNG-MAIZ WINAQ': 6, 'CREO': 0, 'BIEN': 12, 'VIVA': 14, 'MI FAMILIA': 2, 'CAMBIO': 1, 'VOS': 33}",0,24,282,0,Algún campo sin dato,1.Guatemala,8.Mixco,0319,presidente
3348,,"{'UNE': 4, 'AZUL': 0, 'VALOR UNIONISTA': 8, 'CABAL': 4, 'TODOS': 2, 'VAMOS': 4, 'PHG': 0, 'PR': 1, 'PIN': 0, 'ELEFANTE': 2, 'VICTORIA': 26, 'SEMILLA': 138, 'FCN-NACION': 0, 'PPN': 0, 'UR': 2, 'URNG-MAIZ WINAQ': 1, 'CREO': 1, 'BIEN': 16, 'VIVA': 9, 'MI FAMILIA': 2, 'CAMBIO': 1, 'VOS': 14}",0,24,259,0,Algún campo sin dato,1.Guatemala,8.Mixco,0319,presidente
3349,,"{'UNE': 8, 'AZUL': 0, 'VALOR UNIONISTA': 10, 'CABAL': 3, 'TODOS': 2, 'VAMOS': 3, 'PHG': 0, 'PR': 1, 'PIN': 0, 'ELEFANTE': 2, 'VICTORIA': 32, 'SEMILLA': 93, 'FCN-NACION': 0, 'PPN': 0, 'UR': 2, 'URNG-MAIZ WINAQ': 1, 'CREO': 0, 'BIEN': 10, 'VIVA': 9, 'MI FAMILIA': 4, 'CAMBIO': 0, 'VOS': 18}",0,26,224,0,Algún campo sin dato,1.Guatemala,8.Mixco,0319,presidente
3350,,"{'UNE': 7, 'AZUL': 1, 'VALOR UNIONISTA': 7, 'CABAL': 6, 'TODOS': 0, 'VAMOS': 2, 'PHG': 0, 'PR': 0, 'PIN': 1, 'ELEFANTE': 2, 'VICTORIA': 23, 'SEMILLA': 86, 'FCN-NACION': 1, 'PPN': 1, 'UR': 0, 'URNG-MAIZ WINAQ': 3, 'CREO': 0, 'BIEN': 12, 'VIVA': 15, 'MI FAMILIA': 2, 'CAMBIO': 0, 'VOS': 22}",0,19,210,0,Algún campo sin dato,1.Guatemala,8.Mixco,0319,presidente
3351,,"{'UNE': 13, 'AZUL': 0, 'VALOR UNIONISTA': 6, 'CABAL': 6, 'TODOS': 0, 'VAMOS': 2, 'PHG': 1, 'PR': 0, 'PIN': 0, 'ELEFANTE': 0, 'VICTORIA': 20, 'SEMILLA': 72, 'FCN-NACION': 1, 'PPN': 1, 'UR': 1, 'URNG-MAIZ WINAQ': 2, 'CREO': 1, 'BIEN': 7, 'VIVA': 17, 'MI FAMILIA': 3, 'CAMBIO': 0, 'VOS': 10}",1,20,184,0,Algún campo sin dato,1.Guatemala,8.Mixco,0319,presidente
3352,,"{'UNE': 9, 'AZUL': 3, 'VALOR UNIONISTA': 15, 'CABAL': 9, 'TODOS': 0, 'VAMOS': 2, 'PHG': 2, 'PR': 0, 'PIN': 1, 'ELEFANTE': 1, 'VICTORIA': 15, 'SEMILLA': 66, 'FCN-NACION': 0, 'PPN': 0, 'UR': 0, 'URNG-MAIZ WINAQ': 1, 'CREO': 1, 'BIEN': 7, 'VIVA': 12, 'MI FAMILIA': 2, 'CAMBIO': 1, 'VOS': 13}",0,24,184,1,Algún campo sin dato,1.Guatemala,8.Mixco,0319,presidente
3353,,"{'UNE': 10, 'AZUL': 0, 'VALOR UNIONISTA': 8, 'CABAL': 6, 'TODOS': 4, 'VAMOS': 1, 'PHG': 0, 'PR': 0, 'PIN': 0, 'ELEFANTE': 0, 'VICTORIA': 16, 'SEMILLA': 74, 'FCN-NACION': 0, 'PPN': 1, 'UR': 0, 'URNG-MAIZ WINAQ': 2, 'CREO': 0, 'BIEN': 5, 'VIVA': 10, 'MI FAMILIA': 2, 'CAMBIO': 0, 'VOS': 8}",0,2,149,6,Algún campo sin dato,1.Guatemala,8.Mixco,0319,presidente
3354,,"{'UNE': 21, 'AZUL': 4, 'VALOR UNIONISTA': 36, 'CABAL': 12, 'TODOS': 1, 'VAMOS': 4, 'PHG': 1, 'PR': 2, 'PIN': 1, 'ELEFANTE': 3, 'VICTORIA': 34, 'SEMILLA': 59, 'FCN-NACION': 0, 'PPN': 0, 'UR': 4, 'URNG-MAIZ WINAQ': 5, 'CREO': 2, 'BIEN': 12, 'VIVA': 12, 'MI FAMILIA': 5, 'CAMBIO': 0, 'VOS': 25}",2,28,273,0,Algún campo sin dato,1.Guatemala,8.Mixco,0320,presidente
3355,,"{'UNE': 11, 'AZUL': 4, 'VALOR UNIONISTA': 26, 'CABAL': 16, 'TODOS': 1, 'VAMOS': 6, 'PHG': 0, 'PR': 4, 'PIN': 0, 'ELEFANTE': 2, 'VICTORIA': 24, 'SEMILLA': 55, 'FCN-NACION': 1, 'PPN': 2, 'UR': 1, 'URNG-MAIZ WINAQ': 8, 'CREO': 4, 'BIEN': 20, 'VIVA': 16, 'MI FAMILIA': 6, 'CAMBIO': 0, 'VOS': 23}",1,31,262,0,Algún campo sin dato,1.Guatemala,8.Mixco,0320,presidente
3356,,"{'UNE': 13, 'AZUL': 1, 'VALOR UNIONISTA': 25, 'CABAL': 9, 'TODOS': 0, 'VAMOS': 4, 'PHG': 0, 'PR': 2, 'PIN': 1, 'ELEFANTE': 4, 'VICTORIA': 19, 'SEMILLA': 75, 'FCN-NACION': 1, 'PPN': 0, 'UR': 6, 'URNG-MAIZ WINAQ': 11, 'CREO': 4, 'BIEN': 10, 'VIVA': 22, 'MI FAMILIA': 11, 'CAMBIO': 0, 'VOS': 25}",1,30,274,0,Algún campo sin dato,1.Guatemala,8.Mixco,0320,presidente
3357,,"{'UNE': 16, 'AZUL': 6, 'VALOR UNIONISTA': 25, 'CABAL': 12, 'TODOS': 3, 'VAMOS': 2, 'PHG': 1, 'PR': 0, 'PIN': 2, 'ELEFANTE': 7, 'VICTORIA': 21, 'SEMILLA': 73, 'FCN-NACION': 0, 'PPN': 1, 'UR': 3, 'URNG-MAIZ WINAQ': 7, 'CREO': 3, 'BIEN': 19, 'VIVA': 17, 'MI FAMILIA': 8, 'CAMBIO': 0, 'VOS': 22}",1,27,276,0,Sumas Asentadas sin cuadrar,1.Guatemala,8.Mixco,0320,presidente
3358,,"{'UNE': 10, 'AZUL': 9, 'VALOR UNIONISTA': 30, 'CABAL': 14, 'TODOS': 1, 'VAMOS': 3, 'PHG': 0, 'PR': 1, 'PIN': 0, 'ELEFANTE': 3, 'VICTORIA': 33, 'SEMILLA': 65, 'FCN-NACION': 1, 'PPN': 0, 'UR': 1, 'URNG-MAIZ WINAQ': 4, 'CREO': 3, 'BIEN': 15, 'VIVA': 15, 'MI FAMILIA': 3, 'CAMBIO': 1, 'VOS': 28}",0,18,258,0,Algún campo sin dato,1.Guatemala,8.Mixco,0320,presidente
3359,,"{'UNE': 11, 'AZUL': 2, 'VALOR UNIONISTA': 16, 'CABAL': 15, 'TODOS': 1, 'VAMOS': 2, 'PHG': 0, 'PR': 1, 'PIN': 0, 'ELEFANTE': 6, 'VICTORIA': 22, 'SEMILLA': 73, 'FCN-NACION': 0, 'PPN': 0, 'UR': 2, 'URNG-MAIZ WINAQ': 4, 'CREO': 1, 'BIEN': 12, 'VIVA': 12, 'MI FAMILIA': 2, 'CAMBIO': 1, 'VOS': 40}",1,28,252,0,Algún campo sin dato,1.Guatemala,8.Mixco,0320,presidente
3360,,"{'UNE': 11, 'AZUL': 2, 'VALOR UNIONISTA': 30, 'CABAL': 16, 'TODOS': 2, 'VAMOS': 2, 'PHG': 0, 'PR': 1, 'PIN': 1, 'ELEFANTE': 5, 'VICTORIA': 19, 'SEMILLA': 63, 'FCN-NACION': 0, 'PPN': 1, 'UR': 5, 'URNG-MAIZ WINAQ': 5, 'CREO': 4, 'BIEN': 15, 'VIVA': 11, 'MI FAMILIA': 5, 'CAMBIO': 2, 'VOS': 27}",0,33,260,0,Algún campo sin dato,1.Guatemala,8.Mixco,0320,presidente
3361,,"{'UNE': 11, 'AZUL': 2, 'VALOR UNIONISTA': 28, 'CABAL': 12, 'TODOS': 2, 'VAMOS': 3, 'PHG': 0, 'PR': 4, 'PIN': 0, 'ELEFANTE': 1, 'VICTORIA': 20, 'SEMILLA': 81, 'FCN-NACION': 1, 'PPN': 1, 'UR': 2, 'URNG-MAIZ WINAQ': 5, 'CREO': 4, 'BIEN': 11, 'VIVA': 11, 'MI FAMILIA': 6, 'CAMBIO': 0, 'VOS': 35}",0,22,262,1,Algún campo sin dato,1.Guatemala,8.Mixco,0320,presidente
3362,,"{'UNE': 17, 'AZUL': 0, 'VALOR UNIONISTA': 25, 'CABAL': 14, 'TODOS': 1, 'VAMOS': 3, 'PHG': 1, 'PR': 3, 'PIN': 0, 'ELEFANTE': 3, 'VICTORIA': 26, 'SEMILLA': 74, 'FCN-NACION': 1, 'PPN': 0, 'UR': 5, 'URNG-MAIZ WINAQ': 6, 'CREO': 1, 'BIEN': 11, 'VIVA': 15, 'MI FAMILIA': 7, 'CAMBIO': 0, 'VOS': 33}",2,27,275,0,Algún campo sin dato,1.Guatemala,8.Mixco,0320,presidente
3363,,"{'UNE': 14, 'AZUL': 4, 'VALOR UNIONISTA': 29, 'CABAL': 21, 'TODOS': 1, 'VAMOS': 1, 'PHG': 0, 'PR': 2, 'PIN': 0, 'ELEFANTE': 6, 'VICTORIA': 23, 'SEMILLA': 73, 'FCN-NACION': 0, 'PPN': 0, 'UR': 1, 'URNG-MAIZ WINAQ': 5, 'CREO': 2, 'BIEN': 13, 'VIVA': 10, 'MI FAMILIA': 10, 'CAMBIO': 0, 'VOS': 28}",2,27,272,0,Algún campo sin dato,1.Guatemala,8.Mixco,0320,presidente
3364,,"{'UNE': 5, 'AZUL': 6, 'VALOR UNIONISTA': 27, 'CABAL': 19, 'TODOS': 0, 'VAMOS': 3, 'PHG': 1, 'PR': 1, 'PIN': 1, 'ELEFANTE': 1, 'VICTORIA': 22, 'SEMILLA': 71, 'FCN-NACION': 1, 'PPN': 1, 'UR': 3, 'URNG-MAIZ WINAQ': 4, 'CREO': 2, 'BIEN': 7, 'VIVA': 19, 'MI FAMILIA': 4, 'CAMBIO': 0, 'VOS': 29}",1,24,252,0,Algún campo sin dato,1.Guatemala,8.Mixco,0320,presidente
3365,,"{'UNE': 4, 'AZUL': 3, 'VALOR UNIONISTA': 17, 'CABAL': 8, 'TODOS': 2, 'VAMOS': 1, 'PHG': 0, 'PR': 1, 'PIN': 1, 'ELEFANTE': 3, 'VICTORIA': 33, 'SEMILLA': 81, 'FCN-NACION': 0, 'PPN': 1, 'UR': 4, 'URNG-MAIZ WINAQ': 8, 'CREO': 3, 'BIEN': 11, 'VIVA': 11, 'MI FAMILIA': 4, 'CAMBIO': 0, 'VOS': 25}",3,28,252,0,Algún campo sin dato,1.Guatemala,8.Mixco,0320,presidente
3366,,"{'UNE': 14, 'AZUL': 8, 'VALOR UNIONISTA': 28, 'CABAL': 18, 'TODOS': 0, 'VAMOS': 1, 'PHG': 1, 'PR': 2, 'PIN': 0, 'ELEFANTE': 4, 'VICTORIA': 21, 'SEMILLA': 53, 'FCN-NACION': 1, 'PPN': 0, 'UR': 5, 'URNG-MAIZ WINAQ': 6, 'CREO': 1, 'BIEN': 14, 'VIVA': 14, 'MI FAMILIA': 6, 'CAMBIO': 0, 'VOS': 23}",4,33,257,2,Algún campo sin dato,1.Guatemala,8.Mixco,0320,presidente
3367,,"{'UNE': 8, 'AZUL': 3, 'VALOR UNIONISTA': 16, 'CABAL': 13, 'TODOS': 1, 'VAMOS': 2, 'PHG': 1, 'PR': 5, 'PIN': 0, 'ELEFANTE': 6, 'VICTORIA': 16, 'SEMILLA': 57, 'FCN-NACION': 0, 'PPN': 1, 'UR': 4, 'URNG-MAIZ WINAQ': 3, 'CREO': 2, 'BIEN': 9, 'VIVA': 18, 'MI FAMILIA': 9, 'CAMBIO': 0, 'VOS': 23}",4,38,239,0,Algún campo sin dato,1.Guatemala,8.Mixco,0320,presidente
3368,,"{'UNE': 10, 'AZUL': 1, 'VALOR UNIONISTA': 30, 'CABAL': 10, 'TODOS': 1, 'VAMOS': 0, 'PHG': 3, 'PR': 2, 'PIN': 2, 'ELEFANTE': 0, 'VICTORIA': 17, 'SEMILLA': 72, 'FCN-NACION': 0, 'PPN': 0, 'UR': 0, 'URNG-MAIZ WINAQ': 5, 'CREO': 1, 'BIEN': 17, 'VIVA': 16, 'MI FAMILIA': 5, 'CAMBIO': 0, 'VOS': 18}",1,28,239,0,Sumas Asentadas sin cuadrar,1.Guatemala,8.Mixco,0320,presidente
3369,,"{'UNE': 5, 'AZUL': 6, 'VALOR UNIONISTA': 20, 'CABAL': 18, 'TODOS': 1, 'VAMOS': 1, 'PHG': 0, 'PR': 2, 'PIN': 3, 'ELEFANTE': 2, 'VICTORIA': 19, 'SEMILLA': 97, 'FCN-NACION': 0, 'PPN': 0, 'UR': 0, 'URNG-MAIZ WINAQ': 3, 'CREO': 1, 'BIEN': 17, 'VIVA': 11, 'MI FAMILIA': 2, 'CAMBIO': 0, 'VOS': 19}",3,23,253,146,Sumas Asentadas sin cuadrar,1.Guatemala,8.Mixco,0320,presidente
3370,,"{'UNE': 4, 'AZUL': 2, 'VALOR UNIONISTA': 18, 'CABAL': 7, 'TODOS': 2, 'VAMOS': 1, 'PHG': 0, 'PR': 0, 'PIN': 1, 'ELEFANTE': 3, 'VICTORIA': 11, 'SEMILLA': 158, 'FCN-NACION': 0, 'PPN': 0, 'UR': 1, 'URNG-MAIZ WINAQ': 1, 'CREO': 1, 'BIEN': 22, 'VIVA': 5, 'MI FAMILIA': 2, 'CAMBIO': 1, 'VOS': 22}",1,11,274,0,Algún campo sin dato,1.Guatemala,8.Mixco,0320,presidente
3371,,"{'UNE': 7, 'AZUL': 1, 'VALOR UNIONISTA': 6, 'CABAL': 5, 'TODOS': 1, 'VAMOS': 1, 'PHG': 0, 'PR': 0, 'PIN': 0, 'ELEFANTE': 1, 'VICTORIA': 16, 'SEMILLA': 126, 'FCN-NACION': 0, 'PPN': 0, 'UR': 1, 'URNG-MAIZ WINAQ': 2, 'CREO': 0, 'BIEN': 11, 'VIVA': 13, 'MI FAMILIA': 1, 'CAMBIO': 0, 'VOS': 11}",0,21,224,0,Algún campo sin dato,1.Guatemala,8.Mixco,0320,presidente
3372,,"{'UNE': 5, 'AZUL': 4, 'VALOR UNIONISTA': 8, 'CABAL': 4, 'TODOS': 0, 'VAMOS': 0, 'PHG': 0, 'PR': 1, 'PIN': 0, 'ELEFANTE': 0, 'VICTORIA': 9, 'SEMILLA': 51, 'FCN-NACION': 0, 'PPN': 1, 'UR': 3, 'URNG-MAIZ WINAQ': 1, 'CREO': 0, 'BIEN': 0, 'VIVA': 10, 'MI FAMILIA': 3, 'CAMBIO': 0, 'VOS': 14}",0,20,134,0,Algún campo sin dato,1.Guatemala,8.Mixco,0320,presidente
3373,,"{'UNE': 5, 'AZUL': 1, 'VALOR UNIONISTA': 7, 'CABAL': 7, 'TODOS': 0, 'VAMOS': 0, 'PHG': 1, 'PR': 0, 'PIN': 0, 'ELEFANTE': 1, 'VICTORIA': 5, 'SEMILLA': 63, 'FCN-NACION': 0, 'PPN': 2, 'UR': 0, 'URNG-MAIZ WINAQ': 2, 'CREO': 1, 'BIEN': 6, 'VIVA': 6, 'MI FAMILIA': 1, 'CAMBIO': 0, 'VOS': 9}",1,20,138,0,Algún campo sin dato,1.Guatemala,8.Mixco,0320,presidente
3374,,"{'UNE': 11, 'AZUL': 6, 'VALOR UNIONISTA': 26, 'CABAL': 8, 'TODOS': 0, 'VAMOS': 8, 'PHG': 0, 'PR': 2, 'PIN': 0, 'ELEFANTE': 2, 'VICTORIA': 32, 'SEMILLA': 56, 'FCN-NACION': 0, 'PPN': 1, 'UR': 5, 'URNG-MAIZ WINAQ': 2, 'CREO': 2, 'BIEN': 13, 'VIVA': 23, 'MI FAMILIA': 6, 'CAMBIO': 0, 'VOS': 22}",2,26,253,0,Algún campo sin dato,1.Guatemala,8.Mixco,0321,presidente
3375,,"{'UNE': 12, 'AZUL': 6, 'VALOR UNIONISTA': 34, 'CABAL': 10, 'TODOS': 1, 'VAMOS': 3, 'PHG': 0, 'PR': 1, 'PIN': 3, 'ELEFANTE': 3, 'VICTORIA': 25, 'SEMILLA': 47, 'FCN-NACION': 1, 'PPN': 1, 'UR': 4, 'URNG-MAIZ WINAQ': 4, 'CREO': 3, 'BIEN': 10, 'VIVA': 27, 'MI FAMILIA': 4, 'CAMBIO': 1, 'VOS': 16}",1,47,264,0,Sumas Asentadas sin cuadrar,1.Guatemala,8.Mixco,0321,presidente
3376,,"{'UNE': 12, 'AZUL': 6, 'VALOR UNIONISTA': 37, 'CABAL': 12, 'TODOS': 0, 'VAMOS': 2, 'PHG': 1, 'PR': 2, 'PIN': 0, 'ELEFANTE': 1, 'VICTORIA': 18, 'SEMILLA': 58, 'FCN-NACION': 1, 'PPN': 2, 'UR': 2, 'URNG-MAIZ WINAQ': 5, 'CREO': 1, 'BIEN': 14, 'VIVA': 20, 'MI FAMILIA': 1, 'CAMBIO': 1, 'VOS': 18}",2,41,257,0,Algún campo sin dato,1.Guatemala,8.Mixco,0321,presidente
3377,,"{'UNE': 9, 'AZUL': 3, 'VALOR UNIONISTA': 13, 'CABAL': 7, 'TODOS': 2, 'VAMOS': 6, 'PHG': 0, 'PR': 2, 'PIN': 0, 'ELEFANTE': 5, 'VICTORIA': 25, 'SEMILLA': 55, 'FCN-NACION': 3, 'PPN': 1, 'UR': 4, 'URNG-MAIZ WINAQ': 2, 'CREO': 2, 'BIEN': 23, 'VIVA': 24, 'MI FAMILIA': 5, 'CAMBIO': 2, 'VOS': 24}",0,40,257,0,Algún campo sin dato,1.Guatemala,8.Mixco,0321,presidente
3378,,"{'UNE': 9, 'AZUL': 5, 'VALOR UNIONISTA': 26, 'CABAL': 20, 'TODOS': 0, 'VAMOS': 1, 'PHG': 0, 'PR': 5, 'PIN': 1, 'ELEFANTE': 4, 'VICTORIA': 24, 'SEMILLA': 66, 'FCN-NACION': 1, 'PPN': 1, 'UR': 1, 'URNG-MAIZ WINAQ': 2, 'CREO': 2, 'BIEN': 11, 'VIVA': 24, 'MI FAMILIA': 6, 'CAMBIO': 2, 'VOS': 24}",0,24,259,1,Algún campo sin dato,1.Guatemala,8.Mixco,0321,presidente
3379,,"{'UNE': 13, 'AZUL': 9, 'VALOR UNIONISTA': 24, 'CABAL': 15, 'TODOS': 0, 'VAMOS': 3, 'PHG': 1, 'PR': 3, 'PIN': 0, 'ELEFANTE': 4, 'VICTORIA': 18, 'SEMILLA': 62, 'FCN-NACION': 0, 'PPN': 1, 'UR': 3, 'URNG-MAIZ WINAQ': 4, 'CREO': 2, 'BIEN': 9, 'VIVA': 17, 'MI FAMILIA': 5, 'CAMBIO': 0, 'VOS': 20}",2,41,256,0,Algún campo sin dato,1.Guatemala,8.Mixco,0321,presidente
3380,,"{'UNE': 8, 'AZUL': 2, 'VALOR UNIONISTA': 23, 'CABAL': 14, 'TODOS': 0, 'VAMOS': 3, 'PHG': 0, 'PR': 5, 'PIN': 1, 'ELEFANTE': 2, 'VICTORIA': 20, 'SEMILLA': 61, 'FCN-NACION': 3, 'PPN': 0, 'UR': 1, 'URNG-MAIZ WINAQ': 4, 'CREO': 1, 'BIEN': 15, 'VIVA': 20, 'MI FAMILIA': 3, 'CAMBIO': 2, 'VOS': 26}",2,43,259,0,Sumas Asentadas sin cuadrar,1.Guatemala,8.Mixco,0321,presidente
3381,,"{'UNE': 12, 'AZUL': 7, 'VALOR UNIONISTA': 21, 'CABAL': 11, 'TODOS': 1, 'VAMOS': 1, 'PHG': 0, 'PR': 2, 'PIN': 1, 'ELEFANTE': 7, 'VICTORIA': 26, 'SEMILLA': 58, 'FCN-NACION': 2, 'PPN': 2, 'UR': 4, 'URNG-MAIZ WINAQ': 4, 'CREO': 3, 'BIEN': 16, 'VIVA': 31, 'MI FAMILIA': 3, 'CAMBIO': 0, 'VOS': 35}",1,28,276,0,Algún campo sin dato,1.Guatemala,8.Mixco,0321,presidente
3382,,"{'UNE': 9, 'AZUL': 7, 'VALOR UNIONISTA': 22, 'CABAL': 17, 'TODOS': 1, 'VAMOS': 3, 'PHG': 0, 'PR': 0, 'PIN': 3, 'ELEFANTE': 5, 'VICTORIA': 11, 'SEMILLA': 63, 'FCN-NACION': 0, 'PPN': 1, 'UR': 2, 'URNG-MAIZ WINAQ': 4, 'CREO': 3, 'BIEN': 13, 'VIVA': 15, 'MI FAMILIA': 2, 'CAMBIO': 3, 'VOS': 22}",1,37,244,0,Algún campo sin dato,1.Guatemala,8.Mixco,0321,presidente
3383,,"{'UNE': 5, 'AZUL': 5, 'VALOR UNIONISTA': 23, 'CABAL': 15, 'TODOS': 0, 'VAMOS': 4, 'PHG': 0, 'PR': 1, 'PIN': 1, 'ELEFANTE': 3, 'VICTORIA': 14, 'SEMILLA': 68, 'FCN-NACION': 2, 'PPN': 2, 'UR': 2, 'URNG-MAIZ WINAQ': 4, 'CREO': 1, 'BIEN': 14, 'VIVA': 17, 'MI FAMILIA': 6, 'CAMBIO': 0, 'VOS': 22}",0,29,238,0,Algún campo sin dato,1.Guatemala,8.Mixco,0321,presidente
3384,,"{'UNE': 4, 'AZUL': 3, 'VALOR UNIONISTA': 20, 'CABAL': 8, 'TODOS': 0, 'VAMOS': 3, 'PHG': 1, 'PR': 1, 'PIN': 0, 'ELEFANTE': 4, 'VICTORIA': 10, 'SEMILLA': 90, 'FCN-NACION': 1, 'PPN': 0, 'UR': 2, 'URNG-MAIZ WINAQ': 2, 'CREO': 1, 'BIEN': 18, 'VIVA': 11, 'MI FAMILIA': 3, 'CAMBIO': 1, 'VOS': 30}",0,31,244,0,Algún campo sin dato,1.Guatemala,8.Mixco,0322,presidente
3385,,"{'UNE': 8, 'AZUL': 1, 'VALOR UNIONISTA': 9, 'CABAL': 8, 'TODOS': 1, 'VAMOS': 1, 'PHG': 0, 'PR': 0, 'PIN': 1, 'ELEFANTE': 4, 'VICTORIA': 6, 'SEMILLA': 90, 'FCN-NACION': 2, 'PPN': 1, 'UR': 2, 'URNG-MAIZ WINAQ': 3, 'CREO': 1, 'BIEN': 22, 'VIVA': 22, 'MI FAMILIA': 0, 'CAMBIO': 1, 'VOS': 28}",0,29,240,0,Algún campo sin dato,1.Guatemala,8.Mixco,0322,presidente
3386,,"{'UNE': 8, 'AZUL': 5, 'VALOR UNIONISTA': 22, 'CABAL': 9, 'TODOS': 1, 'VAMOS': 8, 'PHG': 0, 'PR': 0, 'PIN': 0, 'ELEFANTE': 3, 'VICTORIA': 23, 'SEMILLA': 71, 'FCN-NACION': 1, 'PPN': 1, 'UR': 0, 'URNG-MAIZ WINAQ': 2, 'CREO': 2, 'BIEN': 10, 'VIVA': 19, 'MI FAMILIA': 5, 'CAMBIO': 1, 'VOS': 26}",1,31,249,0,Algún campo sin dato,1.Guatemala,8.Mixco,0322,presidente
3387,,"{'UNE': 20, 'AZUL': 5, 'VALOR UNIONISTA': 19, 'CABAL': 20, 'TODOS': 0, 'VAMOS': 5, 'PHG': 0, 'PR': 3, 'PIN': 0, 'ELEFANTE': 4, 'VICTORIA': 15, 'SEMILLA': 62, 'FCN-NACION': 1, 'PPN': 0, 'UR': 3, 'URNG-MAIZ WINAQ': 2, 'CREO': 2, 'BIEN': 15, 'VIVA': 21, 'MI FAMILIA': 3, 'CAMBIO': 1, 'VOS': 26}",0,24,251,0,Algún campo sin dato,1.Guatemala,8.Mixco,0322,presidente
3388,,"{'UNE': 13, 'AZUL': 3, 'VALOR UNIONISTA': 24, 'CABAL': 18, 'TODOS': 0, 'VAMOS': 2, 'PHG': 0, 'PR': 2, 'PIN': 0, 'ELEFANTE': 5, 'VICTORIA': 14, 'SEMILLA': 55, 'FCN-NACION': 1, 'PPN': 1, 'UR': 6, 'URNG-MAIZ WINAQ': 1, 'CREO': 1, 'BIEN': 11, 'VIVA': 28, 'MI FAMILIA': 3, 'CAMBIO': 0, 'VOS': 19}",2,41,250,0,Algún campo sin dato,1.Guatemala,8.Mixco,0322,presidente
3389,,"{'UNE': 5, 'AZUL': 0, 'VALOR UNIONISTA': 24, 'CABAL': 11, 'TODOS': 0, 'VAMOS': 1, 'PHG': 0, 'PR': 1, 'PIN': 0, 'ELEFANTE': 4, 'VICTORIA': 16, 'SEMILLA': 68, 'FCN-NACION': 1, 'PPN': 1, 'UR': 3, 'URNG-MAIZ WINAQ': 4, 'CREO': 1, 'BIEN': 9, 'VIVA': 25, 'MI FAMILIA': 2, 'CAMBIO': 0, 'VOS': 19}",3,26,224,0,Algún campo sin dato,1.Guatemala,8.Mixco,0322,presidente
3390,,"{'UNE': 10, 'AZUL': 3, 'VALOR UNIONISTA': 23, 'CABAL': 10, 'TODOS': 0, 'VAMOS': 3, 'PHG': 0, 'PR': 1, 'PIN': 2, 'ELEFANTE': 5, 'VICTORIA': 17, 'SEMILLA': 81, 'FCN-NACION': 0, 'PPN': 3, 'UR': 1, 'URNG-MAIZ WINAQ': 7, 'CREO': 1, 'BIEN': 19, 'VIVA': 21, 'MI FAMILIA': 3, 'CAMBIO': 1, 'VOS': 22}",0,29,262,0,Algún campo sin dato,1.Guatemala,8.Mixco,0322,presidente
3391,,"{'UNE': 7, 'AZUL': 2, 'VALOR UNIONISTA': 18, 'CABAL': 9, 'TODOS': 1, 'VAMOS': 5, 'PHG': 1, 'PR': 3, 'PIN': 0, 'ELEFANTE': 5, 'VICTORIA': 14, 'SEMILLA': 63, 'FCN-NACION': 1, 'PPN': 1, 'UR': 4, 'URNG-MAIZ WINAQ': 4, 'CREO': 3, 'BIEN': 19, 'VIVA': 16, 'MI FAMILIA': 3, 'CAMBIO': 0, 'VOS': 30}",0,30,239,0,Algún campo sin dato,1.Guatemala,8.Mixco,0322,presidente
3392,,"{'UNE': 8, 'AZUL': 3, 'VALOR UNIONISTA': 21, 'CABAL': 11, 'TODOS': 1, 'VAMOS': 5, 'PHG': 0, 'PR': 3, 'PIN': 1, 'ELEFANTE': 1, 'VICTORIA': 26, 'SEMILLA': 62, 'FCN-NACION': 2, 'PPN': 0, 'UR': 3, 'URNG-MAIZ WINAQ': 3, 'CREO': 0, 'BIEN': 5, 'VIVA': 26, 'MI FAMILIA': 5, 'CAMBIO': 2, 'VOS': 25}",0,39,252,0,Algún campo sin dato,1.Guatemala,8.Mixco,0322,presidente
3393,,"{'UNE': 6, 'AZUL': 6, 'VALOR UNIONISTA': 18, 'CABAL': 15, 'TODOS': 1, 'VAMOS': 1, 'PHG': 1, 'PR': 1, 'PIN': 0, 'ELEFANTE': 1, 'VICTORIA': 10, 'SEMILLA': 73, 'FCN-NACION': 0, 'PPN': 0, 'UR': 4, 'URNG-MAIZ WINAQ': 4, 'CREO': 1, 'BIEN': 12, 'VIVA': 18, 'MI FAMILIA': 1, 'CAMBIO': 0, 'VOS': 25}",1,30,229,0,Algún campo sin dato,1.Guatemala,8.Mixco,0323,presidente
3394,,"{'UNE': 12, 'AZUL': 5, 'VALOR UNIONISTA': 21, 'CABAL': 13, 'TODOS': 2, 'VAMOS': 2, 'PHG': 2, 'PR': 4, 'PIN': 1, 'ELEFANTE': 6, 'VICTORIA': 15, 'SEMILLA': 62, 'FCN-NACION': 1, 'PPN': 2, 'UR': 6, 'URNG-MAIZ WINAQ': 5, 'CREO': 0, 'BIEN': 13, 'VIVA': 19, 'MI FAMILIA': 7, 'CAMBIO': 0, 'VOS': 26}",2,30,256,0,Algún campo sin dato,1.Guatemala,8.Mixco,0324,presidente
3395,,"{'UNE': 11, 'AZUL': 5, 'VALOR UNIONISTA': 17, 'CABAL': 8, 'TODOS': 0, 'VAMOS': 5, 'PHG': 1, 'PR': 3, 'PIN': 0, 'ELEFANTE': 2, 'VICTORIA': 19, 'SEMILLA': 62, 'FCN-NACION': 0, 'PPN': 0, 'UR': 3, 'URNG-MAIZ WINAQ': 6, 'CREO': 2, 'BIEN': 11, 'VIVA': 40, 'MI FAMILIA': 6, 'CAMBIO': 1, 'VOS': 26}",1,33,262,6,Algún campo sin dato,1.Guatemala,8.Mixco,0324,presidente
3396,,"{'UNE': 7, 'AZUL': 2, 'VALOR UNIONISTA': 15, 'CABAL': 19, 'TODOS': 0, 'VAMOS': 5, 'PHG': 0, 'PR': 2, 'PIN': 0, 'ELEFANTE': 3, 'VICTORIA': 17, 'SEMILLA': 65, 'FCN-NACION': 1, 'PPN': 2, 'UR': 4, 'URNG-MAIZ WINAQ': 4, 'CREO': 1, 'BIEN': 18, 'VIVA': 14, 'MI FAMILIA': 8, 'CAMBIO': 2, 'VOS': 29}",2,26,246,0,Algún campo sin dato,1.Guatemala,8.Mixco,0324,presidente
3397,,"{'UNE': 13, 'AZUL': 5, 'VALOR UNIONISTA': 26, 'CABAL': 11, 'TODOS': 1, 'VAMOS': 4, 'PHG': 0, 'PR': 3, 'PIN': 0, 'ELEFANTE': 6, 'VICTORIA': 17, 'SEMILLA': 54, 'FCN-NACION': 1, 'PPN': 0, 'UR': 8, 'URNG-MAIZ WINAQ': 2, 'CREO': 3, 'BIEN': 14, 'VIVA': 21, 'MI FAMILIA': 1, 'CAMBIO': 0, 'VOS': 24}",2,33,249,0,Algún campo sin dato,1.Guatemala,8.Mixco,0324,presidente
3398,,"{'UNE': 13, 'AZUL': 3, 'VALOR UNIONISTA': 27, 'CABAL': 18, 'TODOS': 1, 'VAMOS': 3, 'PHG': 0, 'PR': 1, 'PIN': 0, 'ELEFANTE': 1, 'VICTORIA': 25, 'SEMILLA': 49, 'FCN-NACION': 1, 'PPN': 0, 'UR': 3, 'URNG-MAIZ WINAQ': 5, 'CREO': 3, 'BIEN': 4, 'VIVA': 14, 'MI FAMILIA': 4, 'CAMBIO': 0, 'VOS': 16}",0,26,217,7,Sumas Asentadas sin cuadrar,1.Guatemala,8.Mixco,0324,presidente
3399,,"{'UNE': 9, 'AZUL': 3, 'VALOR UNIONISTA': 28, 'CABAL': 9, 'TODOS': 0, 'VAMOS': 3, 'PHG': 1, 'PR': 2, 'PIN': 0, 'ELEFANTE': 3, 'VICTORIA': 18, 'SEMILLA': 59, 'FCN-NACION': 0, 'PPN': 1, 'UR': 2, 'URNG-MAIZ WINAQ': 2, 'CREO': 2, 'BIEN': 10, 'VIVA': 22, 'MI FAMILIA': 4, 'CAMBIO': 0, 'VOS': 21}",4,29,232,3,Algún campo sin dato,1.Guatemala,8.Mixco,0324,presidente
3400,,"{'UNE': 15, 'AZUL': 4, 'VALOR UNIONISTA': 26, 'CABAL': 17, 'TODOS': 0, 'VAMOS': 3, 'PHG': 1, 'PR': 0, 'PIN': 0, 'ELEFANTE': 4, 'VICTORIA': 25, 'SEMILLA': 58, 'FCN-NACION': 1, 'PPN': 2, 'UR': 1, 'URNG-MAIZ WINAQ': 4, 'CREO': 2, 'BIEN': 15, 'VIVA': 23, 'MI FAMILIA': 5, 'CAMBIO': 1, 'VOS': 9}",3,22,241,0,Algún campo sin dato,1.Guatemala,8.Mixco,0324,presidente
3401,,"{'UNE': 10, 'AZUL': 6, 'VALOR UNIONISTA': 27, 'CABAL': 9, 'TODOS': 0, 'VAMOS': 4, 'PHG': 1, 'PR': 1, 'PIN': 0, 'ELEFANTE': 1, 'VICTORIA': 18, 'SEMILLA': 57, 'FCN-NACION': 4, 'PPN': 3, 'UR': 6, 'URNG-MAIZ WINAQ': 3, 'CREO': 3, 'BIEN': 7, 'VIVA': 27, 'MI FAMILIA': 3, 'CAMBIO': 1, 'VOS': 15}",0,36,242,0,Algún campo sin dato,1.Guatemala,8.Mixco,0325,presidente
3402,,"{'UNE': 17, 'AZUL': 4, 'VALOR UNIONISTA': 13, 'CABAL': 16, 'TODOS': 1, 'VAMOS': 6, 'PHG': 0, 'PR': 2, 'PIN': 0, 'ELEFANTE': 4, 'VICTORIA': 28, 'SEMILLA': 54, 'FCN-NACION': 0, 'PPN': 0, 'UR': 2, 'URNG-MAIZ WINAQ': 1, 'CREO': 1, 'BIEN': 13, 'VIVA': 17, 'MI FAMILIA': 3, 'CAMBIO': 0, 'VOS': 16}",8,43,249,1,Algún campo sin dato,1.Guatemala,8.Mixco,0325,presidente
3403,,"{'UNE': 8, 'AZUL': 7, 'VALOR UNIONISTA': 14, 'CABAL': 1, 'TODOS': 1, 'VAMOS': 3, 'PHG': 1, 'PR': 3, 'PIN': 0, 'ELEFANTE': 2, 'VICTORIA': 17, 'SEMILLA': 49, 'FCN-NACION': 0, 'PPN': 2, 'UR': 2, 'URNG-MAIZ WINAQ': 3, 'CREO': 2, 'BIEN': 8, 'VIVA': 20, 'MI FAMILIA': 6, 'CAMBIO': 2, 'VOS': 23}",1,31,206,0,Sumas Asentadas sin cuadrar,1.Guatemala,8.Mixco,0325,presidente
3404,,"{'UNE': 7, 'AZUL': 5, 'VALOR UNIONISTA': 13, 'CABAL': 9, 'TODOS': 1, 'VAMOS': 2, 'PHG': 0, 'PR': 2, 'PIN': 0, 'ELEFANTE': 3, 'VICTORIA': 19, 'SEMILLA': 64, 'FCN-NACION': 0, 'PPN': 1, 'UR': 5, 'URNG-MAIZ WINAQ': 3, 'CREO': 0, 'BIEN': 15, 'VIVA': 21, 'MI FAMILIA': 5, 'CAMBIO': 0, 'VOS': 21}",2,38,236,0,Algún campo sin dato,1.Guatemala,8.Mixco,0325,presidente
3405,,"{'UNE': 10, 'AZUL': 4, 'VALOR UNIONISTA': 16, 'CABAL': 4, 'TODOS': 0, 'VAMOS': 2, 'PHG': 0, 'PR': 2, 'PIN': 1, 'ELEFANTE': 2, 'VICTORIA': 17, 'SEMILLA': 53, 'FCN-NACION': 0, 'PPN': 2, 'UR': 4, 'URNG-MAIZ WINAQ': 3, 'CREO': 1, 'BIEN': 6, 'VIVA': 18, 'MI FAMILIA': 12, 'CAMBIO': 1, 'VOS': 14}",3,36,211,3,Algún campo sin dato,1.Guatemala,8.Mixco,0325,presidente
3406,,"{'UNE': 12, 'AZUL': 3, 'VALOR UNIONISTA': 17, 'CABAL': 7, 'TODOS': 0, 'VAMOS': 5, 'PHG': 2, 'PR': 4, 'PIN': 2, 'ELEFANTE': 4, 'VICTORIA': 17, 'SEMILLA': 62, 'FCN-NACION': 0, 'PPN': 1, 'UR': 5, 'URNG-MAIZ WINAQ': 2, 'CREO': 0, 'BIEN': 14, 'VIVA': 10, 'MI FAMILIA': 3, 'CAMBIO': 2, 'VOS': 21}",2,22,217,7,Algún campo sin dato,1.Guatemala,8.Mixco,0325,presidente
3407,,"{'UNE': 11, 'AZUL': 0, 'VALOR UNIONISTA': 13, 'CABAL': 7, 'TODOS': 0, 'VAMOS': 3, 'PHG': 1, 'PR': 1, 'PIN': 0, 'ELEFANTE': 1, 'VICTORIA': 19, 'SEMILLA': 62, 'FCN-NACION': 0, 'PPN': 0, 'UR': 6, 'URNG-MAIZ WINAQ': 4, 'CREO': 3, 'BIEN': 18, 'VIVA': 19, 'MI FAMILIA': 3, 'CAMBIO': 1, 'VOS': 30}",3,25,230,0,Algún campo sin dato,1.Guatemala,8.Mixco,0325,presidente
3408,,"{'UNE': 5, 'AZUL': 3, 'VALOR UNIONISTA': 28, 'CABAL': 14, 'TODOS': 0, 'VAMOS': 6, 'PHG': 1, 'PR': 3, 'PIN': 2, 'ELEFANTE': 1, 'VICTORIA': 13, 'SEMILLA': 69, 'FCN-NACION': 0, 'PPN': 3, 'UR': 0, 'URNG-MAIZ WINAQ': 5, 'CREO': 2, 'BIEN': 17, 'VIVA': 20, 'MI FAMILIA': 5, 'CAMBIO': 1, 'VOS': 18}",0,27,243,0,Algún campo sin dato,1.Guatemala,8.Mixco,0325,presidente
3409,,"{'UNE': 8, 'AZUL': 1, 'VALOR UNIONISTA': 22, 'CABAL': 8, 'TODOS': 0, 'VAMOS': 2, 'PHG': 0, 'PR': 3, 'PIN': 0, 'ELEFANTE': 5, 'VICTORIA': 17, 'SEMILLA': 80, 'FCN-NACION': 1, 'PPN': 1, 'UR': 1, 'URNG-MAIZ WINAQ': 1, 'CREO': 1, 'BIEN': 10, 'VIVA': 21, 'MI FAMILIA': 2, 'CAMBIO': 1, 'VOS': 11}",0,26,222,0,Algún campo sin dato,1.Guatemala,8.Mixco,0325,presidente
3410,,"{'UNE': 3, 'AZUL': 2, 'VALOR UNIONISTA': 15, 'CABAL': 11, 'TODOS': 0, 'VAMOS': 0, 'PHG': 0, 'PR': 0, 'PIN': 2, 'ELEFANTE': 0, 'VICTORIA': 19, 'SEMILLA': 109, 'FCN-NACION': 1, 'PPN': 0, 'UR': 0, 'URNG-MAIZ WINAQ': 1, 'CREO': 1, 'BIEN': 11, 'VIVA': 11, 'MI FAMILIA': 1, 'CAMBIO': 2, 'VOS': 23}",1,27,240,0,Sumas Asentadas sin cuadrar,1.Guatemala,8.Mixco,0325,presidente
3411,,"{'UNE': 1, 'AZUL': 2, 'VALOR UNIONISTA': 15, 'CABAL': 11, 'TODOS': 0, 'VAMOS': 1, 'PHG': 0, 'PR': 0, 'PIN': 1, 'ELEFANTE': 2, 'VICTORIA': 10, 'SEMILLA': 166, 'FCN-NACION': 0, 'PPN': 0, 'UR': 2, 'URNG-MAIZ WINAQ': 2, 'CREO': 0, 'BIEN': 19, 'VIVA': 17, 'MI FAMILIA': 1, 'CAMBIO': 1, 'VOS': 17}",0,8,276,0,Algún campo sin dato,1.Guatemala,8.Mixco,0325,presidente
3412,,"{'UNE': 6, 'AZUL': 0, 'VALOR UNIONISTA': 1, 'CABAL': 6, 'TODOS': 0, 'VAMOS': 0, 'PHG': 1, 'PR': 1, 'PIN': 1, 'ELEFANTE': 1, 'VICTORIA': 7, 'SEMILLA': 179, 'FCN-NACION': 1, 'PPN': 0, 'UR': 0, 'URNG-MAIZ WINAQ': 4, 'CREO': 0, 'BIEN': 11, 'VIVA': 8, 'MI FAMILIA': 0, 'CAMBIO': 0, 'VOS': 14}",0,18,259,0,Sumas Asentadas sin cuadrar,1.Guatemala,8.Mixco,0325,presidente
3413,,"{'UNE': 4, 'AZUL': 1, 'VALOR UNIONISTA': 10, 'CABAL': 8, 'TODOS': 0, 'VAMOS': 2, 'PHG': 1, 'PR': 0, 'PIN': 0, 'ELEFANTE': 0, 'VICTORIA': 8, 'SEMILLA': 128, 'FCN-NACION': 3, 'PPN': 0, 'UR': 4, 'URNG-MAIZ WINAQ': 2, 'CREO': 0, 'BIEN': 9, 'VIVA': 10, 'MI FAMILIA': 2, 'CAMBIO': 0, 'VOS': 21}",0,15,228,0,Algún campo sin dato,1.Guatemala,8.Mixco,0325,presidente
3414,,"{'UNE': 2, 'AZUL': 3, 'VALOR UNIONISTA': 11, 'CABAL': 2, 'TODOS': 0, 'VAMOS': 2, 'PHG': 0, 'PR': 1, 'PIN': 1, 'ELEFANTE': 3, 'VICTORIA': 10, 'SEMILLA': 112, 'FCN-NACION': 1, 'PPN': 1, 'UR': 1, 'URNG-MAIZ WINAQ': 3, 'CREO': 1, 'BIEN': 7, 'VIVA': 17, 'MI FAMILIA': 2, 'CAMBIO': 1, 'VOS': 10}",1,17,209,0,Algún campo sin dato,1.Guatemala,8.Mixco,0325,presidente
3415,,"{'UNE': 6, 'AZUL': 2, 'VALOR UNIONISTA': 12, 'CABAL': 5, 'TODOS': 0, 'VAMOS': 2, 'PHG': 0, 'PR': 2, 'PIN': 0, 'ELEFANTE': 0, 'VICTORIA': 13, 'SEMILLA': 77, 'FCN-NACION': 0, 'PPN': 0, 'UR': 0, 'URNG-MAIZ WINAQ': 4, 'CREO': 0, 'BIEN': 2, 'VIVA': 14, 'MI FAMILIA': 0, 'CAMBIO': 2, 'VOS': 7}",0,26,174,0,,1.Guatemala,8.Mixco,0325,presidente
3416,,"{'UNE': 5, 'AZUL': 0, 'VALOR UNIONISTA': 12, 'CABAL': 9, 'TODOS': 0, 'VAMOS': 0, 'PHG': 1, 'PR': 1, 'PIN': 0, 'ELEFANTE': 1, 'VICTORIA': 20, 'SEMILLA': 100, 'FCN-NACION': 0, 'PPN': 0, 'UR': 1, 'URNG-MAIZ WINAQ': 3, 'CREO': 0, 'BIEN': 11, 'VIVA': 18, 'MI FAMILIA': 2, 'CAMBIO': 3, 'VOS': 8}",0,22,217,2,Algún campo sin dato,1.Guatemala,8.Mixco,0325,presidente
3417,,"{'UNE': 3, 'AZUL': 0, 'VALOR UNIONISTA': 11, 'CABAL': 8, 'TODOS': 0, 'VAMOS': 1, 'PHG': 0, 'PR': 1, 'PIN': 0, 'ELEFANTE': 3, 'VICTORIA': 3, 'SEMILLA': 95, 'FCN-NACION': 2, 'PPN': 1, 'UR': 0, 'URNG-MAIZ WINAQ': 1, 'CREO': 0, 'BIEN': 6, 'VIVA': 13, 'MI FAMILIA': 3, 'CAMBIO': 1, 'VOS': 8}",0,11,171,0,Algún campo sin dato,1.Guatemala,8.Mixco,0325,presidente
3418,,"{'UNE': 3, 'AZUL': 2, 'VALOR UNIONISTA': 6, 'CABAL': 3, 'TODOS': 0, 'VAMOS': 1, 'PHG': 0, 'PR': 1, 'PIN': 0, 'ELEFANTE': 2, 'VICTORIA': 18, 'SEMILLA': 68, 'FCN-NACION': 1, 'PPN': 1, 'UR': 4, 'URNG-MAIZ WINAQ': 1, 'CREO': 2, 'BIEN': 8, 'VIVA': 11, 'MI FAMILIA': 1, 'CAMBIO': 1, 'VOS': 12}",0,16,162,0,Algún campo sin dato,1.Guatemala,8.Mixco,0325,presidente
3419,,"{'UNE': 4, 'AZUL': 5, 'VALOR UNIONISTA': 30, 'CABAL': 25, 'TODOS': 2, 'VAMOS': 2, 'PHG': 2, 'PR': 4, 'PIN': 1, 'ELEFANTE': 5, 'VICTORIA': 15, 'SEMILLA': 85, 'FCN-NACION': 1, 'PPN': 0, 'UR': 1, 'URNG-MAIZ WINAQ': 4, 'CREO': 2, 'BIEN': 25, 'VIVA': 13, 'MI FAMILIA': 5, 'CAMBIO': 0, 'VOS': 26}",0,32,289,0,Algún campo sin dato,1.Guatemala,8.Mixco,0326,presidente
3420,,"{'UNE': 5, 'AZUL': 6, 'VALOR UNIONISTA': 34, 'CABAL': 16, 'TODOS': 1, 'VAMOS': 7, 'PHG': 1, 'PR': 4, 'PIN': 0, 'ELEFANTE': 3, 'VICTORIA': 20, 'SEMILLA': 80, 'FCN-NACION': 0, 'PPN': 1, 'UR': 5, 'URNG-MAIZ WINAQ': 4, 'CREO': 1, 'BIEN': 19, 'VIVA': 13, 'MI FAMILIA': 8, 'CAMBIO': 0, 'VOS': 31}",1,26,286,0,Algún campo sin dato,1.Guatemala,8.Mixco,0326,presidente
3421,,"{'UNE': 5, 'AZUL': 5, 'VALOR UNIONISTA': 27, 'CABAL': 26, 'TODOS': 2, 'VAMOS': 5, 'PHG': 1, 'PR': 2, 'PIN': 0, 'ELEFANTE': 3, 'VICTORIA': 14, 'SEMILLA': 73, 'FCN-NACION': 0, 'PPN': 0, 'UR': 2, 'URNG-MAIZ WINAQ': 7, 'CREO': 1, 'BIEN': 20, 'VIVA': 9, 'MI FAMILIA': 3, 'CAMBIO': 0, 'VOS': 27}",1,32,265,0,Sumas Asentadas sin cuadrar,1.Guatemala,8.Mixco,0326,presidente
3422,,"{'UNE': 5, 'AZUL': 5, 'VALOR UNIONISTA': 40, 'CABAL': 27, 'TODOS': 0, 'VAMOS': 5, 'PHG': 1, 'PR': 4, 'PIN': 1, 'ELEFANTE': 5, 'VICTORIA': 15, 'SEMILLA': 85, 'FCN-NACION': 2, 'PPN': 0, 'UR': 2, 'URNG-MAIZ WINAQ': 4, 'CREO': 2, 'BIEN': 13, 'VIVA': 10, 'MI FAMILIA': 5, 'CAMBIO': 0, 'VOS': 25}",1,37,294,0,Algún campo sin dato,1.Guatemala,8.Mixco,0326,presidente
3423,,"{'UNE': 5, 'AZUL': 3, 'VALOR UNIONISTA': 41, 'CABAL': 22, 'TODOS': 0, 'VAMOS': 0, 'PHG': 0, 'PR': 3, 'PIN': 1, 'ELEFANTE': 6, 'VICTORIA': 16, 'SEMILLA': 86, 'FCN-NACION': 1, 'PPN': 0, 'UR': 8, 'URNG-MAIZ WINAQ': 5, 'CREO': 1, 'BIEN': 22, 'VIVA': 12, 'MI FAMILIA': 3, 'CAMBIO': 0, 'VOS': 30}",0,34,299,0,Algún campo sin dato,1.Guatemala,8.Mixco,0326,presidente
3424,,"{'UNE': 3, 'AZUL': 1, 'VALOR UNIONISTA': 21, 'CABAL': 15, 'TODOS': 0, 'VAMOS': 5, 'PHG': 0, 'PR': 5, 'PIN': 0, 'ELEFANTE': 5, 'VICTORIA': 7, 'SEMILLA': 109, 'FCN-NACION': 1, 'PPN': 0, 'UR': 0, 'URNG-MAIZ WINAQ': 0, 'CREO': 5, 'BIEN': 31, 'VIVA': 6, 'MI FAMILIA': 1, 'CAMBIO': 1, 'VOS': 35}",0,19,270,0,Algún campo sin dato,1.Guatemala,8.Mixco,0326,presidente
3425,,"{'UNE': 4, 'AZUL': 5, 'VALOR UNIONISTA': 39, 'CABAL': 17, 'TODOS': 0, 'VAMOS': 4, 'PHG': 0, 'PR': 2, 'PIN': 0, 'ELEFANTE': 4, 'VICTORIA': 13, 'SEMILLA': 86, 'FCN-NACION': 1, 'PPN': 0, 'UR': 1, 'URNG-MAIZ WINAQ': 4, 'CREO': 6, 'BIEN': 26, 'VIVA': 13, 'MI FAMILIA': 0, 'CAMBIO': 0, 'VOS': 37}",0,28,290,0,Algún campo sin dato,1.Guatemala,8.Mixco,0326,presidente
3426,,"{'UNE': 12, 'AZUL': 2, 'VALOR UNIONISTA': 34, 'CABAL': 14, 'TODOS': 0, 'VAMOS': 7, 'PHG': 1, 'PR': 0, 'PIN': 1, 'ELEFANTE': 4, 'VICTORIA': 5, 'SEMILLA': 88, 'FCN-NACION': 2, 'PPN': 1, 'UR': 6, 'URNG-MAIZ WINAQ': 7, 'CREO': 3, 'BIEN': 16, 'VIVA': 13, 'MI FAMILIA': 6, 'CAMBIO': 1, 'VOS': 38}",0,18,279,0,Algún campo sin dato,1.Guatemala,8.Mixco,0326,presidente
3427,,"{'UNE': 4, 'AZUL': 4, 'VALOR UNIONISTA': 38, 'CABAL': 23, 'TODOS': 0, 'VAMOS': 3, 'PHG': 0, 'PR': 1, 'PIN': 1, 'ELEFANTE': 5, 'VICTORIA': 11, 'SEMILLA': 95, 'FCN-NACION': 1, 'PPN': 0, 'UR': 3, 'URNG-MAIZ WINAQ': 3, 'CREO': 0, 'BIEN': 19, 'VIVA': 14, 'MI FAMILIA': 3, 'CAMBIO': 1, 'VOS': 36}",2,30,297,0,,1.Guatemala,8.Mixco,0326,presidente
3428,,"{'UNE': 8, 'AZUL': 2, 'VALOR UNIONISTA': 28, 'CABAL': 18, 'TODOS': 1, 'VAMOS': 3, 'PHG': 0, 'PR': 1, 'PIN': 0, 'ELEFANTE': 4, 'VICTORIA': 13, 'SEMILLA': 85, 'FCN-NACION': 1, 'PPN': 0, 'UR': 4, 'URNG-MAIZ WINAQ': 1, 'CREO': 2, 'BIEN': 27, 'VIVA': 10, 'MI FAMILIA': 4, 'CAMBIO': 0, 'VOS': 36}",0,34,282,0,Algún campo sin dato,1.Guatemala,8.Mixco,0326,presidente
3429,,"{'UNE': 7, 'AZUL': 5, 'VALOR UNIONISTA': 28, 'CABAL': 26, 'TODOS': 0, 'VAMOS': 4, 'PHG': 1, 'PR': 2, 'PIN': 2, 'ELEFANTE': 4, 'VICTORIA': 11, 'SEMILLA': 92, 'FCN-NACION': 0, 'PPN': 2, 'UR': 3, 'URNG-MAIZ WINAQ': 3, 'CREO': 2, 'BIEN': 20, 'VIVA': 11, 'MI FAMILIA': 5, 'CAMBIO': 0, 'VOS': 37}",0,29,294,0,Algún campo sin dato,1.Guatemala,8.Mixco,0326,presidente
3430,,"{'UNE': 7, 'AZUL': 5, 'VALOR UNIONISTA': 32, 'CABAL': 14, 'TODOS': 1, 'VAMOS': 7, 'PHG': 0, 'PR': 5, 'PIN': 0, 'ELEFANTE': 5, 'VICTORIA': 10, 'SEMILLA': 94, 'FCN-NACION': 0, 'PPN': 0, 'UR': 3, 'URNG-MAIZ WINAQ': 4, 'CREO': 0, 'BIEN': 31, 'VIVA': 9, 'MI FAMILIA': 7, 'CAMBIO': 0, 'VOS': 39}",0,24,297,2,Algún campo sin dato,1.Guatemala,8.Mixco,0327,presidente
3431,,"{'UNE': 11, 'AZUL': 2, 'VALOR UNIONISTA': 25, 'CABAL': 16, 'TODOS': 1, 'VAMOS': 2, 'PHG': 1, 'PR': 1, 'PIN': 0, 'ELEFANTE': 5, 'VICTORIA': 14, 'SEMILLA': 90, 'FCN-NACION': 2, 'PPN': 0, 'UR': 6, 'URNG-MAIZ WINAQ': 4, 'CREO': 3, 'BIEN': 14, 'VIVA': 17, 'MI FAMILIA': 7, 'CAMBIO': 2, 'VOS': 44}",0,40,307,0,,1.Guatemala,8.Mixco,0327,presidente
3432,,"{'UNE': 10, 'AZUL': 9, 'VALOR UNIONISTA': 35, 'CABAL': 17, 'TODOS': 0, 'VAMOS': 2, 'PHG': 0, 'PR': 4, 'PIN': 0, 'ELEFANTE': 5, 'VICTORIA': 16, 'SEMILLA': 88, 'FCN-NACION': 3, 'PPN': 0, 'UR': 3, 'URNG-MAIZ WINAQ': 4, 'CREO': 1, 'BIEN': 22, 'VIVA': 22, 'MI FAMILIA': 2, 'CAMBIO': 0, 'VOS': 19}",0,28,290,0,Algún campo sin dato,1.Guatemala,8.Mixco,0327,presidente
3433,,"{'UNE': 4, 'AZUL': 4, 'VALOR UNIONISTA': 31, 'CABAL': 15, 'TODOS': 0, 'VAMOS': 2, 'PHG': 0, 'PR': 3, 'PIN': 1, 'ELEFANTE': 1, 'VICTORIA': 10, 'SEMILLA': 93, 'FCN-NACION': 2, 'PPN': 0, 'UR': 7, 'URNG-MAIZ WINAQ': 2, 'CREO': 0, 'BIEN': 29, 'VIVA': 21, 'MI FAMILIA': 4, 'CAMBIO': 0, 'VOS': 38}",0,33,300,0,Algún campo sin dato,1.Guatemala,8.Mixco,0327,presidente
3434,,"{'UNE': 8, 'AZUL': 1, 'VALOR UNIONISTA': 31, 'CABAL': 17, 'TODOS': 1, 'VAMOS': 2, 'PHG': 0, 'PR': 1, 'PIN': 0, 'ELEFANTE': 2, 'VICTORIA': 12, 'SEMILLA': 73, 'FCN-NACION': 1, 'PPN': 0, 'UR': 3, 'URNG-MAIZ WINAQ': 0, 'CREO': 1, 'BIEN': 25, 'VIVA': 17, 'MI FAMILIA': 3, 'CAMBIO': 0, 'VOS': 35}",3,30,266,0,Sumas Asentadas sin cuadrar,1.Guatemala,8.Mixco,0327,presidente
3435,,"{'UNE': 9, 'AZUL': 2, 'VALOR UNIONISTA': 31, 'CABAL': 10, 'TODOS': 1, 'VAMOS': 1, 'PHG': 2, 'PR': 2, 'PIN': 0, 'ELEFANTE': 1, 'VICTORIA': 11, 'SEMILLA': 105, 'FCN-NACION': 0, 'PPN': 0, 'UR': 2, 'URNG-MAIZ WINAQ': 2, 'CREO': 1, 'BIEN': 14, 'VIVA': 11, 'MI FAMILIA': 2, 'CAMBIO': 1, 'VOS': 38}",0,30,276,0,Algún campo sin dato,1.Guatemala,8.Mixco,0327,presidente
3436,,"{'UNE': 3, 'AZUL': 2, 'VALOR UNIONISTA': 14, 'CABAL': 14, 'TODOS': 2, 'VAMOS': 2, 'PHG': 0, 'PR': 0, 'PIN': 0, 'ELEFANTE': 2, 'VICTORIA': 9, 'SEMILLA': 143, 'FCN-NACION': 1, 'PPN': 1, 'UR': 0, 'URNG-MAIZ WINAQ': 2, 'CREO': 4, 'BIEN': 26, 'VIVA': 8, 'MI FAMILIA': 2, 'CAMBIO': 0, 'VOS': 28}",2,22,287,0,Algún campo sin dato,1.Guatemala,8.Mixco,0327,presidente
3437,,"{'UNE': 6, 'AZUL': 2, 'VALOR UNIONISTA': 15, 'CABAL': 6, 'TODOS': 2, 'VAMOS': 2, 'PHG': 1, 'PR': 1, 'PIN': 1, 'ELEFANTE': 0, 'VICTORIA': 4, 'SEMILLA': 197, 'FCN-NACION': 2, 'PPN': 1, 'UR': 1, 'URNG-MAIZ WINAQ': 1, 'CREO': 0, 'BIEN': 25, 'VIVA': 6, 'MI FAMILIA': 1, 'CAMBIO': 1, 'VOS': 27}",0,13,315,0,Algún campo sin dato,1.Guatemala,8.Mixco,0327,presidente
3438,,"{'UNE': 4, 'AZUL': 0, 'VALOR UNIONISTA': 11, 'CABAL': 8, 'TODOS': 0, 'VAMOS': 2, 'PHG': 0, 'PR': 0, 'PIN': 2, 'ELEFANTE': 2, 'VICTORIA': 2, 'SEMILLA': 175, 'FCN-NACION': 0, 'PPN': 1, 'UR': 1, 'URNG-MAIZ WINAQ': 0, 'CREO': 1, 'BIEN': 18, 'VIVA': 4, 'MI FAMILIA': 2, 'CAMBIO': 0, 'VOS': 31}",1,9,274,0,Algún campo sin dato,1.Guatemala,8.Mixco,0327,presidente
3439,,"{'UNE': 2, 'AZUL': 1, 'VALOR UNIONISTA': 11, 'CABAL': 4, 'TODOS': 1, 'VAMOS': 2, 'PHG': 0, 'PR': 1, 'PIN': 0, 'ELEFANTE': 1, 'VICTORIA': 9, 'SEMILLA': 123, 'FCN-NACION': 1, 'PPN': 0, 'UR': 4, 'URNG-MAIZ WINAQ': 1, 'CREO': 1, 'BIEN': 13, 'VIVA': 11, 'MI FAMILIA': 2, 'CAMBIO': 1, 'VOS': 23}",2,16,230,0,Algún campo sin dato,1.Guatemala,8.Mixco,0327,presidente
3440,,"{'UNE': 2, 'AZUL': 6, 'VALOR UNIONISTA': 15, 'CABAL': 7, 'TODOS': 0, 'VAMOS': 2, 'PHG': 0, 'PR': 1, 'PIN': 0, 'ELEFANTE': 6, 'VICTORIA': 3, 'SEMILLA': 139, 'FCN-NACION': 1, 'PPN': 0, 'UR': 1, 'URNG-MAIZ WINAQ': 1, 'CREO': 0, 'BIEN': 9, 'VIVA': 10, 'MI FAMILIA': 4, 'CAMBIO': 0, 'VOS': 18}",0,11,236,0,Algún campo sin dato,1.Guatemala,8.Mixco,0327,presidente
3441,,"{'UNE': 16, 'AZUL': 5, 'VALOR UNIONISTA': 14, 'CABAL': 12, 'TODOS': 0, 'VAMOS': 4, 'PHG': 1, 'PR': 2, 'PIN': 1, 'ELEFANTE': 1, 'VICTORIA': 14, 'SEMILLA': 30, 'FCN-NACION': 0, 'PPN': 1, 'UR': 2, 'URNG-MAIZ WINAQ': 3, 'CREO': 0, 'BIEN': 12, 'VIVA': 11, 'MI FAMILIA': 4, 'CAMBIO': 0, 'VOS': 11}",1,26,171,0,Algún campo sin dato,1.Guatemala,8.Mixco,0328,presidente
3442,,"{'UNE': 3, 'AZUL': 3, 'VALOR UNIONISTA': 25, 'CABAL': 15, 'TODOS': 1, 'VAMOS': 3, 'PHG': 1, 'PR': 6, 'PIN': 0, 'ELEFANTE': 2, 'VICTORIA': 14, 'SEMILLA': 30, 'FCN-NACION': 0, 'PPN': 1, 'UR': 3, 'URNG-MAIZ WINAQ': 2, 'CREO': 1, 'BIEN': 6, 'VIVA': 5, 'MI FAMILIA': 4, 'CAMBIO': 0, 'VOS': 17}",3,18,163,0,Algún campo sin dato,1.Guatemala,8.Mixco,0329,presidente
3443,,"{'UNE': 9, 'AZUL': 2, 'VALOR UNIONISTA': 18, 'CABAL': 13, 'TODOS': 0, 'VAMOS': 5, 'PHG': 0, 'PR': 3, 'PIN': 1, 'ELEFANTE': 1, 'VICTORIA': 18, 'SEMILLA': 37, 'FCN-NACION': 5, 'PPN': 1, 'UR': 3, 'URNG-MAIZ WINAQ': 6, 'CREO': 2, 'BIEN': 3, 'VIVA': 11, 'MI FAMILIA': 3, 'CAMBIO': 0, 'VOS': 14}",0,21,176,0,Algún campo sin dato,1.Guatemala,8.Mixco,0329,presidente
3444,,"{'UNE': 7, 'AZUL': 2, 'VALOR UNIONISTA': 12, 'CABAL': 8, 'TODOS': 1, 'VAMOS': 4, 'PHG': 0, 'PR': 2, 'PIN': 1, 'ELEFANTE': 4, 'VICTORIA': 10, 'SEMILLA': 33, 'FCN-NACION': 0, 'PPN': 0, 'UR': 3, 'URNG-MAIZ WINAQ': 1, 'CREO': 1, 'BIEN': 8, 'VIVA': 9, 'MI FAMILIA': 1, 'CAMBIO': 0, 'VOS': 13}",0,21,141,0,,1.Guatemala,8.Mixco,0329,presidente
3445,,"{'UNE': 10, 'AZUL': 1, 'VALOR UNIONISTA': 15, 'CABAL': 13, 'TODOS': 0, 'VAMOS': 2, 'PHG': 0, 'PR': 2, 'PIN': 0, 'ELEFANTE': 2, 'VICTORIA': 15, 'SEMILLA': 23, 'FCN-NACION': 1, 'PPN': 0, 'UR': 10, 'URNG-MAIZ WINAQ': 4, 'CREO': 1, 'BIEN': 10, 'VIVA': 5, 'MI FAMILIA': 1, 'CAMBIO': 2, 'VOS': 12}",1,20,150,0,Algún campo sin dato,1.Guatemala,8.Mixco,0329,presidente
3446,,"{'UNE': 9, 'AZUL': 2, 'VALOR UNIONISTA': 26, 'CABAL': 15, 'TODOS': 1, 'VAMOS': 8, 'PHG': 2, 'PR': 3, 'PIN': 2, 'ELEFANTE': 5, 'VICTORIA': 7, 'SEMILLA': 28, 'FCN-NACION': 0, 'PPN': 2, 'UR': 2, 'URNG-MAIZ WINAQ': 2, 'CREO': 1, 'BIEN': 8, 'VIVA': 8, 'MI FAMILIA': 6, 'CAMBIO': 0, 'VOS': 17}",0,15,169,0,Algún campo sin dato,1.Guatemala,8.Mixco,0329,presidente
3447,,"{'UNE': 4, 'AZUL': 5, 'VALOR UNIONISTA': 23, 'CABAL': 11, 'TODOS': 1, 'VAMOS': 4, 'PHG': 0, 'PR': 2, 'PIN': 0, 'ELEFANTE': 4, 'VICTORIA': 10, 'SEMILLA': 49, 'FCN-NACION': 0, 'PPN': 0, 'UR': 3, 'URNG-MAIZ WINAQ': 2, 'CREO': 0, 'BIEN': 5, 'VIVA': 9, 'MI FAMILIA': 5, 'CAMBIO': 1, 'VOS': 20}",1,24,183,0,Algún campo sin dato,1.Guatemala,8.Mixco,0329,presidente
3448,,"{'UNE': 2, 'AZUL': 1, 'VALOR UNIONISTA': 20, 'CABAL': 12, 'TODOS': 0, 'VAMOS': 2, 'PHG': 1, 'PR': 4, 'PIN': 2, 'ELEFANTE': 3, 'VICTORIA': 14, 'SEMILLA': 44, 'FCN-NACION': 1, 'PPN': 3, 'UR': 1, 'URNG-MAIZ WINAQ': 1, 'CREO': 2, 'BIEN': 4, 'VIVA': 8, 'MI FAMILIA': 0, 'CAMBIO': 1, 'VOS': 16}",3,25,170,0,Algún campo sin dato,1.Guatemala,8.Mixco,0329,presidente
3449,,"{'UNE': 10, 'AZUL': 3, 'VALOR UNIONISTA': 20, 'CABAL': 13, 'TODOS': 0, 'VAMOS': 3, 'PHG': 0, 'PR': 0, 'PIN': 1, 'ELEFANTE': 4, 'VICTORIA': 12, 'SEMILLA': 44, 'FCN-NACION': 0, 'PPN': 0, 'UR': 1, 'URNG-MAIZ WINAQ': 2, 'CREO': 3, 'BIEN': 12, 'VIVA': 7, 'MI FAMILIA': 4, 'CAMBIO': 4, 'VOS': 16}",2,20,181,0,Algún campo sin dato,1.Guatemala,8.Mixco,0329,presidente
3450,,"{'UNE': 9, 'AZUL': 2, 'VALOR UNIONISTA': 27, 'CABAL': 18, 'TODOS': 0, 'VAMOS': 3, 'PHG': 2, 'PR': 2, 'PIN': 1, 'ELEFANTE': 2, 'VICTORIA': 12, 'SEMILLA': 47, 'FCN-NACION': 2, 'PPN': 1, 'UR': 1, 'URNG-MAIZ WINAQ': 3, 'CREO': 0, 'BIEN': 9, 'VIVA': 8, 'MI FAMILIA': 4, 'CAMBIO': 0, 'VOS': 16}",1,22,192,2,Algún campo sin dato,1.Guatemala,8.Mixco,0330,presidente
3451,,"{'UNE': 3, 'AZUL': 3, 'VALOR UNIONISTA': 29, 'CABAL': 9, 'TODOS': 0, 'VAMOS': 4, 'PHG': 0, 'PR': 2, 'PIN': 0, 'ELEFANTE': 2, 'VICTORIA': 9, 'SEMILLA': 32, 'FCN-NACION': 0, 'PPN': 3, 'UR': 1, 'URNG-MAIZ WINAQ': 3, 'CREO': 3, 'BIEN': 5, 'VIVA': 2, 'MI FAMILIA': 3, 'CAMBIO': 0, 'VOS': 16}",5,26,160,0,Algún campo sin dato,1.Guatemala,8.Mixco,0330,presidente
3452,,"{'UNE': 17, 'AZUL': 5, 'VALOR UNIONISTA': 22, 'CABAL': 11, 'TODOS': 1, 'VAMOS': 1, 'PHG': 0, 'PR': 3, 'PIN': 1, 'ELEFANTE': 2, 'VICTORIA': 9, 'SEMILLA': 24, 'FCN-NACION': 2, 'PPN': 1, 'UR': 2, 'URNG-MAIZ WINAQ': 2, 'CREO': 2, 'BIEN': 8, 'VIVA': 10, 'MI FAMILIA': 3, 'CAMBIO': 0, 'VOS': 7}",2,24,159,0,Algún campo sin dato,1.Guatemala,8.Mixco,0330,presidente
3453,,"{'UNE': 4, 'AZUL': 5, 'VALOR UNIONISTA': 29, 'CABAL': 12, 'TODOS': 1, 'VAMOS': 0, 'PHG': 0, 'PR': 2, 'PIN': 2, 'ELEFANTE': 3, 'VICTORIA': 4, 'SEMILLA': 36, 'FCN-NACION': 0, 'PPN': 1, 'UR': 2, 'URNG-MAIZ WINAQ': 2, 'CREO': 0, 'BIEN': 2, 'VIVA': 9, 'MI FAMILIA': 6, 'CAMBIO': 0, 'VOS': 17}",1,20,158,0,Algún campo sin dato,1.Guatemala,8.Mixco,0330,presidente
3454,,"{'UNE': 7, 'AZUL': 4, 'VALOR UNIONISTA': 22, 'CABAL': 18, 'TODOS': 1, 'VAMOS': 3, 'PHG': 0, 'PR': 2, 'PIN': 0, 'ELEFANTE': 6, 'VICTORIA': 12, 'SEMILLA': 29, 'FCN-NACION': 0, 'PPN': 5, 'UR': 2, 'URNG-MAIZ WINAQ': 1, 'CREO': 8, 'BIEN': 7, 'VIVA': 4, 'MI FAMILIA': 2, 'CAMBIO': 0, 'VOS': 7}",0,12,152,0,Algún campo sin dato,1.Guatemala,8.Mixco,0331,presidente
3455,,"{'UNE': 9, 'AZUL': 5, 'VALOR UNIONISTA': 21, 'CABAL': 8, 'TODOS': 0, 'VAMOS': 3, 'PHG': 0, 'PR': 0, 'PIN': 0, 'ELEFANTE': 4, 'VICTORIA': 14, 'SEMILLA': 32, 'FCN-NACION': 0, 'PPN': 3, 'UR': 0, 'URNG-MAIZ WINAQ': 9, 'CREO': 3, 'BIEN': 6, 'VIVA': 12, 'MI FAMILIA': 1, 'CAMBIO': 0, 'VOS': 19}",2,20,171,0,Algún campo sin dato,1.Guatemala,8.Mixco,0331,presidente
3456,,"{'UNE': 7, 'AZUL': 4, 'VALOR UNIONISTA': 23, 'CABAL': 15, 'TODOS': 0, 'VAMOS': 4, 'PHG': 1, 'PR': 4, 'PIN': 1, 'ELEFANTE': 3, 'VICTORIA': 19, 'SEMILLA': 41, 'FCN-NACION': 3, 'PPN': 3, 'UR': 0, 'URNG-MAIZ WINAQ': 7, 'CREO': 3, 'BIEN': 8, 'VIVA': 17, 'MI FAMILIA': 3, 'CAMBIO': 0, 'VOS': 13}",4,20,203,1,Algún campo sin dato,1.Guatemala,8.Mixco,0332,presidente
3457,,"{'UNE': 8, 'AZUL': 5, 'VALOR UNIONISTA': 27, 'CABAL': 11, 'TODOS': 0, 'VAMOS': 4, 'PHG': 1, 'PR': 0, 'PIN': 1, 'ELEFANTE': 4, 'VICTORIA': 17, 'SEMILLA': 30, 'FCN-NACION': 1, 'PPN': 3, 'UR': 4, 'URNG-MAIZ WINAQ': 1, 'CREO': 0, 'BIEN': 3, 'VIVA': 5, 'MI FAMILIA': 6, 'CAMBIO': 0, 'VOS': 13}",2,23,169,0,Algún campo sin dato,1.Guatemala,8.Mixco,0332,presidente
3458,,"{'UNE': 10, 'AZUL': 1, 'VALOR UNIONISTA': 17, 'CABAL': 12, 'TODOS': 0, 'VAMOS': 5, 'PHG': 0, 'PR': 2, 'PIN': 0, 'ELEFANTE': 3, 'VICTORIA': 15, 'SEMILLA': 24, 'FCN-NACION': 1, 'PPN': 0, 'UR': 1, 'URNG-MAIZ WINAQ': 2, 'CREO': 3, 'BIEN': 5, 'VIVA': 10, 'MI FAMILIA': 2, 'CAMBIO': 1, 'VOS': 4}",2,22,142,458,Algún campo sin dato,1.Guatemala,8.Mixco,0333,presidente
3459,,"{'UNE': 8, 'AZUL': 1, 'VALOR UNIONISTA': 13, 'CABAL': 8, 'TODOS': 0, 'VAMOS': 0, 'PHG': 0, 'PR': 0, 'PIN': 1, 'ELEFANTE': 4, 'VICTORIA': 13, 'SEMILLA': 11, 'FCN-NACION': 1, 'PPN': 0, 'UR': 3, 'URNG-MAIZ WINAQ': 1, 'CREO': 0, 'BIEN': 2, 'VIVA': 6, 'MI FAMILIA': 1, 'CAMBIO': 0, 'VOS': 7}",0,15,95,0,Algún campo sin dato,1.Guatemala,8.Mixco,0333,presidente
3460,,"{'UNE': 8, 'AZUL': 1, 'VALOR UNIONISTA': 15, 'CABAL': 10, 'TODOS': 0, 'VAMOS': 1, 'PHG': 0, 'PR': 2, 'PIN': 1, 'ELEFANTE': 1, 'VICTORIA': 7, 'SEMILLA': 25, 'FCN-NACION': 1, 'PPN': 1, 'UR': 1, 'URNG-MAIZ WINAQ': 0, 'CREO': 0, 'BIEN': 11, 'VIVA': 6, 'MI FAMILIA': 4, 'CAMBIO': 2, 'VOS': 11}",3,17,128,1,Algún campo sin dato,1.Guatemala,8.Mixco,0334,presidente
3461,,"{'UNE': 4, 'AZUL': 2, 'VALOR UNIONISTA': 11, 'CABAL': 1, 'TODOS': 0, 'VAMOS': 0, 'PHG': 0, 'PR': 0, 'PIN': 0, 'ELEFANTE': 0, 'VICTORIA': 13, 'SEMILLA': 14, 'FCN-NACION': 1, 'PPN': 0, 'UR': 3, 'URNG-MAIZ WINAQ': 3, 'CREO': 2, 'BIEN': 2, 'VIVA': 2, 'MI FAMILIA': 5, 'CAMBIO': 2, 'VOS': 12}",1,9,87,0,Algún campo sin dato,1.Guatemala,8.Mixco,0334,presidente
3462,,"{'UNE': 1, 'AZUL': 2, 'VALOR UNIONISTA': 11, 'CABAL': 5, 'TODOS': 0, 'VAMOS': 0, 'PHG': 0, 'PR': 0, 'PIN': 0, 'ELEFANTE': 1, 'VICTORIA': 3, 'SEMILLA': 11, 'FCN-NACION': 0, 'PPN': 1, 'UR': 1, 'URNG-MAIZ WINAQ': 2, 'CREO': 1, 'BIEN': 1, 'VIVA': 1, 'MI FAMILIA': 1, 'CAMBIO': 0, 'VOS': 3}",0,5,50,0,Algún campo sin dato,1.Guatemala,8.Mixco,0334,presidente
3463,,"{'UNE': 2, 'AZUL': 0, 'VALOR UNIONISTA': 3, 'CABAL': 6, 'TODOS': 0, 'VAMOS': 0, 'PHG': 0, 'PR': 0, 'PIN': 0, 'ELEFANTE': 2, 'VICTORIA': 3, 'SEMILLA': 8, 'FCN-NACION': 0, 'PPN': 0, 'UR': 0, 'URNG-MAIZ WINAQ': 1, 'CREO': 0, 'BIEN': 0, 'VIVA': 1, 'MI FAMILIA': 0, 'CAMBIO': 0, 'VOS': 0}",1,3,30,0,Algún campo sin dato,1.Guatemala,8.Mixco,0334,presidente
3464,,"{'UNE': 2, 'AZUL': 1, 'VALOR UNIONISTA': 3, 'CABAL': 1, 'TODOS': 0, 'VAMOS': 1, 'PHG': 0, 'PR': 0, 'PIN': 0, 'ELEFANTE': 0, 'VICTORIA': 1, 'SEMILLA': 2, 'FCN-NACION': 0, 'PPN': 0, 'UR': 0, 'URNG-MAIZ WINAQ': 0, 'CREO': 0, 'BIEN': 2, 'VIVA': 2, 'MI FAMILIA': 3, 'CAMBIO': 0, 'VOS': 1}",0,2,21,0,Algún campo sin dato,1.Guatemala,8.Mixco,0335,presidente
3465,,"{'UNE': 4, 'AZUL': 1, 'VALOR UNIONISTA': 3, 'CABAL': 1, 'TODOS': 0, 'VAMOS': 0, 'PHG': 0, 'PR': 0, 'PIN': 0, 'ELEFANTE': 0, 'VICTORIA': 7, 'SEMILLA': 4, 'FCN-NACION': 1, 'PPN': 0, 'UR': 0, 'URNG-MAIZ WINAQ': 1, 'CREO': 0, 'BIEN': 1, 'VIVA': 1, 'MI FAMILIA': 0, 'CAMBIO': 0, 'VOS': 2}",0,4,30,0,Algún campo sin dato,1.Guatemala,8.Mixco,0335,presidente
3466,,"{'UNE': 3, 'AZUL': 2, 'VALOR UNIONISTA': 2, 'CABAL': 3, 'TODOS': 0, 'VAMOS': 0, 'PHG': 0, 'PR': 0, 'PIN': 0, 'ELEFANTE': 1, 'VICTORIA': 2, 'SEMILLA': 7, 'FCN-NACION': 0, 'PPN': 0, 'UR': 1, 'URNG-MAIZ WINAQ': 1, 'CREO': 1, 'BIEN': 0, 'VIVA': 1, 'MI FAMILIA': 0, 'CAMBIO': 0, 'VOS': 2}",0,2,28,0,Algún campo sin dato,1.Guatemala,8.Mixco,0336,presidente
3467,,"{'UNE': 1, 'AZUL': 0, 'VALOR UNIONISTA': 4, 'CABAL': 0, 'TODOS': 0, 'VAMOS': 1, 'PHG': 0, 'PR': 1, 'PIN': 0, 'ELEFANTE': 0, 'VICTORIA': 1, 'SEMILLA': 4, 'FCN-NACION': 0, 'PPN': 0, 'UR': 0, 'URNG-MAIZ WINAQ': 1, 'CREO': 0, 'BIEN': 0, 'VIVA': 0, 'MI FAMILIA': 0, 'CAMBIO': 0, 'VOS': 0}",0,1,14,0,Algún campo sin dato,1.Guatemala,8.Mixco,0336,presidente
