mesa,acta_url,partidos,votos_blanco,votos_nulos,votos_total,votos_invalidos,observaciones,departamento,municipio,centro,tipo
1,,"{'UNE': 10, 'AZUL': 3, 'VALOR UNIONISTA': 55, 'CABAL': 37, 'TODOS': 0, 'VAMOS': 4, 'PHG': 0, 'PR': 7, 'PIN': 1, 'ELEFANTE': 2, 'VICTORIA': 2, 'SEMILLA': 52, 'FCN-NACION': 0, 'PPN': 0, 'UR': 3, 'URNG-MAIZ WINAQ': 5, 'CREO': 9, 'BIEN': 14, 'VIVA': 3, 'MI FAMILIA': 6, 'CAMBIO': 1, 'VOS': 32}",124,28,398,0,Algún campo sin dato,0.Distrito Central,1.Guatemala,0001,presidente
2,,"{'UNE': 8, 'AZUL': 5, 'VALOR UNIONISTA': 39, 'CABAL': 34, 'TODOS': 2, 'VAMOS': 4, 'PHG': 0, 'PR': 5, 'PIN': 0, 'ELEFANTE': 3, 'VICTORIA': 1, 'SEMILLA': 69, 'FCN-NACION': 2, 'PPN': 0, 'UR': 3, 'URNG-MAIZ WINAQ': 3, 'CREO': 5, 'BIEN': 16, 'VIVA': 7, 'MI FAMILIA': 2, 'CAMBIO': 0, 'VOS': 43}",0,21,272,1,Algún campo sin dato,0.Distrito Central,1.Guatemala,0001,presidente
3,,"{'UNE': 7, 'AZUL': 6, 'VALOR UNIONISTA': 41, 'CABAL': 23, 'TODOS': 0, 'VAMOS': 6, 'PHG': 0, 'PR': 10, 'PIN': 0, 'ELEFANTE': 2, 'VICTORIA': 2, 'SEMILLA': 45, 'FCN-NACION': 0, 'PPN': 0, 'UR': 0, 'URNG-MAIZ WINAQ': 1, 'CREO': 8, 'BIEN': 9, 'VIVA': 1, 'MI FAMILIA': 7, 'CAMBIO': 0, 'VOS': 31}",0,16,215,0,Algún campo sin dato,0.Distrito Central,1.Guatemala,0001,presidente
4,,"{'UNE': 4, 'AZUL': 1, 'VALOR UNIONISTA': 27, 'CABAL': 18, 'TODOS': 0, 'VAMOS': 1, 'PHG': 0, 'PR': 5, 'PIN': 0, 'ELEFANTE': 0, 'VICTORIA': 2, 'SEMILLA': 62, 'FCN-NACION': 2, 'PPN': 1, 'UR': 3, 'URNG-MAIZ WINAQ': 2, 'CREO': 6, 'BIEN': 8, 'VIVA': 2, 'MI FAMILIA': 3, 'CAMBIO': 0, 'VOS': 24}",0,13,184,0,Algún campo sin dato,0.Distrito Central,1.Guatemala,0001,presidente
5,,"{'UNE': 16, 'AZUL': 1, 'VALOR UNIONISTA': 25, 'CABAL': 21, 'TODOS': 0, 'VAMOS': 5, 'PHG': 0, 'PR': 4, 'PIN': 0, 'ELEFANTE': 0, 'VICTORIA': 4, 'SEMILLA': 74, 'FCN-NACION': 0, 'PPN': 0, 'UR': 4, 'URNG-MAIZ WINAQ': 2, 'CREO': 6, 'BIEN': 12, 'VIVA': 11, 'MI FAMILIA': 5, 'CAMBIO': 0, 'VOS': 21}",0,27,238,0,Algún campo sin dato,0.Distrito Central,1.Guatemala,0002,presidente
6,,"{'UNE': 16, 'AZUL': 4, 'VALOR UNIONISTA': 34, 'CABAL': 21, 'TODOS': 1, 'VAMOS': 1, 'PHG': 0, 'PR': 4, 'PIN': 1, 'ELEFANTE': 1, 'VICTORIA': 6, 'SEMILLA': 45, 'FCN-NACION': 1, 'PPN': 0, 'UR': 1, 'URNG-MAIZ WINAQ': 5, 'CREO': 3, 'BIEN': 11, 'VIVA': 5, 'MI FAMILIA': 7, 'CAMBIO': 1, 'VOS': 31}",1,28,228,0,Algún campo sin dato,0.Distrito Central,1.Guatemala,0002,presidente
7,,"{'UNE': 14, 'AZUL': 5, 'VALOR UNIONISTA': 34, 'CABAL': 21, 'TODOS': 0, 'VAMOS': 5, 'PHG': 0, 'PR': 3, 'PIN': 1, 'ELEFANTE': 1, 'VICTORIA': 2, 'SEMILLA': 60, 'FCN-NACION': 0, 'PPN': 0, 'UR': 3, 'URNG-MAIZ WINAQ': 6, 'CREO': 4, 'BIEN': 6, 'VIVA': 13, 'MI FAMILIA': 4, 'CAMBIO': 0, 'VOS': 26}",0,23,231,0,Algún campo sin dato,0.Distrito Central,1.Guatemala,0002,presidente
8,,"{'UNE': 17, 'AZUL': 4, 'VALOR UNIONISTA': 35, 'CABAL': 18, 'TODOS': 1, 'VAMOS': 4, 'PHG': 1, 'PR': 4, 'PIN': 0, 'ELEFANTE': 0, 'VICTORIA': 3, 'SEMILLA': 68, 'FCN-NACION': 0, 'PPN': 1, 'UR': 4, 'URNG-MAIZ WINAQ': 2, 'CREO': 3, 'BIEN': 8, 'VIVA': 8, 'MI FAMILIA': 6, 'CAMBIO': 0, 'VOS': 20}",1,29,237,0,Algún campo sin dato,0.Distrito Central,1.Guatemala,0002,presidente
9,,"{'UNE': 14, 'AZUL': 4, 'VALOR UNIONISTA': 35, 'CABAL': 21, 'TODOS': 1, 'VAMOS': 4, 'PHG': 0, 'PR': 1, 'PIN': 2, 'ELEFANTE': 2, 'VICTORIA': 4, 'SEMILLA': 70, 'FCN-NACION': 0, 'PPN': 0, 'UR': 3, 'URNG-MAIZ WINAQ': 6, 'CREO': 5, 'BIEN': 10, 'VIVA': 7, 'MI FAMILIA': 2, 'CAMBIO': 0, 'VOS': 30}",0,20,241,0,Algún campo sin dato,0.Distrito Central,1.Guatemala,0002,presidente
10,,"{'UNE': 12, 'AZUL': 4, 'VALOR UNIONISTA': 38, 'CABAL': 22, 'TODOS': 1, 'VAMOS': 5, 'PHG': 0, 'PR': 2, 'PIN': 0, 'ELEFANTE': 4, 'VICTORIA': 5, 'SEMILLA': 50, 'FCN-NACION': 0, 'PPN': 1, 'UR': 6, 'URNG-MAIZ WINAQ': 3, 'CREO': 2, 'BIEN': 12, 'VIVA': 18, 'MI FAMILIA': 5, 'CAMBIO': 1, 'VOS': 21}",0,25,237,0,Algún campo sin dato,0.Distrito Central,1.Guatemala,0002,presidente
11,,"{'UNE': 12, 'AZUL': 5, 'VALOR UNIONISTA': 35, 'CABAL': 22, 'TODOS': 0, 'VAMOS': 6, 'PHG': 1, 'PR': 3, 'PIN': 0, 'ELEFANTE': 2, 'VICTORIA': 4, 'SEMILLA': 81, 'FCN-NACION': 0, 'PPN': 0, 'UR': 6, 'URNG-MAIZ WINAQ': 4, 'CREO': 9, 'BIEN': 9, 'VIVA': 4, 'MI FAMILIA': 9, 'CAMBIO': 1, 'VOS': 39}",0,18,270,0,Algún campo sin dato,0.Distrito Central,1.Guatemala,0002,presidente
12,,"{'UNE': 9, 'AZUL': 2, 'VALOR UNIONISTA': 27, 'CABAL': 21, 'TODOS': 1, 'VAMOS': 5, 'PHG': 0, 'PR': 2, 'PIN': 1, 'ELEFANTE': 3, 'VICTORIA': 2, 'SEMILLA': 86, 'FCN-NACION': 2, 'PPN': 1, 'UR': 4, 'URNG-MAIZ WINAQ': 7, 'CREO': 1, 'BIEN': 19, 'VIVA': 7, 'MI FAMILIA': 3, 'CAMBIO': 2, 'VOS': 28}",0,24,257,0,Algún campo sin dato,0.Distrito Central,1.Guatemala,0002,presidente
13,,"{'UNE': 13, 'AZUL': 3, 'VALOR UNIONISTA': 26, 'CABAL': 19, 'TODOS': 0, 'VAMOS': 6, 'PHG': 0, 'PR': 8, 'PIN': 1, 'ELEFANTE': 2, 'VICTORIA': 5, 'SEMILLA': 57, 'FCN-NACION': 1, 'PPN': 0, 'UR': 3, 'URNG-MAIZ WINAQ': 3, 'CREO': 3, 'BIEN': 13, 'VIVA': 3, 'MI FAMILIA': 8, 'CAMBIO': 1, 'VOS': 30}",1,33,239,0,Algún campo sin dato,0.Distrito Central,1.Guatemala,0002,presidente
14,,"{'UNE': 7, 'AZUL': 2, 'VALOR UNIONISTA': 41, 'CABAL': 14, 'TODOS': 1, 'VAMOS': 6, 'PHG': 0, 'PR': 6, 'PIN': 1, 'ELEFANTE': 2, 'VICTORIA': 3, 'SEMILLA': 73, 'FCN-NACION': 0, 'PPN': 1, 'UR': 2, 'URNG-MAIZ WINAQ': 6, 'CREO': 3, 'BIEN': 14, 'VIVA': 11, 'MI FAMILIA': 1, 'CAMBIO': 1, 'VOS': 30}",2,33,260,0,Algún campo sin dato,0.Distrito Central,1.Guatemala,0002,presidente
15,,"{'UNE': 9, 'AZUL': 3, 'VALOR UNIONISTA': 40, 'CABAL': 23, 'TODOS': 1, 'VAMOS': 6, 'PHG': 0, 'PR': 2, 'PIN': 0, 'ELEFANTE': 2, 'VICTORIA': 4, 'SEMILLA': 76, 'FCN-NACION': 0, 'PPN': 0, 'UR': 0, 'URNG-MAIZ WINAQ': 4, 'CREO': 6, 'BIEN': 12, 'VIVA': 13, 'MI FAMILIA': 5, 'CAMBIO': 0, 'VOS': 34}",3,38,281,0,Algún campo sin dato,0.Distrito Central,1.Guatemala,0002,presidente
16,,"{'UNE': 13, 'AZUL': 4, 'VALOR UNIONISTA': 32, 'CABAL': 22, 'TODOS': 0, 'VAMOS': 1, 'PHG': 0, 'PR': 4, 'PIN': 2, 'ELEFANTE': 2, 'VICTORIA': 3, 'SEMILLA': 77, 'FCN-NACION': 0, 'PPN': 1, 'UR': 4, 'URNG-MAIZ WINAQ': 3, 'CREO': 3, 'BIEN': 15, 'VIVA': 3, 'MI FAMILIA': 8, 'CAMBIO': 0, 'VOS': 35}",0,38,270,0,Algún campo sin dato,0.Distrito Central,1.Guatemala,0002,presidente
17,,"{'UNE': 11, 'AZUL': 1, 'VALOR UNIONISTA': 43, 'CABAL': 24, 'TODOS': 0, 'VAMOS': 2, 'PHG': 1, 'PR': 3, 'PIN': 0, 'ELEFANTE': 7, 'VICTORIA': 3, 'SEMILLA': 66, 'FCN-NACION': 1, 'PPN': 1, 'UR': 6, 'URNG-MAIZ WINAQ': 2, 'CREO': 4, 'BIEN': 19, 'VIVA': 8, 'MI FAMILIA': 8, 'CAMBIO': 0, 'VOS': 26}",4,28,268,0,Sumas Asentadas sin cuadrar,0.Distrito Central,1.Guatemala,0002,presidente
18,,"{'UNE': 13, 'AZUL': 2, 'VALOR UNIONISTA': 33, 'CABAL': 21, 'TODOS': 0, 'VAMOS': 3, 'PHG': 1, 'PR': 4, 'PIN': 0, 'ELEFANTE': 3, 'VICTORIA': 8, 'SEMILLA': 57, 'FCN-NACION': 0, 'PPN': 0, 'UR': 5, 'URNG-MAIZ WINAQ': 6, 'CREO': 6, 'BIEN': 15, 'VIVA': 11, 'MI FAMILIA': 2, 'CAMBIO': 0, 'VOS': 25}",2,30,247,0,Algún campo sin dato,0.Distrito Central,1.Guatemala,0002,presidente
19,,"{'UNE': 10, 'AZUL': 5, 'VALOR UNIONISTA': 37, 'CABAL': 17, 'TODOS': 0, 'VAMOS': 5, 'PHG': 0, 'PR': 5, 'PIN': 0, 'ELEFANTE': 2, 'VICTORIA': 3, 'SEMILLA': 40, 'FCN-NACION': 0, 'PPN': 1, 'UR': 5, 'URNG-MAIZ WINAQ': 4, 'CREO': 3, 'BIEN': 17, 'VIVA': 6, 'MI FAMILIA': 8, 'CAMBIO': 0, 'VOS': 30}",0,27,225,0,Algún campo sin dato,0.Distrito Central,1.Guatemala,0002,presidente
20,,"{'UNE': 15, 'AZUL': 4, 'VALOR UNIONISTA': 36, 'CABAL': 17, 'TODOS': 1, 'VAMOS': 4, 'PHG': 0, 'PR': 5, 'PIN': 0, 'ELEFANTE': 4, 'VICTORIA': 6, 'SEMILLA': 62, 'FCN-NACION': 1, 'PPN': 3, 'UR': 5, 'URNG-MAIZ WINAQ': 6, 'CREO': 5, 'BIEN': 19, 'VIVA': 12, 'MI FAMILIA': 8, 'CAMBIO': 0, 'VOS': 29}",0,28,270,0,Algún campo sin dato,0.Distrito Central,1.Guatemala,0003,presidente
21,,"{'UNE': 9, 'AZUL': 3, 'VALOR UNIONISTA': 45, 'CABAL': 22, 'TODOS': 0, 'VAMOS': 3, 'PHG': 0, 'PR': 3, 'PIN': 0, 'ELEFANTE': 1, 'VICTORIA': 2, 'SEMILLA': 91, 'FCN-NACION': 2, 'PPN': 1, 'UR': 3, 'URNG-MAIZ WINAQ': 5, 'CREO': 5, 'BIEN': 11, 'VIVA': 7, 'MI FAMILIA': 5, 'CAMBIO': 1, 'VOS': 30}",0,23,272,0,Algún campo sin dato,0.Distrito Central,1.Guatemala,0003,presidente
22,,"{'UNE': 20, 'AZUL': 3, 'VALOR UNIONISTA': 32, 'CABAL': 35, 'TODOS': 1, 'VAMOS': 4, 'PHG': 0, 'PR': 6, 'PIN': 1, 'ELEFANTE': 0, 'VICTORIA': 7, 'SEMILLA': 73, 'FCN-NACION': 0, 'PPN': 0, 'UR': 3, 'URNG-MAIZ WINAQ': 9, 'CREO': 2, 'BIEN': 14, 'VIVA': 2, 'MI FAMILIA': 10, 'CAMBIO': 0, 'VOS': 29}",0,25,276,0,Algún campo sin dato,0.Distrito Central,1.Guatemala,0003,presidente
23,,"{'UNE': 20, 'AZUL': 4, 'VALOR UNIONISTA': 36, 'CABAL': 13, 'TODOS': 1, 'VAMOS': 8, 'PHG': 1, 'PR': 0, 'PIN': 1, 'ELEFANTE': 2, 'VICTORIA': 2, 'SEMILLA': 69, 'FCN-NACION': 1, 'PPN': 1, 'UR': 1, 'URNG-MAIZ WINAQ': 4, 'CREO': 8, 'BIEN': 17, 'VIVA': 4, 'MI FAMILIA': 5, 'CAMBIO': 2, 'VOS': 22}",0,24,246,0,Algún campo sin dato,0.Distrito Central,1.Guatemala,0003,presidente
24,,"{'UNE': 16, 'AZUL': 2, 'VALOR UNIONISTA': 31, 'CABAL': 17, 'TODOS': 1, 'VAMOS': 5, 'PHG': 1, 'PR': 3, 'PIN': 1, 'ELEFANTE': 3, 'VICTORIA': 5, 'SEMILLA': 66, 'FCN-NACION': 0, 'PPN': 1, 'UR': 4, 'URNG-MAIZ WINAQ': 6, 'CREO': 3, 'BIEN': 13, 'VIVA': 7, 'MI FAMILIA': 4, 'CAMBIO': 1, 'VOS': 29}",1,36,256,0,Algún campo sin dato,0.Distrito Central,1.Guatemala,0003,presidente
25,,"{'UNE': 9, 'AZUL': 1, 'VALOR UNIONISTA': 25, 'CABAL': 14, 'TODOS': 2, 'VAMOS': 2, 'PHG': 0, 'PR': 1, 'PIN': 0, 'ELEFANTE': 3, 'VICTORIA': 2, 'SEMILLA': 98, 'FCN-NACION': 1, 'PPN': 1, 'UR': 3, 'URNG-MAIZ WINAQ': 2, 'CREO': 2, 'BIEN': 12, 'VIVA': 6, 'MI FAMILIA': 2, 'CAMBIO': 0, 'VOS': 32}",0,23,241,0,Algún campo sin dato,0.Distrito Central,1.Guatemala,0003,presidente
26,,"{'UNE': 3, 'AZUL': 2, 'VALOR UNIONISTA': 22, 'CABAL': 10, 'TODOS': 0, 'VAMOS': 3, 'PHG': 0, 'PR': 1, 'PIN': 0, 'ELEFANTE': 1, 'VICTORIA': 7, 'SEMILLA': 94, 'FCN-NACION': 0, 'PPN': 0, 'UR': 1, 'URNG-MAIZ WINAQ': 5, 'CREO': 1, 'BIEN': 22, 'VIVA': 10, 'MI FAMILIA': 4, 'CAMBIO': 0, 'VOS': 31}",0,22,239,1,Algún campo sin dato,0.Distrito Central,1.Guatemala,0003,presidente
27,,"{'UNE': 9, 'AZUL': 1, 'VALOR UNIONISTA': 16, 'CABAL': 14, 'TODOS': 0, 'VAMOS': 2, 'PHG': 0, 'PR': 2, 'PIN': 0, 'ELEFANTE': 0, 'VICTORIA': 3, 'SEMILLA': 96, 'FCN-NACION': 0, 'PPN': 0, 'UR': 4, 'URNG-MAIZ WINAQ': 2, 'CREO': 1, 'BIEN': 19, 'VIVA': 7, 'MI FAMILIA': 2, 'CAMBIO': 0, 'VOS': 35}",0,19,232,0,Algún campo sin dato,0.Distrito Central,1.Guatemala,0003,presidente
28,,"{'UNE': 18, 'AZUL': 1, 'VALOR UNIONISTA': 30, 'CABAL': 15, 'TODOS': 1, 'VAMOS': 2, 'PHG': 0, 'PR': 6, 'PIN': 2, 'ELEFANTE': 2, 'VICTORIA': 5, 'SEMILLA': 58, 'FCN-NACION': 1, 'PPN': 0, 'UR': 6, 'URNG-MAIZ WINAQ': 2, 'CREO': 1, 'BIEN': 15, 'VIVA': 8, 'MI FAMILIA': 3, 'CAMBIO': 0, 'VOS': 23}",3,23,225,0,Algún campo sin dato,0.Distrito Central,1.Guatemala,0003,presidente
29,,"{'UNE': 12, 'AZUL': 2, 'VALOR UNIONISTA': 27, 'CABAL': 25, 'TODOS': 1, 'VAMOS': 4, 'PHG': 0, 'PR': 4, 'PIN': 0, 'ELEFANTE': 2, 'VICTORIA': 2, 'SEMILLA': 56, 'FCN-NACION': 1, 'PPN': 0, 'UR': 5, 'URNG-MAIZ WINAQ': 5, 'CREO': 3, 'BIEN': 11, 'VIVA': 10, 'MI FAMILIA': 4, 'CAMBIO': 0, 'VOS': 27}",0,26,227,0,Algún campo sin dato,0.Distrito Central,1.Guatemala,0003,presidente
30,,"{'UNE': 9, 'AZUL': 3, 'VALOR UNIONISTA': 26, 'CABAL': 19, 'TODOS': 2, 'VAMOS': 3, 'PHG': 1, 'PR': 1, 'PIN': 1, 'ELEFANTE': 1, 'VICTORIA': 3, 'SEMILLA': 75, 'FCN-NACION': 2, 'PPN': 1, 'UR': 4, 'URNG-MAIZ WINAQ': 3, 'CREO': 0, 'BIEN': 18, 'VIVA': 10, 'MI FAMILIA': 1, 'CAMBIO': 0, 'VOS': 34}",0,29,246,0,Algún campo sin dato,0.Distrito Central,1.Guatemala,0003,presidente
31,,"{'UNE': 10, 'AZUL': 5, 'VALOR UNIONISTA': 31, 'CABAL': 16, 'TODOS': 1, 'VAMOS': 1, 'PHG': 1, 'PR': 2, 'PIN': 0, 'ELEFANTE': 0, 'VICTORIA': 2, 'SEMILLA': 83, 'FCN-NACION': 0, 'PPN': 0, 'UR': 2, 'URNG-MAIZ WINAQ': 6, 'CREO': 6, 'BIEN': 14, 'VIVA': 13, 'MI FAMILIA': 7, 'CAMBIO': 1, 'VOS': 28}",1,24,254,0,Algún campo sin dato,0.Distrito Central,1.Guatemala,0003,presidente
32,,"{'UNE': 17, 'AZUL': 9, 'VALOR UNIONISTA': 34, 'CABAL': 14, 'TODOS': 0, 'VAMOS': 1, 'PHG': 0, 'PR': 1, 'PIN': 1, 'ELEFANTE': 4, 'VICTORIA': 3, 'SEMILLA': 63, 'FCN-NACION': 1, 'PPN': 0, 'UR': 5, 'URNG-MAIZ WINAQ': 6, 'CREO': 5, 'BIEN': 11, 'VIVA': 14, 'MI FAMILIA': 6, 'CAMBIO': 0, 'VOS': 17}",1,29,242,158,Algún campo sin dato,0.Distrito Central,1.Guatemala,0003,presidente
33,,"{'UNE': 11, 'AZUL': 4, 'VALOR UNIONISTA': 31, 'CABAL': 18, 'TODOS': 1, 'VAMOS': 11, 'PHG': 0, 'PR': 3, 'PIN': 0, 'ELEFANTE': 2, 'VICTORIA': 2, 'SEMILLA': 62, 'FCN-NACION': 0, 'PPN': 1, 'UR': 2, 'URNG-MAIZ WINAQ': 4, 'CREO': 1, 'BIEN': 14, 'VIVA': 7, 'MI FAMILIA': 3, 'CAMBIO': 0, 'VOS': 27}",0,22,226,0,Algún campo sin dato,0.Distrito Central,1.Guatemala,0004,presidente
34,,"{'UNE': 6, 'AZUL': 1, 'VALOR UNIONISTA': 34, 'CABAL': 19, 'TODOS': 1, 'VAMOS': 6, 'PHG': 1, 'PR': 0, 'PIN': 1, 'ELEFANTE': 1, 'VICTORIA': 4, 'SEMILLA': 64, 'FCN-NACION': 0, 'PPN': 0, 'UR': 4, 'URNG-MAIZ WINAQ': 3, 'CREO': 5, 'BIEN': 12, 'VIVA': 9, 'MI FAMILIA': 5, 'CAMBIO': 0, 'VOS': 31}",0,32,239,0,Algún campo sin dato,0.Distrito Central,1.Guatemala,0004,presidente
35,,"{'UNE': 12, 'AZUL': 1, 'VALOR UNIONISTA': 36, 'CABAL': 13, 'TODOS': 0, 'VAMOS': 2, 'PHG': 0, 'PR': 5, 'PIN': 0, 'ELEFANTE': 3, 'VICTORIA': 3, 'SEMILLA': 79, 'FCN-NACION': 0, 'PPN': 1, 'UR': 2, 'URNG-MAIZ WINAQ': 2, 'CREO': 2, 'BIEN': 17, 'VIVA': 5, 'MI FAMILIA': 4, 'CAMBIO': 1, 'VOS': 30}",0,9,227,0,Algún campo sin dato,0.Distrito Central,1.Guatemala,0004,presidente
36,,"{'UNE': 6, 'AZUL': 1, 'VALOR UNIONISTA': 41, 'CABAL': 18, 'TODOS': 0, 'VAMOS': 4, 'PHG': 1, 'PR': 5, 'PIN': 2, 'ELEFANTE': 2, 'VICTORIA': 5, 'SEMILLA': 72, 'FCN-NACION': 0, 'PPN': 0, 'UR': 1, 'URNG-MAIZ WINAQ': 6, 'CREO': 1, 'BIEN': 18, 'VIVA': 11, 'MI FAMILIA': 2, 'CAMBIO': 0, 'VOS': 30}",0,19,245,0,,0.Distrito Central,1.Guatemala,0004,presidente
37,,"{'UNE': 10, 'AZUL': 2, 'VALOR UNIONISTA': 34, 'CABAL': 26, 'TODOS': 0, 'VAMOS': 5, 'PHG': 0, 'PR': 4, 'PIN': 0, 'ELEFANTE': 3, 'VICTORIA': 2, 'SEMILLA': 81, 'FCN-NACION': 0, 'PPN': 0, 'UR': 4, 'URNG-MAIZ WINAQ': 7, 'CREO': 2, 'BIEN': 19, 'VIVA': 4, 'MI FAMILIA': 5, 'CAMBIO': 1, 'VOS': 33}",0,23,265,0,Algún campo sin dato,0.Distrito Central,1.Guatemala,0004,presidente
38,,"{'UNE': 17, 'AZUL': 7, 'VALOR UNIONISTA': 22, 'CABAL': 15, 'TODOS': 1, 'VAMOS': 5, 'PHG': 1, 'PR': 2, 'PIN': 0, 'ELEFANTE': 2, 'VICTORIA': 3, 'SEMILLA': 71, 'FCN-NACION': 1, 'PPN': 2, 'UR': 7, 'URNG-MAIZ WINAQ': 2, 'CREO': 0, 'BIEN': 15, 'VIVA': 4, 'MI FAMILIA': 4, 'CAMBIO': 0, 'VOS': 25}",1,19,226,0,Algún campo sin dato,0.Distrito Central,1.Guatemala,0004,presidente
39,,"{'UNE': 9, 'AZUL': 4, 'VALOR UNIONISTA': 40, 'CABAL': 16, 'TODOS': 1, 'VAMOS': 3, 'PHG': 0, 'PR': 6, 'PIN': 1, 'ELEFANTE': 4, 'VICTORIA': 1, 'SEMILLA': 66, 'FCN-NACION': 2, 'PPN': 0, 'UR': 0, 'URNG-MAIZ WINAQ': 4, 'CREO': 2, 'BIEN': 10, 'VIVA': 7, 'MI FAMILIA': 4, 'CAMBIO': 0, 'VOS': 23}",1,24,228,0,Algún campo sin dato,0.Distrito Central,1.Guatemala,0004,presidente
40,,"{'UNE': 10, 'AZUL': 2, 'VALOR UNIONISTA': 38, 'CABAL': 27, 'TODOS': 0, 'VAMOS': 6, 'PHG': 1, 'PR': 6, 'PIN': 1, 'ELEFANTE': 6, 'VICTORIA': 3, 'SEMILLA': 80, 'FCN-NACION': 1, 'PPN': 0, 'UR': 2, 'URNG-MAIZ WINAQ': 6, 'CREO': 4, 'BIEN': 17, 'VIVA': 6, 'MI FAMILIA': 4, 'CAMBIO': 1, 'VOS': 28}",0,25,274,1,Algún campo sin dato,0.Distrito Central,1.Guatemala,0004,presidente
41,,"{'UNE': 6, 'AZUL': 6, 'VALOR UNIONISTA': 31, 'CABAL': 25, 'TODOS': 0, 'VAMOS': 3, 'PHG': 0, 'PR': 4, 'PIN': 1, 'ELEFANTE': 5, 'VICTORIA': 2, 'SEMILLA': 90, 'FCN-NACION': 1, 'PPN': 0, 'UR': 1, 'URNG-MAIZ WINAQ': 5, 'CREO': 1, 'BIEN': 8, 'VIVA': 13, 'MI FAMILIA': 5, 'CAMBIO': 0, 'VOS': 33}",0,20,260,0,Algún campo sin dato,0.Distrito Central,1.Guatemala,0004,presidente
42,,"{'UNE': 11, 'AZUL': 4, 'VALOR UNIONISTA': 32, 'CABAL': 20, 'TODOS': 0, 'VAMOS': 1, 'PHG': 0, 'PR': 5, 'PIN': 1, 'ELEFANTE': 2, 'VICTORIA': 4, 'SEMILLA': 68, 'FCN-NACION': 0, 'PPN': 0, 'UR': 7, 'URNG-MAIZ WINAQ': 3, 'CREO': 2, 'BIEN': 12, 'VIVA': 6, 'MI FAMILIA': 4, 'CAMBIO': 0, 'VOS': 30}",2,18,232,1,Algún campo sin dato,0.Distrito Central,1.Guatemala,0004,presidente
43,,"{'UNE': 11, 'AZUL': 2, 'VALOR UNIONISTA': 34, 'CABAL': 15, 'TODOS': 1, 'VAMOS': 3, 'PHG': 1, 'PR': 3, 'PIN': 0, 'ELEFANTE': 3, 'VICTORIA': 4, 'SEMILLA': 83, 'FCN-NACION': 1, 'PPN': 0, 'UR': 2, 'URNG-MAIZ WINAQ': 4, 'CREO': 3, 'BIEN': 8, 'VIVA': 6, 'MI FAMILIA': 9, 'CAMBIO': 0, 'VOS': 38}",0,18,249,0,Algún campo sin dato,0.Distrito Central,1.Guatemala,0004,presidente
44,,"{'UNE': 11, 'AZUL': 0, 'VALOR UNIONISTA': 31, 'CABAL': 22, 'TODOS': 0, 'VAMOS': 8, 'PHG': 0, 'PR': 5, 'PIN': 1, 'ELEFANTE': 0, 'VICTORIA': 2, 'SEMILLA': 63, 'FCN-NACION': 2, 'PPN': 0, 'UR': 6, 'URNG-MAIZ WINAQ': 1, 'CREO': 1, 'BIEN': 11, 'VIVA': 11, 'MI FAMILIA': 7, 'CAMBIO': 0, 'VOS': 24}",1,40,247,0,Algún campo sin dato,0.Distrito Central,1.Guatemala,0004,presidente
45,,"{'UNE': 13, 'AZUL': 0, 'VALOR UNIONISTA': 45, 'CABAL': 15, 'TODOS': 1, 'VAMOS': 2, 'PHG': 1, 'PR': 8, 'PIN': 2, 'ELEFANTE': 1, 'VICTORIA': 4, 'SEMILLA': 72, 'FCN-NACION': 1, 'PPN': 0, 'UR': 7, 'URNG-MAIZ WINAQ': 5, 'CREO': 5, 'BIEN': 14, 'VIVA': 6, 'MI FAMILIA': 3, 'CAMBIO': 0, 'VOS': 38}",0,24,267,0,Algún campo sin dato,0.Distrito Central,1.Guatemala,0004,presidente
46,,"{'UNE': 5, 'AZUL': 6, 'VALOR UNIONISTA': 32, 'CABAL': 20, 'TODOS': 0, 'VAMOS': 4, 'PHG': 0, 'PR': 0, 'PIN': 0, 'ELEFANTE': 3, 'VICTORIA': 2, 'SEMILLA': 68, 'FCN-NACION': 2, 'PPN': 0, 'UR': 1, 'URNG-MAIZ WINAQ': 5, 'CREO': 1, 'BIEN': 20, 'VIVA': 11, 'MI FAMILIA': 9, 'CAMBIO': 1, 'VOS': 50}",0,33,273,0,Algún campo sin dato,0.Distrito Central,1.Guatemala,0005,presidente
47,,"{'UNE': 13, 'AZUL': 4, 'VALOR UNIONISTA': 30, 'CABAL': 21, 'TODOS': 0, 'VAMOS': 2, 'PHG': 2, 'PR': 3, 'PIN': 1, 'ELEFANTE': 3, 'VICTORIA': 4, 'SEMILLA': 61, 'FCN-NACION': 0, 'PPN': 2, 'UR': 0, 'URNG-MAIZ WINAQ': 5, 'CREO': 1, 'BIEN': 15, 'VIVA': 4, 'MI FAMILIA': 5, 'CAMBIO': 0, 'VOS': 30}",2,29,237,0,Algún campo sin dato,0.Distrito Central,1.Guatemala,0005,presidente
48,,"{'UNE': 14, 'AZUL': 1, 'VALOR UNIONISTA': 32, 'CABAL': 15, 'TODOS': 0, 'VAMOS': 6, 'PHG': 1, 'PR': 7, 'PIN': 1, 'ELEFANTE': 1, 'VICTORIA': 4, 'SEMILLA': 71, 'FCN-NACION': 0, 'PPN': 0, 'UR': 6, 'URNG-MAIZ WINAQ': 0, 'CREO': 5, 'BIEN': 15, 'VIVA': 12, 'MI FAMILIA': 4, 'CAMBIO': 0, 'VOS': 34}",0,26,255,0,Algún campo sin dato,0.Distrito Central,1.Guatemala,0005,presidente
49,,"{'UNE': 19, 'AZUL': 2, 'VALOR UNIONISTA': 25, 'CABAL': 23, 'TODOS': 1, 'VAMOS': 5, 'PHG': 0, 'PR': 1, 'PIN': 0, 'ELEFANTE': 3, 'VICTORIA': 4, 'SEMILLA': 61, 'FCN-NACION': 0, 'PPN': 0, 'UR': 7, 'URNG-MAIZ WINAQ': 3, 'CREO': 4, 'BIEN': 12, 'VIVA': 14, 'MI FAMILIA': 5, 'CAMBIO': 0, 'VOS': 24}",0,23,236,0,Algún campo sin dato,0.Distrito Central,1.Guatemala,0005,presidente
50,,"{'UNE': 18, 'AZUL': 5, 'VALOR UNIONISTA': 30, 'CABAL': 28, 'TODOS': 0, 'VAMOS': 5, 'PHG': 0, 'PR': 2, 'PIN': 1, 'ELEFANTE': 4, 'VICTORIA': 5, 'SEMILLA': 64, 'FCN-NACION': 0, 'PPN': 0, 'UR': 3, 'URNG-MAIZ WINAQ': 4, 'CREO': 5, 'BIEN': 8, 'VIVA': 15, 'MI FAMILIA': 3, 'CAMBIO': 0, 'VOS': 27}",4,23,254,0,Algún campo sin dato,0.Distrito Central,1.Guatemala,0005,presidente
51,,"{'UNE': 10, 'AZUL': 7, 'VALOR UNIONISTA': 37, 'CABAL': 16, 'TODOS': 0, 'VAMOS': 7, 'PHG': 0, 'PR': 1, 'PIN': 0, 'ELEFANTE': 6, 'VICTORIA': 2, 'SEMILLA': 71, 'FCN-NACION': 2, 'PPN': 1, 'UR': 6, 'URNG-MAIZ WINAQ': 5, 'CREO': 2, 'BIEN': 16, 'VIVA': 12, 'MI FAMILIA': 2, 'CAMBIO': 0, 'VOS': 28}",1,24,256,0,Algún campo sin dato,0.Distrito Central,1.Guatemala,0005,presidente
52,,"{'UNE': 18, 'AZUL': 2, 'VALOR UNIONISTA': 36, 'CABAL': 21, 'TODOS': 1, 'VAMOS': 6, 'PHG': 1, 'PR': 5, 'PIN': 2, 'ELEFANTE': 4, 'VICTORIA': 4, 'SEMILLA': 70, 'FCN-NACION': 2, 'PPN': 0, 'UR': 2, 'URNG-MAIZ WINAQ': 5, 'CREO': 5, 'BIEN': 7, 'VIVA': 8, 'MI FAMILIA': 6, 'CAMBIO': 0, 'VOS': 26}",2,22,255,0,Algún campo sin dato,0.Distrito Central,1.Guatemala,0005,presidente
53,,"{'UNE': 16, 'AZUL': 4, 'VALOR UNIONISTA': 30, 'CABAL': 16, 'TODOS': 0, 'VAMOS': 7, 'PHG': 1, 'PR': 4, 'PIN': 0, 'ELEFANTE': 4, 'VICTORIA': 1, 'SEMILLA': 67, 'FCN-NACION': 0, 'PPN': 0, 'UR': 2, 'URNG-MAIZ WINAQ': 6, 'CREO': 3, 'BIEN': 13, 'VIVA': 9, 'MI FAMILIA': 4, 'CAMBIO': 0, 'VOS': 43}",1,22,253,0,Algún campo sin dato,0.Distrito Central,1.Guatemala,0005,presidente
54,,"{'UNE': 12, 'AZUL': 2, 'VALOR UNIONISTA': 35, 'CABAL': 23, 'TODOS': 0, 'VAMOS': 6, 'PHG': 1, 'PR': 5, 'PIN': 0, 'ELEFANTE': 1, 'VICTORIA': 6, 'SEMILLA': 64, 'FCN-NACION': 1, 'PPN': 0, 'UR': 1, 'URNG-MAIZ WINAQ': 5, 'CREO': 4, 'BIEN': 16, 'VIVA': 10, 'MI FAMILIA': 4, 'CAMBIO': 0, 'VOS': 34}",1,40,271,0,Algún campo sin dato,0.Distrito Central,1.Guatemala,0005,presidente
55,,"{'UNE': 16, 'AZUL': 4, 'VALOR UNIONISTA': 40, 'CABAL': 19, 'TODOS': 0, 'VAMOS': 6, 'PHG': 0, 'PR': 2, 'PIN': 1, 'ELEFANTE': 2, 'VICTORIA': 1, 'SEMILLA': 69, 'FCN-NACION': 1, 'PPN': 0, 'UR': 2, 'URNG-MAIZ WINAQ': 2, 'CREO': 2, 'BIEN': 11, 'VIVA': 10, 'MI FAMILIA': 3, 'CAMBIO': 1, 'VOS': 31}",2,22,247,0,,0.Distrito Central,1.Guatemala,0005,presidente
56,,"{'UNE': 9, 'AZUL': 3, 'VALOR UNIONISTA': 32, 'CABAL': 16, 'TODOS': 0, 'VAMOS': 2, 'PHG': 0, 'PR': 2, 'PIN': 1, 'ELEFANTE': 2, 'VICTORIA': 6, 'SEMILLA': 70, 'FCN-NACION': 1, 'PPN': 1, 'UR': 2, 'URNG-MAIZ WINAQ': 0, 'CREO': 3, 'BIEN': 12, 'VIVA': 4, 'MI FAMILIA': 2, 'CAMBIO': 1, 'VOS': 41}",0,24,234,0,Algún campo sin dato,0.Distrito Central,1.Guatemala,0005,presidente
57,,"{'UNE': 10, 'AZUL': 8, 'VALOR UNIONISTA': 33, 'CABAL': 21, 'TODOS': 0, 'VAMOS': 6, 'PHG': 0, 'PR': 6, 'PIN': 1, 'ELEFANTE': 1, 'VICTORIA': 3, 'SEMILLA': 63, 'FCN-NACION': 0, 'PPN': 0, 'UR': 5, 'URNG-MAIZ WINAQ': 7, 'CREO': 3, 'BIEN': 15, 'VIVA': 8, 'MI FAMILIA': 7, 'CAMBIO': 1, 'VOS': 28}",1,20,247,0,Algún campo sin dato,0.Distrito Central,1.Guatemala,0005,presidente
58,,"{'UNE': 10, 'AZUL': 3, 'VALOR UNIONISTA': 35, 'CABAL': 16, 'TODOS': 0, 'VAMOS': 4, 'PHG': 0, 'PR': 6, 'PIN': 0, 'ELEFANTE': 2, 'VICTORIA': 2, 'SEMILLA': 70, 'FCN-NACION': 0, 'PPN': 3, 'UR': 7, 'URNG-MAIZ WINAQ': 8, 'CREO': 3, 'BIEN': 6, 'VIVA': 6, 'MI FAMILIA': 3, 'CAMBIO': 0, 'VOS': 34}",1,31,250,0,Algún campo sin dato,0.Distrito Central,1.Guatemala,0005,presidente
59,,"{'UNE': 12, 'AZUL': 5, 'VALOR UNIONISTA': 24, 'CABAL': 25, 'TODOS': 1, 'VAMOS': 3, 'PHG': 0, 'PR': 5, 'PIN': 0, 'ELEFANTE': 4, 'VICTORIA': 5, 'SEMILLA': 63, 'FCN-NACION': 0, 'PPN': 1, 'UR': 3, 'URNG-MAIZ WINAQ': 6, 'CREO': 3, 'BIEN': 18, 'VIVA': 8, 'MI FAMILIA': 4, 'CAMBIO': 1, 'VOS': 21}",2,27,241,0,Algún campo sin dato,0.Distrito Central,1.Guatemala,0005,presidente
60,,"{'UNE': 12, 'AZUL': 3, 'VALOR UNIONISTA': 38, 'CABAL': 20, 'TODOS': 1, 'VAMOS': 3, 'PHG': 1, 'PR': 5, 'PIN': 0, 'ELEFANTE': 3, 'VICTORIA': 2, 'SEMILLA': 85, 'FCN-NACION': 1, 'PPN': 1, 'UR': 2, 'URNG-MAIZ WINAQ': 1, 'CREO': 1, 'BIEN': 12, 'VIVA': 5, 'MI FAMILIA': 0, 'CAMBIO': 0, 'VOS': 22}",0,23,241,0,Algún campo sin dato,0.Distrito Central,1.Guatemala,0005,presidente
61,,"{'UNE': 17, 'AZUL': 2, 'VALOR UNIONISTA': 33, 'CABAL': 21, 'TODOS': 1, 'VAMOS': 5, 'PHG': 1, 'PR': 4, 'PIN': 0, 'ELEFANTE': 2, 'VICTORIA': 3, 'SEMILLA': 60, 'FCN-NACION': 1, 'PPN': 0, 'UR': 0, 'URNG-MAIZ WINAQ': 2, 'CREO': 2, 'BIEN': 13, 'VIVA': 7, 'MI FAMILIA': 3, 'CAMBIO': 2, 'VOS': 22}",0,25,226,0,Algún campo sin dato,0.Distrito Central,1.Guatemala,0005,presidente
62,,"{'UNE': 17, 'AZUL': 4, 'VALOR UNIONISTA': 22, 'CABAL': 15, 'TODOS': 0, 'VAMOS': 6, 'PHG': 1, 'PR': 4, 'PIN': 1, 'ELEFANTE': 1, 'VICTORIA': 1, 'SEMILLA': 66, 'FCN-NACION': 0, 'PPN': 1, 'UR': 2, 'URNG-MAIZ WINAQ': 7, 'CREO': 1, 'BIEN': 10, 'VIVA': 8, 'MI FAMILIA': 2, 'CAMBIO': 1, 'VOS': 22}",0,30,222,0,,0.Distrito Central,1.Guatemala,0005,presidente
63,,"{'UNE': 12, 'AZUL': 3, 'VALOR UNIONISTA': 28, 'CABAL': 22, 'TODOS': 0, 'VAMOS': 2, 'PHG': 1, 'PR': 3, 'PIN': 1, 'ELEFANTE': 0, 'VICTORIA': 2, 'SEMILLA': 71, 'FCN-NACION': 1, 'PPN': 0, 'UR': 3, 'URNG-MAIZ WINAQ': 3, 'CREO': 6, 'BIEN': 18, 'VIVA': 9, 'MI FAMILIA': 4, 'CAMBIO': 1, 'VOS': 22}",0,21,233,0,Algún campo sin dato,0.Distrito Central,1.Guatemala,0005,presidente
64,,"{'UNE': 19, 'AZUL': 3, 'VALOR UNIONISTA': 36, 'CABAL': 16, 'TODOS': 0, 'VAMOS': 4, 'PHG': 0, 'PR': 3, 'PIN': 0, 'ELEFANTE': 2, 'VICTORIA': 9, 'SEMILLA': 85, 'FCN-NACION': 1, 'PPN': 1, 'UR': 1, 'URNG-MAIZ WINAQ': 2, 'CREO': 2, 'BIEN': 9, 'VIVA': 7, 'MI FAMILIA': 1, 'CAMBIO': 1, 'VOS': 25}",0,23,250,0,Algún campo sin dato,0.Distrito Central,1.Guatemala,0006,presidente
65,,"{'UNE': 10, 'AZUL': 5, 'VALOR UNIONISTA': 21, 'CABAL': 15, 'TODOS': 2, 'VAMOS': 3, 'PHG': 0, 'PR': 5, 'PIN': 1, 'ELEFANTE': 0, 'VICTORIA': 3, 'SEMILLA': 99, 'FCN-NACION': 0, 'PPN': 1, 'UR': 1, 'URNG-MAIZ WINAQ': 0, 'CREO': 2, 'BIEN': 12, 'VIVA': 8, 'MI FAMILIA': 1, 'CAMBIO': 1, 'VOS': 40}",2,25,257,0,Algún campo sin dato,0.Distrito Central,1.Guatemala,0006,presidente
66,,"{'UNE': 8, 'AZUL': 2, 'VALOR UNIONISTA': 20, 'CABAL': 8, 'TODOS': 0, 'VAMOS': 2, 'PHG': 1, 'PR': 3, 'PIN': 1, 'ELEFANTE': 2, 'VICTORIA': 1, 'SEMILLA': 77, 'FCN-NACION': 1, 'PPN': 0, 'UR': 0, 'URNG-MAIZ WINAQ': 1, 'CREO': 4, 'BIEN': 14, 'VIVA': 7, 'MI FAMILIA': 3, 'CAMBIO': 1, 'VOS': 30}",0,23,209,0,Algún campo sin dato,0.Distrito Central,1.Guatemala,0006,presidente
67,,"{'UNE': 13, 'AZUL': 5, 'VALOR UNIONISTA': 25, 'CABAL': 14, 'TODOS': 1, 'VAMOS': 1, 'PHG': 0, 'PR': 4, 'PIN': 1, 'ELEFANTE': 1, 'VICTORIA': 3, 'SEMILLA': 95, 'FCN-NACION': 1, 'PPN': 0, 'UR': 4, 'URNG-MAIZ WINAQ': 1, 'CREO': 0, 'BIEN': 9, 'VIVA': 7, 'MI FAMILIA': 3, 'CAMBIO': 1, 'VOS': 20}",0,18,227,0,Algún campo sin dato,0.Distrito Central,1.Guatemala,0006,presidente
68,,"{'UNE': 4, 'AZUL': 0, 'VALOR UNIONISTA': 12, 'CABAL': 12, 'TODOS': 0, 'VAMOS': 0, 'PHG': 0, 'PR': 0, 'PIN': 1, 'ELEFANTE': 3, 'VICTORIA': 6, 'SEMILLA': 146, 'FCN-NACION': 0, 'PPN': 0, 'UR': 0, 'URNG-MAIZ WINAQ': 1, 'CREO': 2, 'BIEN': 12, 'VIVA': 1, 'MI FAMILIA': 0, 'CAMBIO': 0, 'VOS': 21}",0,2,223,13,Algún campo sin dato,0.Distrito Central,1.Guatemala,0006,presidente
69,,"{'UNE': 7, 'AZUL': 0, 'VALOR UNIONISTA': 14, 'CABAL': 8, 'TODOS': 0, 'VAMOS': 2, 'PHG': 1, 'PR': 2, 'PIN': 0, 'ELEFANTE': 2, 'VICTORIA': 0, 'SEMILLA': 168, 'FCN-NACION': 0, 'PPN': 0, 'UR': 0, 'URNG-MAIZ WINAQ': 1, 'CREO': 2, 'BIEN': 8, 'VIVA': 5, 'MI FAMILIA': 1, 'CAMBIO': 0, 'VOS': 23}",0,6,250,0,Algún campo sin dato,0.Distrito Central,1.Guatemala,0006,presidente
70,,"{'UNE': 0, 'AZUL': 0, 'VALOR UNIONISTA': 26, 'CABAL': 6, 'TODOS': 0, 'VAMOS': 2, 'PHG': 0, 'PR': 1, 'PIN': 0, 'ELEFANTE': 3, 'VICTORIA': 1, 'SEMILLA': 177, 'FCN-NACION': 0, 'PPN': 0, 'UR': 0, 'URNG-MAIZ WINAQ': 1, 'CREO': 1, 'BIEN': 18, 'VIVA': 3, 'MI FAMILIA': 0, 'CAMBIO': 0, 'VOS': 24}",0,12,275,0,Algún campo sin dato,0.Distrito Central,1.Guatemala,0006,presidente
71,,"{'UNE': 7, 'AZUL': 0, 'VALOR UNIONISTA': 15, 'CABAL': 11, 'TODOS': 1, 'VAMOS': 3, 'PHG': 0, 'PR': 0, 'PIN': 0, 'ELEFANTE': 0, 'VICTORIA': 2, 'SEMILLA': 180, 'FCN-NACION': 1, 'PPN': 0, 'UR': 0, 'URNG-MAIZ WINAQ': 2, 'CREO': 1, 'BIEN': 13, 'VIVA': 3, 'MI FAMILIA': 1, 'CAMBIO': 0, 'VOS': 18}",0,10,268,0,Algún campo sin dato,0.Distrito Central,1.Guatemala,0006,presidente
72,,"{'UNE': 5, 'AZUL': 2, 'VALOR UNIONISTA': 17, 'CABAL': 10, 'TODOS': 1, 'VAMOS': 2, 'PHG': 0, 'PR': 0, 'PIN': 1, 'ELEFANTE': 1, 'VICTORIA': 0, 'SEMILLA': 134, 'FCN-NACION': 0, 'PPN': 1, 'UR': 1, 'URNG-MAIZ WINAQ': 4, 'CREO': 3, 'BIEN': 11, 'VIVA': 3, 'MI FAMILIA': 1, 'CAMBIO': 0, 'VOS': 26}",0,14,237,0,Algún campo sin dato,0.Distrito Central,1.Guatemala,0006,presidente
73,,"{'UNE': 6, 'AZUL': 0, 'VALOR UNIONISTA': 11, 'CABAL': 6, 'TODOS': 0, 'VAMOS': 1, 'PHG': 1, 'PR': 1, 'PIN': 0, 'ELEFANTE': 3, 'VICTORIA': 1, 'SEMILLA': 80, 'FCN-NACION': 0, 'PPN': 0, 'UR': 0, 'URNG-MAIZ WINAQ': 3, 'CREO': 2, 'BIEN': 6, 'VIVA': 11, 'MI FAMILIA': 1, 'CAMBIO': 0, 'VOS': 21}",0,10,164,0,Algún campo sin dato,0.Distrito Central,1.Guatemala,0006,presidente
74,,"{'UNE': 5, 'AZUL': 1, 'VALOR UNIONISTA': 7, 'CABAL': 1, 'TODOS': 1, 'VAMOS': 1, 'PHG': 0, 'PR': 0, 'PIN': 0, 'ELEFANTE': 0, 'VICTORIA': 1, 'SEMILLA': 88, 'FCN-NACION': 0, 'PPN': 0, 'UR': 0, 'URNG-MAIZ WINAQ': 4, 'CREO': 2, 'BIEN': 9, 'VIVA': 6, 'MI FAMILIA': 0, 'CAMBIO': 0, 'VOS': 9}",0,10,145,0,Algún campo sin dato,0.Distrito Central,1.Guatemala,0006,presidente
75,,"{'UNE': 14, 'AZUL': 0, 'VALOR UNIONISTA': 0, 'CABAL': 2, 'TODOS': 0, 'VAMOS': 0, 'PHG': 0, 'PR': 0, 'PIN': 1, 'ELEFANTE': 1, 'VICTORIA': 3, 'SEMILLA': 47, 'FCN-NACION': 0, 'PPN': 0, 'UR': 0, 'URNG-MAIZ WINAQ': 2, 'CREO': 2, 'BIEN': 6, 'VIVA': 10, 'MI FAMILIA': 0, 'CAMBIO': 0, 'VOS': 9}",0,21,118,0,Sumas Asentadas sin cuadrar,0.Distrito Central,1.Guatemala,0006,presidente
76,,"{'UNE': 13, 'AZUL': 2, 'VALOR UNIONISTA': 23, 'CABAL': 9, 'TODOS': 0, 'VAMOS': 4, 'PHG': 0, 'PR': 1, 'PIN': 0, 'ELEFANTE': 1, 'VICTORIA': 2, 'SEMILLA': 63, 'FCN-NACION': 0, 'PPN': 3, 'UR': 3, 'URNG-MAIZ WINAQ': 1, 'CREO': 2, 'BIEN': 4, 'VIVA': 4, 'MI FAMILIA': 3, 'CAMBIO': 0, 'VOS': 16}",1,24,179,0,Algún campo sin dato,0.Distrito Central,1.Guatemala,0006,presidente
77,,"{'UNE': 6, 'AZUL': 0, 'VALOR UNIONISTA': 23, 'CABAL': 10, 'TODOS': 0, 'VAMOS': 0, 'PHG': 1, 'PR': 1, 'PIN': 0, 'ELEFANTE': 0, 'VICTORIA': 3, 'SEMILLA': 123, 'FCN-NACION': 1, 'PPN': 1, 'UR': 2, 'URNG-MAIZ WINAQ': 1, 'CREO': 1, 'BIEN': 4, 'VIVA': 8, 'MI FAMILIA': 3, 'CAMBIO': 0, 'VOS': 19}",1,10,218,0,Algún campo sin dato,0.Distrito Central,1.Guatemala,0006,presidente
78,,"{'UNE': 11, 'AZUL': 2, 'VALOR UNIONISTA': 14, 'CABAL': 7, 'TODOS': 1, 'VAMOS': 3, 'PHG': 0, 'PR': 0, 'PIN': 0, 'ELEFANTE': 2, 'VICTORIA': 1, 'SEMILLA': 131, 'FCN-NACION': 1, 'PPN': 1, 'UR': 1, 'URNG-MAIZ WINAQ': 2, 'CREO': 0, 'BIEN': 6, 'VIVA': 6, 'MI FAMILIA': 3, 'CAMBIO': 0, 'VOS': 16}",0,14,222,0,Algún campo sin dato,0.Distrito Central,1.Guatemala,0006,presidente
79,,"{'UNE': 9, 'AZUL': 1, 'VALOR UNIONISTA': 14, 'CABAL': 11, 'TODOS': 0, 'VAMOS': 1, 'PHG': 1, 'PR': 0, 'PIN': 0, 'ELEFANTE': 0, 'VICTORIA': 2, 'SEMILLA': 120, 'FCN-NACION': 0, 'PPN': 1, 'UR': 2, 'URNG-MAIZ WINAQ': 0, 'CREO': 2, 'BIEN': 9, 'VIVA': 4, 'MI FAMILIA': 1, 'CAMBIO': 0, 'VOS': 14}",1,15,208,0,Algún campo sin dato,0.Distrito Central,1.Guatemala,0006,presidente
80,,"{'UNE': 7, 'AZUL': 0, 'VALOR UNIONISTA': 9, 'CABAL': 3, 'TODOS': 0, 'VAMOS': 1, 'PHG': 0, 'PR': 1, 'PIN': 1, 'ELEFANTE': 3, 'VICTORIA': 3, 'SEMILLA': 35, 'FCN-NACION': 0, 'PPN': 1, 'UR': 0, 'URNG-MAIZ WINAQ': 0, 'CREO': 1, 'BIEN': 1, 'VIVA': 0, 'MI FAMILIA': 1, 'CAMBIO': 1, 'VOS': 7}",0,12,87,0,Algún campo sin dato,0.Distrito Central,1.Guatemala,0006,presidente
81,,"{'UNE': 3, 'AZUL': 0, 'VALOR UNIONISTA': 6, 'CABAL': 10, 'TODOS': 0, 'VAMOS': 1, 'PHG': 0, 'PR': 0, 'PIN': 1, 'ELEFANTE': 0, 'VICTORIA': 0, 'SEMILLA': 27, 'FCN-NACION': 0, 'PPN': 0, 'UR': 1, 'URNG-MAIZ WINAQ': 0, 'CREO': 0, 'BIEN': 1, 'VIVA': 1, 'MI FAMILIA': 0, 'CAMBIO': 0, 'VOS': 5}",1,6,63,151,Algún campo sin dato,0.Distrito Central,1.Guatemala,0006,presidente
82,,"{'UNE': 10, 'AZUL': 2, 'VALOR UNIONISTA': 40, 'CABAL': 17, 'TODOS': 0, 'VAMOS': 6, 'PHG': 0, 'PR': 4, 'PIN': 2, 'ELEFANTE': 3, 'VICTORIA': 1, 'SEMILLA': 49, 'FCN-NACION': 0, 'PPN': 0, 'UR': 1, 'URNG-MAIZ WINAQ': 4, 'CREO': 2, 'BIEN': 15, 'VIVA': 7, 'MI FAMILIA': 8, 'CAMBIO': 0, 'VOS': 23}",1,21,216,0,Algún campo sin dato,0.Distrito Central,1.Guatemala,0007,presidente
83,,"{'UNE': 13, 'AZUL': 1, 'VALOR UNIONISTA': 29, 'CABAL': 13, 'TODOS': 2, 'VAMOS': 2, 'PHG': 1, 'PR': 3, 'PIN': 0, 'ELEFANTE': 3, 'VICTORIA': 4, 'SEMILLA': 53, 'FCN-NACION': 0, 'PPN': 0, 'UR': 1, 'URNG-MAIZ WINAQ': 3, 'CREO': 3, 'BIEN': 13, 'VIVA': 8, 'MI FAMILIA': 4, 'CAMBIO': 0, 'VOS': 27}",0,16,199,0,Algún campo sin dato,0.Distrito Central,1.Guatemala,0007,presidente
84,,"{'UNE': 2, 'AZUL': 4, 'VALOR UNIONISTA': 32, 'CABAL': 15, 'TODOS': 2, 'VAMOS': 1, 'PHG': 0, 'PR': 3, 'PIN': 1, 'ELEFANTE': 0, 'VICTORIA': 5, 'SEMILLA': 61, 'FCN-NACION': 0, 'PPN': 0, 'UR': 3, 'URNG-MAIZ WINAQ': 4, 'CREO': 4, 'BIEN': 12, 'VIVA': 5, 'MI FAMILIA': 10, 'CAMBIO': 0, 'VOS': 27}",2,20,213,0,Sumas Asentadas sin cuadrar,0.Distrito Central,1.Guatemala,0007,presidente
85,,"{'UNE': 11, 'AZUL': 4, 'VALOR UNIONISTA': 23, 'CABAL': 9, 'TODOS': 0, 'VAMOS': 2, 'PHG': 1, 'PR': 7, 'PIN': 0, 'ELEFANTE': 3, 'VICTORIA': 7, 'SEMILLA': 53, 'FCN-NACION': 1, 'PPN': 0, 'UR': 4, 'URNG-MAIZ WINAQ': 3, 'CREO': 3, 'BIEN': 12, 'VIVA': 8, 'MI FAMILIA': 2, 'CAMBIO': 0, 'VOS': 19}",1,24,197,0,Algún campo sin dato,0.Distrito Central,1.Guatemala,0007,presidente
86,,"{'UNE': 5, 'AZUL': 1, 'VALOR UNIONISTA': 6, 'CABAL': 8, 'TODOS': 0, 'VAMOS': 3, 'PHG': 0, 'PR': 1, 'PIN': 0, 'ELEFANTE': 0, 'VICTORIA': 1, 'SEMILLA': 85, 'FCN-NACION': 0, 'PPN': 0, 'UR': 1, 'URNG-MAIZ WINAQ': 1, 'CREO': 0, 'BIEN': 6, 'VIVA': 2, 'MI FAMILIA': 2, 'CAMBIO': 0, 'VOS': 10}",0,4,136,11,Sumas Asentadas sin cuadrar,0.Distrito Central,1.Guatemala,0007,presidente
87,,"{'UNE': 3, 'AZUL': 0, 'VALOR UNIONISTA': 16, 'CABAL': 3, 'TODOS': 0, 'VAMOS': 5, 'PHG': 0, 'PR': 1, 'PIN': 0, 'ELEFANTE': 1, 'VICTORIA': 0, 'SEMILLA': 34, 'FCN-NACION': 0, 'PPN': 1, 'UR': 0, 'URNG-MAIZ WINAQ': 1, 'CREO': 1, 'BIEN': 5, 'VIVA': 2, 'MI FAMILIA': 0, 'CAMBIO': 0, 'VOS': 4}",0,7,84,0,Algún campo sin dato,0.Distrito Central,1.Guatemala,0007,presidente
88,,"{'UNE': 20, 'AZUL': 2, 'VALOR UNIONISTA': 45, 'CABAL': 17, 'TODOS': 0, 'VAMOS': 5, 'PHG': 0, 'PR': 7, 'PIN': 1, 'ELEFANTE': 1, 'VICTORIA': 6, 'SEMILLA': 75, 'FCN-NACION': 1, 'PPN': 0, 'UR': 5, 'URNG-MAIZ WINAQ': 5, 'CREO': 6, 'BIEN': 14, 'VIVA': 7, 'MI FAMILIA': 7, 'CAMBIO': 1, 'VOS': 21}",0,31,277,116,Sumas Asentadas sin cuadrar,0.Distrito Central,1.Guatemala,0008,presidente
89,,"{'UNE': 12, 'AZUL': 2, 'VALOR UNIONISTA': 40, 'CABAL': 20, 'TODOS': 1, 'VAMOS': 6, 'PHG': 1, 'PR': 1, 'PIN': 1, 'ELEFANTE': 4, 'VICTORIA': 3, 'SEMILLA': 56, 'FCN-NACION': 1, 'PPN': 1, 'UR': 11, 'URNG-MAIZ WINAQ': 7, 'CREO': 3, 'BIEN': 14, 'VIVA': 19, 'MI FAMILIA': 9, 'CAMBIO': 0, 'VOS': 34}",3,35,284,0,Algún campo sin dato,0.Distrito Central,1.Guatemala,0008,presidente
90,,"{'UNE': 8, 'AZUL': 6, 'VALOR UNIONISTA': 39, 'CABAL': 17, 'TODOS': 1, 'VAMOS': 3, 'PHG': 0, 'PR': 2, 'PIN': 0, 'ELEFANTE': 4, 'VICTORIA': 3, 'SEMILLA': 94, 'FCN-NACION': 0, 'PPN': 1, 'UR': 3, 'URNG-MAIZ WINAQ': 4, 'CREO': 2, 'BIEN': 19, 'VIVA': 9, 'MI FAMILIA': 3, 'CAMBIO': 0, 'VOS': 25}",2,34,279,6,Sumas Asentadas sin cuadrar,0.Distrito Central,1.Guatemala,0008,presidente
91,,"{'UNE': 14, 'AZUL': 4, 'VALOR UNIONISTA': 38, 'CABAL': 21, 'TODOS': 1, 'VAMOS': 2, 'PHG': 1, 'PR': 3, 'PIN': 3, 'ELEFANTE': 2, 'VICTORIA': 3, 'SEMILLA': 83, 'FCN-NACION': 0, 'PPN': 2, 'UR': 6, 'URNG-MAIZ WINAQ': 5, 'CREO': 6, 'BIEN': 20, 'VIVA': 5, 'MI FAMILIA': 5, 'CAMBIO': 1, 'VOS': 21}",0,22,268,0,Algún campo sin dato,0.Distrito Central,1.Guatemala,0008,presidente
92,,"{'UNE': 18, 'AZUL': 5, 'VALOR UNIONISTA': 26, 'CABAL': 25, 'TODOS': 1, 'VAMOS': 4, 'PHG': 1, 'PR': 4, 'PIN': 0, 'ELEFANTE': 3, 'VICTORIA': 5, 'SEMILLA': 59, 'FCN-NACION': 0, 'PPN': 1, 'UR': 4, 'URNG-MAIZ WINAQ': 5, 'CREO': 4, 'BIEN': 23, 'VIVA': 12, 'MI FAMILIA': 9, 'CAMBIO': 2, 'VOS': 33}",0,28,272,0,Algún campo sin dato,0.Distrito Central,1.Guatemala,0008,presidente
93,,"{'UNE': 15, 'AZUL': 7, 'VALOR UNIONISTA': 29, 'CABAL': 23, 'TODOS': 0, 'VAMOS': 4, 'PHG': 2, 'PR': 5, 'PIN': 1, 'ELEFANTE': 2, 'VICTORIA': 4, 'SEMILLA': 81, 'FCN-NACION': 3, 'PPN': 1, 'UR': 6, 'URNG-MAIZ WINAQ': 5, 'CREO': 7, 'BIEN': 15, 'VIVA': 7, 'MI FAMILIA': 10, 'CAMBIO': 0, 'VOS': 33}",1,31,292,4,Algún campo sin dato,0.Distrito Central,1.Guatemala,0008,presidente
94,,"{'UNE': 0, 'AZUL': 0, 'VALOR UNIONISTA': 0, 'CABAL': 0, 'TODOS': 0, 'VAMOS': 0, 'PHG': 0, 'PR': 0, 'PIN': 0, 'ELEFANTE': 0, 'VICTORIA': 0, 'SEMILLA': 0, 'FCN-NACION': 0, 'PPN': 0, 'UR': 0, 'URNG-MAIZ WINAQ': 0, 'CREO': 0, 'BIEN': 0, 'VIVA': 0, 'MI FAMILIA': 0, 'CAMBIO': 0, 'VOS': 0}",0,0,0,0,Acta ilegible,0.Distrito Central,1.Guatemala,0008,presidente
95,,"{'UNE': 17, 'AZUL': 1, 'VALOR UNIONISTA': 14, 'CABAL': 15, 'TODOS': 1, 'VAMOS': 1, 'PHG': 1, 'PR': 0, 'PIN': 0, 'ELEFANTE': 0, 'VICTORIA': 7, 'SEMILLA': 111, 'FCN-NACION': 1, 'PPN': 1, 'UR': 1, 'URNG-MAIZ WINAQ': 4, 'CREO': 1, 'BIEN': 14, 'VIVA': 7, 'MI FAMILIA': 4, 'CAMBIO': 0, 'VOS': 38}",0,11,250,0,Algún campo sin dato,0.Distrito Central,1.Guatemala,0008,presidente
96,,"{'UNE': 19, 'AZUL': 5, 'VALOR UNIONISTA': 21, 'CABAL': 27, 'TODOS': 0, 'VAMOS': 5, 'PHG': 0, 'PR': 2, 'PIN': 2, 'ELEFANTE': 4, 'VICTORIA': 3, 'SEMILLA': 83, 'FCN-NACION': 0, 'PPN': 2, 'UR': 3, 'URNG-MAIZ WINAQ': 10, 'CREO': 2, 'BIEN': 11, 'VIVA': 14, 'MI FAMILIA': 6, 'CAMBIO': 0, 'VOS': 27}",0,27,273,0,Algún campo sin dato,0.Distrito Central,1.Guatemala,0008,presidente
97,,"{'UNE': 12, 'AZUL': 8, 'VALOR UNIONISTA': 40, 'CABAL': 20, 'TODOS': 0, 'VAMOS': 4, 'PHG': 1, 'PR': 6, 'PIN': 0, 'ELEFANTE': 3, 'VICTORIA': 2, 'SEMILLA': 70, 'FCN-NACION': 1, 'PPN': 2, 'UR': 4, 'URNG-MAIZ WINAQ': 0, 'CREO': 7, 'BIEN': 25, 'VIVA': 8, 'MI FAMILIA': 6, 'CAMBIO': 0, 'VOS': 27}",0,32,278,0,Sumas Asentadas sin cuadrar,0.Distrito Central,1.Guatemala,0008,presidente
98,,"{'UNE': 16, 'AZUL': 2, 'VALOR UNIONISTA': 25, 'CABAL': 18, 'TODOS': 2, 'VAMOS': 6, 'PHG': 0, 'PR': 4, 'PIN': 1, 'ELEFANTE': 2, 'VICTORIA': 7, 'SEMILLA': 93, 'FCN-NACION': 0, 'PPN': 1, 'UR': 7, 'URNG-MAIZ WINAQ': 4, 'CREO': 6, 'BIEN': 11, 'VIVA': 10, 'MI FAMILIA': 9, 'CAMBIO': 0, 'VOS': 31}",0,28,283,0,Algún campo sin dato,0.Distrito Central,1.Guatemala,0008,presidente
99,,"{'UNE': 12, 'AZUL': 7, 'VALOR UNIONISTA': 47, 'CABAL': 18, 'TODOS': 1, 'VAMOS': 4, 'PHG': 0, 'PR': 5, 'PIN': 1, 'ELEFANTE': 5, 'VICTORIA': 7, 'SEMILLA': 81, 'FCN-NACION': 0, 'PPN': 0, 'UR': 6, 'URNG-MAIZ WINAQ': 6, 'CREO': 2, 'BIEN': 17, 'VIVA': 15, 'MI FAMILIA': 10, 'CAMBIO': 2, 'VOS': 25}",2,23,296,0,Algún campo sin dato,0.Distrito Central,1.Guatemala,0008,presidente
100,,"{'UNE': 16, 'AZUL': 4, 'VALOR UNIONISTA': 35, 'CABAL': 22, 'TODOS': 2, 'VAMOS': 2, 'PHG': 0, 'PR': 4, 'PIN': 0, 'ELEFANTE': 4, 'VICTORIA': 6, 'SEMILLA': 93, 'FCN-NACION': 1, 'PPN': 0, 'UR': 1, 'URNG-MAIZ WINAQ': 2, 'CREO': 7, 'BIEN': 16, 'VIVA': 12, 'MI FAMILIA': 8, 'CAMBIO': 0, 'VOS': 37}",0,21,293,0,Algún campo sin dato,0.Distrito Central,1.Guatemala,0008,presidente
101,,"{'UNE': 18, 'AZUL': 3, 'VALOR UNIONISTA': 29, 'CABAL': 28, 'TODOS': 1, 'VAMOS': 2, 'PHG': 0, 'PR': 4, 'PIN': 0, 'ELEFANTE': 4, 'VICTORIA': 2, 'SEMILLA': 89, 'FCN-NACION': 2, 'PPN': 3, 'UR': 3, 'URNG-MAIZ WINAQ': 3, 'CREO': 3, 'BIEN': 17, 'VIVA': 9, 'MI FAMILIA': 5, 'CAMBIO': 0, 'VOS': 34}",1,24,284,0,Algún campo sin dato,0.Distrito Central,1.Guatemala,0008,presidente
102,,"{'UNE': 19, 'AZUL': 5, 'VALOR UNIONISTA': 28, 'CABAL': 21, 'TODOS': 0, 'VAMOS': 4, 'PHG': 2, 'PR': 7, 'PIN': 3, 'ELEFANTE': 3, 'VICTORIA': 5, 'SEMILLA': 93, 'FCN-NACION': 1, 'PPN': 0, 'UR': 2, 'URNG-MAIZ WINAQ': 4, 'CREO': 6, 'BIEN': 18, 'VIVA': 9, 'MI FAMILIA': 2, 'CAMBIO': 0, 'VOS': 25}",0,24,281,0,Algún campo sin dato,0.Distrito Central,1.Guatemala,0008,presidente
103,,"{'UNE': 19, 'AZUL': 6, 'VALOR UNIONISTA': 26, 'CABAL': 30, 'TODOS': 0, 'VAMOS': 4, 'PHG': 1, 'PR': 3, 'PIN': 0, 'ELEFANTE': 5, 'VICTORIA': 4, 'SEMILLA': 5, 'FCN-NACION': 6, 'PPN': 0, 'UR': 4, 'URNG-MAIZ WINAQ': 6, 'CREO': 6, 'BIEN': 5, 'VIVA': 4, 'MI FAMILIA': 5, 'CAMBIO': 0, 'VOS': 1}",1,22,163,0,Sumas Asentadas sin cuadrar,0.Distrito Central,1.Guatemala,0008,presidente
104,,"{'UNE': 18, 'AZUL': 2, 'VALOR UNIONISTA': 38, 'CABAL': 27, 'TODOS': 1, 'VAMOS': 4, 'PHG': 0, 'PR': 5, 'PIN': 1, 'ELEFANTE': 2, 'VICTORIA': 7, 'SEMILLA': 81, 'FCN-NACION': 0, 'PPN': 1, 'UR': 2, 'URNG-MAIZ WINAQ': 5, 'CREO': 5, 'BIEN': 10, 'VIVA': 9, 'MI FAMILIA': 1, 'CAMBIO': 0, 'VOS': 24}",3,18,264,0,Algún campo sin dato,0.Distrito Central,1.Guatemala,0008,presidente
105,,"{'UNE': 12, 'AZUL': 6, 'VALOR UNIONISTA': 28, 'CABAL': 18, 'TODOS': 0, 'VAMOS': 5, 'PHG': 0, 'PR': 9, 'PIN': 1, 'ELEFANTE': 3, 'VICTORIA': 3, 'SEMILLA': 68, 'FCN-NACION': 0, 'PPN': 1, 'UR': 2, 'URNG-MAIZ WINAQ': 7, 'CREO': 3, 'BIEN': 20, 'VIVA': 4, 'MI FAMILIA': 4, 'CAMBIO': 1, 'VOS': 35}",1,31,262,0,Algún campo sin dato,0.Distrito Central,1.Guatemala,0008,presidente
106,,"{'UNE': 15, 'AZUL': 3, 'VALOR UNIONISTA': 27, 'CABAL': 13, 'TODOS': 0, 'VAMOS': 3, 'PHG': 0, 'PR': 7, 'PIN': 1, 'ELEFANTE': 2, 'VICTORIA': 5, 'SEMILLA': 59, 'FCN-NACION': 0, 'PPN': 1, 'UR': 2, 'URNG-MAIZ WINAQ': 5, 'CREO': 4, 'BIEN': 9, 'VIVA': 10, 'MI FAMILIA': 2, 'CAMBIO': 1, 'VOS': 30}",0,33,232,0,Algún campo sin dato,0.Distrito Central,1.Guatemala,0008,presidente
107,,"{'UNE': 20, 'AZUL': 3, 'VALOR UNIONISTA': 23, 'CABAL': 19, 'TODOS': 0, 'VAMOS': 5, 'PHG': 0, 'PR': 5, 'PIN': 0, 'ELEFANTE': 4, 'VICTORIA': 4, 'SEMILLA': 86, 'FCN-NACION': 2, 'PPN': 0, 'UR': 6, 'URNG-MAIZ WINAQ': 4, 'CREO': 0, 'BIEN': 16, 'VIVA': 3, 'MI FAMILIA': 3, 'CAMBIO': 0, 'VOS': 26}",1,20,250,2,Algún campo sin dato,0.Distrito Central,1.Guatemala,0008,presidente
108,,"{'UNE': 11, 'AZUL': 2, 'VALOR UNIONISTA': 15, 'CABAL': 13, 'TODOS': 0, 'VAMOS': 4, 'PHG': 1, 'PR': 4, 'PIN': 0, 'ELEFANTE': 3, 'VICTORIA': 2, 'SEMILLA': 128, 'FCN-NACION': 2, 'PPN': 0, 'UR': 4, 'URNG-MAIZ WINAQ': 2, 'CREO': 5, 'BIEN': 12, 'VIVA': 6, 'MI FAMILIA': 0, 'CAMBIO': 0, 'VOS': 22}",0,19,255,0,Sumas Asentadas sin cuadrar,0.Distrito Central,1.Guatemala,0008,presidente
109,,"{'UNE': 6, 'AZUL': 2, 'VALOR UNIONISTA': 11, 'CABAL': 4, 'TODOS': 0, 'VAMOS': 4, 'PHG': 0, 'PR': 3, 'PIN': 0, 'ELEFANTE': 0, 'VICTORIA': 4, 'SEMILLA': 165, 'FCN-NACION': 1, 'PPN': 0, 'UR': 3, 'URNG-MAIZ WINAQ': 2, 'CREO': 3, 'BIEN': 9, 'VIVA': 1, 'MI FAMILIA': 1, 'CAMBIO': 0, 'VOS': 25}",0,15,259,0,Algún campo sin dato,0.Distrito Central,1.Guatemala,0008,presidente
110,,"{'UNE': 9, 'AZUL': 1, 'VALOR UNIONISTA': 7, 'CABAL': 6, 'TODOS': 1, 'VAMOS': 0, 'PHG': 0, 'PR': 1, 'PIN': 0, 'ELEFANTE': 1, 'VICTORIA': 2, 'SEMILLA': 81, 'FCN-NACION': 0, 'PPN': 0, 'UR': 0, 'URNG-MAIZ WINAQ': 2, 'CREO': 2, 'BIEN': 6, 'VIVA': 4, 'MI FAMILIA': 2, 'CAMBIO': 0, 'VOS': 10}",1,17,153,0,Algún campo sin dato,0.Distrito Central,1.Guatemala,0008,presidente
111,,"{'UNE': 4, 'AZUL': 2, 'VALOR UNIONISTA': 17, 'CABAL': 8, 'TODOS': 1, 'VAMOS': 3, 'PHG': 0, 'PR': 0, 'PIN': 1, 'ELEFANTE': 0, 'VICTORIA': 4, 'SEMILLA': 111, 'FCN-NACION': 1, 'PPN': 0, 'UR': 5, 'URNG-MAIZ WINAQ': 1, 'CREO': 2, 'BIEN': 5, 'VIVA': 6, 'MI FAMILIA': 2, 'CAMBIO': 0, 'VOS': 10}",0,5,188,0,Algún campo sin dato,0.Distrito Central,1.Guatemala,0008,presidente
112,,"{'UNE': 26, 'AZUL': 4, 'VALOR UNIONISTA': 46, 'CABAL': 27, 'TODOS': 2, 'VAMOS': 2, 'PHG': 1, 'PR': 2, 'PIN': 0, 'ELEFANTE': 1, 'VICTORIA': 2, 'SEMILLA': 68, 'FCN-NACION': 0, 'PPN': 3, 'UR': 5, 'URNG-MAIZ WINAQ': 6, 'CREO': 3, 'BIEN': 12, 'VIVA': 6, 'MI FAMILIA': 7, 'CAMBIO': 1, 'VOS': 22}",3,17,266,0,Algún campo sin dato,0.Distrito Central,1.Guatemala,0009,presidente
113,,"{'UNE': 21, 'AZUL': 2, 'VALOR UNIONISTA': 34, 'CABAL': 21, 'TODOS': 2, 'VAMOS': 5, 'PHG': 2, 'PR': 7, 'PIN': 0, 'ELEFANTE': 4, 'VICTORIA': 5, 'SEMILLA': 52, 'FCN-NACION': 1, 'PPN': 2, 'UR': 5, 'URNG-MAIZ WINAQ': 8, 'CREO': 8, 'BIEN': 19, 'VIVA': 14, 'MI FAMILIA': 10, 'CAMBIO': 0, 'VOS': 25}",0,23,270,0,Algún campo sin dato,0.Distrito Central,1.Guatemala,0009,presidente
114,,"{'UNE': 33, 'AZUL': 5, 'VALOR UNIONISTA': 38, 'CABAL': 25, 'TODOS': 1, 'VAMOS': 8, 'PHG': 1, 'PR': 6, 'PIN': 0, 'ELEFANTE': 2, 'VICTORIA': 4, 'SEMILLA': 75, 'FCN-NACION': 1, 'PPN': 1, 'UR': 5, 'URNG-MAIZ WINAQ': 6, 'CREO': 5, 'BIEN': 19, 'VIVA': 6, 'MI FAMILIA': 2, 'CAMBIO': 2, 'VOS': 33}",0,24,302,0,Algún campo sin dato,0.Distrito Central,1.Guatemala,0009,presidente
115,,"{'UNE': 22, 'AZUL': 4, 'VALOR UNIONISTA': 27, 'CABAL': 19, 'TODOS': 2, 'VAMOS': 5, 'PHG': 1, 'PR': 12, 'PIN': 0, 'ELEFANTE': 4, 'VICTORIA': 4, 'SEMILLA': 81, 'FCN-NACION': 2, 'PPN': 1, 'UR': 12, 'URNG-MAIZ WINAQ': 4, 'CREO': 9, 'BIEN': 17, 'VIVA': 8, 'MI FAMILIA': 5, 'CAMBIO': 0, 'VOS': 31}",2,19,291,0,Sumas Asentadas sin cuadrar,0.Distrito Central,1.Guatemala,0009,presidente
116,,"{'UNE': 10, 'AZUL': 5, 'VALOR UNIONISTA': 25, 'CABAL': 12, 'TODOS': 0, 'VAMOS': 2, 'PHG': 1, 'PR': 6, 'PIN': 0, 'ELEFANTE': 6, 'VICTORIA': 2, 'SEMILLA': 89, 'FCN-NACION': 0, 'PPN': 1, 'UR': 3, 'URNG-MAIZ WINAQ': 4, 'CREO': 3, 'BIEN': 18, 'VIVA': 7, 'MI FAMILIA': 3, 'CAMBIO': 0, 'VOS': 34}",0,28,259,0,Algún campo sin dato,0.Distrito Central,1.Guatemala,0009,presidente
117,,"{'UNE': 12, 'AZUL': 2, 'VALOR UNIONISTA': 35, 'CABAL': 23, 'TODOS': 1, 'VAMOS': 1, 'PHG': 0, 'PR': 3, 'PIN': 2, 'ELEFANTE': 1, 'VICTORIA': 5, 'SEMILLA': 58, 'FCN-NACION': 1, 'PPN': 1, 'UR': 2, 'URNG-MAIZ WINAQ': 3, 'CREO': 3, 'BIEN': 20, 'VIVA': 13, 'MI FAMILIA': 3, 'CAMBIO': 0, 'VOS': 25}",1,23,238,0,Algún campo sin dato,0.Distrito Central,1.Guatemala,0009,presidente
118,,"{'UNE': 15, 'AZUL': 1, 'VALOR UNIONISTA': 34, 'CABAL': 22, 'TODOS': 1, 'VAMOS': 4, 'PHG': 0, 'PR': 4, 'PIN': 0, 'ELEFANTE': 3, 'VICTORIA': 2, 'SEMILLA': 84, 'FCN-NACION': 1, 'PPN': 0, 'UR': 7, 'URNG-MAIZ WINAQ': 4, 'CREO': 3, 'BIEN': 12, 'VIVA': 12, 'MI FAMILIA': 7, 'CAMBIO': 0, 'VOS': 23}",1,32,272,0,Algún campo sin dato,0.Distrito Central,1.Guatemala,0009,presidente
119,,"{'UNE': 14, 'AZUL': 4, 'VALOR UNIONISTA': 37, 'CABAL': 25, 'TODOS': 1, 'VAMOS': 2, 'PHG': 0, 'PR': 6, 'PIN': 2, 'ELEFANTE': 3, 'VICTORIA': 1, 'SEMILLA': 67, 'FCN-NACION': 0, 'PPN': 0, 'UR': 6, 'URNG-MAIZ WINAQ': 2, 'CREO': 5, 'BIEN': 17, 'VIVA': 12, 'MI FAMILIA': 3, 'CAMBIO': 1, 'VOS': 21}",2,22,253,0,Algún campo sin dato,0.Distrito Central,1.Guatemala,0009,presidente
120,,"{'UNE': 21, 'AZUL': 4, 'VALOR UNIONISTA': 39, 'CABAL': 27, 'TODOS': 1, 'VAMOS': 7, 'PHG': 0, 'PR': 2, 'PIN': 0, 'ELEFANTE': 1, 'VICTORIA': 2, 'SEMILLA': 72, 'FCN-NACION': 1, 'PPN': 1, 'UR': 2, 'URNG-MAIZ WINAQ': 1, 'CREO': 3, 'BIEN': 12, 'VIVA': 9, 'MI FAMILIA': 8, 'CAMBIO': 0, 'VOS': 27}",0,22,262,0,Algún campo sin dato,0.Distrito Central,1.Guatemala,0009,presidente
121,,"{'UNE': 14, 'AZUL': 4, 'VALOR UNIONISTA': 37, 'CABAL': 21, 'TODOS': 1, 'VAMOS': 4, 'PHG': 0, 'PR': 3, 'PIN': 0, 'ELEFANTE': 2, 'VICTORIA': 3, 'SEMILLA': 89, 'FCN-NACION': 2, 'PPN': 2, 'UR': 4, 'URNG-MAIZ WINAQ': 9, 'CREO': 3, 'BIEN': 11, 'VIVA': 6, 'MI FAMILIA': 11, 'CAMBIO': 0, 'VOS': 17}",0,22,265,0,Algún campo sin dato,0.Distrito Central,1.Guatemala,0009,presidente
122,,"{'UNE': 27, 'AZUL': 4, 'VALOR UNIONISTA': 45, 'CABAL': 18, 'TODOS': 3, 'VAMOS': 6, 'PHG': 1, 'PR': 4, 'PIN': 0, 'ELEFANTE': 1, 'VICTORIA': 2, 'SEMILLA': 67, 'FCN-NACION': 1, 'PPN': 0, 'UR': 3, 'URNG-MAIZ WINAQ': 1, 'CREO': 4, 'BIEN': 13, 'VIVA': 10, 'MI FAMILIA': 6, 'CAMBIO': 0, 'VOS': 16}",0,15,247,0,Algún campo sin dato,0.Distrito Central,1.Guatemala,0009,presidente
123,,"{'UNE': 32, 'AZUL': 4, 'VALOR UNIONISTA': 36, 'CABAL': 23, 'TODOS': 1, 'VAMOS': 5, 'PHG': 0, 'PR': 5, 'PIN': 1, 'ELEFANTE': 0, 'VICTORIA': 4, 'SEMILLA': 64, 'FCN-NACION': 1, 'PPN': 0, 'UR': 4, 'URNG-MAIZ WINAQ': 5, 'CREO': 1, 'BIEN': 9, 'VIVA': 16, 'MI FAMILIA': 4, 'CAMBIO': 0, 'VOS': 28}",1,26,270,0,Algún campo sin dato,0.Distrito Central,1.Guatemala,0009,presidente
124,,"{'UNE': 22, 'AZUL': 3, 'VALOR UNIONISTA': 27, 'CABAL': 16, 'TODOS': 1, 'VAMOS': 4, 'PHG': 1, 'PR': 0, 'PIN': 0, 'ELEFANTE': 2, 'VICTORIA': 4, 'SEMILLA': 61, 'FCN-NACION': 1, 'PPN': 0, 'UR': 4, 'URNG-MAIZ WINAQ': 4, 'CREO': 5, 'BIEN': 12, 'VIVA': 8, 'MI FAMILIA': 5, 'CAMBIO': 0, 'VOS': 27}",3,23,233,0,Algún campo sin dato,0.Distrito Central,1.Guatemala,0009,presidente
125,,"{'UNE': 9, 'AZUL': 5, 'VALOR UNIONISTA': 16, 'CABAL': 13, 'TODOS': 0, 'VAMOS': 1, 'PHG': 0, 'PR': 3, 'PIN': 1, 'ELEFANTE': 4, 'VICTORIA': 3, 'SEMILLA': 118, 'FCN-NACION': 0, 'PPN': 0, 'UR': 3, 'URNG-MAIZ WINAQ': 1, 'CREO': 2, 'BIEN': 10, 'VIVA': 12, 'MI FAMILIA': 4, 'CAMBIO': 0, 'VOS': 26}",0,10,241,0,Algún campo sin dato,0.Distrito Central,1.Guatemala,0009,presidente
126,,"{'UNE': 11, 'AZUL': 0, 'VALOR UNIONISTA': 7, 'CABAL': 6, 'TODOS': 1, 'VAMOS': 1, 'PHG': 1, 'PR': 2, 'PIN': 1, 'ELEFANTE': 0, 'VICTORIA': 4, 'SEMILLA': 113, 'FCN-NACION': 0, 'PPN': 0, 'UR': 2, 'URNG-MAIZ WINAQ': 3, 'CREO': 1, 'BIEN': 13, 'VIVA': 4, 'MI FAMILIA': 2, 'CAMBIO': 0, 'VOS': 12}",1,15,200,0,Algún campo sin dato,0.Distrito Central,1.Guatemala,0009,presidente
127,,"{'UNE': 6, 'AZUL': 3, 'VALOR UNIONISTA': 18, 'CABAL': 8, 'TODOS': 0, 'VAMOS': 7, 'PHG': 2, 'PR': 1, 'PIN': 0, 'ELEFANTE': 1, 'VICTORIA': 1, 'SEMILLA': 97, 'FCN-NACION': 1, 'PPN': 0, 'UR': 1, 'URNG-MAIZ WINAQ': 2, 'CREO': 1, 'BIEN': 12, 'VIVA': 6, 'MI FAMILIA': 1, 'CAMBIO': 0, 'VOS': 15}",1,6,190,0,Algún campo sin dato,0.Distrito Central,1.Guatemala,0009,presidente
128,,"{'UNE': 21, 'AZUL': 4, 'VALOR UNIONISTA': 33, 'CABAL': 24, 'TODOS': 0, 'VAMOS': 2, 'PHG': 2, 'PR': 6, 'PIN': 1, 'ELEFANTE': 0, 'VICTORIA': 6, 'SEMILLA': 45, 'FCN-NACION': 1, 'PPN': 3, 'UR': 4, 'URNG-MAIZ WINAQ': 2, 'CREO': 5, 'BIEN': 15, 'VIVA': 8, 'MI FAMILIA': 2, 'CAMBIO': 0, 'VOS': 27}",1,24,236,0,Algún campo sin dato,0.Distrito Central,1.Guatemala,0010,presidente
129,,"{'UNE': 23, 'AZUL': 6, 'VALOR UNIONISTA': 36, 'CABAL': 16, 'TODOS': 0, 'VAMOS': 3, 'PHG': 1, 'PR': 3, 'PIN': 0, 'ELEFANTE': 1, 'VICTORIA': 7, 'SEMILLA': 54, 'FCN-NACION': 1, 'PPN': 2, 'UR': 1, 'URNG-MAIZ WINAQ': 4, 'CREO': 2, 'BIEN': 9, 'VIVA': 10, 'MI FAMILIA': 2, 'CAMBIO': 0, 'VOS': 28}",2,25,236,0,Algún campo sin dato,0.Distrito Central,1.Guatemala,0010,presidente
130,,"{'UNE': 18, 'AZUL': 5, 'VALOR UNIONISTA': 31, 'CABAL': 10, 'TODOS': 1, 'VAMOS': 8, 'PHG': 1, 'PR': 6, 'PIN': 2, 'ELEFANTE': 4, 'VICTORIA': 6, 'SEMILLA': 62, 'FCN-NACION': 3, 'PPN': 1, 'UR': 7, 'URNG-MAIZ WINAQ': 5, 'CREO': 9, 'BIEN': 8, 'VIVA': 12, 'MI FAMILIA': 3, 'CAMBIO': 2, 'VOS': 22}",2,19,247,0,Algún campo sin dato,0.Distrito Central,1.Guatemala,0010,presidente
131,,"{'UNE': 15, 'AZUL': 7, 'VALOR UNIONISTA': 33, 'CABAL': 10, 'TODOS': 0, 'VAMOS': 7, 'PHG': 0, 'PR': 4, 'PIN': 2, 'ELEFANTE': 4, 'VICTORIA': 7, 'SEMILLA': 65, 'FCN-NACION': 1, 'PPN': 1, 'UR': 3, 'URNG-MAIZ WINAQ': 5, 'CREO': 6, 'BIEN': 9, 'VIVA': 15, 'MI FAMILIA': 6, 'CAMBIO': 0, 'VOS': 14}",0,34,248,0,Algún campo sin dato,0.Distrito Central,1.Guatemala,0010,presidente
132,,"{'UNE': 33, 'AZUL': 5, 'VALOR UNIONISTA': 32, 'CABAL': 14, 'TODOS': 3, 'VAMOS': 7, 'PHG': 1, 'PR': 5, 'PIN': 0, 'ELEFANTE': 2, 'VICTORIA': 5, 'SEMILLA': 61, 'FCN-NACION': 0, 'PPN': 1, 'UR': 6, 'URNG-MAIZ WINAQ': 2, 'CREO': 3, 'BIEN': 11, 'VIVA': 14, 'MI FAMILIA': 0, 'CAMBIO': 0, 'VOS': 12}",0,23,240,0,Algún campo sin dato,0.Distrito Central,1.Guatemala,0010,presidente
133,,"{'UNE': 21, 'AZUL': 3, 'VALOR UNIONISTA': 32, 'CABAL': 19, 'TODOS': 1, 'VAMOS': 5, 'PHG': 1, 'PR': 3, 'PIN': 1, 'ELEFANTE': 2, 'VICTORIA': 2, 'SEMILLA': 51, 'FCN-NACION': 1, 'PPN': 0, 'UR': 4, 'URNG-MAIZ WINAQ': 9, 'CREO': 6, 'BIEN': 9, 'VIVA': 8, 'MI FAMILIA': 8, 'CAMBIO': 0, 'VOS': 27}",2,30,245,0,Algún campo sin dato,0.Distrito Central,1.Guatemala,0010,presidente
134,,"{'UNE': 24, 'AZUL': 5, 'VALOR UNIONISTA': 24, 'CABAL': 16, 'TODOS': 1, 'VAMOS': 11, 'PHG': 1, 'PR': 3, 'PIN': 1, 'ELEFANTE': 2, 'VICTORIA': 3, 'SEMILLA': 51, 'FCN-NACION': 1, 'PPN': 1, 'UR': 4, 'URNG-MAIZ WINAQ': 1, 'CREO': 3, 'BIEN': 11, 'VIVA': 10, 'MI FAMILIA': 5, 'CAMBIO': 2, 'VOS': 24}",1,24,229,0,Algún campo sin dato,0.Distrito Central,1.Guatemala,0010,presidente
135,,"{'UNE': 19, 'AZUL': 3, 'VALOR UNIONISTA': 23, 'CABAL': 14, 'TODOS': 0, 'VAMOS': 2, 'PHG': 0, 'PR': 2, 'PIN': 1, 'ELEFANTE': 2, 'VICTORIA': 5, 'SEMILLA': 72, 'FCN-NACION': 2, 'PPN': 0, 'UR': 5, 'URNG-MAIZ WINAQ': 2, 'CREO': 5, 'BIEN': 18, 'VIVA': 4, 'MI FAMILIA': 3, 'CAMBIO': 0, 'VOS': 25}",0,12,219,0,Algún campo sin dato,0.Distrito Central,1.Guatemala,0010,presidente
136,,"{'UNE': 28, 'AZUL': 3, 'VALOR UNIONISTA': 32, 'CABAL': 16, 'TODOS': 1, 'VAMOS': 5, 'PHG': 1, 'PR': 2, 'PIN': 0, 'ELEFANTE': 3, 'VICTORIA': 4, 'SEMILLA': 61, 'FCN-NACION': 0, 'PPN': 0, 'UR': 8, 'URNG-MAIZ WINAQ': 2, 'CREO': 3, 'BIEN': 5, 'VIVA': 14, 'MI FAMILIA': 4, 'CAMBIO': 0, 'VOS': 25}",1,16,234,0,Algún campo sin dato,0.Distrito Central,1.Guatemala,0010,presidente
137,,"{'UNE': 21, 'AZUL': 5, 'VALOR UNIONISTA': 23, 'CABAL': 15, 'TODOS': 0, 'VAMOS': 3, 'PHG': 0, 'PR': 1, 'PIN': 1, 'ELEFANTE': 2, 'VICTORIA': 4, 'SEMILLA': 63, 'FCN-NACION': 0, 'PPN': 0, 'UR': 8, 'URNG-MAIZ WINAQ': 4, 'CREO': 1, 'BIEN': 14, 'VIVA': 12, 'MI FAMILIA': 4, 'CAMBIO': 0, 'VOS': 23}",1,20,225,0,Algún campo sin dato,0.Distrito Central,1.Guatemala,0010,presidente
138,,"{'UNE': 14, 'AZUL': 3, 'VALOR UNIONISTA': 31, 'CABAL': 15, 'TODOS': 1, 'VAMOS': 4, 'PHG': 0, 'PR': 2, 'PIN': 0, 'ELEFANTE': 0, 'VICTORIA': 1, 'SEMILLA': 55, 'FCN-NACION': 1, 'PPN': 3, 'UR': 5, 'URNG-MAIZ WINAQ': 5, 'CREO': 2, 'BIEN': 14, 'VIVA': 11, 'MI FAMILIA': 3, 'CAMBIO': 0, 'VOS': 29}",2,20,221,0,Algún campo sin dato,0.Distrito Central,1.Guatemala,0010,presidente
139,,"{'UNE': 14, 'AZUL': 5, 'VALOR UNIONISTA': 29, 'CABAL': 13, 'TODOS': 1, 'VAMOS': 3, 'PHG': 1, 'PR': 3, 'PIN': 1, 'ELEFANTE': 5, 'VICTORIA': 7, 'SEMILLA': 57, 'FCN-NACION': 2, 'PPN': 2, 'UR': 5, 'URNG-MAIZ WINAQ': 3, 'CREO': 3, 'BIEN': 13, 'VIVA': 8, 'MI FAMILIA': 3, 'CAMBIO': 0, 'VOS': 25}",0,11,214,0,Algún campo sin dato,0.Distrito Central,1.Guatemala,0010,presidente
140,,"{'UNE': 22, 'AZUL': 4, 'VALOR UNIONISTA': 29, 'CABAL': 18, 'TODOS': 1, 'VAMOS': 3, 'PHG': 0, 'PR': 5, 'PIN': 0, 'ELEFANTE': 5, 'VICTORIA': 4, 'SEMILLA': 67, 'FCN-NACION': 0, 'PPN': 0, 'UR': 4, 'URNG-MAIZ WINAQ': 0, 'CREO': 5, 'BIEN': 6, 'VIVA': 15, 'MI FAMILIA': 5, 'CAMBIO': 1, 'VOS': 18}",1,13,226,0,Algún campo sin dato,0.Distrito Central,1.Guatemala,0010,presidente
141,,"{'UNE': 19, 'AZUL': 3, 'VALOR UNIONISTA': 32, 'CABAL': 10, 'TODOS': 1, 'VAMOS': 6, 'PHG': 1, 'PR': 4, 'PIN': 3, 'ELEFANTE': 3, 'VICTORIA': 4, 'SEMILLA': 77, 'FCN-NACION': 2, 'PPN': 1, 'UR': 2, 'URNG-MAIZ WINAQ': 4, 'CREO': 8, 'BIEN': 11, 'VIVA': 6, 'MI FAMILIA': 5, 'CAMBIO': 0, 'VOS': 25}",1,15,243,0,Algún campo sin dato,0.Distrito Central,1.Guatemala,0010,presidente
142,,"{'UNE': 25, 'AZUL': 2, 'VALOR UNIONISTA': 36, 'CABAL': 11, 'TODOS': 0, 'VAMOS': 8, 'PHG': 0, 'PR': 3, 'PIN': 1, 'ELEFANTE': 2, 'VICTORIA': 6, 'SEMILLA': 62, 'FCN-NACION': 0, 'PPN': 2, 'UR': 4, 'URNG-MAIZ WINAQ': 5, 'CREO': 2, 'BIEN': 5, 'VIVA': 13, 'MI FAMILIA': 3, 'CAMBIO': 0, 'VOS': 24}",2,21,237,0,Algún campo sin dato,0.Distrito Central,1.Guatemala,0010,presidente
143,,"{'UNE': 25, 'AZUL': 4, 'VALOR UNIONISTA': 28, 'CABAL': 15, 'TODOS': 0, 'VAMOS': 5, 'PHG': 1, 'PR': 1, 'PIN': 0, 'ELEFANTE': 2, 'VICTORIA': 3, 'SEMILLA': 60, 'FCN-NACION': 0, 'PPN': 2, 'UR': 4, 'URNG-MAIZ WINAQ': 3, 'CREO': 3, 'BIEN': 12, 'VIVA': 12, 'MI FAMILIA': 5, 'CAMBIO': 0, 'VOS': 27}",1,20,233,0,Algún campo sin dato,0.Distrito Central,1.Guatemala,0010,presidente
144,,"{'UNE': 27, 'AZUL': 3, 'VALOR UNIONISTA': 25, 'CABAL': 12, 'TODOS': 2, 'VAMOS': 2, 'PHG': 0, 'PR': 1, 'PIN': 1, 'ELEFANTE': 2, 'VICTORIA': 2, 'SEMILLA': 44, 'FCN-NACION': 1, 'PPN': 0, 'UR': 5, 'URNG-MAIZ WINAQ': 3, 'CREO': 5, 'BIEN': 12, 'VIVA': 12, 'MI FAMILIA': 8, 'CAMBIO': 0, 'VOS': 24}",1,15,207,0,Algún campo sin dato,0.Distrito Central,1.Guatemala,0010,presidente
145,,"{'UNE': 23, 'AZUL': 0, 'VALOR UNIONISTA': 29, 'CABAL': 16, 'TODOS': 0, 'VAMOS': 5, 'PHG': 0, 'PR': 1, 'PIN': 1, 'ELEFANTE': 3, 'VICTORIA': 1, 'SEMILLA': 45, 'FCN-NACION': 0, 'PPN': 2, 'UR': 5, 'URNG-MAIZ WINAQ': 4, 'CREO': 3, 'BIEN': 12, 'VIVA': 12, 'MI FAMILIA': 3, 'CAMBIO': 0, 'VOS': 14}",0,22,201,0,Algún campo sin dato,0.Distrito Central,1.Guatemala,0010,presidente
146,,"{'UNE': 23, 'AZUL': 1, 'VALOR UNIONISTA': 19, 'CABAL': 16, 'TODOS': 0, 'VAMOS': 2, 'PHG': 0, 'PR': 2, 'PIN': 1, 'ELEFANTE': 1, 'VICTORIA': 3, 'SEMILLA': 57, 'FCN-NACION': 0, 'PPN': 1, 'UR': 3, 'URNG-MAIZ WINAQ': 6, 'CREO': 6, 'BIEN': 11, 'VIVA': 4, 'MI FAMILIA': 11, 'CAMBIO': 1, 'VOS': 12}",2,18,200,1,Sumas Asentadas sin cuadrar,0.Distrito Central,1.Guatemala,0010,presidente
147,,"{'UNE': 19, 'AZUL': 3, 'VALOR UNIONISTA': 17, 'CABAL': 14, 'TODOS': 2, 'VAMOS': 4, 'PHG': 0, 'PR': 2, 'PIN': 0, 'ELEFANTE': 1, 'VICTORIA': 1, 'SEMILLA': 67, 'FCN-NACION': 0, 'PPN': 1, 'UR': 0, 'URNG-MAIZ WINAQ': 3, 'CREO': 3, 'BIEN': 9, 'VIVA': 12, 'MI FAMILIA': 4, 'CAMBIO': 0, 'VOS': 28}",0,12,202,0,Algún campo sin dato,0.Distrito Central,1.Guatemala,0010,presidente
148,,"{'UNE': 11, 'AZUL': 1, 'VALOR UNIONISTA': 22, 'CABAL': 16, 'TODOS': 0, 'VAMOS': 5, 'PHG': 0, 'PR': 1, 'PIN': 1, 'ELEFANTE': 1, 'VICTORIA': 1, 'SEMILLA': 64, 'FCN-NACION': 4, 'PPN': 0, 'UR': 4, 'URNG-MAIZ WINAQ': 5, 'CREO': 3, 'BIEN': 15, 'VIVA': 9, 'MI FAMILIA': 3, 'CAMBIO': 0, 'VOS': 17}",5,22,210,0,Algún campo sin dato,0.Distrito Central,1.Guatemala,0010,presidente
149,,"{'UNE': 12, 'AZUL': 0, 'VALOR UNIONISTA': 24, 'CABAL': 7, 'TODOS': 0, 'VAMOS': 4, 'PHG': 0, 'PR': 1, 'PIN': 0, 'ELEFANTE': 1, 'VICTORIA': 0, 'SEMILLA': 113, 'FCN-NACION': 0, 'PPN': 1, 'UR': 1, 'URNG-MAIZ WINAQ': 3, 'CREO': 1, 'BIEN': 13, 'VIVA': 12, 'MI FAMILIA': 2, 'CAMBIO': 0, 'VOS': 16}",2,16,229,0,Algún campo sin dato,0.Distrito Central,1.Guatemala,0011,presidente
150,,"{'UNE': 6, 'AZUL': 1, 'VALOR UNIONISTA': 8, 'CABAL': 10, 'TODOS': 1, 'VAMOS': 1, 'PHG': 0, 'PR': 2, 'PIN': 0, 'ELEFANTE': 3, 'VICTORIA': 4, 'SEMILLA': 108, 'FCN-NACION': 0, 'PPN': 0, 'UR': 1, 'URNG-MAIZ WINAQ': 3, 'CREO': 0, 'BIEN': 12, 'VIVA': 7, 'MI FAMILIA': 0, 'CAMBIO': 0, 'VOS': 17}",0,11,195,0,Algún campo sin dato,0.Distrito Central,1.Guatemala,0011,presidente
151,,"{'UNE': 9, 'AZUL': 2, 'VALOR UNIONISTA': 14, 'CABAL': 12, 'TODOS': 0, 'VAMOS': 0, 'PHG': 0, 'PR': 2, 'PIN': 1, 'ELEFANTE': 2, 'VICTORIA': 2, 'SEMILLA': 78, 'FCN-NACION': 0, 'PPN': 0, 'UR': 2, 'URNG-MAIZ WINAQ': 4, 'CREO': 0, 'BIEN': 5, 'VIVA': 10, 'MI FAMILIA': 4, 'CAMBIO': 0, 'VOS': 15}",0,11,173,0,Algún campo sin dato,0.Distrito Central,1.Guatemala,0011,presidente
152,,"{'UNE': 6, 'AZUL': 1, 'VALOR UNIONISTA': 12, 'CABAL': 6, 'TODOS': 1, 'VAMOS': 2, 'PHG': 0, 'PR': 1, 'PIN': 0, 'ELEFANTE': 0, 'VICTORIA': 1, 'SEMILLA': 59, 'FCN-NACION': 1, 'PPN': 0, 'UR': 2, 'URNG-MAIZ WINAQ': 1, 'CREO': 0, 'BIEN': 4, 'VIVA': 4, 'MI FAMILIA': 0, 'CAMBIO': 0, 'VOS': 3}",0,5,109,0,Algún campo sin dato,0.Distrito Central,1.Guatemala,0011,presidente
153,,"{'UNE': 4, 'AZUL': 1, 'VALOR UNIONISTA': 7, 'CABAL': 8, 'TODOS': 1, 'VAMOS': 2, 'PHG': 0, 'PR': 1, 'PIN': 0, 'ELEFANTE': 0, 'VICTORIA': 1, 'SEMILLA': 53, 'FCN-NACION': 1, 'PPN': 0, 'UR': 0, 'URNG-MAIZ WINAQ': 0, 'CREO': 0, 'BIEN': 6, 'VIVA': 3, 'MI FAMILIA': 0, 'CAMBIO': 0, 'VOS': 5}",0,9,102,0,Algún campo sin dato,0.Distrito Central,1.Guatemala,0011,presidente
154,,"{'UNE': 10, 'AZUL': 2, 'VALOR UNIONISTA': 32, 'CABAL': 27, 'TODOS': 1, 'VAMOS': 3, 'PHG': 0, 'PR': 3, 'PIN': 0, 'ELEFANTE': 4, 'VICTORIA': 3, 'SEMILLA': 74, 'FCN-NACION': 0, 'PPN': 0, 'UR': 1, 'URNG-MAIZ WINAQ': 7, 'CREO': 2, 'BIEN': 14, 'VIVA': 7, 'MI FAMILIA': 6, 'CAMBIO': 0, 'VOS': 35}",0,29,260,0,Algún campo sin dato,0.Distrito Central,1.Guatemala,0012,presidente
155,,"{'UNE': 10, 'AZUL': 5, 'VALOR UNIONISTA': 23, 'CABAL': 17, 'TODOS': 1, 'VAMOS': 0, 'PHG': 0, 'PR': 2, 'PIN': 0, 'ELEFANTE': 2, 'VICTORIA': 3, 'SEMILLA': 98, 'FCN-NACION': 0, 'PPN': 1, 'UR': 4, 'URNG-MAIZ WINAQ': 4, 'CREO': 13, 'BIEN': 19, 'VIVA': 6, 'MI FAMILIA': 6, 'CAMBIO': 0, 'VOS': 29}",1,22,266,0,Algún campo sin dato,0.Distrito Central,1.Guatemala,0012,presidente
156,,"{'UNE': 9, 'AZUL': 1, 'VALOR UNIONISTA': 29, 'CABAL': 26, 'TODOS': 0, 'VAMOS': 8, 'PHG': 0, 'PR': 2, 'PIN': 0, 'ELEFANTE': 6, 'VICTORIA': 3, 'SEMILLA': 98, 'FCN-NACION': 0, 'PPN': 0, 'UR': 1, 'URNG-MAIZ WINAQ': 6, 'CREO': 5, 'BIEN': 22, 'VIVA': 6, 'MI FAMILIA': 11, 'CAMBIO': 0, 'VOS': 26}",1,25,285,0,Algún campo sin dato,0.Distrito Central,1.Guatemala,0012,presidente
157,,"{'UNE': 13, 'AZUL': 7, 'VALOR UNIONISTA': 39, 'CABAL': 23, 'TODOS': 0, 'VAMOS': 4, 'PHG': 0, 'PR': 5, 'PIN': 0, 'ELEFANTE': 3, 'VICTORIA': 2, 'SEMILLA': 70, 'FCN-NACION': 0, 'PPN': 2, 'UR': 3, 'URNG-MAIZ WINAQ': 6, 'CREO': 3, 'BIEN': 18, 'VIVA': 7, 'MI FAMILIA': 7, 'CAMBIO': 0, 'VOS': 39}",0,28,279,0,Algún campo sin dato,0.Distrito Central,1.Guatemala,0012,presidente
158,,"{'UNE': 14, 'AZUL': 9, 'VALOR UNIONISTA': 33, 'CABAL': 28, 'TODOS': 0, 'VAMOS': 3, 'PHG': 1, 'PR': 6, 'PIN': 3, 'ELEFANTE': 3, 'VICTORIA': 4, 'SEMILLA': 61, 'FCN-NACION': 0, 'PPN': 1, 'UR': 6, 'URNG-MAIZ WINAQ': 5, 'CREO': 5, 'BIEN': 15, 'VIVA': 12, 'MI FAMILIA': 7, 'CAMBIO': 0, 'VOS': 33}",0,20,269,0,Algún campo sin dato,0.Distrito Central,1.Guatemala,0012,presidente
159,,"{'UNE': 14, 'AZUL': 6, 'VALOR UNIONISTA': 44, 'CABAL': 30, 'TODOS': 0, 'VAMOS': 2, 'PHG': 0, 'PR': 1, 'PIN': 1, 'ELEFANTE': 4, 'VICTORIA': 3, 'SEMILLA': 63, 'FCN-NACION': 0, 'PPN': 0, 'UR': 2, 'URNG-MAIZ WINAQ': 4, 'CREO': 2, 'BIEN': 18, 'VIVA': 2, 'MI FAMILIA': 10, 'CAMBIO': 1, 'VOS': 30}",0,26,263,0,Algún campo sin dato,0.Distrito Central,1.Guatemala,0012,presidente
160,,"{'UNE': 11, 'AZUL': 3, 'VALOR UNIONISTA': 44, 'CABAL': 21, 'TODOS': 0, 'VAMOS': 2, 'PHG': 0, 'PR': 4, 'PIN': 0, 'ELEFANTE': 3, 'VICTORIA': 3, 'SEMILLA': 83, 'FCN-NACION': 1, 'PPN': 1, 'UR': 1, 'URNG-MAIZ WINAQ': 6, 'CREO': 4, 'BIEN': 21, 'VIVA': 4, 'MI FAMILIA': 1, 'CAMBIO': 0, 'VOS': 37}",0,12,262,0,Algún campo sin dato,0.Distrito Central,1.Guatemala,0012,presidente
161,,"{'UNE': 8, 'AZUL': 4, 'VALOR UNIONISTA': 34, 'CABAL': 22, 'TODOS': 2, 'VAMOS': 2, 'PHG': 1, 'PR': 4, 'PIN': 0, 'ELEFANTE': 1, 'VICTORIA': 7, 'SEMILLA': 98, 'FCN-NACION': 0, 'PPN': 0, 'UR': 3, 'URNG-MAIZ WINAQ': 3, 'CREO': 0, 'BIEN': 22, 'VIVA': 5, 'MI FAMILIA': 4, 'CAMBIO': 0, 'VOS': 45}",0,10,275,0,Algún campo sin dato,0.Distrito Central,1.Guatemala,0012,presidente
162,,"{'UNE': 10, 'AZUL': 1, 'VALOR UNIONISTA': 33, 'CABAL': 26, 'TODOS': 1, 'VAMOS': 4, 'PHG': 0, 'PR': 2, 'PIN': 0, 'ELEFANTE': 0, 'VICTORIA': 5, 'SEMILLA': 81, 'FCN-NACION': 2, 'PPN': 0, 'UR': 6, 'URNG-MAIZ WINAQ': 2, 'CREO': 6, 'BIEN': 22, 'VIVA': 4, 'MI FAMILIA': 4, 'CAMBIO': 0, 'VOS': 29}",0,25,263,0,Algún campo sin dato,0.Distrito Central,1.Guatemala,0012,presidente
163,,"{'UNE': 4, 'AZUL': 4, 'VALOR UNIONISTA': 37, 'CABAL': 24, 'TODOS': 0, 'VAMOS': 4, 'PHG': 1, 'PR': 1, 'PIN': 1, 'ELEFANTE': 3, 'VICTORIA': 4, 'SEMILLA': 95, 'FCN-NACION': 1, 'PPN': 1, 'UR': 1, 'URNG-MAIZ WINAQ': 5, 'CREO': 1, 'BIEN': 15, 'VIVA': 2, 'MI FAMILIA': 2, 'CAMBIO': 0, 'VOS': 36}",1,23,266,0,Algún campo sin dato,0.Distrito Central,1.Guatemala,0012,presidente
164,,"{'UNE': 11, 'AZUL': 1, 'VALOR UNIONISTA': 34, 'CABAL': 19, 'TODOS': 2, 'VAMOS': 5, 'PHG': 0, 'PR': 4, 'PIN': 0, 'ELEFANTE': 1, 'VICTORIA': 4, 'SEMILLA': 93, 'FCN-NACION': 0, 'PPN': 0, 'UR': 3, 'URNG-MAIZ WINAQ': 3, 'CREO': 6, 'BIEN': 20, 'VIVA': 4, 'MI FAMILIA': 3, 'CAMBIO': 0, 'VOS': 34}",3,24,274,0,Algún campo sin dato,0.Distrito Central,1.Guatemala,0012,presidente
165,,"{'UNE': 8, 'AZUL': 2, 'VALOR UNIONISTA': 43, 'CABAL': 21, 'TODOS': 1, 'VAMOS': 8, 'PHG': 0, 'PR': 4, 'PIN': 0, 'ELEFANTE': 1, 'VICTORIA': 3, 'SEMILLA': 97, 'FCN-NACION': 1, 'PPN': 0, 'UR': 3, 'URNG-MAIZ WINAQ': 1, 'CREO': 1, 'BIEN': 18, 'VIVA': 9, 'MI FAMILIA': 1, 'CAMBIO': 0, 'VOS': 33}",0,33,288,0,Algún campo sin dato,0.Distrito Central,1.Guatemala,0012,presidente
166,,"{'UNE': 0, 'AZUL': 0, 'VALOR UNIONISTA': 0, 'CABAL': 0, 'TODOS': 0, 'VAMOS': 0, 'PHG': 0, 'PR': 0, 'PIN': 0, 'ELEFANTE': 0, 'VICTORIA': 0, 'SEMILLA': 0, 'FCN-NACION': 0, 'PPN': 0, 'UR': 0, 'URNG-MAIZ WINAQ': 0, 'CREO': 0, 'BIEN': 0, 'VIVA': 0, 'MI FAMILIA': 0, 'CAMBIO': 0, 'VOS': 0}",0,0,0,0,Acta ilegible,0.Distrito Central,1.Guatemala,0012,presidente
167,,"{'UNE': 11, 'AZUL': 6, 'VALOR UNIONISTA': 33, 'CABAL': 32, 'TODOS': 0, 'VAMOS': 5, 'PHG': 0, 'PR': 4, 'PIN': 1, 'ELEFANTE': 3, 'VICTORIA': 6, 'SEMILLA': 72, 'FCN-NACION': 1, 'PPN': 2, 'UR': 1, 'URNG-MAIZ WINAQ': 5, 'CREO': 7, 'BIEN': 23, 'VIVA': 5, 'MI FAMILIA': 7, 'CAMBIO': 0, 'VOS': 31}",0,22,277,0,Algún campo sin dato,0.Distrito Central,1.Guatemala,0012,presidente
168,,"{'UNE': 11, 'AZUL': 4, 'VALOR UNIONISTA': 40, 'CABAL': 25, 'TODOS': 0, 'VAMOS': 5, 'PHG': 0, 'PR': 4, 'PIN': 0, 'ELEFANTE': 4, 'VICTORIA': 2, 'SEMILLA': 84, 'FCN-NACION': 0, 'PPN': 1, 'UR': 1, 'URNG-MAIZ WINAQ': 5, 'CREO': 5, 'BIEN': 15, 'VIVA': 6, 'MI FAMILIA': 1, 'CAMBIO': 1, 'VOS': 38}",1,21,274,0,Algún campo sin dato,0.Distrito Central,1.Guatemala,0012,presidente
169,,"{'UNE': 7, 'AZUL': 3, 'VALOR UNIONISTA': 39, 'CABAL': 18, 'TODOS': 0, 'VAMOS': 3, 'PHG': 1, 'PR': 1, 'PIN': 0, 'ELEFANTE': 6, 'VICTORIA': 3, 'SEMILLA': 97, 'FCN-NACION': 0, 'PPN': 0, 'UR': 2, 'URNG-MAIZ WINAQ': 5, 'CREO': 7, 'BIEN': 13, 'VIVA': 1, 'MI FAMILIA': 4, 'CAMBIO': 0, 'VOS': 23}",0,23,256,0,Algún campo sin dato,0.Distrito Central,1.Guatemala,0012,presidente
170,,"{'UNE': 11, 'AZUL': 2, 'VALOR UNIONISTA': 36, 'CABAL': 21, 'TODOS': 0, 'VAMOS': 3, 'PHG': 0, 'PR': 2, 'PIN': 0, 'ELEFANTE': 5, 'VICTORIA': 3, 'SEMILLA': 82, 'FCN-NACION': 0, 'PPN': 0, 'UR': 0, 'URNG-MAIZ WINAQ': 3, 'CREO': 2, 'BIEN': 15, 'VIVA': 6, 'MI FAMILIA': 8, 'CAMBIO': 0, 'VOS': 38}",0,22,259,0,Algún campo sin dato,0.Distrito Central,1.Guatemala,0012,presidente
171,,"{'UNE': 17, 'AZUL': 6, 'VALOR UNIONISTA': 39, 'CABAL': 22, 'TODOS': 1, 'VAMOS': 1, 'PHG': 1, 'PR': 6, 'PIN': 0, 'ELEFANTE': 0, 'VICTORIA': 1, 'SEMILLA': 87, 'FCN-NACION': 2, 'PPN': 1, 'UR': 0, 'URNG-MAIZ WINAQ': 4, 'CREO': 5, 'BIEN': 10, 'VIVA': 3, 'MI FAMILIA': 6, 'CAMBIO': 0, 'VOS': 26}",0,19,257,0,Algún campo sin dato,0.Distrito Central,1.Guatemala,0012,presidente
172,,"{'UNE': 12, 'AZUL': 3, 'VALOR UNIONISTA': 30, 'CABAL': 17, 'TODOS': 0, 'VAMOS': 3, 'PHG': 0, 'PR': 2, 'PIN': 0, 'ELEFANTE': 3, 'VICTORIA': 3, 'SEMILLA': 97, 'FCN-NACION': 2, 'PPN': 1, 'UR': 4, 'URNG-MAIZ WINAQ': 2, 'CREO': 2, 'BIEN': 19, 'VIVA': 3, 'MI FAMILIA': 4, 'CAMBIO': 0, 'VOS': 27}",0,24,258,0,Algún campo sin dato,0.Distrito Central,1.Guatemala,0012,presidente
173,,"{'UNE': 13, 'AZUL': 2, 'VALOR UNIONISTA': 27, 'CABAL': 17, 'TODOS': 1, 'VAMOS': 2, 'PHG': 0, 'PR': 2, 'PIN': 0, 'ELEFANTE': 3, 'VICTORIA': 3, 'SEMILLA': 81, 'FCN-NACION': 0, 'PPN': 0, 'UR': 5, 'URNG-MAIZ WINAQ': 3, 'CREO': 1, 'BIEN': 14, 'VIVA': 9, 'MI FAMILIA': 2, 'CAMBIO': 0, 'VOS': 30}",0,14,229,0,Algún campo sin dato,0.Distrito Central,1.Guatemala,0012,presidente
174,,"{'UNE': 5, 'AZUL': 1, 'VALOR UNIONISTA': 24, 'CABAL': 10, 'TODOS': 1, 'VAMOS': 4, 'PHG': 0, 'PR': 2, 'PIN': 1, 'ELEFANTE': 1, 'VICTORIA': 5, 'SEMILLA': 149, 'FCN-NACION': 0, 'PPN': 1, 'UR': 5, 'URNG-MAIZ WINAQ': 3, 'CREO': 2, 'BIEN': 18, 'VIVA': 1, 'MI FAMILIA': 2, 'CAMBIO': 1, 'VOS': 16}",0,10,262,0,Algún campo sin dato,0.Distrito Central,1.Guatemala,0012,presidente
175,,"{'UNE': 7, 'AZUL': 3, 'VALOR UNIONISTA': 19, 'CABAL': 13, 'TODOS': 0, 'VAMOS': 3, 'PHG': 0, 'PR': 1, 'PIN': 1, 'ELEFANTE': 1, 'VICTORIA': 2, 'SEMILLA': 138, 'FCN-NACION': 2, 'PPN': 0, 'UR': 0, 'URNG-MAIZ WINAQ': 2, 'CREO': 2, 'BIEN': 11, 'VIVA': 2, 'MI FAMILIA': 0, 'CAMBIO': 1, 'VOS': 16}",0,9,233,0,Algún campo sin dato,0.Distrito Central,1.Guatemala,0012,presidente
176,,"{'UNE': 2, 'AZUL': 0, 'VALOR UNIONISTA': 13, 'CABAL': 14, 'TODOS': 0, 'VAMOS': 2, 'PHG': 0, 'PR': 2, 'PIN': 0, 'ELEFANTE': 1, 'VICTORIA': 1, 'SEMILLA': 82, 'FCN-NACION': 1, 'PPN': 0, 'UR': 0, 'URNG-MAIZ WINAQ': 2, 'CREO': 0, 'BIEN': 8, 'VIVA': 3, 'MI FAMILIA': 0, 'CAMBIO': 1, 'VOS': 11}",0,9,152,0,Algún campo sin dato,0.Distrito Central,1.Guatemala,0012,presidente
177,,"{'UNE': 4, 'AZUL': 1, 'VALOR UNIONISTA': 16, 'CABAL': 2, 'TODOS': 0, 'VAMOS': 2, 'PHG': 0, 'PR': 1, 'PIN': 0, 'ELEFANTE': 3, 'VICTORIA': 1, 'SEMILLA': 92, 'FCN-NACION': 0, 'PPN': 1, 'UR': 0, 'URNG-MAIZ WINAQ': 2, 'CREO': 1, 'BIEN': 5, 'VIVA': 3, 'MI FAMILIA': 0, 'CAMBIO': 0, 'VOS': 10}",0,6,150,0,Algún campo sin dato,0.Distrito Central,1.Guatemala,0012,presidente
178,,"{'UNE': 10, 'AZUL': 7, 'VALOR UNIONISTA': 38, 'CABAL': 33, 'TODOS': 0, 'VAMOS': 5, 'PHG': 0, 'PR': 2, 'PIN': 0, 'ELEFANTE': 2, 'VICTORIA': 9, 'SEMILLA': 76, 'FCN-NACION': 0, 'PPN': 2, 'UR': 6, 'URNG-MAIZ WINAQ': 7, 'CREO': 14, 'BIEN': 19, 'VIVA': 6, 'MI FAMILIA': 5, 'CAMBIO': 0, 'VOS': 42}",0,16,299,0,Algún campo sin dato,0.Distrito Central,1.Guatemala,0013,presidente
179,,"{'UNE': 9, 'AZUL': 6, 'VALOR UNIONISTA': 57, 'CABAL': 29, 'TODOS': 0, 'VAMOS': 3, 'PHG': 1, 'PR': 7, 'PIN': 0, 'ELEFANTE': 0, 'VICTORIA': 3, 'SEMILLA': 87, 'FCN-NACION': 0, 'PPN': 1, 'UR': 3, 'URNG-MAIZ WINAQ': 6, 'CREO': 7, 'BIEN': 16, 'VIVA': 7, 'MI FAMILIA': 3, 'CAMBIO': 0, 'VOS': 38}",2,23,308,0,Algún campo sin dato,0.Distrito Central,1.Guatemala,0013,presidente
180,,"{'UNE': 9, 'AZUL': 3, 'VALOR UNIONISTA': 40, 'CABAL': 28, 'TODOS': 0, 'VAMOS': 2, 'PHG': 0, 'PR': 7, 'PIN': 1, 'ELEFANTE': 2, 'VICTORIA': 2, 'SEMILLA': 105, 'FCN-NACION': 0, 'PPN': 1, 'UR': 2, 'URNG-MAIZ WINAQ': 4, 'CREO': 5, 'BIEN': 16, 'VIVA': 2, 'MI FAMILIA': 7, 'CAMBIO': 0, 'VOS': 22}",1,22,281,0,Algún campo sin dato,0.Distrito Central,1.Guatemala,0013,presidente
181,,"{'UNE': 18, 'AZUL': 7, 'VALOR UNIONISTA': 44, 'CABAL': 25, 'TODOS': 1, 'VAMOS': 3, 'PHG': 1, 'PR': 1, 'PIN': 2, 'ELEFANTE': 2, 'VICTORIA': 5, 'SEMILLA': 103, 'FCN-NACION': 0, 'PPN': 1, 'UR': 2, 'URNG-MAIZ WINAQ': 4, 'CREO': 1, 'BIEN': 15, 'VIVA': 6, 'MI FAMILIA': 5, 'CAMBIO': 0, 'VOS': 23}",0,20,289,0,Algún campo sin dato,0.Distrito Central,1.Guatemala,0013,presidente
182,,"{'UNE': 10, 'AZUL': 2, 'VALOR UNIONISTA': 41, 'CABAL': 14, 'TODOS': 0, 'VAMOS': 3, 'PHG': 2, 'PR': 8, 'PIN': 1, 'ELEFANTE': 8, 'VICTORIA': 1, 'SEMILLA': 74, 'FCN-NACION': 1, 'PPN': 3, 'UR': 5, 'URNG-MAIZ WINAQ': 6, 'CREO': 4, 'BIEN': 16, 'VIVA': 6, 'MI FAMILIA': 6, 'CAMBIO': 1, 'VOS': 31}",0,23,266,0,Algún campo sin dato,0.Distrito Central,1.Guatemala,0013,presidente
183,,"{'UNE': 8, 'AZUL': 0, 'VALOR UNIONISTA': 35, 'CABAL': 27, 'TODOS': 0, 'VAMOS': 6, 'PHG': 1, 'PR': 1, 'PIN': 0, 'ELEFANTE': 4, 'VICTORIA': 4, 'SEMILLA': 127, 'FCN-NACION': 2, 'PPN': 0, 'UR': 0, 'URNG-MAIZ WINAQ': 2, 'CREO': 4, 'BIEN': 16, 'VIVA': 4, 'MI FAMILIA': 2, 'CAMBIO': 0, 'VOS': 32}",0,23,298,0,Algún campo sin dato,0.Distrito Central,1.Guatemala,0013,presidente
184,,"{'UNE': 12, 'AZUL': 4, 'VALOR UNIONISTA': 44, 'CABAL': 33, 'TODOS': 2, 'VAMOS': 8, 'PHG': 0, 'PR': 3, 'PIN': 1, 'ELEFANTE': 2, 'VICTORIA': 0, 'SEMILLA': 88, 'FCN-NACION': 0, 'PPN': 0, 'UR': 2, 'URNG-MAIZ WINAQ': 4, 'CREO': 7, 'BIEN': 19, 'VIVA': 5, 'MI FAMILIA': 1, 'CAMBIO': 0, 'VOS': 42}",1,28,306,0,Algún campo sin dato,0.Distrito Central,1.Guatemala,0013,presidente
185,,"{'UNE': 12, 'AZUL': 4, 'VALOR UNIONISTA': 25, 'CABAL': 18, 'TODOS': 0, 'VAMOS': 6, 'PHG': 0, 'PR': 1, 'PIN': 1, 'ELEFANTE': 4, 'VICTORIA': 3, 'SEMILLA': 103, 'FCN-NACION': 5, 'PPN': 2, 'UR': 1, 'URNG-MAIZ WINAQ': 0, 'CREO': 3, 'BIEN': 13, 'VIVA': 7, 'MI FAMILIA': 2, 'CAMBIO': 0, 'VOS': 27}",1,17,255,0,Algún campo sin dato,0.Distrito Central,1.Guatemala,0013,presidente
186,,"{'UNE': 5, 'AZUL': 1, 'VALOR UNIONISTA': 12, 'CABAL': 11, 'TODOS': 1, 'VAMOS': 3, 'PHG': 0, 'PR': 1, 'PIN': 0, 'ELEFANTE': 0, 'VICTORIA': 0, 'SEMILLA': 149, 'FCN-NACION': 3, 'PPN': 0, 'UR': 0, 'URNG-MAIZ WINAQ': 0, 'CREO': 2, 'BIEN': 11, 'VIVA': 4, 'MI FAMILIA': 3, 'CAMBIO': 0, 'VOS': 21}",0,8,235,0,Algún campo sin dato,0.Distrito Central,1.Guatemala,0013,presidente
187,,"{'UNE': 5, 'AZUL': 0, 'VALOR UNIONISTA': 20, 'CABAL': 10, 'TODOS': 0, 'VAMOS': 1, 'PHG': 1, 'PR': 1, 'PIN': 0, 'ELEFANTE': 1, 'VICTORIA': 1, 'SEMILLA': 108, 'FCN-NACION': 0, 'PPN': 1, 'UR': 1, 'URNG-MAIZ WINAQ': 2, 'CREO': 4, 'BIEN': 8, 'VIVA': 6, 'MI FAMILIA': 2, 'CAMBIO': 1, 'VOS': 11}",0,12,196,0,Algún campo sin dato,0.Distrito Central,1.Guatemala,0013,presidente
188,,"{'UNE': 26, 'AZUL': 2, 'VALOR UNIONISTA': 33, 'CABAL': 20, 'TODOS': 0, 'VAMOS': 6, 'PHG': 0, 'PR': 10, 'PIN': 0, 'ELEFANTE': 3, 'VICTORIA': 4, 'SEMILLA': 87, 'FCN-NACION': 0, 'PPN': 2, 'UR': 5, 'URNG-MAIZ WINAQ': 5, 'CREO': 4, 'BIEN': 9, 'VIVA': 11, 'MI FAMILIA': 6, 'CAMBIO': 0, 'VOS': 26}",1,28,288,0,Algún campo sin dato,0.Distrito Central,1.Guatemala,0014,presidente
189,,"{'UNE': 25, 'AZUL': 9, 'VALOR UNIONISTA': 25, 'CABAL': 16, 'TODOS': 1, 'VAMOS': 3, 'PHG': 0, 'PR': 6, 'PIN': 1, 'ELEFANTE': 2, 'VICTORIA': 6, 'SEMILLA': 60, 'FCN-NACION': 2, 'PPN': 1, 'UR': 3, 'URNG-MAIZ WINAQ': 7, 'CREO': 6, 'BIEN': 12, 'VIVA': 8, 'MI FAMILIA': 8, 'CAMBIO': 0, 'VOS': 33}",1,30,265,1,Algún campo sin dato,0.Distrito Central,1.Guatemala,0014,presidente
190,,"{'UNE': 28, 'AZUL': 4, 'VALOR UNIONISTA': 42, 'CABAL': 27, 'TODOS': 1, 'VAMOS': 6, 'PHG': 0, 'PR': 8, 'PIN': 0, 'ELEFANTE': 1, 'VICTORIA': 3, 'SEMILLA': 69, 'FCN-NACION': 0, 'PPN': 1, 'UR': 4, 'URNG-MAIZ WINAQ': 7, 'CREO': 4, 'BIEN': 5, 'VIVA': 20, 'MI FAMILIA': 5, 'CAMBIO': 0, 'VOS': 23}",0,25,283,0,Algún campo sin dato,0.Distrito Central,1.Guatemala,0014,presidente
191,,"{'UNE': 29, 'AZUL': 5, 'VALOR UNIONISTA': 41, 'CABAL': 19, 'TODOS': 1, 'VAMOS': 6, 'PHG': 0, 'PR': 11, 'PIN': 1, 'ELEFANTE': 3, 'VICTORIA': 4, 'SEMILLA': 69, 'FCN-NACION': 0, 'PPN': 1, 'UR': 3, 'URNG-MAIZ WINAQ': 6, 'CREO': 3, 'BIEN': 13, 'VIVA': 9, 'MI FAMILIA': 13, 'CAMBIO': 1, 'VOS': 33}",1,21,293,0,Algún campo sin dato,0.Distrito Central,1.Guatemala,0014,presidente
192,,"{'UNE': 30, 'AZUL': 5, 'VALOR UNIONISTA': 27, 'CABAL': 21, 'TODOS': 1, 'VAMOS': 5, 'PHG': 0, 'PR': 7, 'PIN': 3, 'ELEFANTE': 4, 'VICTORIA': 2, 'SEMILLA': 66, 'FCN-NACION': 2, 'PPN': 1, 'UR': 6, 'URNG-MAIZ WINAQ': 6, 'CREO': 4, 'BIEN': 12, 'VIVA': 9, 'MI FAMILIA': 12, 'CAMBIO': 1, 'VOS': 22}",1,33,280,1,Algún campo sin dato,0.Distrito Central,1.Guatemala,0014,presidente
193,,"{'UNE': 21, 'AZUL': 1, 'VALOR UNIONISTA': 21, 'CABAL': 18, 'TODOS': 0, 'VAMOS': 5, 'PHG': 1, 'PR': 5, 'PIN': 3, 'ELEFANTE': 2, 'VICTORIA': 6, 'SEMILLA': 79, 'FCN-NACION': 0, 'PPN': 1, 'UR': 4, 'URNG-MAIZ WINAQ': 7, 'CREO': 6, 'BIEN': 21, 'VIVA': 11, 'MI FAMILIA': 7, 'CAMBIO': 1, 'VOS': 22}",2,27,271,0,Algún campo sin dato,0.Distrito Central,1.Guatemala,0014,presidente
194,,"{'UNE': 17, 'AZUL': 1, 'VALOR UNIONISTA': 29, 'CABAL': 12, 'TODOS': 0, 'VAMOS': 2, 'PHG': 1, 'PR': 4, 'PIN': 2, 'ELEFANTE': 5, 'VICTORIA': 5, 'SEMILLA': 70, 'FCN-NACION': 3, 'PPN': 1, 'UR': 2, 'URNG-MAIZ WINAQ': 3, 'CREO': 1, 'BIEN': 10, 'VIVA': 14, 'MI FAMILIA': 7, 'CAMBIO': 0, 'VOS': 45}",1,24,259,2,Algún campo sin dato,0.Distrito Central,1.Guatemala,0014,presidente
195,,"{'UNE': 21, 'AZUL': 8, 'VALOR UNIONISTA': 30, 'CABAL': 21, 'TODOS': 1, 'VAMOS': 3, 'PHG': 1, 'PR': 3, 'PIN': 0, 'ELEFANTE': 3, 'VICTORIA': 3, 'SEMILLA': 70, 'FCN-NACION': 1, 'PPN': 0, 'UR': 4, 'URNG-MAIZ WINAQ': 6, 'CREO': 4, 'BIEN': 15, 'VIVA': 13, 'MI FAMILIA': 7, 'CAMBIO': 0, 'VOS': 26}",2,21,263,0,Algún campo sin dato,0.Distrito Central,1.Guatemala,0015,presidente
196,,"{'UNE': 28, 'AZUL': 9, 'VALOR UNIONISTA': 31, 'CABAL': 23, 'TODOS': 0, 'VAMOS': 2, 'PHG': 0, 'PR': 6, 'PIN': 1, 'ELEFANTE': 2, 'VICTORIA': 4, 'SEMILLA': 76, 'FCN-NACION': 0, 'PPN': 3, 'UR': 10, 'URNG-MAIZ WINAQ': 6, 'CREO': 5, 'BIEN': 13, 'VIVA': 10, 'MI FAMILIA': 9, 'CAMBIO': 2, 'VOS': 23}",0,30,293,0,Algún campo sin dato,0.Distrito Central,1.Guatemala,0015,presidente
197,,"{'UNE': 26, 'AZUL': 2, 'VALOR UNIONISTA': 24, 'CABAL': 19, 'TODOS': 0, 'VAMOS': 6, 'PHG': 0, 'PR': 4, 'PIN': 0, 'ELEFANTE': 3, 'VICTORIA': 4, 'SEMILLA': 82, 'FCN-NACION': 0, 'PPN': 2, 'UR': 8, 'URNG-MAIZ WINAQ': 6, 'CREO': 2, 'BIEN': 18, 'VIVA': 4, 'MI FAMILIA': 8, 'CAMBIO': 0, 'VOS': 28}",0,25,271,0,Sumas Asentadas sin cuadrar,0.Distrito Central,1.Guatemala,0015,presidente
198,,"{'UNE': 25, 'AZUL': 3, 'VALOR UNIONISTA': 32, 'CABAL': 13, 'TODOS': 0, 'VAMOS': 4, 'PHG': 0, 'PR': 4, 'PIN': 0, 'ELEFANTE': 1, 'VICTORIA': 11, 'SEMILLA': 83, 'FCN-NACION': 1, 'PPN': 2, 'UR': 4, 'URNG-MAIZ WINAQ': 5, 'CREO': 7, 'BIEN': 9, 'VIVA': 7, 'MI FAMILIA': 11, 'CAMBIO': 0, 'VOS': 27}",1,32,282,115,Algún campo sin dato,0.Distrito Central,1.Guatemala,0015,presidente
199,,"{'UNE': 22, 'AZUL': 2, 'VALOR UNIONISTA': 36, 'CABAL': 15, 'TODOS': 0, 'VAMOS': 7, 'PHG': 0, 'PR': 6, 'PIN': 2, 'ELEFANTE': 6, 'VICTORIA': 7, 'SEMILLA': 78, 'FCN-NACION': 1, 'PPN': 0, 'UR': 9, 'URNG-MAIZ WINAQ': 7, 'CREO': 9, 'BIEN': 9, 'VIVA': 12, 'MI FAMILIA': 10, 'CAMBIO': 1, 'VOS': 27}",0,27,293,0,Algún campo sin dato,0.Distrito Central,1.Guatemala,0015,presidente
200,,"{'UNE': 23, 'AZUL': 5, 'VALOR UNIONISTA': 29, 'CABAL': 14, 'TODOS': 1, 'VAMOS': 4, 'PHG': 0, 'PR': 10, 'PIN': 1, 'ELEFANTE': 4, 'VICTORIA': 6, 'SEMILLA': 69, 'FCN-NACION': 3, 'PPN': 0, 'UR': 4, 'URNG-MAIZ WINAQ': 6, 'CREO': 4, 'BIEN': 9, 'VIVA': 20, 'MI FAMILIA': 6, 'CAMBIO': 1, 'VOS': 33}",1,29,282,0,Algún campo sin dato,0.Distrito Central,1.Guatemala,0016,presidente
201,,"{'UNE': 14, 'AZUL': 1, 'VALOR UNIONISTA': 26, 'CABAL': 17, 'TODOS': 2, 'VAMOS': 4, 'PHG': 0, 'PR': 9, 'PIN': 0, 'ELEFANTE': 4, 'VICTORIA': 2, 'SEMILLA': 78, 'FCN-NACION': 0, 'PPN': 1, 'UR': 5, 'URNG-MAIZ WINAQ': 11, 'CREO': 0, 'BIEN': 10, 'VIVA': 9, 'MI FAMILIA': 8, 'CAMBIO': 1, 'VOS': 32}",2,24,260,26,Algún campo sin dato,0.Distrito Central,1.Guatemala,0016,presidente
202,,"{'UNE': 26, 'AZUL': 8, 'VALOR UNIONISTA': 30, 'CABAL': 19, 'TODOS': 0, 'VAMOS': 2, 'PHG': 0, 'PR': 2, 'PIN': 0, 'ELEFANTE': 4, 'VICTORIA': 8, 'SEMILLA': 54, 'FCN-NACION': 0, 'PPN': 2, 'UR': 5, 'URNG-MAIZ WINAQ': 2, 'CREO': 2, 'BIEN': 13, 'VIVA': 13, 'MI FAMILIA': 6, 'CAMBIO': 0, 'VOS': 23}",2,28,249,0,Algún campo sin dato,0.Distrito Central,1.Guatemala,0016,presidente
203,,"{'UNE': 16, 'AZUL': 7, 'VALOR UNIONISTA': 22, 'CABAL': 11, 'TODOS': 2, 'VAMOS': 2, 'PHG': 0, 'PR': 5, 'PIN': 2, 'ELEFANTE': 4, 'VICTORIA': 1, 'SEMILLA': 76, 'FCN-NACION': 0, 'PPN': 7, 'UR': 10, 'URNG-MAIZ WINAQ': 2, 'CREO': 6, 'BIEN': 10, 'VIVA': 8, 'MI FAMILIA': 5, 'CAMBIO': 0, 'VOS': 28}",1,24,249,0,Sumas Asentadas sin cuadrar,0.Distrito Central,1.Guatemala,0016,presidente
204,,"{'UNE': 20, 'AZUL': 0, 'VALOR UNIONISTA': 17, 'CABAL': 6, 'TODOS': 1, 'VAMOS': 3, 'PHG': 0, 'PR': 1, 'PIN': 0, 'ELEFANTE': 1, 'VICTORIA': 2, 'SEMILLA': 107, 'FCN-NACION': 2, 'PPN': 0, 'UR': 6, 'URNG-MAIZ WINAQ': 2, 'CREO': 3, 'BIEN': 8, 'VIVA': 6, 'MI FAMILIA': 2, 'CAMBIO': 1, 'VOS': 24}",2,16,230,0,Algún campo sin dato,0.Distrito Central,1.Guatemala,0017,presidente
205,,"{'UNE': 8, 'AZUL': 1, 'VALOR UNIONISTA': 6, 'CABAL': 8, 'TODOS': 0, 'VAMOS': 3, 'PHG': 0, 'PR': 2, 'PIN': 1, 'ELEFANTE': 2, 'VICTORIA': 1, 'SEMILLA': 149, 'FCN-NACION': 2, 'PPN': 1, 'UR': 2, 'URNG-MAIZ WINAQ': 3, 'CREO': 0, 'BIEN': 6, 'VIVA': 4, 'MI FAMILIA': 1, 'CAMBIO': 0, 'VOS': 34}",3,10,247,0,Algún campo sin dato,0.Distrito Central,1.Guatemala,0017,presidente
206,,"{'UNE': 8, 'AZUL': 1, 'VALOR UNIONISTA': 16, 'CABAL': 4, 'TODOS': 1, 'VAMOS': 2, 'PHG': 0, 'PR': 0, 'PIN': 0, 'ELEFANTE': 0, 'VICTORIA': 4, 'SEMILLA': 98, 'FCN-NACION': 0, 'PPN': 0, 'UR': 1, 'URNG-MAIZ WINAQ': 1, 'CREO': 1, 'BIEN': 5, 'VIVA': 4, 'MI FAMILIA': 0, 'CAMBIO': 0, 'VOS': 21}",0,9,176,0,Algún campo sin dato,0.Distrito Central,1.Guatemala,0017,presidente
207,,"{'UNE': 11, 'AZUL': 3, 'VALOR UNIONISTA': 18, 'CABAL': 4, 'TODOS': 1, 'VAMOS': 2, 'PHG': 0, 'PR': 2, 'PIN': 0, 'ELEFANTE': 2, 'VICTORIA': 2, 'SEMILLA': 64, 'FCN-NACION': 0, 'PPN': 0, 'UR': 0, 'URNG-MAIZ WINAQ': 3, 'CREO': 3, 'BIEN': 3, 'VIVA': 4, 'MI FAMILIA': 1, 'CAMBIO': 0, 'VOS': 9}",0,12,144,0,Algún campo sin dato,0.Distrito Central,1.Guatemala,0017,presidente
208,,"{'UNE': 14, 'AZUL': 0, 'VALOR UNIONISTA': 9, 'CABAL': 7, 'TODOS': 0, 'VAMOS': 1, 'PHG': 0, 'PR': 3, 'PIN': 0, 'ELEFANTE': 0, 'VICTORIA': 0, 'SEMILLA': 61, 'FCN-NACION': 0, 'PPN': 2, 'UR': 3, 'URNG-MAIZ WINAQ': 4, 'CREO': 0, 'BIEN': 5, 'VIVA': 4, 'MI FAMILIA': 1, 'CAMBIO': 2, 'VOS': 13}",1,5,135,0,Algún campo sin dato,0.Distrito Central,1.Guatemala,0017,presidente
209,,"{'UNE': 11, 'AZUL': 3, 'VALOR UNIONISTA': 28, 'CABAL': 17, 'TODOS': 1, 'VAMOS': 5, 'PHG': 2, 'PR': 6, 'PIN': 1, 'ELEFANTE': 5, 'VICTORIA': 5, 'SEMILLA': 68, 'FCN-NACION': 1, 'PPN': 0, 'UR': 5, 'URNG-MAIZ WINAQ': 3, 'CREO': 2, 'BIEN': 14, 'VIVA': 7, 'MI FAMILIA': 6, 'CAMBIO': 0, 'VOS': 34}",1,29,254,0,Algún campo sin dato,0.Distrito Central,1.Guatemala,0018,presidente
210,,"{'UNE': 20, 'AZUL': 6, 'VALOR UNIONISTA': 36, 'CABAL': 12, 'TODOS': 2, 'VAMOS': 7, 'PHG': 0, 'PR': 5, 'PIN': 0, 'ELEFANTE': 3, 'VICTORIA': 4, 'SEMILLA': 57, 'FCN-NACION': 1, 'PPN': 0, 'UR': 3, 'URNG-MAIZ WINAQ': 4, 'CREO': 6, 'BIEN': 17, 'VIVA': 6, 'MI FAMILIA': 1, 'CAMBIO': 1, 'VOS': 27}",2,18,238,162,Algún campo sin dato,0.Distrito Central,1.Guatemala,0018,presidente
211,,"{'UNE': 18, 'AZUL': 4, 'VALOR UNIONISTA': 26, 'CABAL': 24, 'TODOS': 0, 'VAMOS': 5, 'PHG': 0, 'PR': 6, 'PIN': 2, 'ELEFANTE': 2, 'VICTORIA': 3, 'SEMILLA': 74, 'FCN-NACION': 0, 'PPN': 1, 'UR': 4, 'URNG-MAIZ WINAQ': 3, 'CREO': 6, 'BIEN': 7, 'VIVA': 8, 'MI FAMILIA': 6, 'CAMBIO': 1, 'VOS': 31}",0,26,257,0,Sumas Asentadas sin cuadrar,0.Distrito Central,1.Guatemala,0018,presidente
212,,"{'UNE': 17, 'AZUL': 4, 'VALOR UNIONISTA': 33, 'CABAL': 19, 'TODOS': 0, 'VAMOS': 10, 'PHG': 2, 'PR': 3, 'PIN': 0, 'ELEFANTE': 1, 'VICTORIA': 10, 'SEMILLA': 73, 'FCN-NACION': 2, 'PPN': 0, 'UR': 6, 'URNG-MAIZ WINAQ': 3, 'CREO': 1, 'BIEN': 10, 'VIVA': 13, 'MI FAMILIA': 9, 'CAMBIO': 0, 'VOS': 31}",3,21,271,0,Algún campo sin dato,0.Distrito Central,1.Guatemala,0018,presidente
213,,"{'UNE': 16, 'AZUL': 4, 'VALOR UNIONISTA': 37, 'CABAL': 17, 'TODOS': 0, 'VAMOS': 4, 'PHG': 0, 'PR': 3, 'PIN': 1, 'ELEFANTE': 1, 'VICTORIA': 9, 'SEMILLA': 67, 'FCN-NACION': 1, 'PPN': 2, 'UR': 4, 'URNG-MAIZ WINAQ': 5, 'CREO': 1, 'BIEN': 7, 'VIVA': 5, 'MI FAMILIA': 10, 'CAMBIO': 1, 'VOS': 29}",0,37,261,1,Algún campo sin dato,0.Distrito Central,1.Guatemala,0018,presidente
214,,"{'UNE': 17, 'AZUL': 6, 'VALOR UNIONISTA': 26, 'CABAL': 15, 'TODOS': 1, 'VAMOS': 2, 'PHG': 0, 'PR': 6, 'PIN': 2, 'ELEFANTE': 2, 'VICTORIA': 6, 'SEMILLA': 63, 'FCN-NACION': 0, 'PPN': 1, 'UR': 6, 'URNG-MAIZ WINAQ': 3, 'CREO': 3, 'BIEN': 16, 'VIVA': 16, 'MI FAMILIA': 4, 'CAMBIO': 0, 'VOS': 26}",0,25,246,0,Algún campo sin dato,0.Distrito Central,1.Guatemala,0018,presidente
215,,"{'UNE': 15, 'AZUL': 4, 'VALOR UNIONISTA': 30, 'CABAL': 16, 'TODOS': 0, 'VAMOS': 6, 'PHG': 0, 'PR': 3, 'PIN': 0, 'ELEFANTE': 2, 'VICTORIA': 4, 'SEMILLA': 75, 'FCN-NACION': 0, 'PPN': 0, 'UR': 8, 'URNG-MAIZ WINAQ': 4, 'CREO': 3, 'BIEN': 18, 'VIVA': 12, 'MI FAMILIA': 4, 'CAMBIO': 0, 'VOS': 33}",0,28,265,0,Algún campo sin dato,0.Distrito Central,1.Guatemala,0018,presidente
216,,"{'UNE': 10, 'AZUL': 2, 'VALOR UNIONISTA': 38, 'CABAL': 24, 'TODOS': 2, 'VAMOS': 2, 'PHG': 0, 'PR': 6, 'PIN': 3, 'ELEFANTE': 3, 'VICTORIA': 5, 'SEMILLA': 61, 'FCN-NACION': 0, 'PPN': 1, 'UR': 4, 'URNG-MAIZ WINAQ': 7, 'CREO': 7, 'BIEN': 15, 'VIVA': 7, 'MI FAMILIA': 5, 'CAMBIO': 0, 'VOS': 38}",1,29,270,0,Algún campo sin dato,0.Distrito Central,1.Guatemala,0018,presidente
217,,"{'UNE': 16, 'AZUL': 4, 'VALOR UNIONISTA': 38, 'CABAL': 18, 'TODOS': 0, 'VAMOS': 3, 'PHG': 0, 'PR': 3, 'PIN': 0, 'ELEFANTE': 8, 'VICTORIA': 3, 'SEMILLA': 65, 'FCN-NACION': 0, 'PPN': 2, 'UR': 5, 'URNG-MAIZ WINAQ': 7, 'CREO': 5, 'BIEN': 12, 'VIVA': 14, 'MI FAMILIA': 3, 'CAMBIO': 0, 'VOS': 24}",0,33,263,0,Algún campo sin dato,0.Distrito Central,1.Guatemala,0018,presidente
218,,"{'UNE': 22, 'AZUL': 8, 'VALOR UNIONISTA': 34, 'CABAL': 13, 'TODOS': 1, 'VAMOS': 2, 'PHG': 0, 'PR': 3, 'PIN': 1, 'ELEFANTE': 1, 'VICTORIA': 4, 'SEMILLA': 65, 'FCN-NACION': 1, 'PPN': 1, 'UR': 8, 'URNG-MAIZ WINAQ': 6, 'CREO': 5, 'BIEN': 14, 'VIVA': 10, 'MI FAMILIA': 8, 'CAMBIO': 0, 'VOS': 26}",1,26,260,0,Algún campo sin dato,0.Distrito Central,1.Guatemala,0018,presidente
219,,"{'UNE': 14, 'AZUL': 4, 'VALOR UNIONISTA': 34, 'CABAL': 24, 'TODOS': 1, 'VAMOS': 2, 'PHG': 2, 'PR': 6, 'PIN': 4, 'ELEFANTE': 2, 'VICTORIA': 8, 'SEMILLA': 48, 'FCN-NACION': 1, 'PPN': 0, 'UR': 8, 'URNG-MAIZ WINAQ': 4, 'CREO': 4, 'BIEN': 15, 'VIVA': 7, 'MI FAMILIA': 14, 'CAMBIO': 1, 'VOS': 31}",1,22,257,0,Algún campo sin dato,0.Distrito Central,1.Guatemala,0018,presidente
220,,"{'UNE': 17, 'AZUL': 6, 'VALOR UNIONISTA': 20, 'CABAL': 14, 'TODOS': 0, 'VAMOS': 3, 'PHG': 0, 'PR': 6, 'PIN': 0, 'ELEFANTE': 9, 'VICTORIA': 3, 'SEMILLA': 68, 'FCN-NACION': 1, 'PPN': 1, 'UR': 4, 'URNG-MAIZ WINAQ': 1, 'CREO': 6, 'BIEN': 15, 'VIVA': 7, 'MI FAMILIA': 7, 'CAMBIO': 2, 'VOS': 25}",0,26,241,162,Algún campo sin dato,0.Distrito Central,1.Guatemala,0018,presidente
221,,"{'UNE': 13, 'AZUL': 4, 'VALOR UNIONISTA': 19, 'CABAL': 9, 'TODOS': 0, 'VAMOS': 2, 'PHG': 0, 'PR': 1, 'PIN': 0, 'ELEFANTE': 1, 'VICTORIA': 2, 'SEMILLA': 101, 'FCN-NACION': 1, 'PPN': 0, 'UR': 1, 'URNG-MAIZ WINAQ': 5, 'CREO': 3, 'BIEN': 14, 'VIVA': 10, 'MI FAMILIA': 1, 'CAMBIO': 0, 'VOS': 23}",1,12,223,0,Algún campo sin dato,0.Distrito Central,1.Guatemala,0018,presidente
222,,"{'UNE': 12, 'AZUL': 5, 'VALOR UNIONISTA': 31, 'CABAL': 13, 'TODOS': 1, 'VAMOS': 2, 'PHG': 0, 'PR': 8, 'PIN': 1, 'ELEFANTE': 4, 'VICTORIA': 4, 'SEMILLA': 73, 'FCN-NACION': 0, 'PPN': 1, 'UR': 5, 'URNG-MAIZ WINAQ': 5, 'CREO': 6, 'BIEN': 14, 'VIVA': 11, 'MI FAMILIA': 2, 'CAMBIO': 0, 'VOS': 22}",0,30,250,0,Algún campo sin dato,0.Distrito Central,1.Guatemala,0018,presidente
223,,"{'UNE': 12, 'AZUL': 3, 'VALOR UNIONISTA': 29, 'CABAL': 20, 'TODOS': 1, 'VAMOS': 6, 'PHG': 1, 'PR': 5, 'PIN': 1, 'ELEFANTE': 5, 'VICTORIA': 6, 'SEMILLA': 70, 'FCN-NACION': 1, 'PPN': 1, 'UR': 2, 'URNG-MAIZ WINAQ': 5, 'CREO': 2, 'BIEN': 15, 'VIVA': 5, 'MI FAMILIA': 4, 'CAMBIO': 1, 'VOS': 32}",0,24,251,0,Sumas Asentadas sin cuadrar,0.Distrito Central,1.Guatemala,0018,presidente
224,,"{'UNE': 10, 'AZUL': 2, 'VALOR UNIONISTA': 34, 'CABAL': 15, 'TODOS': 0, 'VAMOS': 3, 'PHG': 1, 'PR': 6, 'PIN': 4, 'ELEFANTE': 4, 'VICTORIA': 5, 'SEMILLA': 65, 'FCN-NACION': 0, 'PPN': 1, 'UR': 8, 'URNG-MAIZ WINAQ': 2, 'CREO': 3, 'BIEN': 16, 'VIVA': 6, 'MI FAMILIA': 1, 'CAMBIO': 0, 'VOS': 30}",1,37,254,0,Algún campo sin dato,0.Distrito Central,1.Guatemala,0018,presidente
225,,"{'UNE': 14, 'AZUL': 7, 'VALOR UNIONISTA': 20, 'CABAL': 17, 'TODOS': 0, 'VAMOS': 3, 'PHG': 1, 'PR': 4, 'PIN': 1, 'ELEFANTE': 1, 'VICTORIA': 1, 'SEMILLA': 79, 'FCN-NACION': 1, 'PPN': 1, 'UR': 3, 'URNG-MAIZ WINAQ': 10, 'CREO': 0, 'BIEN': 14, 'VIVA': 11, 'MI FAMILIA': 5, 'CAMBIO': 0, 'VOS': 27}",1,18,239,0,Algún campo sin dato,0.Distrito Central,1.Guatemala,0019,presidente
226,,"{'UNE': 11, 'AZUL': 3, 'VALOR UNIONISTA': 22, 'CABAL': 15, 'TODOS': 1, 'VAMOS': 4, 'PHG': 0, 'PR': 4, 'PIN': 0, 'ELEFANTE': 3, 'VICTORIA': 1, 'SEMILLA': 82, 'FCN-NACION': 0, 'PPN': 0, 'UR': 3, 'URNG-MAIZ WINAQ': 3, 'CREO': 11, 'BIEN': 7, 'VIVA': 10, 'MI FAMILIA': 4, 'CAMBIO': 0, 'VOS': 34}",0,27,245,0,Algún campo sin dato,0.Distrito Central,1.Guatemala,0019,presidente
227,,"{'UNE': 16, 'AZUL': 1, 'VALOR UNIONISTA': 25, 'CABAL': 20, 'TODOS': 1, 'VAMOS': 9, 'PHG': 0, 'PR': 4, 'PIN': 0, 'ELEFANTE': 7, 'VICTORIA': 7, 'SEMILLA': 67, 'FCN-NACION': 1, 'PPN': 0, 'UR': 3, 'URNG-MAIZ WINAQ': 1, 'CREO': 8, 'BIEN': 13, 'VIVA': 11, 'MI FAMILIA': 6, 'CAMBIO': 0, 'VOS': 21}",0,26,247,0,Algún campo sin dato,0.Distrito Central,1.Guatemala,0019,presidente
228,,"{'UNE': 19, 'AZUL': 3, 'VALOR UNIONISTA': 29, 'CABAL': 19, 'TODOS': 0, 'VAMOS': 2, 'PHG': 0, 'PR': 7, 'PIN': 1, 'ELEFANTE': 0, 'VICTORIA': 4, 'SEMILLA': 72, 'FCN-NACION': 0, 'PPN': 0, 'UR': 6, 'URNG-MAIZ WINAQ': 4, 'CREO': 1, 'BIEN': 14, 'VIVA': 8, 'MI FAMILIA': 8, 'CAMBIO': 0, 'VOS': 28}",1,30,256,0,Algún campo sin dato,0.Distrito Central,1.Guatemala,0019,presidente
229,,"{'UNE': 7, 'AZUL': 6, 'VALOR UNIONISTA': 14, 'CABAL': 22, 'TODOS': 1, 'VAMOS': 4, 'PHG': 2, 'PR': 5, 'PIN': 0, 'ELEFANTE': 5, 'VICTORIA': 5, 'SEMILLA': 60, 'FCN-NACION': 2, 'PPN': 1, 'UR': 3, 'URNG-MAIZ WINAQ': 4, 'CREO': 4, 'BIEN': 9, 'VIVA': 10, 'MI FAMILIA': 9, 'CAMBIO': 0, 'VOS': 41}",2,23,239,0,Algún campo sin dato,0.Distrito Central,1.Guatemala,0019,presidente
230,,"{'UNE': 18, 'AZUL': 1, 'VALOR UNIONISTA': 36, 'CABAL': 18, 'TODOS': 0, 'VAMOS': 4, 'PHG': 0, 'PR': 3, 'PIN': 0, 'ELEFANTE': 4, 'VICTORIA': 5, 'SEMILLA': 83, 'FCN-NACION': 1, 'PPN': 1, 'UR': 6, 'URNG-MAIZ WINAQ': 7, 'CREO': 1, 'BIEN': 12, 'VIVA': 6, 'MI FAMILIA': 3, 'CAMBIO': 0, 'VOS': 36}",0,18,263,0,Algún campo sin dato,0.Distrito Central,1.Guatemala,0019,presidente
231,,"{'UNE': 13, 'AZUL': 0, 'VALOR UNIONISTA': 35, 'CABAL': 17, 'TODOS': 0, 'VAMOS': 28, 'PHG': 0, 'PR': 7, 'PIN': 1, 'ELEFANTE': 2, 'VICTORIA': 1, 'SEMILLA': 72, 'FCN-NACION': 1, 'PPN': 0, 'UR': 6, 'URNG-MAIZ WINAQ': 5, 'CREO': 2, 'BIEN': 15, 'VIVA': 4, 'MI FAMILIA': 7, 'CAMBIO': 1, 'VOS': 0}",1,28,246,0,Algún campo sin dato,0.Distrito Central,1.Guatemala,0019,presidente
232,,"{'UNE': 13, 'AZUL': 4, 'VALOR UNIONISTA': 28, 'CABAL': 23, 'TODOS': 0, 'VAMOS': 4, 'PHG': 0, 'PR': 4, 'PIN': 0, 'ELEFANTE': 2, 'VICTORIA': 6, 'SEMILLA': 75, 'FCN-NACION': 0, 'PPN': 0, 'UR': 4, 'URNG-MAIZ WINAQ': 6, 'CREO': 7, 'BIEN': 18, 'VIVA': 8, 'MI FAMILIA': 3, 'CAMBIO': 0, 'VOS': 28}",1,24,258,0,Algún campo sin dato,0.Distrito Central,1.Guatemala,0019,presidente
233,,"{'UNE': 16, 'AZUL': 1, 'VALOR UNIONISTA': 28, 'CABAL': 10, 'TODOS': 0, 'VAMOS': 3, 'PHG': 0, 'PR': 4, 'PIN': 1, 'ELEFANTE': 5, 'VICTORIA': 4, 'SEMILLA': 51, 'FCN-NACION': 0, 'PPN': 1, 'UR': 6, 'URNG-MAIZ WINAQ': 7, 'CREO': 5, 'BIEN': 14, 'VIVA': 16, 'MI FAMILIA': 5, 'CAMBIO': 0, 'VOS': 32}",0,22,231,0,Algún campo sin dato,0.Distrito Central,1.Guatemala,0019,presidente
234,,"{'UNE': 13, 'AZUL': 5, 'VALOR UNIONISTA': 27, 'CABAL': 15, 'TODOS': 0, 'VAMOS': 3, 'PHG': 0, 'PR': 6, 'PIN': 1, 'ELEFANTE': 2, 'VICTORIA': 0, 'SEMILLA': 77, 'FCN-NACION': 0, 'PPN': 0, 'UR': 6, 'URNG-MAIZ WINAQ': 5, 'CREO': 2, 'BIEN': 13, 'VIVA': 12, 'MI FAMILIA': 3, 'CAMBIO': 0, 'VOS': 24}",1,24,239,0,Algún campo sin dato,0.Distrito Central,1.Guatemala,0019,presidente
235,,"{'UNE': 11, 'AZUL': 5, 'VALOR UNIONISTA': 27, 'CABAL': 13, 'TODOS': 0, 'VAMOS': 3, 'PHG': 0, 'PR': 3, 'PIN': 2, 'ELEFANTE': 4, 'VICTORIA': 7, 'SEMILLA': 60, 'FCN-NACION': 0, 'PPN': 0, 'UR': 7, 'URNG-MAIZ WINAQ': 6, 'CREO': 3, 'BIEN': 18, 'VIVA': 11, 'MI FAMILIA': 2, 'CAMBIO': 0, 'VOS': 33}",0,24,239,1,,0.Distrito Central,1.Guatemala,0019,presidente
236,,"{'UNE': 21, 'AZUL': 5, 'VALOR UNIONISTA': 36, 'CABAL': 19, 'TODOS': 1, 'VAMOS': 2, 'PHG': 0, 'PR': 4, 'PIN': 0, 'ELEFANTE': 8, 'VICTORIA': 5, 'SEMILLA': 59, 'FCN-NACION': 0, 'PPN': 0, 'UR': 5, 'URNG-MAIZ WINAQ': 3, 'CREO': 3, 'BIEN': 14, 'VIVA': 9, 'MI FAMILIA': 9, 'CAMBIO': 1, 'VOS': 28}",2,28,262,0,Algún campo sin dato,0.Distrito Central,1.Guatemala,0019,presidente
237,,"{'UNE': 16, 'AZUL': 2, 'VALOR UNIONISTA': 32, 'CABAL': 13, 'TODOS': 0, 'VAMOS': 3, 'PHG': 1, 'PR': 3, 'PIN': 1, 'ELEFANTE': 4, 'VICTORIA': 2, 'SEMILLA': 67, 'FCN-NACION': 0, 'PPN': 0, 'UR': 5, 'URNG-MAIZ WINAQ': 9, 'CREO': 2, 'BIEN': 10, 'VIVA': 11, 'MI FAMILIA': 3, 'CAMBIO': 1, 'VOS': 29}",0,24,238,0,Algún campo sin dato,0.Distrito Central,1.Guatemala,0019,presidente
238,,"{'UNE': 11, 'AZUL': 0, 'VALOR UNIONISTA': 23, 'CABAL': 18, 'TODOS': 0, 'VAMOS': 5, 'PHG': 1, 'PR': 5, 'PIN': 1, 'ELEFANTE': 6, 'VICTORIA': 3, 'SEMILLA': 68, 'FCN-NACION': 1, 'PPN': 0, 'UR': 3, 'URNG-MAIZ WINAQ': 6, 'CREO': 4, 'BIEN': 14, 'VIVA': 6, 'MI FAMILIA': 6, 'CAMBIO': 1, 'VOS': 27}",0,20,229,0,Algún campo sin dato,0.Distrito Central,1.Guatemala,0019,presidente
239,,"{'UNE': 14, 'AZUL': 5, 'VALOR UNIONISTA': 33, 'CABAL': 17, 'TODOS': 0, 'VAMOS': 3, 'PHG': 0, 'PR': 3, 'PIN': 0, 'ELEFANTE': 1, 'VICTORIA': 8, 'SEMILLA': 53, 'FCN-NACION': 1, 'PPN': 0, 'UR': 3, 'URNG-MAIZ WINAQ': 6, 'CREO': 5, 'BIEN': 13, 'VIVA': 12, 'MI FAMILIA': 5, 'CAMBIO': 0, 'VOS': 19}",1,22,224,0,,0.Distrito Central,1.Guatemala,0019,presidente
240,,"{'UNE': 15, 'AZUL': 1, 'VALOR UNIONISTA': 29, 'CABAL': 14, 'TODOS': 1, 'VAMOS': 2, 'PHG': 0, 'PR': 1, 'PIN': 0, 'ELEFANTE': 4, 'VICTORIA': 5, 'SEMILLA': 65, 'FCN-NACION': 1, 'PPN': 0, 'UR': 3, 'URNG-MAIZ WINAQ': 4, 'CREO': 2, 'BIEN': 7, 'VIVA': 6, 'MI FAMILIA': 4, 'CAMBIO': 1, 'VOS': 13}",2,25,205,0,Algún campo sin dato,0.Distrito Central,1.Guatemala,0019,presidente
241,,"{'UNE': 22, 'AZUL': 4, 'VALOR UNIONISTA': 20, 'CABAL': 11, 'TODOS': 1, 'VAMOS': 2, 'PHG': 1, 'PR': 5, 'PIN': 0, 'ELEFANTE': 3, 'VICTORIA': 9, 'SEMILLA': 67, 'FCN-NACION': 3, 'PPN': 0, 'UR': 5, 'URNG-MAIZ WINAQ': 6, 'CREO': 5, 'BIEN': 13, 'VIVA': 9, 'MI FAMILIA': 2, 'CAMBIO': 1, 'VOS': 21}",1,17,228,0,Algún campo sin dato,0.Distrito Central,1.Guatemala,0019,presidente
242,,"{'UNE': 15, 'AZUL': 3, 'VALOR UNIONISTA': 21, 'CABAL': 9, 'TODOS': 0, 'VAMOS': 3, 'PHG': 1, 'PR': 3, 'PIN': 1, 'ELEFANTE': 4, 'VICTORIA': 4, 'SEMILLA': 72, 'FCN-NACION': 0, 'PPN': 0, 'UR': 6, 'URNG-MAIZ WINAQ': 4, 'CREO': 1, 'BIEN': 17, 'VIVA': 7, 'MI FAMILIA': 1, 'CAMBIO': 0, 'VOS': 24}",0,17,213,0,Algún campo sin dato,0.Distrito Central,1.Guatemala,0019,presidente
243,,"{'UNE': 11, 'AZUL': 0, 'VALOR UNIONISTA': 19, 'CABAL': 13, 'TODOS': 0, 'VAMOS': 0, 'PHG': 0, 'PR': 4, 'PIN': 1, 'ELEFANTE': 2, 'VICTORIA': 6, 'SEMILLA': 88, 'FCN-NACION': 0, 'PPN': 1, 'UR': 3, 'URNG-MAIZ WINAQ': 4, 'CREO': 2, 'BIEN': 9, 'VIVA': 8, 'MI FAMILIA': 2, 'CAMBIO': 0, 'VOS': 17}",0,15,205,0,,0.Distrito Central,1.Guatemala,0020,presidente
244,,"{'UNE': 5, 'AZUL': 0, 'VALOR UNIONISTA': 20, 'CABAL': 4, 'TODOS': 0, 'VAMOS': 1, 'PHG': 0, 'PR': 2, 'PIN': 0, 'ELEFANTE': 7, 'VICTORIA': 3, 'SEMILLA': 129, 'FCN-NACION': 1, 'PPN': 1, 'UR': 1, 'URNG-MAIZ WINAQ': 4, 'CREO': 0, 'BIEN': 6, 'VIVA': 5, 'MI FAMILIA': 2, 'CAMBIO': 0, 'VOS': 16}",0,15,222,0,Algún campo sin dato,0.Distrito Central,1.Guatemala,0020,presidente
245,,"{'UNE': 7, 'AZUL': 4, 'VALOR UNIONISTA': 12, 'CABAL': 9, 'TODOS': 2, 'VAMOS': 0, 'PHG': 0, 'PR': 1, 'PIN': 0, 'ELEFANTE': 0, 'VICTORIA': 1, 'SEMILLA': 134, 'FCN-NACION': 0, 'PPN': 1, 'UR': 1, 'URNG-MAIZ WINAQ': 3, 'CREO': 3, 'BIEN': 11, 'VIVA': 1, 'MI FAMILIA': 1, 'CAMBIO': 0, 'VOS': 28}",0,10,229,171,Algún campo sin dato,0.Distrito Central,1.Guatemala,0020,presidente
246,,"{'UNE': 4, 'AZUL': 1, 'VALOR UNIONISTA': 17, 'CABAL': 5, 'TODOS': 0, 'VAMOS': 3, 'PHG': 0, 'PR': 3, 'PIN': 0, 'ELEFANTE': 0, 'VICTORIA': 0, 'SEMILLA': 164, 'FCN-NACION': 2, 'PPN': 0, 'UR': 0, 'URNG-MAIZ WINAQ': 1, 'CREO': 0, 'BIEN': 4, 'VIVA': 9, 'MI FAMILIA': 3, 'CAMBIO': 0, 'VOS': 28}",0,14,258,0,Algún campo sin dato,0.Distrito Central,1.Guatemala,0020,presidente
247,,"{'UNE': 6, 'AZUL': 1, 'VALOR UNIONISTA': 9, 'CABAL': 3, 'TODOS': 0, 'VAMOS': 1, 'PHG': 0, 'PR': 2, 'PIN': 0, 'ELEFANTE': 3, 'VICTORIA': 3, 'SEMILLA': 109, 'FCN-NACION': 0, 'PPN': 0, 'UR': 0, 'URNG-MAIZ WINAQ': 2, 'CREO': 0, 'BIEN': 11, 'VIVA': 11, 'MI FAMILIA': 1, 'CAMBIO': 0, 'VOS': 13}",1,14,190,0,Algún campo sin dato,0.Distrito Central,1.Guatemala,0020,presidente
248,,"{'UNE': 7, 'AZUL': 3, 'VALOR UNIONISTA': 11, 'CABAL': 8, 'TODOS': 0, 'VAMOS': 1, 'PHG': 0, 'PR': 2, 'PIN': 1, 'ELEFANTE': 0, 'VICTORIA': 2, 'SEMILLA': 68, 'FCN-NACION': 1, 'PPN': 0, 'UR': 2, 'URNG-MAIZ WINAQ': 4, 'CREO': 3, 'BIEN': 11, 'VIVA': 8, 'MI FAMILIA': 2, 'CAMBIO': 0, 'VOS': 11}",0,14,159,0,Algún campo sin dato,0.Distrito Central,1.Guatemala,0020,presidente
249,,"{'UNE': 11, 'AZUL': 1, 'VALOR UNIONISTA': 16, 'CABAL': 6, 'TODOS': 0, 'VAMOS': 1, 'PHG': 0, 'PR': 1, 'PIN': 0, 'ELEFANTE': 1, 'VICTORIA': 0, 'SEMILLA': 92, 'FCN-NACION': 1, 'PPN': 0, 'UR': 1, 'URNG-MAIZ WINAQ': 1, 'CREO': 0, 'BIEN': 10, 'VIVA': 6, 'MI FAMILIA': 3, 'CAMBIO': 0, 'VOS': 14}",1,15,181,0,Algún campo sin dato,0.Distrito Central,1.Guatemala,0020,presidente
250,,"{'UNE': 6, 'AZUL': 1, 'VALOR UNIONISTA': 9, 'CABAL': 3, 'TODOS': 0, 'VAMOS': 4, 'PHG': 0, 'PR': 0, 'PIN': 0, 'ELEFANTE': 0, 'VICTORIA': 1, 'SEMILLA': 63, 'FCN-NACION': 0, 'PPN': 0, 'UR': 1, 'URNG-MAIZ WINAQ': 2, 'CREO': 0, 'BIEN': 1, 'VIVA': 2, 'MI FAMILIA': 2, 'CAMBIO': 0, 'VOS': 10}",0,5,110,0,Algún campo sin dato,0.Distrito Central,1.Guatemala,0020,presidente
251,,"{'UNE': 3, 'AZUL': 0, 'VALOR UNIONISTA': 6, 'CABAL': 7, 'TODOS': 2, 'VAMOS': 0, 'PHG': 0, 'PR': 0, 'PIN': 0, 'ELEFANTE': 0, 'VICTORIA': 0, 'SEMILLA': 39, 'FCN-NACION': 0, 'PPN': 0, 'UR': 4, 'URNG-MAIZ WINAQ': 0, 'CREO': 0, 'BIEN': 2, 'VIVA': 0, 'MI FAMILIA': 0, 'CAMBIO': 0, 'VOS': 6}",1,5,75,0,Algún campo sin dato,0.Distrito Central,1.Guatemala,0020,presidente
252,,"{'UNE': 53, 'AZUL': 3, 'VALOR UNIONISTA': 35, 'CABAL': 12, 'TODOS': 0, 'VAMOS': 9, 'PHG': 0, 'PR': 4, 'PIN': 2, 'ELEFANTE': 0, 'VICTORIA': 8, 'SEMILLA': 47, 'FCN-NACION': 1, 'PPN': 1, 'UR': 5, 'URNG-MAIZ WINAQ': 9, 'CREO': 6, 'BIEN': 11, 'VIVA': 11, 'MI FAMILIA': 3, 'CAMBIO': 1, 'VOS': 14}",0,30,265,0,Algún campo sin dato,0.Distrito Central,1.Guatemala,0021,presidente
253,,"{'UNE': 26, 'AZUL': 4, 'VALOR UNIONISTA': 12, 'CABAL': 18, 'TODOS': 0, 'VAMOS': 3, 'PHG': 0, 'PR': 8, 'PIN': 0, 'ELEFANTE': 2, 'VICTORIA': 17, 'SEMILLA': 54, 'FCN-NACION': 1, 'PPN': 1, 'UR': 5, 'URNG-MAIZ WINAQ': 4, 'CREO': 3, 'BIEN': 8, 'VIVA': 24, 'MI FAMILIA': 3, 'CAMBIO': 1, 'VOS': 23}",0,18,235,0,Algún campo sin dato,0.Distrito Central,1.Guatemala,0021,presidente
254,,"{'UNE': 30, 'AZUL': 6, 'VALOR UNIONISTA': 21, 'CABAL': 11, 'TODOS': 1, 'VAMOS': 5, 'PHG': 0, 'PR': 4, 'PIN': 1, 'ELEFANTE': 3, 'VICTORIA': 7, 'SEMILLA': 55, 'FCN-NACION': 0, 'PPN': 0, 'UR': 6, 'URNG-MAIZ WINAQ': 5, 'CREO': 6, 'BIEN': 5, 'VIVA': 12, 'MI FAMILIA': 6, 'CAMBIO': 1, 'VOS': 18}",3,24,230,170,Algún campo sin dato,0.Distrito Central,1.Guatemala,0021,presidente
255,,"{'UNE': 24, 'AZUL': 2, 'VALOR UNIONISTA': 14, 'CABAL': 10, 'TODOS': 0, 'VAMOS': 4, 'PHG': 0, 'PR': 1, 'PIN': 0, 'ELEFANTE': 1, 'VICTORIA': 7, 'SEMILLA': 61, 'FCN-NACION': 0, 'PPN': 1, 'UR': 7, 'URNG-MAIZ WINAQ': 4, 'CREO': 3, 'BIEN': 7, 'VIVA': 12, 'MI FAMILIA': 5, 'CAMBIO': 0, 'VOS': 18}",0,8,189,0,Algún campo sin dato,0.Distrito Central,1.Guatemala,0021,presidente
256,,"{'UNE': 11, 'AZUL': 3, 'VALOR UNIONISTA': 16, 'CABAL': 7, 'TODOS': 1, 'VAMOS': 0, 'PHG': 1, 'PR': 2, 'PIN': 1, 'ELEFANTE': 1, 'VICTORIA': 5, 'SEMILLA': 87, 'FCN-NACION': 0, 'PPN': 0, 'UR': 3, 'URNG-MAIZ WINAQ': 2, 'CREO': 2, 'BIEN': 8, 'VIVA': 5, 'MI FAMILIA': 4, 'CAMBIO': 0, 'VOS': 7}",0,5,171,0,Sumas Asentadas sin cuadrar,0.Distrito Central,1.Guatemala,0021,presidente
257,,"{'UNE': 8, 'AZUL': 5, 'VALOR UNIONISTA': 36, 'CABAL': 25, 'TODOS': 1, 'VAMOS': 5, 'PHG': 0, 'PR': 2, 'PIN': 0, 'ELEFANTE': 4, 'VICTORIA': 7, 'SEMILLA': 49, 'FCN-NACION': 1, 'PPN': 0, 'UR': 3, 'URNG-MAIZ WINAQ': 4, 'CREO': 7, 'BIEN': 13, 'VIVA': 6, 'MI FAMILIA': 3, 'CAMBIO': 0, 'VOS': 29}",0,17,225,0,Sumas Asentadas sin cuadrar,0.Distrito Central,1.Guatemala,0022,presidente
258,,"{'UNE': 16, 'AZUL': 0, 'VALOR UNIONISTA': 42, 'CABAL': 22, 'TODOS': 0, 'VAMOS': 1, 'PHG': 0, 'PR': 3, 'PIN': 0, 'ELEFANTE': 3, 'VICTORIA': 4, 'SEMILLA': 63, 'FCN-NACION': 0, 'PPN': 1, 'UR': 2, 'URNG-MAIZ WINAQ': 2, 'CREO': 2, 'BIEN': 12, 'VIVA': 12, 'MI FAMILIA': 1, 'CAMBIO': 0, 'VOS': 17}",3,27,233,0,Sumas Asentadas sin cuadrar,0.Distrito Central,1.Guatemala,0022,presidente
259,,"{'UNE': 16, 'AZUL': 6, 'VALOR UNIONISTA': 49, 'CABAL': 21, 'TODOS': 0, 'VAMOS': 8, 'PHG': 0, 'PR': 1, 'PIN': 0, 'ELEFANTE': 0, 'VICTORIA': 3, 'SEMILLA': 75, 'FCN-NACION': 1, 'PPN': 2, 'UR': 4, 'URNG-MAIZ WINAQ': 7, 'CREO': 4, 'BIEN': 11, 'VIVA': 8, 'MI FAMILIA': 4, 'CAMBIO': 0, 'VOS': 17}",0,27,264,0,Sumas Asentadas sin cuadrar,0.Distrito Central,1.Guatemala,0022,presidente
260,,"{'UNE': 11, 'AZUL': 2, 'VALOR UNIONISTA': 57, 'CABAL': 30, 'TODOS': 1, 'VAMOS': 3, 'PHG': 1, 'PR': 3, 'PIN': 0, 'ELEFANTE': 1, 'VICTORIA': 2, 'SEMILLA': 56, 'FCN-NACION': 0, 'PPN': 1, 'UR': 1, 'URNG-MAIZ WINAQ': 4, 'CREO': 3, 'BIEN': 16, 'VIVA': 13, 'MI FAMILIA': 2, 'CAMBIO': 0, 'VOS': 31}",1,23,262,0,Algún campo sin dato,0.Distrito Central,1.Guatemala,0022,presidente
261,,"{'UNE': 10, 'AZUL': 2, 'VALOR UNIONISTA': 33, 'CABAL': 14, 'TODOS': 1, 'VAMOS': 2, 'PHG': 0, 'PR': 0, 'PIN': 0, 'ELEFANTE': 2, 'VICTORIA': 1, 'SEMILLA': 71, 'FCN-NACION': 0, 'PPN': 0, 'UR': 1, 'URNG-MAIZ WINAQ': 3, 'CREO': 2, 'BIEN': 7, 'VIVA': 10, 'MI FAMILIA': 2, 'CAMBIO': 1, 'VOS': 24}",0,16,202,0,Algún campo sin dato,0.Distrito Central,1.Guatemala,0022,presidente
262,,"{'UNE': 7, 'AZUL': 1, 'VALOR UNIONISTA': 19, 'CABAL': 4, 'TODOS': 0, 'VAMOS': 1, 'PHG': 0, 'PR': 0, 'PIN': 0, 'ELEFANTE': 1, 'VICTORIA': 1, 'SEMILLA': 49, 'FCN-NACION': 0, 'PPN': 2, 'UR': 1, 'URNG-MAIZ WINAQ': 1, 'CREO': 2, 'BIEN': 7, 'VIVA': 4, 'MI FAMILIA': 1, 'CAMBIO': 0, 'VOS': 18}",0,9,128,1,Algún campo sin dato,0.Distrito Central,1.Guatemala,0022,presidente
263,,"{'UNE': 9, 'AZUL': 1, 'VALOR UNIONISTA': 36, 'CABAL': 20, 'TODOS': 2, 'VAMOS': 7, 'PHG': 1, 'PR': 1, 'PIN': 0, 'ELEFANTE': 1, 'VICTORIA': 5, 'SEMILLA': 82, 'FCN-NACION': 1, 'PPN': 0, 'UR': 2, 'URNG-MAIZ WINAQ': 4, 'CREO': 7, 'BIEN': 15, 'VIVA': 10, 'MI FAMILIA': 4, 'CAMBIO': 3, 'VOS': 30}",1,27,269,0,Algún campo sin dato,0.Distrito Central,1.Guatemala,0023,presidente
264,,"{'UNE': 9, 'AZUL': 3, 'VALOR UNIONISTA': 34, 'CABAL': 26, 'TODOS': 1, 'VAMOS': 5, 'PHG': 0, 'PR': 7, 'PIN': 0, 'ELEFANTE': 3, 'VICTORIA': 3, 'SEMILLA': 62, 'FCN-NACION': 1, 'PPN': 3, 'UR': 2, 'URNG-MAIZ WINAQ': 6, 'CREO': 4, 'BIEN': 17, 'VIVA': 12, 'MI FAMILIA': 7, 'CAMBIO': 1, 'VOS': 34}",0,51,291,0,Algún campo sin dato,0.Distrito Central,1.Guatemala,0023,presidente
265,,"{'UNE': 14, 'AZUL': 2, 'VALOR UNIONISTA': 36, 'CABAL': 30, 'TODOS': 0, 'VAMOS': 12, 'PHG': 0, 'PR': 7, 'PIN': 0, 'ELEFANTE': 7, 'VICTORIA': 9, 'SEMILLA': 55, 'FCN-NACION': 2, 'PPN': 1, 'UR': 3, 'URNG-MAIZ WINAQ': 5, 'CREO': 5, 'BIEN': 20, 'VIVA': 11, 'MI FAMILIA': 8, 'CAMBIO': 1, 'VOS': 25}",1,32,286,2,Sumas Asentadas sin cuadrar,0.Distrito Central,1.Guatemala,0023,presidente
266,,"{'UNE': 9, 'AZUL': 6, 'VALOR UNIONISTA': 46, 'CABAL': 29, 'TODOS': 2, 'VAMOS': 2, 'PHG': 0, 'PR': 9, 'PIN': 1, 'ELEFANTE': 5, 'VICTORIA': 6, 'SEMILLA': 71, 'FCN-NACION': 0, 'PPN': 0, 'UR': 1, 'URNG-MAIZ WINAQ': 1, 'CREO': 5, 'BIEN': 24, 'VIVA': 9, 'MI FAMILIA': 5, 'CAMBIO': 0, 'VOS': 33}",3,29,296,0,Sumas Asentadas sin cuadrar,0.Distrito Central,1.Guatemala,0023,presidente
267,,"{'UNE': 15, 'AZUL': 8, 'VALOR UNIONISTA': 46, 'CABAL': 28, 'TODOS': 0, 'VAMOS': 5, 'PHG': 0, 'PR': 9, 'PIN': 1, 'ELEFANTE': 4, 'VICTORIA': 2, 'SEMILLA': 78, 'FCN-NACION': 0, 'PPN': 1, 'UR': 8, 'URNG-MAIZ WINAQ': 2, 'CREO': 4, 'BIEN': 10, 'VIVA': 6, 'MI FAMILIA': 14, 'CAMBIO': 0, 'VOS': 21}",0,25,287,0,,0.Distrito Central,1.Guatemala,0023,presidente
268,,"{'UNE': 12, 'AZUL': 7, 'VALOR UNIONISTA': 51, 'CABAL': 19, 'TODOS': 3, 'VAMOS': 2, 'PHG': 2, 'PR': 4, 'PIN': 2, 'ELEFANTE': 3, 'VICTORIA': 6, 'SEMILLA': 51, 'FCN-NACION': 1, 'PPN': 1, 'UR': 3, 'URNG-MAIZ WINAQ': 5, 'CREO': 6, 'BIEN': 14, 'VIVA': 8, 'MI FAMILIA': 9, 'CAMBIO': 1, 'VOS': 37}",0,20,267,0,Algún campo sin dato,0.Distrito Central,1.Guatemala,0023,presidente
269,,"{'UNE': 0, 'AZUL': 0, 'VALOR UNIONISTA': 0, 'CABAL': 0, 'TODOS': 0, 'VAMOS': 0, 'PHG': 0, 'PR': 0, 'PIN': 0, 'ELEFANTE': 0, 'VICTORIA': 0, 'SEMILLA': 0, 'FCN-NACION': 0, 'PPN': 0, 'UR': 0, 'URNG-MAIZ WINAQ': 0, 'CREO': 0, 'BIEN': 0, 'VIVA': 0, 'MI FAMILIA': 0, 'CAMBIO': 0, 'VOS': 0}",0,0,0,0,Acta ilegible,0.Distrito Central,1.Guatemala,0023,presidente
270,,"{'UNE': 13, 'AZUL': 4, 'VALOR UNIONISTA': 38, 'CABAL': 16, 'TODOS': 1, 'VAMOS': 3, 'PHG': 0, 'PR': 13, 'PIN': 0, 'ELEFANTE': 5, 'VICTORIA': 5, 'SEMILLA': 73, 'FCN-NACION': 2, 'PPN': 0, 'UR': 5, 'URNG-MAIZ WINAQ': 4, 'CREO': 6, 'BIEN': 13, 'VIVA': 7, 'MI FAMILIA': 3, 'CAMBIO': 0, 'VOS': 32}",2,30,275,0,Algún campo sin dato,0.Distrito Central,1.Guatemala,0023,presidente
271,,"{'UNE': 9, 'AZUL': 5, 'VALOR UNIONISTA': 23, 'CABAL': 12, 'TODOS': 0, 'VAMOS': 1, 'PHG': 0, 'PR': 2, 'PIN': 0, 'ELEFANTE': 4, 'VICTORIA': 0, 'SEMILLA': 116, 'FCN-NACION': 0, 'PPN': 0, 'UR': 5, 'URNG-MAIZ WINAQ': 1, 'CREO': 2, 'BIEN': 23, 'VIVA': 11, 'MI FAMILIA': 4, 'CAMBIO': 0, 'VOS': 36}",1,19,274,0,Algún campo sin dato,0.Distrito Central,1.Guatemala,0023,presidente
272,,"{'UNE': 10, 'AZUL': 5, 'VALOR UNIONISTA': 44, 'CABAL': 17, 'TODOS': 3, 'VAMOS': 5, 'PHG': 0, 'PR': 5, 'PIN': 2, 'ELEFANTE': 1, 'VICTORIA': 8, 'SEMILLA': 71, 'FCN-NACION': 0, 'PPN': 2, 'UR': 2, 'URNG-MAIZ WINAQ': 2, 'CREO': 6, 'BIEN': 14, 'VIVA': 6, 'MI FAMILIA': 2, 'CAMBIO': 0, 'VOS': 24}",0,30,259,4,Algún campo sin dato,0.Distrito Central,1.Guatemala,0023,presidente
273,,"{'UNE': 9, 'AZUL': 7, 'VALOR UNIONISTA': 41, 'CABAL': 16, 'TODOS': 0, 'VAMOS': 3, 'PHG': 0, 'PR': 9, 'PIN': 2, 'ELEFANTE': 1, 'VICTORIA': 2, 'SEMILLA': 85, 'FCN-NACION': 0, 'PPN': 0, 'UR': 3, 'URNG-MAIZ WINAQ': 5, 'CREO': 4, 'BIEN': 20, 'VIVA': 5, 'MI FAMILIA': 6, 'CAMBIO': 0, 'VOS': 40}",0,30,288,1,Algún campo sin dato,0.Distrito Central,1.Guatemala,0023,presidente
274,,"{'UNE': 11, 'AZUL': 5, 'VALOR UNIONISTA': 41, 'CABAL': 15, 'TODOS': 1, 'VAMOS': 3, 'PHG': 0, 'PR': 2, 'PIN': 0, 'ELEFANTE': 3, 'VICTORIA': 6, 'SEMILLA': 86, 'FCN-NACION': 0, 'PPN': 0, 'UR': 4, 'URNG-MAIZ WINAQ': 5, 'CREO': 2, 'BIEN': 12, 'VIVA': 10, 'MI FAMILIA': 9, 'CAMBIO': 0, 'VOS': 35}",1,21,272,0,Algún campo sin dato,0.Distrito Central,1.Guatemala,0023,presidente
275,,"{'UNE': 8, 'AZUL': 4, 'VALOR UNIONISTA': 41, 'CABAL': 17, 'TODOS': 1, 'VAMOS': 4, 'PHG': 0, 'PR': 7, 'PIN': 1, 'ELEFANTE': 5, 'VICTORIA': 0, 'SEMILLA': 78, 'FCN-NACION': 0, 'PPN': 2, 'UR': 3, 'URNG-MAIZ WINAQ': 4, 'CREO': 5, 'BIEN': 25, 'VIVA': 9, 'MI FAMILIA': 1, 'CAMBIO': 0, 'VOS': 34}",1,27,277,0,Algún campo sin dato,0.Distrito Central,1.Guatemala,0023,presidente
276,,"{'UNE': 8, 'AZUL': 4, 'VALOR UNIONISTA': 43, 'CABAL': 21, 'TODOS': 0, 'VAMOS': 8, 'PHG': 1, 'PR': 4, 'PIN': 4, 'ELEFANTE': 4, 'VICTORIA': 5, 'SEMILLA': 79, 'FCN-NACION': 1, 'PPN': 0, 'UR': 4, 'URNG-MAIZ WINAQ': 5, 'CREO': 2, 'BIEN': 15, 'VIVA': 11, 'MI FAMILIA': 6, 'CAMBIO': 1, 'VOS': 37}",0,18,281,0,Algún campo sin dato,0.Distrito Central,1.Guatemala,0023,presidente
277,,"{'UNE': 11, 'AZUL': 3, 'VALOR UNIONISTA': 39, 'CABAL': 13, 'TODOS': 5, 'VAMOS': 2, 'PHG': 0, 'PR': 8, 'PIN': 1, 'ELEFANTE': 5, 'VICTORIA': 1, 'SEMILLA': 79, 'FCN-NACION': 0, 'PPN': 0, 'UR': 3, 'URNG-MAIZ WINAQ': 6, 'CREO': 4, 'BIEN': 20, 'VIVA': 8, 'MI FAMILIA': 6, 'CAMBIO': 0, 'VOS': 24}",1,32,271,0,Algún campo sin dato,0.Distrito Central,1.Guatemala,0023,presidente
278,,"{'UNE': 16, 'AZUL': 6, 'VALOR UNIONISTA': 37, 'CABAL': 18, 'TODOS': 0, 'VAMOS': 3, 'PHG': 0, 'PR': 3, 'PIN': 1, 'ELEFANTE': 5, 'VICTORIA': 2, 'SEMILLA': 86, 'FCN-NACION': 1, 'PPN': 1, 'UR': 1, 'URNG-MAIZ WINAQ': 4, 'CREO': 2, 'BIEN': 12, 'VIVA': 6, 'MI FAMILIA': 9, 'CAMBIO': 0, 'VOS': 32}",0,34,279,0,Algún campo sin dato,0.Distrito Central,1.Guatemala,0023,presidente
279,,"{'UNE': 10, 'AZUL': 5, 'VALOR UNIONISTA': 50, 'CABAL': 23, 'TODOS': 3, 'VAMOS': 3, 'PHG': 0, 'PR': 5, 'PIN': 0, 'ELEFANTE': 3, 'VICTORIA': 4, 'SEMILLA': 72, 'FCN-NACION': 0, 'PPN': 1, 'UR': 4, 'URNG-MAIZ WINAQ': 3, 'CREO': 7, 'BIEN': 14, 'VIVA': 6, 'MI FAMILIA': 4, 'CAMBIO': 0, 'VOS': 33}",1,32,283,0,Algún campo sin dato,0.Distrito Central,1.Guatemala,0023,presidente
280,,"{'UNE': 13, 'AZUL': 2, 'VALOR UNIONISTA': 37, 'CABAL': 27, 'TODOS': 0, 'VAMOS': 4, 'PHG': 0, 'PR': 6, 'PIN': 1, 'ELEFANTE': 1, 'VICTORIA': 5, 'SEMILLA': 95, 'FCN-NACION': 0, 'PPN': 2, 'UR': 8, 'URNG-MAIZ WINAQ': 3, 'CREO': 1, 'BIEN': 13, 'VIVA': 12, 'MI FAMILIA': 3, 'CAMBIO': 0, 'VOS': 21}",0,28,282,0,Algún campo sin dato,0.Distrito Central,1.Guatemala,0023,presidente
281,,"{'UNE': 14, 'AZUL': 6, 'VALOR UNIONISTA': 41, 'CABAL': 14, 'TODOS': 1, 'VAMOS': 1, 'PHG': 0, 'PR': 6, 'PIN': 3, 'ELEFANTE': 4, 'VICTORIA': 4, 'SEMILLA': 87, 'FCN-NACION': 0, 'PPN': 1, 'UR': 8, 'URNG-MAIZ WINAQ': 2, 'CREO': 6, 'BIEN': 12, 'VIVA': 11, 'MI FAMILIA': 5, 'CAMBIO': 0, 'VOS': 27}",1,27,281,0,Algún campo sin dato,0.Distrito Central,1.Guatemala,0023,presidente
282,,"{'UNE': 16, 'AZUL': 4, 'VALOR UNIONISTA': 33, 'CABAL': 19, 'TODOS': 4, 'VAMOS': 4, 'PHG': 0, 'PR': 6, 'PIN': 1, 'ELEFANTE': 5, 'VICTORIA': 3, 'SEMILLA': 65, 'FCN-NACION': 1, 'PPN': 0, 'UR': 6, 'URNG-MAIZ WINAQ': 6, 'CREO': 6, 'BIEN': 21, 'VIVA': 6, 'MI FAMILIA': 6, 'CAMBIO': 0, 'VOS': 27}",0,30,269,0,Sumas Asentadas sin cuadrar,0.Distrito Central,1.Guatemala,0023,presidente
283,,"{'UNE': 12, 'AZUL': 3, 'VALOR UNIONISTA': 30, 'CABAL': 22, 'TODOS': 0, 'VAMOS': 4, 'PHG': 0, 'PR': 5, 'PIN': 0, 'ELEFANTE': 1, 'VICTORIA': 8, 'SEMILLA': 84, 'FCN-NACION': 0, 'PPN': 0, 'UR': 5, 'URNG-MAIZ WINAQ': 4, 'CREO': 2, 'BIEN': 15, 'VIVA': 10, 'MI FAMILIA': 4, 'CAMBIO': 0, 'VOS': 24}",0,27,260,0,Algún campo sin dato,0.Distrito Central,1.Guatemala,0023,presidente
284,,"{'UNE': 14, 'AZUL': 4, 'VALOR UNIONISTA': 31, 'CABAL': 10, 'TODOS': 0, 'VAMOS': 5, 'PHG': 0, 'PR': 6, 'PIN': 0, 'ELEFANTE': 2, 'VICTORIA': 4, 'SEMILLA': 71, 'FCN-NACION': 1, 'PPN': 0, 'UR': 7, 'URNG-MAIZ WINAQ': 4, 'CREO': 6, 'BIEN': 8, 'VIVA': 8, 'MI FAMILIA': 7, 'CAMBIO': 1, 'VOS': 30}",0,17,236,0,Algún campo sin dato,0.Distrito Central,1.Guatemala,0023,presidente
285,,"{'UNE': 15, 'AZUL': 4, 'VALOR UNIONISTA': 35, 'CABAL': 17, 'TODOS': 1, 'VAMOS': 2, 'PHG': 0, 'PR': 5, 'PIN': 1, 'ELEFANTE': 1, 'VICTORIA': 3, 'SEMILLA': 81, 'FCN-NACION': 1, 'PPN': 0, 'UR': 6, 'URNG-MAIZ WINAQ': 3, 'CREO': 2, 'BIEN': 13, 'VIVA': 8, 'MI FAMILIA': 2, 'CAMBIO': 2, 'VOS': 27}",1,22,252,0,Algún campo sin dato,0.Distrito Central,1.Guatemala,0023,presidente
286,,"{'UNE': 7, 'AZUL': 1, 'VALOR UNIONISTA': 19, 'CABAL': 9, 'TODOS': 0, 'VAMOS': 5, 'PHG': 0, 'PR': 3, 'PIN': 0, 'ELEFANTE': 0, 'VICTORIA': 4, 'SEMILLA': 126, 'FCN-NACION': 1, 'PPN': 0, 'UR': 2, 'URNG-MAIZ WINAQ': 1, 'CREO': 2, 'BIEN': 17, 'VIVA': 3, 'MI FAMILIA': 2, 'CAMBIO': 0, 'VOS': 21}",0,21,244,0,Algún campo sin dato,0.Distrito Central,1.Guatemala,0023,presidente
287,,"{'UNE': 3, 'AZUL': 4, 'VALOR UNIONISTA': 17, 'CABAL': 10, 'TODOS': 0, 'VAMOS': 1, 'PHG': 0, 'PR': 2, 'PIN': 0, 'ELEFANTE': 4, 'VICTORIA': 3, 'SEMILLA': 156, 'FCN-NACION': 0, 'PPN': 1, 'UR': 1, 'URNG-MAIZ WINAQ': 4, 'CREO': 2, 'BIEN': 17, 'VIVA': 3, 'MI FAMILIA': 3, 'CAMBIO': 0, 'VOS': 27}",1,13,272,0,,0.Distrito Central,1.Guatemala,0023,presidente
288,,"{'UNE': 6, 'AZUL': 1, 'VALOR UNIONISTA': 14, 'CABAL': 9, 'TODOS': 0, 'VAMOS': 1, 'PHG': 0, 'PR': 0, 'PIN': 0, 'ELEFANTE': 2, 'VICTORIA': 0, 'SEMILLA': 143, 'FCN-NACION': 0, 'PPN': 0, 'UR': 3, 'URNG-MAIZ WINAQ': 4, 'CREO': 1, 'BIEN': 8, 'VIVA': 3, 'MI FAMILIA': 3, 'CAMBIO': 0, 'VOS': 19}",0,18,235,0,Algún campo sin dato,0.Distrito Central,1.Guatemala,0023,presidente
289,,"{'UNE': 8, 'AZUL': 2, 'VALOR UNIONISTA': 25, 'CABAL': 7, 'TODOS': 0, 'VAMOS': 4, 'PHG': 0, 'PR': 3, 'PIN': 0, 'ELEFANTE': 1, 'VICTORIA': 4, 'SEMILLA': 76, 'FCN-NACION': 1, 'PPN': 0, 'UR': 3, 'URNG-MAIZ WINAQ': 4, 'CREO': 0, 'BIEN': 11, 'VIVA': 5, 'MI FAMILIA': 1, 'CAMBIO': 0, 'VOS': 17}",0,14,186,0,Algún campo sin dato,0.Distrito Central,1.Guatemala,0023,presidente
290,,"{'UNE': 6, 'AZUL': 1, 'VALOR UNIONISTA': 14, 'CABAL': 9, 'TODOS': 0, 'VAMOS': 1, 'PHG': 0, 'PR': 1, 'PIN': 0, 'ELEFANTE': 1, 'VICTORIA': 0, 'SEMILLA': 72, 'FCN-NACION': 1, 'PPN': 0, 'UR': 1, 'URNG-MAIZ WINAQ': 2, 'CREO': 1, 'BIEN': 3, 'VIVA': 0, 'MI FAMILIA': 2, 'CAMBIO': 0, 'VOS': 9}",0,8,132,0,Sumas Asentadas sin cuadrar,0.Distrito Central,1.Guatemala,0023,presidente
291,,"{'UNE': 5, 'AZUL': 1, 'VALOR UNIONISTA': 13, 'CABAL': 9, 'TODOS': 0, 'VAMOS': 0, 'PHG': 0, 'PR': 1, 'PIN': 1, 'ELEFANTE': 0, 'VICTORIA': 3, 'SEMILLA': 35, 'FCN-NACION': 0, 'PPN': 0, 'UR': 1, 'URNG-MAIZ WINAQ': 0, 'CREO': 0, 'BIEN': 4, 'VIVA': 2, 'MI FAMILIA': 2, 'CAMBIO': 0, 'VOS': 8}",0,8,93,0,Algún campo sin dato,0.Distrito Central,1.Guatemala,0023,presidente
292,,"{'UNE': 10, 'AZUL': 1, 'VALOR UNIONISTA': 43, 'CABAL': 22, 'TODOS': 0, 'VAMOS': 7, 'PHG': 0, 'PR': 10, 'PIN': 1, 'ELEFANTE': 6, 'VICTORIA': 2, 'SEMILLA': 78, 'FCN-NACION': 0, 'PPN': 0, 'UR': 5, 'URNG-MAIZ WINAQ': 4, 'CREO': 6, 'BIEN': 19, 'VIVA': 7, 'MI FAMILIA': 4, 'CAMBIO': 0, 'VOS': 25}",2,30,282,0,Algún campo sin dato,0.Distrito Central,1.Guatemala,0024,presidente
293,,"{'UNE': 21, 'AZUL': 2, 'VALOR UNIONISTA': 44, 'CABAL': 20, 'TODOS': 2, 'VAMOS': 6, 'PHG': 2, 'PR': 7, 'PIN': 0, 'ELEFANTE': 3, 'VICTORIA': 1, 'SEMILLA': 78, 'FCN-NACION': 4, 'PPN': 0, 'UR': 6, 'URNG-MAIZ WINAQ': 5, 'CREO': 5, 'BIEN': 14, 'VIVA': 13, 'MI FAMILIA': 4, 'CAMBIO': 0, 'VOS': 24}",3,28,292,108,Algún campo sin dato,0.Distrito Central,1.Guatemala,0024,presidente
294,,"{'UNE': 12, 'AZUL': 4, 'VALOR UNIONISTA': 38, 'CABAL': 23, 'TODOS': 1, 'VAMOS': 2, 'PHG': 0, 'PR': 4, 'PIN': 1, 'ELEFANTE': 6, 'VICTORIA': 1, 'SEMILLA': 96, 'FCN-NACION': 0, 'PPN': 0, 'UR': 6, 'URNG-MAIZ WINAQ': 7, 'CREO': 3, 'BIEN': 17, 'VIVA': 10, 'MI FAMILIA': 7, 'CAMBIO': 0, 'VOS': 30}",1,28,297,0,Algún campo sin dato,0.Distrito Central,1.Guatemala,0024,presidente
295,,"{'UNE': 11, 'AZUL': 4, 'VALOR UNIONISTA': 42, 'CABAL': 31, 'TODOS': 1, 'VAMOS': 4, 'PHG': 1, 'PR': 10, 'PIN': 0, 'ELEFANTE': 5, 'VICTORIA': 4, 'SEMILLA': 77, 'FCN-NACION': 1, 'PPN': 1, 'UR': 4, 'URNG-MAIZ WINAQ': 5, 'CREO': 8, 'BIEN': 7, 'VIVA': 8, 'MI FAMILIA': 14, 'CAMBIO': 0, 'VOS': 13}",4,25,280,120,Algún campo sin dato,0.Distrito Central,1.Guatemala,0024,presidente
296,,"{'UNE': 14, 'AZUL': 6, 'VALOR UNIONISTA': 31, 'CABAL': 23, 'TODOS': 3, 'VAMOS': 6, 'PHG': 0, 'PR': 5, 'PIN': 1, 'ELEFANTE': 4, 'VICTORIA': 7, 'SEMILLA': 72, 'FCN-NACION': 0, 'PPN': 0, 'UR': 5, 'URNG-MAIZ WINAQ': 5, 'CREO': 8, 'BIEN': 19, 'VIVA': 8, 'MI FAMILIA': 9, 'CAMBIO': 0, 'VOS': 32}",0,35,293,0,Algún campo sin dato,0.Distrito Central,1.Guatemala,0024,presidente
297,,"{'UNE': 12, 'AZUL': 6, 'VALOR UNIONISTA': 28, 'CABAL': 24, 'TODOS': 2, 'VAMOS': 3, 'PHG': 0, 'PR': 5, 'PIN': 1, 'ELEFANTE': 4, 'VICTORIA': 3, 'SEMILLA': 88, 'FCN-NACION': 0, 'PPN': 0, 'UR': 4, 'URNG-MAIZ WINAQ': 0, 'CREO': 4, 'BIEN': 16, 'VIVA': 11, 'MI FAMILIA': 3, 'CAMBIO': 0, 'VOS': 34}",0,28,276,0,Algún campo sin dato,0.Distrito Central,1.Guatemala,0024,presidente
298,,"{'UNE': 12, 'AZUL': 5, 'VALOR UNIONISTA': 36, 'CABAL': 7, 'TODOS': 0, 'VAMOS': 3, 'PHG': 0, 'PR': 4, 'PIN': 0, 'ELEFANTE': 4, 'VICTORIA': 3, 'SEMILLA': 81, 'FCN-NACION': 1, 'PPN': 0, 'UR': 3, 'URNG-MAIZ WINAQ': 0, 'CREO': 4, 'BIEN': 24, 'VIVA': 10, 'MI FAMILIA': 4, 'CAMBIO': 0, 'VOS': 25}",1,22,249,1,,0.Distrito Central,1.Guatemala,0024,presidente
299,,"{'UNE': 19, 'AZUL': 8, 'VALOR UNIONISTA': 42, 'CABAL': 15, 'TODOS': 2, 'VAMOS': 6, 'PHG': 0, 'PR': 3, 'PIN': 1, 'ELEFANTE': 0, 'VICTORIA': 4, 'SEMILLA': 82, 'FCN-NACION': 1, 'PPN': 2, 'UR': 4, 'URNG-MAIZ WINAQ': 2, 'CREO': 6, 'BIEN': 14, 'VIVA': 10, 'MI FAMILIA': 6, 'CAMBIO': 0, 'VOS': 36}",0,34,297,98,Algún campo sin dato,0.Distrito Central,1.Guatemala,0024,presidente
300,,"{'UNE': 7, 'AZUL': 3, 'VALOR UNIONISTA': 31, 'CABAL': 24, 'TODOS': 1, 'VAMOS': 5, 'PHG': 0, 'PR': 3, 'PIN': 0, 'ELEFANTE': 3, 'VICTORIA': 2, 'SEMILLA': 99, 'FCN-NACION': 0, 'PPN': 1, 'UR': 1, 'URNG-MAIZ WINAQ': 4, 'CREO': 5, 'BIEN': 18, 'VIVA': 6, 'MI FAMILIA': 4, 'CAMBIO': 0, 'VOS': 37}",3,17,274,126,Algún campo sin dato,0.Distrito Central,1.Guatemala,0024,presidente
301,,"{'UNE': 12, 'AZUL': 2, 'VALOR UNIONISTA': 41, 'CABAL': 26, 'TODOS': 1, 'VAMOS': 4, 'PHG': 0, 'PR': 6, 'PIN': 3, 'ELEFANTE': 4, 'VICTORIA': 2, 'SEMILLA': 63, 'FCN-NACION': 1, 'PPN': 3, 'UR': 2, 'URNG-MAIZ WINAQ': 8, 'CREO': 6, 'BIEN': 23, 'VIVA': 11, 'MI FAMILIA': 17, 'CAMBIO': 0, 'VOS': 36}",1,14,286,114,Algún campo sin dato,0.Distrito Central,1.Guatemala,0024,presidente
302,,"{'UNE': 14, 'AZUL': 4, 'VALOR UNIONISTA': 33, 'CABAL': 30, 'TODOS': 2, 'VAMOS': 5, 'PHG': 0, 'PR': 8, 'PIN': 0, 'ELEFANTE': 8, 'VICTORIA': 0, 'SEMILLA': 84, 'FCN-NACION': 3, 'PPN': 2, 'UR': 1, 'URNG-MAIZ WINAQ': 0, 'CREO': 5, 'BIEN': 20, 'VIVA': 9, 'MI FAMILIA': 3, 'CAMBIO': 0, 'VOS': 27}",0,29,287,0,Algún campo sin dato,0.Distrito Central,1.Guatemala,0024,presidente
303,,"{'UNE': 12, 'AZUL': 5, 'VALOR UNIONISTA': 57, 'CABAL': 19, 'TODOS': 3, 'VAMOS': 6, 'PHG': 0, 'PR': 4, 'PIN': 0, 'ELEFANTE': 5, 'VICTORIA': 1, 'SEMILLA': 94, 'FCN-NACION': 0, 'PPN': 0, 'UR': 1, 'URNG-MAIZ WINAQ': 4, 'CREO': 6, 'BIEN': 14, 'VIVA': 14, 'MI FAMILIA': 2, 'CAMBIO': 1, 'VOS': 18}",0,32,298,0,Algún campo sin dato,0.Distrito Central,1.Guatemala,0024,presidente
304,,"{'UNE': 13, 'AZUL': 1, 'VALOR UNIONISTA': 32, 'CABAL': 17, 'TODOS': 1, 'VAMOS': 4, 'PHG': 1, 'PR': 3, 'PIN': 0, 'ELEFANTE': 5, 'VICTORIA': 2, 'SEMILLA': 96, 'FCN-NACION': 0, 'PPN': 2, 'UR': 4, 'URNG-MAIZ WINAQ': 6, 'CREO': 2, 'BIEN': 11, 'VIVA': 11, 'MI FAMILIA': 5, 'CAMBIO': 0, 'VOS': 25}",2,30,273,0,Algún campo sin dato,0.Distrito Central,1.Guatemala,0024,presidente
305,,"{'UNE': 15, 'AZUL': 5, 'VALOR UNIONISTA': 39, 'CABAL': 16, 'TODOS': 0, 'VAMOS': 3, 'PHG': 1, 'PR': 2, 'PIN': 0, 'ELEFANTE': 4, 'VICTORIA': 3, 'SEMILLA': 63, 'FCN-NACION': 1, 'PPN': 0, 'UR': 5, 'URNG-MAIZ WINAQ': 3, 'CREO': 6, 'BIEN': 22, 'VIVA': 13, 'MI FAMILIA': 10, 'CAMBIO': 1, 'VOS': 34}",1,22,269,0,,0.Distrito Central,1.Guatemala,0024,presidente
306,,"{'UNE': 19, 'AZUL': 5, 'VALOR UNIONISTA': 42, 'CABAL': 18, 'TODOS': 2, 'VAMOS': 2, 'PHG': 0, 'PR': 1, 'PIN': 0, 'ELEFANTE': 5, 'VICTORIA': 2, 'SEMILLA': 71, 'FCN-NACION': 1, 'PPN': 1, 'UR': 5, 'URNG-MAIZ WINAQ': 2, 'CREO': 7, 'BIEN': 14, 'VIVA': 9, 'MI FAMILIA': 2, 'CAMBIO': 0, 'VOS': 32}",0,28,268,0,Algún campo sin dato,0.Distrito Central,1.Guatemala,0024,presidente
307,,"{'UNE': 16, 'AZUL': 1, 'VALOR UNIONISTA': 35, 'CABAL': 16, 'TODOS': 0, 'VAMOS': 5, 'PHG': 0, 'PR': 5, 'PIN': 0, 'ELEFANTE': 4, 'VICTORIA': 3, 'SEMILLA': 90, 'FCN-NACION': 0, 'PPN': 0, 'UR': 9, 'URNG-MAIZ WINAQ': 1, 'CREO': 2, 'BIEN': 14, 'VIVA': 10, 'MI FAMILIA': 1, 'CAMBIO': 2, 'VOS': 19}",2,17,252,0,Algún campo sin dato,0.Distrito Central,1.Guatemala,0024,presidente
308,,"{'UNE': 15, 'AZUL': 2, 'VALOR UNIONISTA': 23, 'CABAL': 18, 'TODOS': 0, 'VAMOS': 4, 'PHG': 0, 'PR': 2, 'PIN': 0, 'ELEFANTE': 2, 'VICTORIA': 3, 'SEMILLA': 108, 'FCN-NACION': 1, 'PPN': 1, 'UR': 4, 'URNG-MAIZ WINAQ': 4, 'CREO': 2, 'BIEN': 12, 'VIVA': 10, 'MI FAMILIA': 3, 'CAMBIO': 0, 'VOS': 23}",0,20,257,0,Algún campo sin dato,0.Distrito Central,1.Guatemala,0024,presidente
309,,"{'UNE': 5, 'AZUL': 0, 'VALOR UNIONISTA': 24, 'CABAL': 9, 'TODOS': 0, 'VAMOS': 0, 'PHG': 0, 'PR': 3, 'PIN': 0, 'ELEFANTE': 2, 'VICTORIA': 4, 'SEMILLA': 149, 'FCN-NACION': 0, 'PPN': 0, 'UR': 5, 'URNG-MAIZ WINAQ': 1, 'CREO': 0, 'BIEN': 19, 'VIVA': 2, 'MI FAMILIA': 1, 'CAMBIO': 0, 'VOS': 31}",1,8,264,0,Algún campo sin dato,0.Distrito Central,1.Guatemala,0024,presidente
310,,"{'UNE': 5, 'AZUL': 3, 'VALOR UNIONISTA': 20, 'CABAL': 12, 'TODOS': 1, 'VAMOS': 1, 'PHG': 0, 'PR': 3, 'PIN': 0, 'ELEFANTE': 0, 'VICTORIA': 1, 'SEMILLA': 97, 'FCN-NACION': 0, 'PPN': 0, 'UR': 0, 'URNG-MAIZ WINAQ': 3, 'CREO': 0, 'BIEN': 7, 'VIVA': 6, 'MI FAMILIA': 1, 'CAMBIO': 1, 'VOS': 13}",1,10,185,0,Algún campo sin dato,0.Distrito Central,1.Guatemala,0024,presidente
311,,"{'UNE': 5, 'AZUL': 1, 'VALOR UNIONISTA': 28, 'CABAL': 10, 'TODOS': 0, 'VAMOS': 1, 'PHG': 0, 'PR': 1, 'PIN': 0, 'ELEFANTE': 2, 'VICTORIA': 1, 'SEMILLA': 80, 'FCN-NACION': 0, 'PPN': 1, 'UR': 0, 'URNG-MAIZ WINAQ': 1, 'CREO': 2, 'BIEN': 6, 'VIVA': 5, 'MI FAMILIA': 4, 'CAMBIO': 0, 'VOS': 10}",0,12,170,0,Algún campo sin dato,0.Distrito Central,1.Guatemala,0024,presidente
312,,"{'UNE': 16, 'AZUL': 5, 'VALOR UNIONISTA': 43, 'CABAL': 29, 'TODOS': 1, 'VAMOS': 3, 'PHG': 0, 'PR': 3, 'PIN': 0, 'ELEFANTE': 6, 'VICTORIA': 2, 'SEMILLA': 74, 'FCN-NACION': 0, 'PPN': 2, 'UR': 2, 'URNG-MAIZ WINAQ': 4, 'CREO': 4, 'BIEN': 21, 'VIVA': 8, 'MI FAMILIA': 4, 'CAMBIO': 0, 'VOS': 24}",2,30,283,0,Algún campo sin dato,0.Distrito Central,1.Guatemala,0025,presidente
313,,"{'UNE': 26, 'AZUL': 4, 'VALOR UNIONISTA': 46, 'CABAL': 19, 'TODOS': 1, 'VAMOS': 11, 'PHG': 1, 'PR': 5, 'PIN': 1, 'ELEFANTE': 3, 'VICTORIA': 4, 'SEMILLA': 71, 'FCN-NACION': 0, 'PPN': 2, 'UR': 1, 'URNG-MAIZ WINAQ': 4, 'CREO': 7, 'BIEN': 18, 'VIVA': 13, 'MI FAMILIA': 4, 'CAMBIO': 0, 'VOS': 33}",0,27,301,0,Algún campo sin dato,0.Distrito Central,1.Guatemala,0025,presidente
314,,"{'UNE': 16, 'AZUL': 5, 'VALOR UNIONISTA': 46, 'CABAL': 19, 'TODOS': 0, 'VAMOS': 4, 'PHG': 0, 'PR': 8, 'PIN': 2, 'ELEFANTE': 5, 'VICTORIA': 3, 'SEMILLA': 57, 'FCN-NACION': 1, 'PPN': 2, 'UR': 3, 'URNG-MAIZ WINAQ': 7, 'CREO': 9, 'BIEN': 28, 'VIVA': 7, 'MI FAMILIA': 6, 'CAMBIO': 0, 'VOS': 37}",1,27,293,0,Algún campo sin dato,0.Distrito Central,1.Guatemala,0025,presidente
315,,"{'UNE': 19, 'AZUL': 3, 'VALOR UNIONISTA': 39, 'CABAL': 26, 'TODOS': 2, 'VAMOS': 6, 'PHG': 0, 'PR': 5, 'PIN': 0, 'ELEFANTE': 3, 'VICTORIA': 8, 'SEMILLA': 71, 'FCN-NACION': 1, 'PPN': 1, 'UR': 3, 'URNG-MAIZ WINAQ': 5, 'CREO': 6, 'BIEN': 13, 'VIVA': 5, 'MI FAMILIA': 10, 'CAMBIO': 0, 'VOS': 33}",0,33,292,0,Algún campo sin dato,0.Distrito Central,1.Guatemala,0025,presidente
316,,"{'UNE': 10, 'AZUL': 6, 'VALOR UNIONISTA': 44, 'CABAL': 21, 'TODOS': 0, 'VAMOS': 10, 'PHG': 0, 'PR': 2, 'PIN': 0, 'ELEFANTE': 4, 'VICTORIA': 1, 'SEMILLA': 80, 'FCN-NACION': 0, 'PPN': 1, 'UR': 2, 'URNG-MAIZ WINAQ': 6, 'CREO': 7, 'BIEN': 19, 'VIVA': 11, 'MI FAMILIA': 12, 'CAMBIO': 1, 'VOS': 34}",2,35,308,0,Algún campo sin dato,0.Distrito Central,1.Guatemala,0025,presidente
317,,"{'UNE': 12, 'AZUL': 3, 'VALOR UNIONISTA': 41, 'CABAL': 19, 'TODOS': 1, 'VAMOS': 6, 'PHG': 0, 'PR': 9, 'PIN': 1, 'ELEFANTE': 6, 'VICTORIA': 4, 'SEMILLA': 69, 'FCN-NACION': 0, 'PPN': 1, 'UR': 6, 'URNG-MAIZ WINAQ': 4, 'CREO': 10, 'BIEN': 19, 'VIVA': 10, 'MI FAMILIA': 7, 'CAMBIO': 0, 'VOS': 29}",1,32,290,0,Sumas Asentadas sin cuadrar,0.Distrito Central,1.Guatemala,0025,presidente
318,,"{'UNE': 17, 'AZUL': 6, 'VALOR UNIONISTA': 31, 'CABAL': 12, 'TODOS': 2, 'VAMOS': 9, 'PHG': 1, 'PR': 3, 'PIN': 0, 'ELEFANTE': 6, 'VICTORIA': 5, 'SEMILLA': 82, 'FCN-NACION': 1, 'PPN': 1, 'UR': 2, 'URNG-MAIZ WINAQ': 9, 'CREO': 4, 'BIEN': 20, 'VIVA': 11, 'MI FAMILIA': 8, 'CAMBIO': 0, 'VOS': 25}",0,23,278,0,Algún campo sin dato,0.Distrito Central,1.Guatemala,0025,presidente
319,,"{'UNE': 7, 'AZUL': 2, 'VALOR UNIONISTA': 27, 'CABAL': 12, 'TODOS': 0, 'VAMOS': 5, 'PHG': 0, 'PR': 3, 'PIN': 0, 'ELEFANTE': 2, 'VICTORIA': 5, 'SEMILLA': 96, 'FCN-NACION': 0, 'PPN': 0, 'UR': 2, 'URNG-MAIZ WINAQ': 5, 'CREO': 4, 'BIEN': 14, 'VIVA': 6, 'MI FAMILIA': 6, 'CAMBIO': 1, 'VOS': 30}",1,23,251,0,Sumas Asentadas sin cuadrar,0.Distrito Central,1.Guatemala,0025,presidente
320,,"{'UNE': 15, 'AZUL': 6, 'VALOR UNIONISTA': 48, 'CABAL': 17, 'TODOS': 2, 'VAMOS': 5, 'PHG': 0, 'PR': 10, 'PIN': 1, 'ELEFANTE': 1, 'VICTORIA': 5, 'SEMILLA': 71, 'FCN-NACION': 1, 'PPN': 0, 'UR': 9, 'URNG-MAIZ WINAQ': 3, 'CREO': 1, 'BIEN': 15, 'VIVA': 9, 'MI FAMILIA': 7, 'CAMBIO': 2, 'VOS': 32}",0,30,290,0,Algún campo sin dato,0.Distrito Central,1.Guatemala,0025,presidente
321,,"{'UNE': 9, 'AZUL': 0, 'VALOR UNIONISTA': 41, 'CABAL': 14, 'TODOS': 0, 'VAMOS': 6, 'PHG': 0, 'PR': 4, 'PIN': 1, 'ELEFANTE': 4, 'VICTORIA': 2, 'SEMILLA': 89, 'FCN-NACION': 0, 'PPN': 1, 'UR': 5, 'URNG-MAIZ WINAQ': 9, 'CREO': 5, 'BIEN': 15, 'VIVA': 14, 'MI FAMILIA': 7, 'CAMBIO': 0, 'VOS': 23}",0,14,263,0,Algún campo sin dato,0.Distrito Central,1.Guatemala,0025,presidente
322,,"{'UNE': 23, 'AZUL': 5, 'VALOR UNIONISTA': 38, 'CABAL': 22, 'TODOS': 0, 'VAMOS': 4, 'PHG': 0, 'PR': 6, 'PIN': 2, 'ELEFANTE': 2, 'VICTORIA': 5, 'SEMILLA': 71, 'FCN-NACION': 1, 'PPN': 0, 'UR': 5, 'URNG-MAIZ WINAQ': 2, 'CREO': 2, 'BIEN': 21, 'VIVA': 11, 'MI FAMILIA': 8, 'CAMBIO': 1, 'VOS': 21}",1,22,273,0,Algún campo sin dato,0.Distrito Central,1.Guatemala,0025,presidente
323,,"{'UNE': 12, 'AZUL': 1, 'VALOR UNIONISTA': 54, 'CABAL': 26, 'TODOS': 1, 'VAMOS': 4, 'PHG': 0, 'PR': 8, 'PIN': 1, 'ELEFANTE': 1, 'VICTORIA': 5, 'SEMILLA': 67, 'FCN-NACION': 1, 'PPN': 0, 'UR': 5, 'URNG-MAIZ WINAQ': 6, 'CREO': 4, 'BIEN': 11, 'VIVA': 12, 'MI FAMILIA': 3, 'CAMBIO': 0, 'VOS': 38}",0,27,287,113,Algún campo sin dato,0.Distrito Central,1.Guatemala,0025,presidente
324,,"{'UNE': 14, 'AZUL': 7, 'VALOR UNIONISTA': 42, 'CABAL': 20, 'TODOS': 1, 'VAMOS': 6, 'PHG': 0, 'PR': 6, 'PIN': 0, 'ELEFANTE': 2, 'VICTORIA': 5, 'SEMILLA': 80, 'FCN-NACION': 0, 'PPN': 0, 'UR': 5, 'URNG-MAIZ WINAQ': 4, 'CREO': 3, 'BIEN': 23, 'VIVA': 11, 'MI FAMILIA': 4, 'CAMBIO': 0, 'VOS': 37}",1,31,302,0,Sumas Asentadas sin cuadrar,0.Distrito Central,1.Guatemala,0026,presidente
325,,"{'UNE': 15, 'AZUL': 6, 'VALOR UNIONISTA': 48, 'CABAL': 25, 'TODOS': 2, 'VAMOS': 6, 'PHG': 0, 'PR': 6, 'PIN': 0, 'ELEFANTE': 4, 'VICTORIA': 3, 'SEMILLA': 85, 'FCN-NACION': 0, 'PPN': 1, 'UR': 1, 'URNG-MAIZ WINAQ': 5, 'CREO': 5, 'BIEN': 11, 'VIVA': 10, 'MI FAMILIA': 6, 'CAMBIO': 0, 'VOS': 19}",0,26,284,0,Algún campo sin dato,0.Distrito Central,1.Guatemala,0026,presidente
326,,"{'UNE': 20, 'AZUL': 4, 'VALOR UNIONISTA': 44, 'CABAL': 11, 'TODOS': 0, 'VAMOS': 4, 'PHG': 0, 'PR': 6, 'PIN': 0, 'ELEFANTE': 5, 'VICTORIA': 7, 'SEMILLA': 63, 'FCN-NACION': 0, 'PPN': 0, 'UR': 5, 'URNG-MAIZ WINAQ': 6, 'CREO': 1, 'BIEN': 12, 'VIVA': 10, 'MI FAMILIA': 9, 'CAMBIO': 0, 'VOS': 36}",1,27,271,0,Sumas Asentadas sin cuadrar,0.Distrito Central,1.Guatemala,0026,presidente
327,,"{'UNE': 15, 'AZUL': 3, 'VALOR UNIONISTA': 34, 'CABAL': 29, 'TODOS': 1, 'VAMOS': 7, 'PHG': 0, 'PR': 7, 'PIN': 0, 'ELEFANTE': 3, 'VICTORIA': 5, 'SEMILLA': 72, 'FCN-NACION': 2, 'PPN': 1, 'UR': 5, 'URNG-MAIZ WINAQ': 4, 'CREO': 4, 'BIEN': 19, 'VIVA': 11, 'MI FAMILIA': 3, 'CAMBIO': 0, 'VOS': 35}",1,21,282,0,Algún campo sin dato,0.Distrito Central,1.Guatemala,0026,presidente
328,,"{'UNE': 17, 'AZUL': 5, 'VALOR UNIONISTA': 34, 'CABAL': 18, 'TODOS': 0, 'VAMOS': 8, 'PHG': 0, 'PR': 4, 'PIN': 0, 'ELEFANTE': 1, 'VICTORIA': 4, 'SEMILLA': 92, 'FCN-NACION': 0, 'PPN': 0, 'UR': 4, 'URNG-MAIZ WINAQ': 6, 'CREO': 4, 'BIEN': 15, 'VIVA': 3, 'MI FAMILIA': 11, 'CAMBIO': 0, 'VOS': 33}",0,22,281,0,Algún campo sin dato,0.Distrito Central,1.Guatemala,0026,presidente
329,,"{'UNE': 25, 'AZUL': 6, 'VALOR UNIONISTA': 33, 'CABAL': 25, 'TODOS': 1, 'VAMOS': 6, 'PHG': 0, 'PR': 3, 'PIN': 1, 'ELEFANTE': 4, 'VICTORIA': 5, 'SEMILLA': 65, 'FCN-NACION': 4, 'PPN': 1, 'UR': 4, 'URNG-MAIZ WINAQ': 7, 'CREO': 4, 'BIEN': 13, 'VIVA': 10, 'MI FAMILIA': 3, 'CAMBIO': 0, 'VOS': 26}",0,21,267,0,Algún campo sin dato,0.Distrito Central,1.Guatemala,0026,presidente
330,,"{'UNE': 22, 'AZUL': 2, 'VALOR UNIONISTA': 30, 'CABAL': 10, 'TODOS': 1, 'VAMOS': 3, 'PHG': 0, 'PR': 1, 'PIN': 0, 'ELEFANTE': 2, 'VICTORIA': 5, 'SEMILLA': 95, 'FCN-NACION': 0, 'PPN': 0, 'UR': 6, 'URNG-MAIZ WINAQ': 4, 'CREO': 3, 'BIEN': 16, 'VIVA': 7, 'MI FAMILIA': 3, 'CAMBIO': 0, 'VOS': 24}",0,18,252,0,Algún campo sin dato,0.Distrito Central,1.Guatemala,0026,presidente
331,,"{'UNE': 17, 'AZUL': 4, 'VALOR UNIONISTA': 24, 'CABAL': 14, 'TODOS': 2, 'VAMOS': 1, 'PHG': 0, 'PR': 5, 'PIN': 0, 'ELEFANTE': 1, 'VICTORIA': 3, 'SEMILLA': 109, 'FCN-NACION': 1, 'PPN': 1, 'UR': 1, 'URNG-MAIZ WINAQ': 2, 'CREO': 1, 'BIEN': 18, 'VIVA': 4, 'MI FAMILIA': 2, 'CAMBIO': 0, 'VOS': 30}",1,24,265,0,Sumas Asentadas sin cuadrar,0.Distrito Central,1.Guatemala,0026,presidente
332,,"{'UNE': 12, 'AZUL': 0, 'VALOR UNIONISTA': 17, 'CABAL': 17, 'TODOS': 0, 'VAMOS': 1, 'PHG': 0, 'PR': 4, 'PIN': 1, 'ELEFANTE': 2, 'VICTORIA': 2, 'SEMILLA': 162, 'FCN-NACION': 0, 'PPN': 1, 'UR': 3, 'URNG-MAIZ WINAQ': 2, 'CREO': 2, 'BIEN': 11, 'VIVA': 6, 'MI FAMILIA': 0, 'CAMBIO': 0, 'VOS': 21}",1,8,273,0,Algún campo sin dato,0.Distrito Central,1.Guatemala,0026,presidente
333,,"{'UNE': 4, 'AZUL': 1, 'VALOR UNIONISTA': 19, 'CABAL': 10, 'TODOS': 0, 'VAMOS': 4, 'PHG': 0, 'PR': 3, 'PIN': 1, 'ELEFANTE': 1, 'VICTORIA': 5, 'SEMILLA': 130, 'FCN-NACION': 2, 'PPN': 0, 'UR': 3, 'URNG-MAIZ WINAQ': 0, 'CREO': 1, 'BIEN': 16, 'VIVA': 3, 'MI FAMILIA': 2, 'CAMBIO': 0, 'VOS': 29}",0,10,244,0,Algún campo sin dato,0.Distrito Central,1.Guatemala,0026,presidente
334,,"{'UNE': 9, 'AZUL': 3, 'VALOR UNIONISTA': 16, 'CABAL': 12, 'TODOS': 2, 'VAMOS': 0, 'PHG': 0, 'PR': 2, 'PIN': 0, 'ELEFANTE': 3, 'VICTORIA': 1, 'SEMILLA': 63, 'FCN-NACION': 2, 'PPN': 1, 'UR': 1, 'URNG-MAIZ WINAQ': 0, 'CREO': 3, 'BIEN': 7, 'VIVA': 3, 'MI FAMILIA': 1, 'CAMBIO': 0, 'VOS': 7}",2,5,143,0,Algún campo sin dato,0.Distrito Central,1.Guatemala,0026,presidente
335,,"{'UNE': 10, 'AZUL': 1, 'VALOR UNIONISTA': 10, 'CABAL': 4, 'TODOS': 1, 'VAMOS': 0, 'PHG': 0, 'PR': 1, 'PIN': 2, 'ELEFANTE': 3, 'VICTORIA': 0, 'SEMILLA': 66, 'FCN-NACION': 1, 'PPN': 0, 'UR': 0, 'URNG-MAIZ WINAQ': 3, 'CREO': 1, 'BIEN': 1, 'VIVA': 3, 'MI FAMILIA': 3, 'CAMBIO': 0, 'VOS': 7}",0,10,127,0,Algún campo sin dato,0.Distrito Central,1.Guatemala,0026,presidente
336,,"{'UNE': 10, 'AZUL': 0, 'VALOR UNIONISTA': 35, 'CABAL': 23, 'TODOS': 2, 'VAMOS': 5, 'PHG': 0, 'PR': 4, 'PIN': 0, 'ELEFANTE': 2, 'VICTORIA': 3, 'SEMILLA': 89, 'FCN-NACION': 0, 'PPN': 1, 'UR': 2, 'URNG-MAIZ WINAQ': 2, 'CREO': 5, 'BIEN': 16, 'VIVA': 11, 'MI FAMILIA': 7, 'CAMBIO': 2, 'VOS': 40}",2,24,285,0,Algún campo sin dato,0.Distrito Central,1.Guatemala,0027,presidente
337,,"{'UNE': 13, 'AZUL': 3, 'VALOR UNIONISTA': 45, 'CABAL': 21, 'TODOS': 1, 'VAMOS': 4, 'PHG': 0, 'PR': 6, 'PIN': 1, 'ELEFANTE': 2, 'VICTORIA': 5, 'SEMILLA': 72, 'FCN-NACION': 1, 'PPN': 0, 'UR': 4, 'URNG-MAIZ WINAQ': 6, 'CREO': 6, 'BIEN': 18, 'VIVA': 10, 'MI FAMILIA': 9, 'CAMBIO': 0, 'VOS': 38}",1,26,292,0,Algún campo sin dato,0.Distrito Central,1.Guatemala,0027,presidente
338,,"{'UNE': 15, 'AZUL': 7, 'VALOR UNIONISTA': 34, 'CABAL': 26, 'TODOS': 0, 'VAMOS': 5, 'PHG': 1, 'PR': 5, 'PIN': 0, 'ELEFANTE': 3, 'VICTORIA': 7, 'SEMILLA': 77, 'FCN-NACION': 0, 'PPN': 0, 'UR': 4, 'URNG-MAIZ WINAQ': 3, 'CREO': 5, 'BIEN': 10, 'VIVA': 8, 'MI FAMILIA': 10, 'CAMBIO': 1, 'VOS': 27}",0,46,294,0,Algún campo sin dato,0.Distrito Central,1.Guatemala,0027,presidente
339,,"{'UNE': 12, 'AZUL': 1, 'VALOR UNIONISTA': 29, 'CABAL': 11, 'TODOS': 2, 'VAMOS': 3, 'PHG': 0, 'PR': 2, 'PIN': 0, 'ELEFANTE': 3, 'VICTORIA': 8, 'SEMILLA': 85, 'FCN-NACION': 1, 'PPN': 1, 'UR': 2, 'URNG-MAIZ WINAQ': 4, 'CREO': 8, 'BIEN': 19, 'VIVA': 8, 'MI FAMILIA': 3, 'CAMBIO': 0, 'VOS': 23}",1,25,251,0,Algún campo sin dato,0.Distrito Central,1.Guatemala,0027,presidente
340,,"{'UNE': 16, 'AZUL': 7, 'VALOR UNIONISTA': 43, 'CABAL': 17, 'TODOS': 0, 'VAMOS': 4, 'PHG': 0, 'PR': 7, 'PIN': 0, 'ELEFANTE': 2, 'VICTORIA': 3, 'SEMILLA': 80, 'FCN-NACION': 0, 'PPN': 1, 'UR': 4, 'URNG-MAIZ WINAQ': 5, 'CREO': 4, 'BIEN': 11, 'VIVA': 9, 'MI FAMILIA': 4, 'CAMBIO': 1, 'VOS': 25}",0,33,276,0,Algún campo sin dato,0.Distrito Central,1.Guatemala,0027,presidente
341,,"{'UNE': 12, 'AZUL': 4, 'VALOR UNIONISTA': 37, 'CABAL': 26, 'TODOS': 1, 'VAMOS': 3, 'PHG': 0, 'PR': 8, 'PIN': 0, 'ELEFANTE': 6, 'VICTORIA': 5, 'SEMILLA': 92, 'FCN-NACION': 0, 'PPN': 0, 'UR': 2, 'URNG-MAIZ WINAQ': 5, 'CREO': 2, 'BIEN': 18, 'VIVA': 6, 'MI FAMILIA': 3, 'CAMBIO': 0, 'VOS': 31}",1,20,282,0,Algún campo sin dato,0.Distrito Central,1.Guatemala,0027,presidente
342,,"{'UNE': 11, 'AZUL': 3, 'VALOR UNIONISTA': 37, 'CABAL': 17, 'TODOS': 1, 'VAMOS': 4, 'PHG': 1, 'PR': 2, 'PIN': 0, 'ELEFANTE': 4, 'VICTORIA': 6, 'SEMILLA': 79, 'FCN-NACION': 0, 'PPN': 0, 'UR': 8, 'URNG-MAIZ WINAQ': 1, 'CREO': 3, 'BIEN': 17, 'VIVA': 11, 'MI FAMILIA': 8, 'CAMBIO': 0, 'VOS': 30}",1,40,284,0,Algún campo sin dato,0.Distrito Central,1.Guatemala,0027,presidente
343,,"{'UNE': 12, 'AZUL': 4, 'VALOR UNIONISTA': 47, 'CABAL': 25, 'TODOS': 1, 'VAMOS': 5, 'PHG': 0, 'PR': 8, 'PIN': 0, 'ELEFANTE': 5, 'VICTORIA': 3, 'SEMILLA': 64, 'FCN-NACION': 0, 'PPN': 0, 'UR': 7, 'URNG-MAIZ WINAQ': 3, 'CREO': 5, 'BIEN': 20, 'VIVA': 9, 'MI FAMILIA': 9, 'CAMBIO': 0, 'VOS': 26}",1,37,291,0,Algún campo sin dato,0.Distrito Central,1.Guatemala,0027,presidente
344,,"{'UNE': 12, 'AZUL': 6, 'VALOR UNIONISTA': 38, 'CABAL': 27, 'TODOS': 0, 'VAMOS': 7, 'PHG': 0, 'PR': 9, 'PIN': 1, 'ELEFANTE': 1, 'VICTORIA': 7, 'SEMILLA': 73, 'FCN-NACION': 2, 'PPN': 1, 'UR': 6, 'URNG-MAIZ WINAQ': 4, 'CREO': 4, 'BIEN': 17, 'VIVA': 13, 'MI FAMILIA': 9, 'CAMBIO': 0, 'VOS': 31}",0,33,301,0,Algún campo sin dato,0.Distrito Central,1.Guatemala,0027,presidente
345,,"{'UNE': 17, 'AZUL': 2, 'VALOR UNIONISTA': 44, 'CABAL': 12, 'TODOS': 0, 'VAMOS': 3, 'PHG': 1, 'PR': 5, 'PIN': 0, 'ELEFANTE': 6, 'VICTORIA': 6, 'SEMILLA': 58, 'FCN-NACION': 1, 'PPN': 1, 'UR': 6, 'URNG-MAIZ WINAQ': 6, 'CREO': 9, 'BIEN': 13, 'VIVA': 7, 'MI FAMILIA': 6, 'CAMBIO': 1, 'VOS': 22}",2,17,245,0,Algún campo sin dato,0.Distrito Central,1.Guatemala,0027,presidente
346,,"{'UNE': 13, 'AZUL': 1, 'VALOR UNIONISTA': 22, 'CABAL': 10, 'TODOS': 0, 'VAMOS': 5, 'PHG': 0, 'PR': 5, 'PIN': 1, 'ELEFANTE': 6, 'VICTORIA': 5, 'SEMILLA': 117, 'FCN-NACION': 0, 'PPN': 0, 'UR': 2, 'URNG-MAIZ WINAQ': 5, 'CREO': 2, 'BIEN': 7, 'VIVA': 3, 'MI FAMILIA': 3, 'CAMBIO': 0, 'VOS': 26}",0,17,250,0,Algún campo sin dato,0.Distrito Central,1.Guatemala,0027,presidente
347,,"{'UNE': 6, 'AZUL': 1, 'VALOR UNIONISTA': 15, 'CABAL': 4, 'TODOS': 1, 'VAMOS': 0, 'PHG': 0, 'PR': 1, 'PIN': 0, 'ELEFANTE': 0, 'VICTORIA': 1, 'SEMILLA': 132, 'FCN-NACION': 0, 'PPN': 0, 'UR': 1, 'URNG-MAIZ WINAQ': 0, 'CREO': 4, 'BIEN': 10, 'VIVA': 3, 'MI FAMILIA': 1, 'CAMBIO': 0, 'VOS': 22}",0,7,209,0,Algún campo sin dato,0.Distrito Central,1.Guatemala,0027,presidente
348,,"{'UNE': 4, 'AZUL': 2, 'VALOR UNIONISTA': 17, 'CABAL': 7, 'TODOS': 0, 'VAMOS': 1, 'PHG': 0, 'PR': 3, 'PIN': 0, 'ELEFANTE': 2, 'VICTORIA': 1, 'SEMILLA': 103, 'FCN-NACION': 0, 'PPN': 1, 'UR': 1, 'URNG-MAIZ WINAQ': 4, 'CREO': 3, 'BIEN': 5, 'VIVA': 2, 'MI FAMILIA': 3, 'CAMBIO': 0, 'VOS': 8}",0,16,183,0,Algún campo sin dato,0.Distrito Central,1.Guatemala,0027,presidente
349,,"{'UNE': 13, 'AZUL': 1, 'VALOR UNIONISTA': 51, 'CABAL': 28, 'TODOS': 0, 'VAMOS': 3, 'PHG': 0, 'PR': 4, 'PIN': 0, 'ELEFANTE': 1, 'VICTORIA': 0, 'SEMILLA': 79, 'FCN-NACION': 0, 'PPN': 1, 'UR': 2, 'URNG-MAIZ WINAQ': 4, 'CREO': 5, 'BIEN': 17, 'VIVA': 3, 'MI FAMILIA': 8, 'CAMBIO': 0, 'VOS': 35}",1,33,289,0,Algún campo sin dato,0.Distrito Central,1.Guatemala,0028,presidente
350,,"{'UNE': 8, 'AZUL': 1, 'VALOR UNIONISTA': 47, 'CABAL': 33, 'TODOS': 2, 'VAMOS': 5, 'PHG': 0, 'PR': 0, 'PIN': 1, 'ELEFANTE': 5, 'VICTORIA': 0, 'SEMILLA': 69, 'FCN-NACION': 0, 'PPN': 0, 'UR': 2, 'URNG-MAIZ WINAQ': 2, 'CREO': 3, 'BIEN': 24, 'VIVA': 3, 'MI FAMILIA': 7, 'CAMBIO': 0, 'VOS': 30}",1,25,268,0,Algún campo sin dato,0.Distrito Central,1.Guatemala,0028,presidente
351,,"{'UNE': 6, 'AZUL': 8, 'VALOR UNIONISTA': 53, 'CABAL': 31, 'TODOS': 2, 'VAMOS': 3, 'PHG': 0, 'PR': 6, 'PIN': 0, 'ELEFANTE': 5, 'VICTORIA': 2, 'SEMILLA': 75, 'FCN-NACION': 0, 'PPN': 0, 'UR': 6, 'URNG-MAIZ WINAQ': 6, 'CREO': 3, 'BIEN': 20, 'VIVA': 7, 'MI FAMILIA': 3, 'CAMBIO': 0, 'VOS': 41}",0,27,304,0,Algún campo sin dato,0.Distrito Central,1.Guatemala,0028,presidente
352,,"{'UNE': 15, 'AZUL': 9, 'VALOR UNIONISTA': 44, 'CABAL': 33, 'TODOS': 0, 'VAMOS': 2, 'PHG': 0, 'PR': 7, 'PIN': 1, 'ELEFANTE': 3, 'VICTORIA': 3, 'SEMILLA': 78, 'FCN-NACION': 1, 'PPN': 0, 'UR': 4, 'URNG-MAIZ WINAQ': 3, 'CREO': 5, 'BIEN': 16, 'VIVA': 3, 'MI FAMILIA': 8, 'CAMBIO': 0, 'VOS': 36}",1,27,299,0,Algún campo sin dato,0.Distrito Central,1.Guatemala,0028,presidente
353,,"{'UNE': 20, 'AZUL': 3, 'VALOR UNIONISTA': 46, 'CABAL': 31, 'TODOS': 0, 'VAMOS': 3, 'PHG': 0, 'PR': 8, 'PIN': 0, 'ELEFANTE': 3, 'VICTORIA': 1, 'SEMILLA': 76, 'FCN-NACION': 2, 'PPN': 1, 'UR': 2, 'URNG-MAIZ WINAQ': 2, 'CREO': 6, 'BIEN': 15, 'VIVA': 3, 'MI FAMILIA': 8, 'CAMBIO': 1, 'VOS': 32}",2,32,297,0,Algún campo sin dato,0.Distrito Central,1.Guatemala,0028,presidente
354,,"{'UNE': 8, 'AZUL': 2, 'VALOR UNIONISTA': 33, 'CABAL': 30, 'TODOS': 0, 'VAMOS': 1, 'PHG': 0, 'PR': 2, 'PIN': 1, 'ELEFANTE': 4, 'VICTORIA': 4, 'SEMILLA': 96, 'FCN-NACION': 0, 'PPN': 2, 'UR': 4, 'URNG-MAIZ WINAQ': 3, 'CREO': 4, 'BIEN': 29, 'VIVA': 10, 'MI FAMILIA': 5, 'CAMBIO': 1, 'VOS': 35}",0,17,291,0,Algún campo sin dato,0.Distrito Central,1.Guatemala,0028,presidente
355,,"{'UNE': 12, 'AZUL': 3, 'VALOR UNIONISTA': 32, 'CABAL': 21, 'TODOS': 0, 'VAMOS': 4, 'PHG': 1, 'PR': 3, 'PIN': 0, 'ELEFANTE': 1, 'VICTORIA': 3, 'SEMILLA': 115, 'FCN-NACION': 0, 'PPN': 0, 'UR': 2, 'URNG-MAIZ WINAQ': 1, 'CREO': 2, 'BIEN': 11, 'VIVA': 2, 'MI FAMILIA': 6, 'CAMBIO': 0, 'VOS': 43}",0,18,280,0,Algún campo sin dato,0.Distrito Central,1.Guatemala,0028,presidente
356,,"{'UNE': 12, 'AZUL': 2, 'VALOR UNIONISTA': 48, 'CABAL': 22, 'TODOS': 1, 'VAMOS': 3, 'PHG': 0, 'PR': 8, 'PIN': 0, 'ELEFANTE': 6, 'VICTORIA': 2, 'SEMILLA': 75, 'FCN-NACION': 1, 'PPN': 0, 'UR': 2, 'URNG-MAIZ WINAQ': 6, 'CREO': 4, 'BIEN': 16, 'VIVA': 7, 'MI FAMILIA': 9, 'CAMBIO': 0, 'VOS': 42}",1,25,292,108,Algún campo sin dato,0.Distrito Central,1.Guatemala,0029,presidente
357,,"{'UNE': 8, 'AZUL': 4, 'VALOR UNIONISTA': 49, 'CABAL': 40, 'TODOS': 1, 'VAMOS': 5, 'PHG': 1, 'PR': 4, 'PIN': 1, 'ELEFANTE': 4, 'VICTORIA': 1, 'SEMILLA': 72, 'FCN-NACION': 0, 'PPN': 0, 'UR': 2, 'URNG-MAIZ WINAQ': 2, 'CREO': 6, 'BIEN': 16, 'VIVA': 6, 'MI FAMILIA': 9, 'CAMBIO': 0, 'VOS': 30}",1,30,292,108,,0.Distrito Central,1.Guatemala,0029,presidente
358,,"{'UNE': 5, 'AZUL': 1, 'VALOR UNIONISTA': 44, 'CABAL': 37, 'TODOS': 1, 'VAMOS': 4, 'PHG': 0, 'PR': 4, 'PIN': 1, 'ELEFANTE': 3, 'VICTORIA': 2, 'SEMILLA': 81, 'FCN-NACION': 0, 'PPN': 0, 'UR': 1, 'URNG-MAIZ WINAQ': 1, 'CREO': 10, 'BIEN': 16, 'VIVA': 9, 'MI FAMILIA': 9, 'CAMBIO': 0, 'VOS': 37}",0,22,288,112,Algún campo sin dato,0.Distrito Central,1.Guatemala,0029,presidente
359,,"{'UNE': 17, 'AZUL': 1, 'VALOR UNIONISTA': 46, 'CABAL': 43, 'TODOS': 0, 'VAMOS': 8, 'PHG': 1, 'PR': 1, 'PIN': 4, 'ELEFANTE': 3, 'VICTORIA': 1, 'SEMILLA': 86, 'FCN-NACION': 0, 'PPN': 2, 'UR': 0, 'URNG-MAIZ WINAQ': 4, 'CREO': 5, 'BIEN': 27, 'VIVA': 5, 'MI FAMILIA': 2, 'CAMBIO': 1, 'VOS': 34}",0,24,315,85,Algún campo sin dato,0.Distrito Central,1.Guatemala,0029,presidente
360,,"{'UNE': 12, 'AZUL': 6, 'VALOR UNIONISTA': 50, 'CABAL': 32, 'TODOS': 2, 'VAMOS': 5, 'PHG': 0, 'PR': 4, 'PIN': 1, 'ELEFANTE': 3, 'VICTORIA': 5, 'SEMILLA': 82, 'FCN-NACION': 1, 'PPN': 0, 'UR': 4, 'URNG-MAIZ WINAQ': 2, 'CREO': 2, 'BIEN': 18, 'VIVA': 7, 'MI FAMILIA': 1, 'CAMBIO': 1, 'VOS': 28}",1,35,302,99,Algún campo sin dato,0.Distrito Central,1.Guatemala,0029,presidente
361,,"{'UNE': 11, 'AZUL': 5, 'VALOR UNIONISTA': 33, 'CABAL': 29, 'TODOS': 0, 'VAMOS': 6, 'PHG': 0, 'PR': 6, 'PIN': 0, 'ELEFANTE': 4, 'VICTORIA': 2, 'SEMILLA': 87, 'FCN-NACION': 3, 'PPN': 0, 'UR': 2, 'URNG-MAIZ WINAQ': 2, 'CREO': 5, 'BIEN': 17, 'VIVA': 8, 'MI FAMILIA': 7, 'CAMBIO': 0, 'VOS': 41}",0,22,290,107,Algún campo sin dato,0.Distrito Central,1.Guatemala,0029,presidente
362,,"{'UNE': 16, 'AZUL': 1, 'VALOR UNIONISTA': 39, 'CABAL': 29, 'TODOS': 0, 'VAMOS': 8, 'PHG': 1, 'PR': 4, 'PIN': 2, 'ELEFANTE': 5, 'VICTORIA': 3, 'SEMILLA': 75, 'FCN-NACION': 0, 'PPN': 0, 'UR': 1, 'URNG-MAIZ WINAQ': 1, 'CREO': 3, 'BIEN': 13, 'VIVA': 5, 'MI FAMILIA': 6, 'CAMBIO': 0, 'VOS': 33}",1,18,264,136,Algún campo sin dato,0.Distrito Central,1.Guatemala,0029,presidente
363,,"{'UNE': 13, 'AZUL': 1, 'VALOR UNIONISTA': 37, 'CABAL': 21, 'TODOS': 0, 'VAMOS': 2, 'PHG': 0, 'PR': 1, 'PIN': 0, 'ELEFANTE': 3, 'VICTORIA': 2, 'SEMILLA': 113, 'FCN-NACION': 0, 'PPN': 0, 'UR': 0, 'URNG-MAIZ WINAQ': 4, 'CREO': 8, 'BIEN': 16, 'VIVA': 7, 'MI FAMILIA': 6, 'CAMBIO': 1, 'VOS': 15}",0,21,271,130,Algún campo sin dato,0.Distrito Central,1.Guatemala,0029,presidente
364,,"{'UNE': 8, 'AZUL': 3, 'VALOR UNIONISTA': 32, 'CABAL': 23, 'TODOS': 0, 'VAMOS': 6, 'PHG': 0, 'PR': 6, 'PIN': 0, 'ELEFANTE': 1, 'VICTORIA': 2, 'SEMILLA': 131, 'FCN-NACION': 0, 'PPN': 0, 'UR': 3, 'URNG-MAIZ WINAQ': 2, 'CREO': 2, 'BIEN': 15, 'VIVA': 3, 'MI FAMILIA': 2, 'CAMBIO': 0, 'VOS': 23}",0,4,266,129,Algún campo sin dato,0.Distrito Central,1.Guatemala,0029,presidente
365,,"{'UNE': 4, 'AZUL': 1, 'VALOR UNIONISTA': 18, 'CABAL': 3, 'TODOS': 0, 'VAMOS': 5, 'PHG': 0, 'PR': 2, 'PIN': 0, 'ELEFANTE': 1, 'VICTORIA': 0, 'SEMILLA': 160, 'FCN-NACION': 2, 'PPN': 0, 'UR': 1, 'URNG-MAIZ WINAQ': 0, 'CREO': 3, 'BIEN': 15, 'VIVA': 4, 'MI FAMILIA': 5, 'CAMBIO': 0, 'VOS': 21}",0,8,253,147,Algún campo sin dato,0.Distrito Central,1.Guatemala,0029,presidente
366,,"{'UNE': 4, 'AZUL': 1, 'VALOR UNIONISTA': 7, 'CABAL': 10, 'TODOS': 1, 'VAMOS': 0, 'PHG': 0, 'PR': 0, 'PIN': 0, 'ELEFANTE': 3, 'VICTORIA': 0, 'SEMILLA': 69, 'FCN-NACION': 1, 'PPN': 0, 'UR': 1, 'URNG-MAIZ WINAQ': 1, 'CREO': 0, 'BIEN': 9, 'VIVA': 0, 'MI FAMILIA': 0, 'CAMBIO': 0, 'VOS': 11}",0,5,123,93,Algún campo sin dato,0.Distrito Central,1.Guatemala,0029,presidente
367,,"{'UNE': 1, 'AZUL': 2, 'VALOR UNIONISTA': 8, 'CABAL': 9, 'TODOS': 1, 'VAMOS': 1, 'PHG': 0, 'PR': 1, 'PIN': 0, 'ELEFANTE': 2, 'VICTORIA': 0, 'SEMILLA': 56, 'FCN-NACION': 0, 'PPN': 0, 'UR': 1, 'URNG-MAIZ WINAQ': 0, 'CREO': 0, 'BIEN': 3, 'VIVA': 0, 'MI FAMILIA': 3, 'CAMBIO': 0, 'VOS': 12}",0,8,108,106,Algún campo sin dato,0.Distrito Central,1.Guatemala,0029,presidente
368,,"{'UNE': 14, 'AZUL': 3, 'VALOR UNIONISTA': 0, 'CABAL': 23, 'TODOS': 2, 'VAMOS': 5, 'PHG': 2, 'PR': 7, 'PIN': 0, 'ELEFANTE': 1, 'VICTORIA': 3, 'SEMILLA': 59, 'FCN-NACION': 1, 'PPN': 2, 'UR': 7, 'URNG-MAIZ WINAQ': 3, 'CREO': 5, 'BIEN': 17, 'VIVA': 6, 'MI FAMILIA': 3, 'CAMBIO': 1, 'VOS': 32}",0,28,224,0,Sumas Asentadas sin cuadrar,0.Distrito Central,1.Guatemala,0030,presidente
369,,"{'UNE': 17, 'AZUL': 2, 'VALOR UNIONISTA': 32, 'CABAL': 21, 'TODOS': 1, 'VAMOS': 6, 'PHG': 0, 'PR': 7, 'PIN': 0, 'ELEFANTE': 2, 'VICTORIA': 5, 'SEMILLA': 89, 'FCN-NACION': 0, 'PPN': 0, 'UR': 6, 'URNG-MAIZ WINAQ': 6, 'CREO': 2, 'BIEN': 6, 'VIVA': 14, 'MI FAMILIA': 15, 'CAMBIO': 0, 'VOS': 28}",2,18,279,1,Algún campo sin dato,0.Distrito Central,1.Guatemala,0030,presidente
370,,"{'UNE': 17, 'AZUL': 2, 'VALOR UNIONISTA': 26, 'CABAL': 13, 'TODOS': 0, 'VAMOS': 3, 'PHG': 0, 'PR': 4, 'PIN': 0, 'ELEFANTE': 2, 'VICTORIA': 5, 'SEMILLA': 63, 'FCN-NACION': 2, 'PPN': 0, 'UR': 3, 'URNG-MAIZ WINAQ': 2, 'CREO': 7, 'BIEN': 15, 'VIVA': 6, 'MI FAMILIA': 6, 'CAMBIO': 1, 'VOS': 32}",1,25,235,0,Algún campo sin dato,0.Distrito Central,1.Guatemala,0030,presidente
371,,"{'UNE': 16, 'AZUL': 5, 'VALOR UNIONISTA': 37, 'CABAL': 18, 'TODOS': 2, 'VAMOS': 2, 'PHG': 0, 'PR': 2, 'PIN': 1, 'ELEFANTE': 1, 'VICTORIA': 6, 'SEMILLA': 64, 'FCN-NACION': 0, 'PPN': 1, 'UR': 4, 'URNG-MAIZ WINAQ': 4, 'CREO': 4, 'BIEN': 11, 'VIVA': 7, 'MI FAMILIA': 7, 'CAMBIO': 0, 'VOS': 25}",1,30,248,0,Algún campo sin dato,0.Distrito Central,1.Guatemala,0030,presidente
372,,"{'UNE': 16, 'AZUL': 5, 'VALOR UNIONISTA': 27, 'CABAL': 15, 'TODOS': 2, 'VAMOS': 4, 'PHG': 0, 'PR': 1, 'PIN': 0, 'ELEFANTE': 1, 'VICTORIA': 3, 'SEMILLA': 72, 'FCN-NACION': 2, 'PPN': 0, 'UR': 5, 'URNG-MAIZ WINAQ': 4, 'CREO': 9, 'BIEN': 14, 'VIVA': 9, 'MI FAMILIA': 4, 'CAMBIO': 0, 'VOS': 22}",0,35,250,0,Algún campo sin dato,0.Distrito Central,1.Guatemala,0030,presidente
373,,"{'UNE': 5, 'AZUL': 8, 'VALOR UNIONISTA': 26, 'CABAL': 17, 'TODOS': 0, 'VAMOS': 3, 'PHG': 1, 'PR': 5, 'PIN': 1, 'ELEFANTE': 2, 'VICTORIA': 3, 'SEMILLA': 55, 'FCN-NACION': 1, 'PPN': 1, 'UR': 4, 'URNG-MAIZ WINAQ': 4, 'CREO': 2, 'BIEN': 16, 'VIVA': 6, 'MI FAMILIA': 5, 'CAMBIO': 0, 'VOS': 33}",2,30,230,0,Algún campo sin dato,0.Distrito Central,1.Guatemala,0030,presidente
374,,"{'UNE': 8, 'AZUL': 0, 'VALOR UNIONISTA': 16, 'CABAL': 4, 'TODOS': 0, 'VAMOS': 0, 'PHG': 0, 'PR': 0, 'PIN': 0, 'ELEFANTE': 0, 'VICTORIA': 2, 'SEMILLA': 87, 'FCN-NACION': 1, 'PPN': 0, 'UR': 1, 'URNG-MAIZ WINAQ': 0, 'CREO': 2, 'BIEN': 13, 'VIVA': 1, 'MI FAMILIA': 0, 'CAMBIO': 0, 'VOS': 10}",0,14,159,1,,0.Distrito Central,1.Guatemala,0030,presidente
375,,"{'UNE': 3, 'AZUL': 2, 'VALOR UNIONISTA': 11, 'CABAL': 6, 'TODOS': 0, 'VAMOS': 1, 'PHG': 0, 'PR': 1, 'PIN': 1, 'ELEFANTE': 1, 'VICTORIA': 2, 'SEMILLA': 51, 'FCN-NACION': 0, 'PPN': 0, 'UR': 0, 'URNG-MAIZ WINAQ': 1, 'CREO': 2, 'BIEN': 5, 'VIVA': 4, 'MI FAMILIA': 0, 'CAMBIO': 0, 'VOS': 7}",0,9,107,0,Algún campo sin dato,0.Distrito Central,1.Guatemala,0030,presidente
376,,"{'UNE': 22, 'AZUL': 3, 'VALOR UNIONISTA': 30, 'CABAL': 16, 'TODOS': 0, 'VAMOS': 3, 'PHG': 1, 'PR': 2, 'PIN': 0, 'ELEFANTE': 6, 'VICTORIA': 5, 'SEMILLA': 47, 'FCN-NACION': 0, 'PPN': 1, 'UR': 5, 'URNG-MAIZ WINAQ': 7, 'CREO': 7, 'BIEN': 10, 'VIVA': 14, 'MI FAMILIA': 7, 'CAMBIO': 0, 'VOS': 12}",4,28,230,170,Algún campo sin dato,0.Distrito Central,1.Guatemala,0031,presidente
377,,"{'UNE': 27, 'AZUL': 5, 'VALOR UNIONISTA': 34, 'CABAL': 20, 'TODOS': 0, 'VAMOS': 5, 'PHG': 0, 'PR': 2, 'PIN': 1, 'ELEFANTE': 5, 'VICTORIA': 10, 'SEMILLA': 59, 'FCN-NACION': 1, 'PPN': 2, 'UR': 5, 'URNG-MAIZ WINAQ': 3, 'CREO': 4, 'BIEN': 6, 'VIVA': 13, 'MI FAMILIA': 8, 'CAMBIO': 1, 'VOS': 16}",0,35,262,0,,0.Distrito Central,1.Guatemala,0031,presidente
378,,"{'UNE': 21, 'AZUL': 4, 'VALOR UNIONISTA': 29, 'CABAL': 16, 'TODOS': 0, 'VAMOS': 4, 'PHG': 0, 'PR': 5, 'PIN': 0, 'ELEFANTE': 6, 'VICTORIA': 6, 'SEMILLA': 57, 'FCN-NACION': 2, 'PPN': 2, 'UR': 5, 'URNG-MAIZ WINAQ': 12, 'CREO': 6, 'BIEN': 9, 'VIVA': 10, 'MI FAMILIA': 5, 'CAMBIO': 1, 'VOS': 23}",0,34,257,0,Algún campo sin dato,0.Distrito Central,1.Guatemala,0031,presidente
379,,"{'UNE': 24, 'AZUL': 6, 'VALOR UNIONISTA': 31, 'CABAL': 15, 'TODOS': 0, 'VAMOS': 4, 'PHG': 2, 'PR': 8, 'PIN': 0, 'ELEFANTE': 4, 'VICTORIA': 2, 'SEMILLA': 54, 'FCN-NACION': 0, 'PPN': 1, 'UR': 7, 'URNG-MAIZ WINAQ': 5, 'CREO': 3, 'BIEN': 13, 'VIVA': 19, 'MI FAMILIA': 3, 'CAMBIO': 0, 'VOS': 20}",3,27,251,0,Algún campo sin dato,0.Distrito Central,1.Guatemala,0031,presidente
380,,"{'UNE': 20, 'AZUL': 0, 'VALOR UNIONISTA': 26, 'CABAL': 13, 'TODOS': 0, 'VAMOS': 4, 'PHG': 0, 'PR': 3, 'PIN': 0, 'ELEFANTE': 5, 'VICTORIA': 7, 'SEMILLA': 73, 'FCN-NACION': 0, 'PPN': 2, 'UR': 7, 'URNG-MAIZ WINAQ': 2, 'CREO': 3, 'BIEN': 11, 'VIVA': 9, 'MI FAMILIA': 2, 'CAMBIO': 0, 'VOS': 20}",2,18,227,0,Algún campo sin dato,0.Distrito Central,1.Guatemala,0031,presidente
381,,"{'UNE': 30, 'AZUL': 2, 'VALOR UNIONISTA': 24, 'CABAL': 12, 'TODOS': 1, 'VAMOS': 5, 'PHG': 0, 'PR': 5, 'PIN': 0, 'ELEFANTE': 3, 'VICTORIA': 7, 'SEMILLA': 61, 'FCN-NACION': 0, 'PPN': 0, 'UR': 3, 'URNG-MAIZ WINAQ': 6, 'CREO': 0, 'BIEN': 13, 'VIVA': 13, 'MI FAMILIA': 5, 'CAMBIO': 0, 'VOS': 21}",1,24,236,0,Algún campo sin dato,0.Distrito Central,1.Guatemala,0031,presidente
382,,"{'UNE': 21, 'AZUL': 4, 'VALOR UNIONISTA': 24, 'CABAL': 9, 'TODOS': 1, 'VAMOS': 2, 'PHG': 1, 'PR': 3, 'PIN': 1, 'ELEFANTE': 1, 'VICTORIA': 6, 'SEMILLA': 59, 'FCN-NACION': 1, 'PPN': 0, 'UR': 4, 'URNG-MAIZ WINAQ': 9, 'CREO': 10, 'BIEN': 11, 'VIVA': 15, 'MI FAMILIA': 6, 'CAMBIO': 0, 'VOS': 29}",1,24,242,0,Algún campo sin dato,0.Distrito Central,1.Guatemala,0031,presidente
383,,"{'UNE': 19, 'AZUL': 1, 'VALOR UNIONISTA': 24, 'CABAL': 18, 'TODOS': 1, 'VAMOS': 4, 'PHG': 1, 'PR': 6, 'PIN': 1, 'ELEFANTE': 4, 'VICTORIA': 4, 'SEMILLA': 72, 'FCN-NACION': 1, 'PPN': 0, 'UR': 5, 'URNG-MAIZ WINAQ': 3, 'CREO': 3, 'BIEN': 20, 'VIVA': 12, 'MI FAMILIA': 2, 'CAMBIO': 0, 'VOS': 23}",1,26,251,0,Algún campo sin dato,0.Distrito Central,1.Guatemala,0031,presidente
384,,"{'UNE': 21, 'AZUL': 3, 'VALOR UNIONISTA': 27, 'CABAL': 8, 'TODOS': 3, 'VAMOS': 4, 'PHG': 1, 'PR': 4, 'PIN': 2, 'ELEFANTE': 1, 'VICTORIA': 4, 'SEMILLA': 73, 'FCN-NACION': 2, 'PPN': 0, 'UR': 5, 'URNG-MAIZ WINAQ': 7, 'CREO': 1, 'BIEN': 11, 'VIVA': 15, 'MI FAMILIA': 4, 'CAMBIO': 0, 'VOS': 12}",0,31,239,0,Algún campo sin dato,0.Distrito Central,1.Guatemala,0031,presidente
385,,"{'UNE': 30, 'AZUL': 3, 'VALOR UNIONISTA': 26, 'CABAL': 15, 'TODOS': 0, 'VAMOS': 1, 'PHG': 0, 'PR': 8, 'PIN': 0, 'ELEFANTE': 1, 'VICTORIA': 4, 'SEMILLA': 60, 'FCN-NACION': 1, 'PPN': 1, 'UR': 11, 'URNG-MAIZ WINAQ': 3, 'CREO': 4, 'BIEN': 11, 'VIVA': 15, 'MI FAMILIA': 5, 'CAMBIO': 0, 'VOS': 11}",0,38,248,0,Algún campo sin dato,0.Distrito Central,1.Guatemala,0031,presidente
386,,"{'UNE': 29, 'AZUL': 2, 'VALOR UNIONISTA': 21, 'CABAL': 15, 'TODOS': 1, 'VAMOS': 5, 'PHG': 0, 'PR': 0, 'PIN': 1, 'ELEFANTE': 0, 'VICTORIA': 5, 'SEMILLA': 66, 'FCN-NACION': 0, 'PPN': 0, 'UR': 4, 'URNG-MAIZ WINAQ': 3, 'CREO': 2, 'BIEN': 8, 'VIVA': 7, 'MI FAMILIA': 5, 'CAMBIO': 0, 'VOS': 11}",0,24,209,0,Algún campo sin dato,0.Distrito Central,1.Guatemala,0031,presidente
387,,"{'UNE': 18, 'AZUL': 1, 'VALOR UNIONISTA': 22, 'CABAL': 17, 'TODOS': 0, 'VAMOS': 4, 'PHG': 1, 'PR': 2, 'PIN': 0, 'ELEFANTE': 3, 'VICTORIA': 3, 'SEMILLA': 69, 'FCN-NACION': 2, 'PPN': 1, 'UR': 1, 'URNG-MAIZ WINAQ': 4, 'CREO': 2, 'BIEN': 8, 'VIVA': 11, 'MI FAMILIA': 6, 'CAMBIO': 0, 'VOS': 12}",4,17,208,0,Algún campo sin dato,0.Distrito Central,1.Guatemala,0031,presidente
388,,"{'UNE': 9, 'AZUL': 0, 'VALOR UNIONISTA': 13, 'CABAL': 12, 'TODOS': 0, 'VAMOS': 3, 'PHG': 0, 'PR': 1, 'PIN': 0, 'ELEFANTE': 0, 'VICTORIA': 6, 'SEMILLA': 104, 'FCN-NACION': 1, 'PPN': 0, 'UR': 4, 'URNG-MAIZ WINAQ': 7, 'CREO': 4, 'BIEN': 8, 'VIVA': 14, 'MI FAMILIA': 0, 'CAMBIO': 1, 'VOS': 15}",0,13,215,0,Algún campo sin dato,0.Distrito Central,1.Guatemala,0031,presidente
389,,"{'UNE': 6, 'AZUL': 1, 'VALOR UNIONISTA': 9, 'CABAL': 7, 'TODOS': 0, 'VAMOS': 0, 'PHG': 0, 'PR': 1, 'PIN': 2, 'ELEFANTE': 0, 'VICTORIA': 3, 'SEMILLA': 58, 'FCN-NACION': 3, 'PPN': 0, 'UR': 2, 'URNG-MAIZ WINAQ': 1, 'CREO': 3, 'BIEN': 10, 'VIVA': 6, 'MI FAMILIA': 1, 'CAMBIO': 0, 'VOS': 13}",0,15,141,0,Algún campo sin dato,0.Distrito Central,1.Guatemala,0031,presidente
390,,"{'UNE': 7, 'AZUL': 4, 'VALOR UNIONISTA': 13, 'CABAL': 6, 'TODOS': 1, 'VAMOS': 1, 'PHG': 0, 'PR': 3, 'PIN': 0, 'ELEFANTE': 1, 'VICTORIA': 3, 'SEMILLA': 73, 'FCN-NACION': 0, 'PPN': 1, 'UR': 1, 'URNG-MAIZ WINAQ': 1, 'CREO': 0, 'BIEN': 6, 'VIVA': 5, 'MI FAMILIA': 2, 'CAMBIO': 0, 'VOS': 6}",2,7,143,0,Algún campo sin dato,0.Distrito Central,1.Guatemala,0031,presidente
391,,"{'UNE': 25, 'AZUL': 5, 'VALOR UNIONISTA': 33, 'CABAL': 13, 'TODOS': 0, 'VAMOS': 9, 'PHG': 0, 'PR': 2, 'PIN': 0, 'ELEFANTE': 1, 'VICTORIA': 7, 'SEMILLA': 53, 'FCN-NACION': 1, 'PPN': 3, 'UR': 5, 'URNG-MAIZ WINAQ': 4, 'CREO': 7, 'BIEN': 7, 'VIVA': 20, 'MI FAMILIA': 3, 'CAMBIO': 2, 'VOS': 20}",0,26,246,0,Algún campo sin dato,0.Distrito Central,1.Guatemala,0032,presidente
392,,"{'UNE': 23, 'AZUL': 3, 'VALOR UNIONISTA': 30, 'CABAL': 13, 'TODOS': 1, 'VAMOS': 8, 'PHG': 1, 'PR': 5, 'PIN': 1, 'ELEFANTE': 2, 'VICTORIA': 8, 'SEMILLA': 46, 'FCN-NACION': 1, 'PPN': 1, 'UR': 4, 'URNG-MAIZ WINAQ': 5, 'CREO': 7, 'BIEN': 8, 'VIVA': 13, 'MI FAMILIA': 4, 'CAMBIO': 0, 'VOS': 22}",3,38,247,0,Algún campo sin dato,0.Distrito Central,1.Guatemala,0032,presidente
393,,"{'UNE': 26, 'AZUL': 1, 'VALOR UNIONISTA': 33, 'CABAL': 22, 'TODOS': 0, 'VAMOS': 5, 'PHG': 0, 'PR': 8, 'PIN': 0, 'ELEFANTE': 2, 'VICTORIA': 9, 'SEMILLA': 47, 'FCN-NACION': 1, 'PPN': 2, 'UR': 2, 'URNG-MAIZ WINAQ': 9, 'CREO': 5, 'BIEN': 5, 'VIVA': 16, 'MI FAMILIA': 14, 'CAMBIO': 0, 'VOS': 14}",0,15,236,29,Algún campo sin dato,0.Distrito Central,1.Guatemala,0032,presidente
394,,"{'UNE': 25, 'AZUL': 1, 'VALOR UNIONISTA': 30, 'CABAL': 18, 'TODOS': 0, 'VAMOS': 5, 'PHG': 1, 'PR': 8, 'PIN': 1, 'ELEFANTE': 8, 'VICTORIA': 4, 'SEMILLA': 58, 'FCN-NACION': 5, 'PPN': 2, 'UR': 4, 'URNG-MAIZ WINAQ': 3, 'CREO': 6, 'BIEN': 9, 'VIVA': 14, 'MI FAMILIA': 6, 'CAMBIO': 0, 'VOS': 21}",0,36,265,0,Algún campo sin dato,0.Distrito Central,1.Guatemala,0032,presidente
395,,"{'UNE': 31, 'AZUL': 6, 'VALOR UNIONISTA': 21, 'CABAL': 12, 'TODOS': 1, 'VAMOS': 6, 'PHG': 0, 'PR': 6, 'PIN': 1, 'ELEFANTE': 1, 'VICTORIA': 9, 'SEMILLA': 64, 'FCN-NACION': 0, 'PPN': 2, 'UR': 4, 'URNG-MAIZ WINAQ': 5, 'CREO': 3, 'BIEN': 15, 'VIVA': 20, 'MI FAMILIA': 6, 'CAMBIO': 0, 'VOS': 22}",2,39,276,0,Algún campo sin dato,0.Distrito Central,1.Guatemala,0032,presidente
396,,"{'UNE': 28, 'AZUL': 5, 'VALOR UNIONISTA': 29, 'CABAL': 20, 'TODOS': 0, 'VAMOS': 7, 'PHG': 0, 'PR': 9, 'PIN': 2, 'ELEFANTE': 6, 'VICTORIA': 7, 'SEMILLA': 58, 'FCN-NACION': 3, 'PPN': 0, 'UR': 2, 'URNG-MAIZ WINAQ': 8, 'CREO': 5, 'BIEN': 13, 'VIVA': 12, 'MI FAMILIA': 5, 'CAMBIO': 0, 'VOS': 15}",1,34,269,0,Algún campo sin dato,0.Distrito Central,1.Guatemala,0032,presidente
397,,"{'UNE': 21, 'AZUL': 5, 'VALOR UNIONISTA': 36, 'CABAL': 31, 'TODOS': 1, 'VAMOS': 3, 'PHG': 0, 'PR': 3, 'PIN': 0, 'ELEFANTE': 7, 'VICTORIA': 7, 'SEMILLA': 50, 'FCN-NACION': 0, 'PPN': 3, 'UR': 7, 'URNG-MAIZ WINAQ': 8, 'CREO': 8, 'BIEN': 11, 'VIVA': 16, 'MI FAMILIA': 9, 'CAMBIO': 1, 'VOS': 20}",2,30,279,0,Algún campo sin dato,0.Distrito Central,1.Guatemala,0032,presidente
398,,"{'UNE': 30, 'AZUL': 5, 'VALOR UNIONISTA': 22, 'CABAL': 16, 'TODOS': 0, 'VAMOS': 3, 'PHG': 1, 'PR': 8, 'PIN': 1, 'ELEFANTE': 1, 'VICTORIA': 11, 'SEMILLA': 62, 'FCN-NACION': 1, 'PPN': 1, 'UR': 4, 'URNG-MAIZ WINAQ': 6, 'CREO': 3, 'BIEN': 7, 'VIVA': 17, 'MI FAMILIA': 4, 'CAMBIO': 0, 'VOS': 23}",1,32,259,0,Algún campo sin dato,0.Distrito Central,1.Guatemala,0032,presidente
399,,"{'UNE': 31, 'AZUL': 3, 'VALOR UNIONISTA': 37, 'CABAL': 17, 'TODOS': 1, 'VAMOS': 6, 'PHG': 1, 'PR': 5, 'PIN': 0, 'ELEFANTE': 3, 'VICTORIA': 5, 'SEMILLA': 62, 'FCN-NACION': 3, 'PPN': 2, 'UR': 3, 'URNG-MAIZ WINAQ': 4, 'CREO': 5, 'BIEN': 6, 'VIVA': 17, 'MI FAMILIA': 3, 'CAMBIO': 1, 'VOS': 20}",1,26,262,0,Algún campo sin dato,0.Distrito Central,1.Guatemala,0032,presidente
400,,"{'UNE': 20, 'AZUL': 3, 'VALOR UNIONISTA': 22, 'CABAL': 14, 'TODOS': 0, 'VAMOS': 4, 'PHG': 0, 'PR': 3, 'PIN': 0, 'ELEFANTE': 4, 'VICTORIA': 4, 'SEMILLA': 67, 'FCN-NACION': 0, 'PPN': 0, 'UR': 3, 'URNG-MAIZ WINAQ': 2, 'CREO': 3, 'BIEN': 5, 'VIVA': 11, 'MI FAMILIA': 2, 'CAMBIO': 1, 'VOS': 21}",1,32,222,0,Algún campo sin dato,0.Distrito Central,1.Guatemala,0032,presidente
401,,"{'UNE': 17, 'AZUL': 0, 'VALOR UNIONISTA': 24, 'CABAL': 11, 'TODOS': 1, 'VAMOS': 5, 'PHG': 0, 'PR': 3, 'PIN': 1, 'ELEFANTE': 2, 'VICTORIA': 3, 'SEMILLA': 72, 'FCN-NACION': 1, 'PPN': 0, 'UR': 4, 'URNG-MAIZ WINAQ': 6, 'CREO': 6, 'BIEN': 5, 'VIVA': 15, 'MI FAMILIA': 1, 'CAMBIO': 0, 'VOS': 27}",0,30,234,0,Algún campo sin dato,0.Distrito Central,1.Guatemala,0032,presidente
402,,"{'UNE': 32, 'AZUL': 1, 'VALOR UNIONISTA': 27, 'CABAL': 19, 'TODOS': 1, 'VAMOS': 7, 'PHG': 0, 'PR': 2, 'PIN': 0, 'ELEFANTE': 5, 'VICTORIA': 11, 'SEMILLA': 46, 'FCN-NACION': 1, 'PPN': 2, 'UR': 7, 'URNG-MAIZ WINAQ': 2, 'CREO': 3, 'BIEN': 5, 'VIVA': 17, 'MI FAMILIA': 4, 'CAMBIO': 0, 'VOS': 18}",1,31,242,0,Algún campo sin dato,0.Distrito Central,1.Guatemala,0032,presidente
403,,"{'UNE': 14, 'AZUL': 2, 'VALOR UNIONISTA': 20, 'CABAL': 8, 'TODOS': 0, 'VAMOS': 3, 'PHG': 3, 'PR': 4, 'PIN': 0, 'ELEFANTE': 7, 'VICTORIA': 12, 'SEMILLA': 72, 'FCN-NACION': 0, 'PPN': 1, 'UR': 2, 'URNG-MAIZ WINAQ': 6, 'CREO': 5, 'BIEN': 13, 'VIVA': 11, 'MI FAMILIA': 5, 'CAMBIO': 0, 'VOS': 23}",5,39,255,0,Algún campo sin dato,0.Distrito Central,1.Guatemala,0032,presidente
404,,"{'UNE': 18, 'AZUL': 2, 'VALOR UNIONISTA': 27, 'CABAL': 16, 'TODOS': 0, 'VAMOS': 1, 'PHG': 0, 'PR': 3, 'PIN': 0, 'ELEFANTE': 3, 'VICTORIA': 9, 'SEMILLA': 66, 'FCN-NACION': 0, 'PPN': 0, 'UR': 3, 'URNG-MAIZ WINAQ': 4, 'CREO': 4, 'BIEN': 13, 'VIVA': 13, 'MI FAMILIA': 6, 'CAMBIO': 0, 'VOS': 22}",0,29,239,2,Sumas Asentadas sin cuadrar,0.Distrito Central,1.Guatemala,0032,presidente
405,,"{'UNE': 24, 'AZUL': 5, 'VALOR UNIONISTA': 27, 'CABAL': 16, 'TODOS': 2, 'VAMOS': 5, 'PHG': 0, 'PR': 3, 'PIN': 0, 'ELEFANTE': 5, 'VICTORIA': 6, 'SEMILLA': 66, 'FCN-NACION': 3, 'PPN': 2, 'UR': 4, 'URNG-MAIZ WINAQ': 8, 'CREO': 4, 'BIEN': 19, 'VIVA': 0, 'MI FAMILIA': 5, 'CAMBIO': 0, 'VOS': 26}",2,32,264,0,Sumas Asentadas sin cuadrar,0.Distrito Central,1.Guatemala,0032,presidente
406,,"{'UNE': 29, 'AZUL': 3, 'VALOR UNIONISTA': 33, 'CABAL': 17, 'TODOS': 1, 'VAMOS': 5, 'PHG': 1, 'PR': 4, 'PIN': 1, 'ELEFANTE': 2, 'VICTORIA': 8, 'SEMILLA': 48, 'FCN-NACION': 2, 'PPN': 0, 'UR': 5, 'URNG-MAIZ WINAQ': 4, 'CREO': 6, 'BIEN': 6, 'VIVA': 15, 'MI FAMILIA': 7, 'CAMBIO': 0, 'VOS': 20}",0,22,239,0,Algún campo sin dato,0.Distrito Central,1.Guatemala,0032,presidente
407,,"{'UNE': 20, 'AZUL': 2, 'VALOR UNIONISTA': 26, 'CABAL': 22, 'TODOS': 1, 'VAMOS': 5, 'PHG': 0, 'PR': 6, 'PIN': 1, 'ELEFANTE': 3, 'VICTORIA': 9, 'SEMILLA': 58, 'FCN-NACION': 1, 'PPN': 0, 'UR': 6, 'URNG-MAIZ WINAQ': 0, 'CREO': 7, 'BIEN': 19, 'VIVA': 13, 'MI FAMILIA': 5, 'CAMBIO': 0, 'VOS': 21}",1,34,260,0,Algún campo sin dato,0.Distrito Central,1.Guatemala,0032,presidente
408,,"{'UNE': 28, 'AZUL': 2, 'VALOR UNIONISTA': 32, 'CABAL': 12, 'TODOS': 1, 'VAMOS': 6, 'PHG': 2, 'PR': 5, 'PIN': 0, 'ELEFANTE': 1, 'VICTORIA': 4, 'SEMILLA': 62, 'FCN-NACION': 0, 'PPN': 0, 'UR': 5, 'URNG-MAIZ WINAQ': 2, 'CREO': 4, 'BIEN': 13, 'VIVA': 11, 'MI FAMILIA': 4, 'CAMBIO': 2, 'VOS': 31}",3,24,254,0,Algún campo sin dato,0.Distrito Central,1.Guatemala,0032,presidente
409,,"{'UNE': 21, 'AZUL': 3, 'VALOR UNIONISTA': 22, 'CABAL': 13, 'TODOS': 1, 'VAMOS': 3, 'PHG': 0, 'PR': 8, 'PIN': 0, 'ELEFANTE': 4, 'VICTORIA': 8, 'SEMILLA': 61, 'FCN-NACION': 0, 'PPN': 0, 'UR': 4, 'URNG-MAIZ WINAQ': 4, 'CREO': 6, 'BIEN': 12, 'VIVA': 16, 'MI FAMILIA': 8, 'CAMBIO': 0, 'VOS': 16}",1,34,245,0,Algún campo sin dato,0.Distrito Central,1.Guatemala,0032,presidente
410,,"{'UNE': 26, 'AZUL': 1, 'VALOR UNIONISTA': 38, 'CABAL': 16, 'TODOS': 3, 'VAMOS': 3, 'PHG': 1, 'PR': 3, 'PIN': 0, 'ELEFANTE': 4, 'VICTORIA': 7, 'SEMILLA': 64, 'FCN-NACION': 0, 'PPN': 1, 'UR': 3, 'URNG-MAIZ WINAQ': 5, 'CREO': 3, 'BIEN': 8, 'VIVA': 17, 'MI FAMILIA': 2, 'CAMBIO': 0, 'VOS': 17}",5,24,251,0,Algún campo sin dato,0.Distrito Central,1.Guatemala,0033,presidente
411,,"{'UNE': 37, 'AZUL': 3, 'VALOR UNIONISTA': 25, 'CABAL': 20, 'TODOS': 0, 'VAMOS': 4, 'PHG': 0, 'PR': 5, 'PIN': 0, 'ELEFANTE': 3, 'VICTORIA': 9, 'SEMILLA': 46, 'FCN-NACION': 2, 'PPN': 0, 'UR': 6, 'URNG-MAIZ WINAQ': 1, 'CREO': 4, 'BIEN': 10, 'VIVA': 22, 'MI FAMILIA': 5, 'CAMBIO': 1, 'VOS': 14}",3,35,255,144,Algún campo sin dato,0.Distrito Central,1.Guatemala,0033,presidente
412,,"{'UNE': 22, 'AZUL': 3, 'VALOR UNIONISTA': 22, 'CABAL': 13, 'TODOS': 0, 'VAMOS': 5, 'PHG': 0, 'PR': 5, 'PIN': 1, 'ELEFANTE': 4, 'VICTORIA': 12, 'SEMILLA': 49, 'FCN-NACION': 1, 'PPN': 0, 'UR': 5, 'URNG-MAIZ WINAQ': 6, 'CREO': 5, 'BIEN': 12, 'VIVA': 11, 'MI FAMILIA': 9, 'CAMBIO': 0, 'VOS': 18}",4,38,245,0,Algún campo sin dato,0.Distrito Central,1.Guatemala,0033,presidente
413,,"{'UNE': 23, 'AZUL': 1, 'VALOR UNIONISTA': 21, 'CABAL': 18, 'TODOS': 0, 'VAMOS': 4, 'PHG': 0, 'PR': 1, 'PIN': 0, 'ELEFANTE': 4, 'VICTORIA': 12, 'SEMILLA': 56, 'FCN-NACION': 3, 'PPN': 2, 'UR': 5, 'URNG-MAIZ WINAQ': 8, 'CREO': 7, 'BIEN': 13, 'VIVA': 16, 'MI FAMILIA': 7, 'CAMBIO': 0, 'VOS': 13}",1,35,250,0,Algún campo sin dato,0.Distrito Central,1.Guatemala,0033,presidente
414,,"{'UNE': 23, 'AZUL': 5, 'VALOR UNIONISTA': 25, 'CABAL': 15, 'TODOS': 0, 'VAMOS': 6, 'PHG': 0, 'PR': 5, 'PIN': 0, 'ELEFANTE': 1, 'VICTORIA': 5, 'SEMILLA': 45, 'FCN-NACION': 0, 'PPN': 3, 'UR': 3, 'URNG-MAIZ WINAQ': 2, 'CREO': 7, 'BIEN': 7, 'VIVA': 21, 'MI FAMILIA': 6, 'CAMBIO': 0, 'VOS': 24}",1,26,230,0,Algún campo sin dato,0.Distrito Central,1.Guatemala,0033,presidente
415,,"{'UNE': 27, 'AZUL': 2, 'VALOR UNIONISTA': 27, 'CABAL': 12, 'TODOS': 1, 'VAMOS': 4, 'PHG': 0, 'PR': 3, 'PIN': 0, 'ELEFANTE': 1, 'VICTORIA': 5, 'SEMILLA': 50, 'FCN-NACION': 1, 'PPN': 2, 'UR': 4, 'URNG-MAIZ WINAQ': 6, 'CREO': 4, 'BIEN': 11, 'VIVA': 12, 'MI FAMILIA': 6, 'CAMBIO': 0, 'VOS': 18}",3,26,225,0,,0.Distrito Central,1.Guatemala,0033,presidente
416,,"{'UNE': 18, 'AZUL': 1, 'VALOR UNIONISTA': 21, 'CABAL': 11, 'TODOS': 0, 'VAMOS': 6, 'PHG': 0, 'PR': 4, 'PIN': 1, 'ELEFANTE': 2, 'VICTORIA': 9, 'SEMILLA': 52, 'FCN-NACION': 0, 'PPN': 1, 'UR': 0, 'URNG-MAIZ WINAQ': 5, 'CREO': 2, 'BIEN': 8, 'VIVA': 18, 'MI FAMILIA': 5, 'CAMBIO': 0, 'VOS': 24}",1,27,216,0,Algún campo sin dato,0.Distrito Central,1.Guatemala,0033,presidente
417,,"{'UNE': 22, 'AZUL': 1, 'VALOR UNIONISTA': 28, 'CABAL': 11, 'TODOS': 2, 'VAMOS': 6, 'PHG': 1, 'PR': 1, 'PIN': 0, 'ELEFANTE': 2, 'VICTORIA': 15, 'SEMILLA': 73, 'FCN-NACION': 0, 'PPN': 0, 'UR': 1, 'URNG-MAIZ WINAQ': 6, 'CREO': 4, 'BIEN': 3, 'VIVA': 10, 'MI FAMILIA': 2, 'CAMBIO': 0, 'VOS': 14}",0,26,228,0,Algún campo sin dato,0.Distrito Central,1.Guatemala,0033,presidente
418,,"{'UNE': 14, 'AZUL': 0, 'VALOR UNIONISTA': 22, 'CABAL': 11, 'TODOS': 0, 'VAMOS': 2, 'PHG': 0, 'PR': 1, 'PIN': 0, 'ELEFANTE': 1, 'VICTORIA': 9, 'SEMILLA': 89, 'FCN-NACION': 1, 'PPN': 0, 'UR': 3, 'URNG-MAIZ WINAQ': 4, 'CREO': 3, 'BIEN': 8, 'VIVA': 15, 'MI FAMILIA': 3, 'CAMBIO': 2, 'VOS': 22}",1,14,225,0,Algún campo sin dato,0.Distrito Central,1.Guatemala,0033,presidente
419,,"{'UNE': 11, 'AZUL': 0, 'VALOR UNIONISTA': 18, 'CABAL': 14, 'TODOS': 0, 'VAMOS': 2, 'PHG': 0, 'PR': 1, 'PIN': 1, 'ELEFANTE': 2, 'VICTORIA': 4, 'SEMILLA': 139, 'FCN-NACION': 0, 'PPN': 0, 'UR': 2, 'URNG-MAIZ WINAQ': 3, 'CREO': 1, 'BIEN': 15, 'VIVA': 9, 'MI FAMILIA': 3, 'CAMBIO': 1, 'VOS': 6}",0,14,246,0,Algún campo sin dato,0.Distrito Central,1.Guatemala,0033,presidente
420,,"{'UNE': 9, 'AZUL': 1, 'VALOR UNIONISTA': 10, 'CABAL': 8, 'TODOS': 0, 'VAMOS': 3, 'PHG': 0, 'PR': 0, 'PIN': 1, 'ELEFANTE': 1, 'VICTORIA': 4, 'SEMILLA': 111, 'FCN-NACION': 0, 'PPN': 0, 'UR': 3, 'URNG-MAIZ WINAQ': 1, 'CREO': 1, 'BIEN': 15, 'VIVA': 13, 'MI FAMILIA': 0, 'CAMBIO': 0, 'VOS': 16}",0,21,218,0,Algún campo sin dato,0.Distrito Central,1.Guatemala,0033,presidente
421,,"{'UNE': 11, 'AZUL': 1, 'VALOR UNIONISTA': 13, 'CABAL': 8, 'TODOS': 1, 'VAMOS': 2, 'PHG': 0, 'PR': 1, 'PIN': 0, 'ELEFANTE': 2, 'VICTORIA': 4, 'SEMILLA': 118, 'FCN-NACION': 0, 'PPN': 1, 'UR': 4, 'URNG-MAIZ WINAQ': 2, 'CREO': 3, 'BIEN': 7, 'VIVA': 10, 'MI FAMILIA': 1, 'CAMBIO': 0, 'VOS': 11}",0,13,213,0,Algún campo sin dato,0.Distrito Central,1.Guatemala,0033,presidente
422,,"{'UNE': 8, 'AZUL': 0, 'VALOR UNIONISTA': 11, 'CABAL': 7, 'TODOS': 3, 'VAMOS': 0, 'PHG': 0, 'PR': 2, 'PIN': 0, 'ELEFANTE': 5, 'VICTORIA': 2, 'SEMILLA': 94, 'FCN-NACION': 0, 'PPN': 0, 'UR': 0, 'URNG-MAIZ WINAQ': 1, 'CREO': 1, 'BIEN': 12, 'VIVA': 5, 'MI FAMILIA': 0, 'CAMBIO': 1, 'VOS': 18}",1,19,190,0,Algún campo sin dato,0.Distrito Central,1.Guatemala,0033,presidente
423,,"{'UNE': 10, 'AZUL': 0, 'VALOR UNIONISTA': 7, 'CABAL': 7, 'TODOS': 0, 'VAMOS': 4, 'PHG': 0, 'PR': 1, 'PIN': 0, 'ELEFANTE': 4, 'VICTORIA': 4, 'SEMILLA': 57, 'FCN-NACION': 1, 'PPN': 0, 'UR': 2, 'URNG-MAIZ WINAQ': 7, 'CREO': 2, 'BIEN': 4, 'VIVA': 14, 'MI FAMILIA': 1, 'CAMBIO': 0, 'VOS': 11}",3,25,164,0,Algún campo sin dato,0.Distrito Central,1.Guatemala,0033,presidente
424,,"{'UNE': 10, 'AZUL': 1, 'VALOR UNIONISTA': 14, 'CABAL': 6, 'TODOS': 1, 'VAMOS': 2, 'PHG': 0, 'PR': 0, 'PIN': 0, 'ELEFANTE': 1, 'VICTORIA': 2, 'SEMILLA': 70, 'FCN-NACION': 1, 'PPN': 0, 'UR': 4, 'URNG-MAIZ WINAQ': 0, 'CREO': 2, 'BIEN': 5, 'VIVA': 5, 'MI FAMILIA': 0, 'CAMBIO': 0, 'VOS': 4}",0,13,141,0,Algún campo sin dato,0.Distrito Central,1.Guatemala,0033,presidente
425,,"{'UNE': 8, 'AZUL': 0, 'VALOR UNIONISTA': 11, 'CABAL': 5, 'TODOS': 0, 'VAMOS': 3, 'PHG': 0, 'PR': 0, 'PIN': 1, 'ELEFANTE': 0, 'VICTORIA': 4, 'SEMILLA': 50, 'FCN-NACION': 0, 'PPN': 0, 'UR': 1, 'URNG-MAIZ WINAQ': 0, 'CREO': 3, 'BIEN': 1, 'VIVA': 3, 'MI FAMILIA': 0, 'CAMBIO': 0, 'VOS': 3}",1,6,100,0,Algún campo sin dato,0.Distrito Central,1.Guatemala,0033,presidente
426,,"{'UNE': 6, 'AZUL': 6, 'VALOR UNIONISTA': 47, 'CABAL': 16, 'TODOS': 2, 'VAMOS': 3, 'PHG': 1, 'PR': 4, 'PIN': 0, 'ELEFANTE': 2, 'VICTORIA': 3, 'SEMILLA': 71, 'FCN-NACION': 0, 'PPN': 0, 'UR': 2, 'URNG-MAIZ WINAQ': 4, 'CREO': 6, 'BIEN': 26, 'VIVA': 8, 'MI FAMILIA': 8, 'CAMBIO': 1, 'VOS': 34}",1,21,272,0,Algún campo sin dato,0.Distrito Central,1.Guatemala,0034,presidente
427,,"{'UNE': 7, 'AZUL': 7, 'VALOR UNIONISTA': 43, 'CABAL': 23, 'TODOS': 0, 'VAMOS': 1, 'PHG': 1, 'PR': 4, 'PIN': 1, 'ELEFANTE': 5, 'VICTORIA': 4, 'SEMILLA': 76, 'FCN-NACION': 0, 'PPN': 1, 'UR': 4, 'URNG-MAIZ WINAQ': 4, 'CREO': 5, 'BIEN': 24, 'VIVA': 7, 'MI FAMILIA': 2, 'CAMBIO': 0, 'VOS': 26}",0,29,274,0,Algún campo sin dato,0.Distrito Central,1.Guatemala,0034,presidente
428,,"{'UNE': 8, 'AZUL': 4, 'VALOR UNIONISTA': 4, 'CABAL': 17, 'TODOS': 0, 'VAMOS': 3, 'PHG': 0, 'PR': 7, 'PIN': 0, 'ELEFANTE': 6, 'VICTORIA': 3, 'SEMILLA': 74, 'FCN-NACION': 1, 'PPN': 0, 'UR': 5, 'URNG-MAIZ WINAQ': 3, 'CREO': 4, 'BIEN': 30, 'VIVA': 10, 'MI FAMILIA': 6, 'CAMBIO': 2, 'VOS': 37}",0,17,241,0,Sumas Asentadas sin cuadrar,0.Distrito Central,1.Guatemala,0034,presidente
429,,"{'UNE': 9, 'AZUL': 6, 'VALOR UNIONISTA': 52, 'CABAL': 17, 'TODOS': 1, 'VAMOS': 3, 'PHG': 0, 'PR': 2, 'PIN': 2, 'ELEFANTE': 2, 'VICTORIA': 3, 'SEMILLA': 73, 'FCN-NACION': 0, 'PPN': 0, 'UR': 6, 'URNG-MAIZ WINAQ': 7, 'CREO': 3, 'BIEN': 17, 'VIVA': 7, 'MI FAMILIA': 6, 'CAMBIO': 0, 'VOS': 34}",1,24,275,0,Algún campo sin dato,0.Distrito Central,1.Guatemala,0034,presidente
430,,"{'UNE': 8, 'AZUL': 7, 'VALOR UNIONISTA': 48, 'CABAL': 16, 'TODOS': 1, 'VAMOS': 1, 'PHG': 0, 'PR': 1, 'PIN': 0, 'ELEFANTE': 1, 'VICTORIA': 5, 'SEMILLA': 66, 'FCN-NACION': 2, 'PPN': 1, 'UR': 2, 'URNG-MAIZ WINAQ': 7, 'CREO': 4, 'BIEN': 20, 'VIVA': 7, 'MI FAMILIA': 12, 'CAMBIO': 0, 'VOS': 30}",1,32,272,0,Algún campo sin dato,0.Distrito Central,1.Guatemala,0034,presidente
431,,"{'UNE': 11, 'AZUL': 6, 'VALOR UNIONISTA': 42, 'CABAL': 15, 'TODOS': 1, 'VAMOS': 7, 'PHG': 0, 'PR': 1, 'PIN': 3, 'ELEFANTE': 3, 'VICTORIA': 2, 'SEMILLA': 71, 'FCN-NACION': 1, 'PPN': 0, 'UR': 3, 'URNG-MAIZ WINAQ': 2, 'CREO': 6, 'BIEN': 21, 'VIVA': 8, 'MI FAMILIA': 4, 'CAMBIO': 1, 'VOS': 33}",0,30,271,0,Algún campo sin dato,0.Distrito Central,1.Guatemala,0034,presidente
432,,"{'UNE': 6, 'AZUL': 1, 'VALOR UNIONISTA': 36, 'CABAL': 19, 'TODOS': 1, 'VAMOS': 1, 'PHG': 0, 'PR': 2, 'PIN': 0, 'ELEFANTE': 0, 'VICTORIA': 4, 'SEMILLA': 84, 'FCN-NACION': 0, 'PPN': 0, 'UR': 3, 'URNG-MAIZ WINAQ': 4, 'CREO': 3, 'BIEN': 23, 'VIVA': 5, 'MI FAMILIA': 2, 'CAMBIO': 0, 'VOS': 30}",0,19,243,1,Algún campo sin dato,0.Distrito Central,1.Guatemala,0034,presidente
433,,"{'UNE': 7, 'AZUL': 4, 'VALOR UNIONISTA': 34, 'CABAL': 19, 'TODOS': 1, 'VAMOS': 2, 'PHG': 0, 'PR': 1, 'PIN': 0, 'ELEFANTE': 2, 'VICTORIA': 2, 'SEMILLA': 84, 'FCN-NACION': 1, 'PPN': 0, 'UR': 1, 'URNG-MAIZ WINAQ': 4, 'CREO': 6, 'BIEN': 14, 'VIVA': 13, 'MI FAMILIA': 5, 'CAMBIO': 0, 'VOS': 40}",1,20,261,1,Algún campo sin dato,0.Distrito Central,1.Guatemala,0034,presidente
434,,"{'UNE': 15, 'AZUL': 3, 'VALOR UNIONISTA': 33, 'CABAL': 21, 'TODOS': 0, 'VAMOS': 6, 'PHG': 0, 'PR': 4, 'PIN': 0, 'ELEFANTE': 1, 'VICTORIA': 4, 'SEMILLA': 88, 'FCN-NACION': 1, 'PPN': 0, 'UR': 3, 'URNG-MAIZ WINAQ': 4, 'CREO': 2, 'BIEN': 22, 'VIVA': 6, 'MI FAMILIA': 2, 'CAMBIO': 1, 'VOS': 37}",0,15,268,0,Algún campo sin dato,0.Distrito Central,1.Guatemala,0034,presidente
435,,"{'UNE': 4, 'AZUL': 3, 'VALOR UNIONISTA': 31, 'CABAL': 16, 'TODOS': 2, 'VAMOS': 5, 'PHG': 0, 'PR': 2, 'PIN': 0, 'ELEFANTE': 0, 'VICTORIA': 6, 'SEMILLA': 94, 'FCN-NACION': 1, 'PPN': 0, 'UR': 2, 'URNG-MAIZ WINAQ': 3, 'CREO': 4, 'BIEN': 18, 'VIVA': 7, 'MI FAMILIA': 3, 'CAMBIO': 0, 'VOS': 37}",1,15,254,1,Algún campo sin dato,0.Distrito Central,1.Guatemala,0034,presidente
436,,"{'UNE': 11, 'AZUL': 3, 'VALOR UNIONISTA': 42, 'CABAL': 19, 'TODOS': 0, 'VAMOS': 5, 'PHG': 0, 'PR': 7, 'PIN': 1, 'ELEFANTE': 2, 'VICTORIA': 4, 'SEMILLA': 74, 'FCN-NACION': 0, 'PPN': 0, 'UR': 4, 'URNG-MAIZ WINAQ': 1, 'CREO': 5, 'BIEN': 17, 'VIVA': 7, 'MI FAMILIA': 10, 'CAMBIO': 1, 'VOS': 33}",0,27,273,0,Algún campo sin dato,0.Distrito Central,1.Guatemala,0034,presidente
437,,"{'UNE': 3, 'AZUL': 6, 'VALOR UNIONISTA': 54, 'CABAL': 24, 'TODOS': 0, 'VAMOS': 4, 'PHG': 0, 'PR': 4, 'PIN': 1, 'ELEFANTE': 3, 'VICTORIA': 3, 'SEMILLA': 71, 'FCN-NACION': 0, 'PPN': 0, 'UR': 7, 'URNG-MAIZ WINAQ': 5, 'CREO': 1, 'BIEN': 22, 'VIVA': 5, 'MI FAMILIA': 5, 'CAMBIO': 0, 'VOS': 34}",1,26,279,0,Algún campo sin dato,0.Distrito Central,1.Guatemala,0035,presidente
438,,"{'UNE': 6, 'AZUL': 2, 'VALOR UNIONISTA': 42, 'CABAL': 22, 'TODOS': 0, 'VAMOS': 4, 'PHG': 0, 'PR': 4, 'PIN': 0, 'ELEFANTE': 2, 'VICTORIA': 0, 'SEMILLA': 100, 'FCN-NACION': 0, 'PPN': 0, 'UR': 5, 'URNG-MAIZ WINAQ': 3, 'CREO': 3, 'BIEN': 23, 'VIVA': 6, 'MI FAMILIA': 4, 'CAMBIO': 1, 'VOS': 34}",0,24,285,0,Algún campo sin dato,0.Distrito Central,1.Guatemala,0035,presidente
439,,"{'UNE': 14, 'AZUL': 10, 'VALOR UNIONISTA': 43, 'CABAL': 24, 'TODOS': 0, 'VAMOS': 3, 'PHG': 0, 'PR': 8, 'PIN': 0, 'ELEFANTE': 5, 'VICTORIA': 1, 'SEMILLA': 99, 'FCN-NACION': 1, 'PPN': 0, 'UR': 1, 'URNG-MAIZ WINAQ': 6, 'CREO': 3, 'BIEN': 22, 'VIVA': 9, 'MI FAMILIA': 0, 'CAMBIO': 0, 'VOS': 40}",1,26,316,0,Algún campo sin dato,0.Distrito Central,1.Guatemala,0035,presidente
440,,"{'UNE': 9, 'AZUL': 3, 'VALOR UNIONISTA': 45, 'CABAL': 17, 'TODOS': 1, 'VAMOS': 3, 'PHG': 2, 'PR': 2, 'PIN': 0, 'ELEFANTE': 4, 'VICTORIA': 4, 'SEMILLA': 89, 'FCN-NACION': 0, 'PPN': 0, 'UR': 2, 'URNG-MAIZ WINAQ': 4, 'CREO': 5, 'BIEN': 17, 'VIVA': 5, 'MI FAMILIA': 5, 'CAMBIO': 0, 'VOS': 39}",1,31,288,112,Algún campo sin dato,0.Distrito Central,1.Guatemala,0035,presidente
441,,"{'UNE': 13, 'AZUL': 10, 'VALOR UNIONISTA': 45, 'CABAL': 15, 'TODOS': 1, 'VAMOS': 4, 'PHG': 0, 'PR': 8, 'PIN': 0, 'ELEFANTE': 4, 'VICTORIA': 1, 'SEMILLA': 83, 'FCN-NACION': 1, 'PPN': 1, 'UR': 5, 'URNG-MAIZ WINAQ': 4, 'CREO': 6, 'BIEN': 15, 'VIVA': 10, 'MI FAMILIA': 4, 'CAMBIO': 0, 'VOS': 31}",0,29,290,0,Algún campo sin dato,0.Distrito Central,1.Guatemala,0035,presidente
442,,"{'UNE': 10, 'AZUL': 3, 'VALOR UNIONISTA': 41, 'CABAL': 12, 'TODOS': 1, 'VAMOS': 6, 'PHG': 1, 'PR': 5, 'PIN': 0, 'ELEFANTE': 2, 'VICTORIA': 5, 'SEMILLA': 69, 'FCN-NACION': 1, 'PPN': 0, 'UR': 4, 'URNG-MAIZ WINAQ': 4, 'CREO': 2, 'BIEN': 28, 'VIVA': 7, 'MI FAMILIA': 4, 'CAMBIO': 1, 'VOS': 35}",1,33,275,1,Algún campo sin dato,0.Distrito Central,1.Guatemala,0035,presidente
443,,"{'UNE': 5, 'AZUL': 5, 'VALOR UNIONISTA': 32, 'CABAL': 20, 'TODOS': 0, 'VAMOS': 2, 'PHG': 0, 'PR': 3, 'PIN': 1, 'ELEFANTE': 11, 'VICTORIA': 3, 'SEMILLA': 77, 'FCN-NACION': 1, 'PPN': 0, 'UR': 4, 'URNG-MAIZ WINAQ': 5, 'CREO': 2, 'BIEN': 27, 'VIVA': 5, 'MI FAMILIA': 1, 'CAMBIO': 0, 'VOS': 21}",1,19,245,0,Algún campo sin dato,0.Distrito Central,1.Guatemala,0035,presidente
444,,"{'UNE': 5, 'AZUL': 4, 'VALOR UNIONISTA': 39, 'CABAL': 12, 'TODOS': 0, 'VAMOS': 3, 'PHG': 0, 'PR': 3, 'PIN': 0, 'ELEFANTE': 1, 'VICTORIA': 0, 'SEMILLA': 92, 'FCN-NACION': 0, 'PPN': 1, 'UR': 2, 'URNG-MAIZ WINAQ': 0, 'CREO': 0, 'BIEN': 14, 'VIVA': 5, 'MI FAMILIA': 5, 'CAMBIO': 2, 'VOS': 36}",0,27,251,0,Algún campo sin dato,0.Distrito Central,1.Guatemala,0035,presidente
445,,"{'UNE': 5, 'AZUL': 1, 'VALOR UNIONISTA': 17, 'CABAL': 13, 'TODOS': 1, 'VAMOS': 1, 'PHG': 0, 'PR': 0, 'PIN': 1, 'ELEFANTE': 1, 'VICTORIA': 3, 'SEMILLA': 166, 'FCN-NACION': 0, 'PPN': 0, 'UR': 0, 'URNG-MAIZ WINAQ': 3, 'CREO': 3, 'BIEN': 18, 'VIVA': 1, 'MI FAMILIA': 1, 'CAMBIO': 0, 'VOS': 35}",1,8,279,0,Algún campo sin dato,0.Distrito Central,1.Guatemala,0035,presidente
446,,"{'UNE': 5, 'AZUL': 1, 'VALOR UNIONISTA': 15, 'CABAL': 8, 'TODOS': 0, 'VAMOS': 9, 'PHG': 0, 'PR': 3, 'PIN': 1, 'ELEFANTE': 3, 'VICTORIA': 1, 'SEMILLA': 177, 'FCN-NACION': 0, 'PPN': 0, 'UR': 1, 'URNG-MAIZ WINAQ': 4, 'CREO': 0, 'BIEN': 16, 'VIVA': 2, 'MI FAMILIA': 0, 'CAMBIO': 0, 'VOS': 20}",0,17,283,119,Algún campo sin dato,0.Distrito Central,1.Guatemala,0035,presidente
447,,"{'UNE': 2, 'AZUL': 1, 'VALOR UNIONISTA': 13, 'CABAL': 6, 'TODOS': 0, 'VAMOS': 2, 'PHG': 0, 'PR': 1, 'PIN': 1, 'ELEFANTE': 0, 'VICTORIA': 1, 'SEMILLA': 59, 'FCN-NACION': 0, 'PPN': 0, 'UR': 2, 'URNG-MAIZ WINAQ': 4, 'CREO': 0, 'BIEN': 12, 'VIVA': 3, 'MI FAMILIA': 2, 'CAMBIO': 0, 'VOS': 8}",0,12,129,0,Algún campo sin dato,0.Distrito Central,1.Guatemala,0035,presidente
448,,"{'UNE': 7, 'AZUL': 2, 'VALOR UNIONISTA': 12, 'CABAL': 7, 'TODOS': 0, 'VAMOS': 2, 'PHG': 0, 'PR': 0, 'PIN': 0, 'ELEFANTE': 1, 'VICTORIA': 0, 'SEMILLA': 65, 'FCN-NACION': 0, 'PPN': 0, 'UR': 0, 'URNG-MAIZ WINAQ': 0, 'CREO': 3, 'BIEN': 5, 'VIVA': 1, 'MI FAMILIA': 1, 'CAMBIO': 0, 'VOS': 5}",0,7,118,0,Algún campo sin dato,0.Distrito Central,1.Guatemala,0035,presidente
449,,"{'UNE': 9, 'AZUL': 6, 'VALOR UNIONISTA': 24, 'CABAL': 20, 'TODOS': 1, 'VAMOS': 3, 'PHG': 1, 'PR': 3, 'PIN': 0, 'ELEFANTE': 4, 'VICTORIA': 4, 'SEMILLA': 4, 'FCN-NACION': 0, 'PPN': 0, 'UR': 3, 'URNG-MAIZ WINAQ': 3, 'CREO': 4, 'BIEN': 18, 'VIVA': 9, 'MI FAMILIA': 9, 'CAMBIO': 0, 'VOS': 34}",0,13,172,0,Sumas Asentadas sin cuadrar,0.Distrito Central,1.Guatemala,0036,presidente
450,,"{'UNE': 9, 'AZUL': 5, 'VALOR UNIONISTA': 36, 'CABAL': 18, 'TODOS': 0, 'VAMOS': 6, 'PHG': 1, 'PR': 3, 'PIN': 0, 'ELEFANTE': 7, 'VICTORIA': 3, 'SEMILLA': 82, 'FCN-NACION': 1, 'PPN': 0, 'UR': 8, 'URNG-MAIZ WINAQ': 5, 'CREO': 7, 'BIEN': 3, 'VIVA': 7, 'MI FAMILIA': 6, 'CAMBIO': 0, 'VOS': 42}",0,23,272,0,Sumas Asentadas sin cuadrar,0.Distrito Central,1.Guatemala,0036,presidente
451,,"{'UNE': 7, 'AZUL': 6, 'VALOR UNIONISTA': 34, 'CABAL': 19, 'TODOS': 0, 'VAMOS': 3, 'PHG': 0, 'PR': 5, 'PIN': 0, 'ELEFANTE': 4, 'VICTORIA': 2, 'SEMILLA': 104, 'FCN-NACION': 0, 'PPN': 0, 'UR': 2, 'URNG-MAIZ WINAQ': 5, 'CREO': 4, 'BIEN': 17, 'VIVA': 7, 'MI FAMILIA': 3, 'CAMBIO': 0, 'VOS': 44}",0,32,298,0,Algún campo sin dato,0.Distrito Central,1.Guatemala,0036,presidente
452,,"{'UNE': 9, 'AZUL': 3, 'VALOR UNIONISTA': 29, 'CABAL': 18, 'TODOS': 0, 'VAMOS': 6, 'PHG': 0, 'PR': 3, 'PIN': 0, 'ELEFANTE': 4, 'VICTORIA': 4, 'SEMILLA': 95, 'FCN-NACION': 0, 'PPN': 0, 'UR': 5, 'URNG-MAIZ WINAQ': 1, 'CREO': 6, 'BIEN': 22, 'VIVA': 2, 'MI FAMILIA': 3, 'CAMBIO': 1, 'VOS': 38}",0,27,276,0,Algún campo sin dato,0.Distrito Central,1.Guatemala,0036,presidente
453,,"{'UNE': 5, 'AZUL': 9, 'VALOR UNIONISTA': 40, 'CABAL': 17, 'TODOS': 1, 'VAMOS': 2, 'PHG': 1, 'PR': 9, 'PIN': 0, 'ELEFANTE': 1, 'VICTORIA': 1, 'SEMILLA': 109, 'FCN-NACION': 0, 'PPN': 2, 'UR': 6, 'URNG-MAIZ WINAQ': 1, 'CREO': 5, 'BIEN': 21, 'VIVA': 2, 'MI FAMILIA': 4, 'CAMBIO': 0, 'VOS': 37}",1,17,291,3,Algún campo sin dato,0.Distrito Central,1.Guatemala,0036,presidente
454,,"{'UNE': 7, 'AZUL': 5, 'VALOR UNIONISTA': 21, 'CABAL': 14, 'TODOS': 2, 'VAMOS': 2, 'PHG': 0, 'PR': 0, 'PIN': 0, 'ELEFANTE': 9, 'VICTORIA': 3, 'SEMILLA': 110, 'FCN-NACION': 2, 'PPN': 1, 'UR': 2, 'URNG-MAIZ WINAQ': 6, 'CREO': 2, 'BIEN': 17, 'VIVA': 6, 'MI FAMILIA': 10, 'CAMBIO': 1, 'VOS': 35}",1,18,274,0,Algún campo sin dato,0.Distrito Central,1.Guatemala,0036,presidente
455,,"{'UNE': 10, 'AZUL': 1, 'VALOR UNIONISTA': 41, 'CABAL': 23, 'TODOS': 1, 'VAMOS': 2, 'PHG': 0, 'PR': 4, 'PIN': 0, 'ELEFANTE': 2, 'VICTORIA': 1, 'SEMILLA': 102, 'FCN-NACION': 0, 'PPN': 1, 'UR': 3, 'URNG-MAIZ WINAQ': 1, 'CREO': 4, 'BIEN': 19, 'VIVA': 9, 'MI FAMILIA': 2, 'CAMBIO': 1, 'VOS': 33}",0,26,286,0,Algún campo sin dato,0.Distrito Central,1.Guatemala,0036,presidente
456,,"{'UNE': 6, 'AZUL': 6, 'VALOR UNIONISTA': 28, 'CABAL': 21, 'TODOS': 0, 'VAMOS': 8, 'PHG': 0, 'PR': 3, 'PIN': 0, 'ELEFANTE': 2, 'VICTORIA': 4, 'SEMILLA': 93, 'FCN-NACION': 0, 'PPN': 0, 'UR': 7, 'URNG-MAIZ WINAQ': 3, 'CREO': 1, 'BIEN': 21, 'VIVA': 6, 'MI FAMILIA': 9, 'CAMBIO': 0, 'VOS': 43}",0,23,284,116,Algún campo sin dato,0.Distrito Central,1.Guatemala,0036,presidente
457,,"{'UNE': 12, 'AZUL': 5, 'VALOR UNIONISTA': 22, 'CABAL': 25, 'TODOS': 0, 'VAMOS': 1, 'PHG': 0, 'PR': 3, 'PIN': 0, 'ELEFANTE': 12, 'VICTORIA': 2, 'SEMILLA': 88, 'FCN-NACION': 0, 'PPN': 0, 'UR': 7, 'URNG-MAIZ WINAQ': 2, 'CREO': 4, 'BIEN': 15, 'VIVA': 7, 'MI FAMILIA': 8, 'CAMBIO': 0, 'VOS': 37}",0,33,283,0,Algún campo sin dato,0.Distrito Central,1.Guatemala,0037,presidente
458,,"{'UNE': 9, 'AZUL': 4, 'VALOR UNIONISTA': 33, 'CABAL': 22, 'TODOS': 0, 'VAMOS': 5, 'PHG': 1, 'PR': 6, 'PIN': 0, 'ELEFANTE': 5, 'VICTORIA': 3, 'SEMILLA': 92, 'FCN-NACION': 0, 'PPN': 1, 'UR': 1, 'URNG-MAIZ WINAQ': 1, 'CREO': 1, 'BIEN': 18, 'VIVA': 6, 'MI FAMILIA': 6, 'CAMBIO': 0, 'VOS': 16}",1,29,260,0,Algún campo sin dato,0.Distrito Central,1.Guatemala,0037,presidente
459,,"{'UNE': 11, 'AZUL': 4, 'VALOR UNIONISTA': 29, 'CABAL': 12, 'TODOS': 1, 'VAMOS': 1, 'PHG': 0, 'PR': 2, 'PIN': 0, 'ELEFANTE': 1, 'VICTORIA': 5, 'SEMILLA': 98, 'FCN-NACION': 1, 'PPN': 1, 'UR': 0, 'URNG-MAIZ WINAQ': 7, 'CREO': 3, 'BIEN': 11, 'VIVA': 8, 'MI FAMILIA': 2, 'CAMBIO': 0, 'VOS': 32}",0,22,251,0,Algún campo sin dato,0.Distrito Central,1.Guatemala,0037,presidente
460,,"{'UNE': 2, 'AZUL': 1, 'VALOR UNIONISTA': 12, 'CABAL': 8, 'TODOS': 0, 'VAMOS': 4, 'PHG': 0, 'PR': 3, 'PIN': 1, 'ELEFANTE': 1, 'VICTORIA': 6, 'SEMILLA': 139, 'FCN-NACION': 1, 'PPN': 0, 'UR': 0, 'URNG-MAIZ WINAQ': 3, 'CREO': 3, 'BIEN': 15, 'VIVA': 4, 'MI FAMILIA': 0, 'CAMBIO': 0, 'VOS': 23}",0,8,234,0,Algún campo sin dato,0.Distrito Central,1.Guatemala,0037,presidente
461,,"{'UNE': 7, 'AZUL': 0, 'VALOR UNIONISTA': 13, 'CABAL': 13, 'TODOS': 1, 'VAMOS': 2, 'PHG': 1, 'PR': 2, 'PIN': 0, 'ELEFANTE': 3, 'VICTORIA': 3, 'SEMILLA': 93, 'FCN-NACION': 2, 'PPN': 0, 'UR': 3, 'URNG-MAIZ WINAQ': 0, 'CREO': 4, 'BIEN': 8, 'VIVA': 2, 'MI FAMILIA': 0, 'CAMBIO': 0, 'VOS': 17}",2,8,184,0,Algún campo sin dato,0.Distrito Central,1.Guatemala,0037,presidente
462,,"{'UNE': 16, 'AZUL': 2, 'VALOR UNIONISTA': 37, 'CABAL': 10, 'TODOS': 0, 'VAMOS': 4, 'PHG': 1, 'PR': 6, 'PIN': 1, 'ELEFANTE': 3, 'VICTORIA': 7, 'SEMILLA': 63, 'FCN-NACION': 0, 'PPN': 0, 'UR': 9, 'URNG-MAIZ WINAQ': 3, 'CREO': 5, 'BIEN': 14, 'VIVA': 8, 'MI FAMILIA': 9, 'CAMBIO': 1, 'VOS': 28}",0,29,256,0,Algún campo sin dato,0.Distrito Central,1.Guatemala,0038,presidente
463,,"{'UNE': 19, 'AZUL': 7, 'VALOR UNIONISTA': 29, 'CABAL': 13, 'TODOS': 1, 'VAMOS': 2, 'PHG': 0, 'PR': 5, 'PIN': 2, 'ELEFANTE': 4, 'VICTORIA': 5, 'SEMILLA': 53, 'FCN-NACION': 3, 'PPN': 1, 'UR': 8, 'URNG-MAIZ WINAQ': 8, 'CREO': 3, 'BIEN': 13, 'VIVA': 12, 'MI FAMILIA': 4, 'CAMBIO': 1, 'VOS': 26}",0,36,255,0,Algún campo sin dato,0.Distrito Central,1.Guatemala,0038,presidente
464,,"{'UNE': 26, 'AZUL': 5, 'VALOR UNIONISTA': 43, 'CABAL': 14, 'TODOS': 1, 'VAMOS': 8, 'PHG': 1, 'PR': 6, 'PIN': 2, 'ELEFANTE': 3, 'VICTORIA': 3, 'SEMILLA': 63, 'FCN-NACION': 1, 'PPN': 1, 'UR': 3, 'URNG-MAIZ WINAQ': 4, 'CREO': 2, 'BIEN': 13, 'VIVA': 10, 'MI FAMILIA': 9, 'CAMBIO': 0, 'VOS': 32}",1,21,272,0,Algún campo sin dato,0.Distrito Central,1.Guatemala,0038,presidente
465,,"{'UNE': 17, 'AZUL': 1, 'VALOR UNIONISTA': 35, 'CABAL': 16, 'TODOS': 1, 'VAMOS': 4, 'PHG': 0, 'PR': 4, 'PIN': 2, 'ELEFANTE': 3, 'VICTORIA': 11, 'SEMILLA': 68, 'FCN-NACION': 3, 'PPN': 0, 'UR': 4, 'URNG-MAIZ WINAQ': 6, 'CREO': 3, 'BIEN': 11, 'VIVA': 13, 'MI FAMILIA': 8, 'CAMBIO': 0, 'VOS': 34}",1,21,266,0,Algún campo sin dato,0.Distrito Central,1.Guatemala,0038,presidente
466,,"{'UNE': 23, 'AZUL': 5, 'VALOR UNIONISTA': 22, 'CABAL': 12, 'TODOS': 0, 'VAMOS': 5, 'PHG': 0, 'PR': 7, 'PIN': 3, 'ELEFANTE': 0, 'VICTORIA': 4, 'SEMILLA': 68, 'FCN-NACION': 2, 'PPN': 0, 'UR': 5, 'URNG-MAIZ WINAQ': 5, 'CREO': 6, 'BIEN': 16, 'VIVA': 8, 'MI FAMILIA': 10, 'CAMBIO': 0, 'VOS': 32}",0,26,259,0,Algún campo sin dato,0.Distrito Central,1.Guatemala,0038,presidente
467,,"{'UNE': 18, 'AZUL': 1, 'VALOR UNIONISTA': 32, 'CABAL': 14, 'TODOS': 2, 'VAMOS': 1, 'PHG': 2, 'PR': 1, 'PIN': 0, 'ELEFANTE': 3, 'VICTORIA': 3, 'SEMILLA': 64, 'FCN-NACION': 2, 'PPN': 1, 'UR': 8, 'URNG-MAIZ WINAQ': 3, 'CREO': 4, 'BIEN': 13, 'VIVA': 11, 'MI FAMILIA': 5, 'CAMBIO': 1, 'VOS': 27}",1,29,246,0,Algún campo sin dato,0.Distrito Central,1.Guatemala,0038,presidente
468,,"{'UNE': 12, 'AZUL': 4, 'VALOR UNIONISTA': 43, 'CABAL': 21, 'TODOS': 1, 'VAMOS': 7, 'PHG': 1, 'PR': 3, 'PIN': 2, 'ELEFANTE': 6, 'VICTORIA': 1, 'SEMILLA': 61, 'FCN-NACION': 2, 'PPN': 2, 'UR': 4, 'URNG-MAIZ WINAQ': 7, 'CREO': 1, 'BIEN': 20, 'VIVA': 10, 'MI FAMILIA': 9, 'CAMBIO': 0, 'VOS': 29}",1,26,273,0,Algún campo sin dato,0.Distrito Central,1.Guatemala,0038,presidente
469,,"{'UNE': 10, 'AZUL': 3, 'VALOR UNIONISTA': 34, 'CABAL': 20, 'TODOS': 1, 'VAMOS': 8, 'PHG': 2, 'PR': 5, 'PIN': 2, 'ELEFANTE': 4, 'VICTORIA': 3, 'SEMILLA': 62, 'FCN-NACION': 2, 'PPN': 1, 'UR': 7, 'URNG-MAIZ WINAQ': 6, 'CREO': 2, 'BIEN': 14, 'VIVA': 11, 'MI FAMILIA': 7, 'CAMBIO': 1, 'VOS': 30}",3,25,263,0,Algún campo sin dato,0.Distrito Central,1.Guatemala,0038,presidente
470,,"{'UNE': 14, 'AZUL': 4, 'VALOR UNIONISTA': 32, 'CABAL': 11, 'TODOS': 1, 'VAMOS': 6, 'PHG': 1, 'PR': 5, 'PIN': 0, 'ELEFANTE': 4, 'VICTORIA': 2, 'SEMILLA': 77, 'FCN-NACION': 0, 'PPN': 1, 'UR': 2, 'URNG-MAIZ WINAQ': 2, 'CREO': 1, 'BIEN': 12, 'VIVA': 6, 'MI FAMILIA': 1, 'CAMBIO': 2, 'VOS': 24}",1,24,233,0,Algún campo sin dato,0.Distrito Central,1.Guatemala,0038,presidente
471,,"{'UNE': 11, 'AZUL': 3, 'VALOR UNIONISTA': 17, 'CABAL': 10, 'TODOS': 0, 'VAMOS': 3, 'PHG': 1, 'PR': 3, 'PIN': 1, 'ELEFANTE': 1, 'VICTORIA': 7, 'SEMILLA': 74, 'FCN-NACION': 0, 'PPN': 2, 'UR': 2, 'URNG-MAIZ WINAQ': 6, 'CREO': 2, 'BIEN': 15, 'VIVA': 8, 'MI FAMILIA': 1, 'CAMBIO': 0, 'VOS': 28}",182,23,400,0,Sumas Asentadas sin cuadrar,0.Distrito Central,1.Guatemala,0038,presidente
472,,"{'UNE': 18, 'AZUL': 1, 'VALOR UNIONISTA': 29, 'CABAL': 16, 'TODOS': 1, 'VAMOS': 3, 'PHG': 0, 'PR': 4, 'PIN': 0, 'ELEFANTE': 6, 'VICTORIA': 2, 'SEMILLA': 64, 'FCN-NACION': 1, 'PPN': 0, 'UR': 4, 'URNG-MAIZ WINAQ': 0, 'CREO': 4, 'BIEN': 16, 'VIVA': 5, 'MI FAMILIA': 9, 'CAMBIO': 1, 'VOS': 27}",2,27,240,0,Sumas Asentadas sin cuadrar,0.Distrito Central,1.Guatemala,0038,presidente
473,,"{'UNE': 17, 'AZUL': 1, 'VALOR UNIONISTA': 28, 'CABAL': 17, 'TODOS': 0, 'VAMOS': 11, 'PHG': 3, 'PR': 3, 'PIN': 0, 'ELEFANTE': 3, 'VICTORIA': 2, 'SEMILLA': 79, 'FCN-NACION': 0, 'PPN': 0, 'UR': 7, 'URNG-MAIZ WINAQ': 3, 'CREO': 2, 'BIEN': 13, 'VIVA': 10, 'MI FAMILIA': 4, 'CAMBIO': 1, 'VOS': 28}",0,26,258,0,Algún campo sin dato,0.Distrito Central,1.Guatemala,0038,presidente
474,,"{'UNE': 11, 'AZUL': 4, 'VALOR UNIONISTA': 29, 'CABAL': 19, 'TODOS': 0, 'VAMOS': 2, 'PHG': 0, 'PR': 6, 'PIN': 0, 'ELEFANTE': 6, 'VICTORIA': 3, 'SEMILLA': 66, 'FCN-NACION': 0, 'PPN': 0, 'UR': 3, 'URNG-MAIZ WINAQ': 4, 'CREO': 0, 'BIEN': 22, 'VIVA': 7, 'MI FAMILIA': 4, 'CAMBIO': 0, 'VOS': 27}",1,41,255,0,Algún campo sin dato,0.Distrito Central,1.Guatemala,0038,presidente
475,,"{'UNE': 26, 'AZUL': 4, 'VALOR UNIONISTA': 28, 'CABAL': 15, 'TODOS': 0, 'VAMOS': 4, 'PHG': 0, 'PR': 5, 'PIN': 0, 'ELEFANTE': 2, 'VICTORIA': 4, 'SEMILLA': 65, 'FCN-NACION': 1, 'PPN': 0, 'UR': 5, 'URNG-MAIZ WINAQ': 4, 'CREO': 7, 'BIEN': 16, 'VIVA': 10, 'MI FAMILIA': 4, 'CAMBIO': 0, 'VOS': 31}",2,21,254,0,Algún campo sin dato,0.Distrito Central,1.Guatemala,0038,presidente
476,,"{'UNE': 18, 'AZUL': 3, 'VALOR UNIONISTA': 32, 'CABAL': 11, 'TODOS': 2, 'VAMOS': 2, 'PHG': 2, 'PR': 4, 'PIN': 0, 'ELEFANTE': 3, 'VICTORIA': 4, 'SEMILLA': 59, 'FCN-NACION': 0, 'PPN': 1, 'UR': 2, 'URNG-MAIZ WINAQ': 2, 'CREO': 4, 'BIEN': 12, 'VIVA': 4, 'MI FAMILIA': 3, 'CAMBIO': 1, 'VOS': 27}",0,31,227,0,Algún campo sin dato,0.Distrito Central,1.Guatemala,0038,presidente
477,,"{'UNE': 22, 'AZUL': 2, 'VALOR UNIONISTA': 32, 'CABAL': 12, 'TODOS': 1, 'VAMOS': 6, 'PHG': 0, 'PR': 3, 'PIN': 0, 'ELEFANTE': 3, 'VICTORIA': 2, 'SEMILLA': 67, 'FCN-NACION': 5, 'PPN': 0, 'UR': 2, 'URNG-MAIZ WINAQ': 5, 'CREO': 5, 'BIEN': 11, 'VIVA': 14, 'MI FAMILIA': 8, 'CAMBIO': 1, 'VOS': 33}",1,15,250,149,Algún campo sin dato,0.Distrito Central,1.Guatemala,0038,presidente
478,,"{'UNE': 16, 'AZUL': 2, 'VALOR UNIONISTA': 36, 'CABAL': 16, 'TODOS': 0, 'VAMOS': 4, 'PHG': 0, 'PR': 4, 'PIN': 0, 'ELEFANTE': 7, 'VICTORIA': 3, 'SEMILLA': 64, 'FCN-NACION': 0, 'PPN': 0, 'UR': 6, 'URNG-MAIZ WINAQ': 4, 'CREO': 6, 'BIEN': 13, 'VIVA': 4, 'MI FAMILIA': 9, 'CAMBIO': 0, 'VOS': 28}",1,21,244,0,Algún campo sin dato,0.Distrito Central,1.Guatemala,0038,presidente
479,,"{'UNE': 15, 'AZUL': 4, 'VALOR UNIONISTA': 28, 'CABAL': 24, 'TODOS': 1, 'VAMOS': 6, 'PHG': 0, 'PR': 1, 'PIN': 1, 'ELEFANTE': 8, 'VICTORIA': 4, 'SEMILLA': 78, 'FCN-NACION': 1, 'PPN': 0, 'UR': 2, 'URNG-MAIZ WINAQ': 6, 'CREO': 4, 'BIEN': 16, 'VIVA': 12, 'MI FAMILIA': 2, 'CAMBIO': 0, 'VOS': 31}",133,23,400,0,Algún campo sin dato,0.Distrito Central,1.Guatemala,0038,presidente
480,,"{'UNE': 12, 'AZUL': 2, 'VALOR UNIONISTA': 29, 'CABAL': 15, 'TODOS': 1, 'VAMOS': 9, 'PHG': 1, 'PR': 4, 'PIN': 1, 'ELEFANTE': 3, 'VICTORIA': 4, 'SEMILLA': 68, 'FCN-NACION': 0, 'PPN': 2, 'UR': 0, 'URNG-MAIZ WINAQ': 3, 'CREO': 2, 'BIEN': 13, 'VIVA': 11, 'MI FAMILIA': 4, 'CAMBIO': 2, 'VOS': 31}",3,14,234,0,Algún campo sin dato,0.Distrito Central,1.Guatemala,0038,presidente
481,,"{'UNE': 15, 'AZUL': 3, 'VALOR UNIONISTA': 27, 'CABAL': 17, 'TODOS': 0, 'VAMOS': 0, 'PHG': 0, 'PR': 4, 'PIN': 1, 'ELEFANTE': 0, 'VICTORIA': 3, 'SEMILLA': 68, 'FCN-NACION': 0, 'PPN': 0, 'UR': 6, 'URNG-MAIZ WINAQ': 7, 'CREO': 5, 'BIEN': 13, 'VIVA': 16, 'MI FAMILIA': 9, 'CAMBIO': 0, 'VOS': 25}",0,26,245,0,Algún campo sin dato,0.Distrito Central,1.Guatemala,0038,presidente
482,,"{'UNE': 17, 'AZUL': 5, 'VALOR UNIONISTA': 37, 'CABAL': 14, 'TODOS': 2, 'VAMOS': 2, 'PHG': 0, 'PR': 2, 'PIN': 0, 'ELEFANTE': 4, 'VICTORIA': 3, 'SEMILLA': 58, 'FCN-NACION': 0, 'PPN': 0, 'UR': 0, 'URNG-MAIZ WINAQ': 2, 'CREO': 4, 'BIEN': 12, 'VIVA': 11, 'MI FAMILIA': 7, 'CAMBIO': 0, 'VOS': 25}",2,31,238,0,Algún campo sin dato,0.Distrito Central,1.Guatemala,0038,presidente
483,,"{'UNE': 21, 'AZUL': 3, 'VALOR UNIONISTA': 32, 'CABAL': 17, 'TODOS': 2, 'VAMOS': 2, 'PHG': 1, 'PR': 2, 'PIN': 0, 'ELEFANTE': 1, 'VICTORIA': 4, 'SEMILLA': 61, 'FCN-NACION': 2, 'PPN': 0, 'UR': 4, 'URNG-MAIZ WINAQ': 6, 'CREO': 4, 'BIEN': 8, 'VIVA': 7, 'MI FAMILIA': 6, 'CAMBIO': 0, 'VOS': 16}",1,20,220,3,Algún campo sin dato,0.Distrito Central,1.Guatemala,0038,presidente
484,,"{'UNE': 20, 'AZUL': 2, 'VALOR UNIONISTA': 40, 'CABAL': 12, 'TODOS': 0, 'VAMOS': 2, 'PHG': 1, 'PR': 3, 'PIN': 0, 'ELEFANTE': 1, 'VICTORIA': 5, 'SEMILLA': 64, 'FCN-NACION': 0, 'PPN': 0, 'UR': 4, 'URNG-MAIZ WINAQ': 1, 'CREO': 2, 'BIEN': 16, 'VIVA': 10, 'MI FAMILIA': 4, 'CAMBIO': 0, 'VOS': 21}",1,28,237,0,Algún campo sin dato,0.Distrito Central,1.Guatemala,0038,presidente
485,,"{'UNE': 21, 'AZUL': 4, 'VALOR UNIONISTA': 28, 'CABAL': 12, 'TODOS': 1, 'VAMOS': 3, 'PHG': 0, 'PR': 2, 'PIN': 1, 'ELEFANTE': 3, 'VICTORIA': 2, 'SEMILLA': 72, 'FCN-NACION': 5, 'PPN': 1, 'UR': 3, 'URNG-MAIZ WINAQ': 2, 'CREO': 3, 'BIEN': 5, 'VIVA': 10, 'MI FAMILIA': 2, 'CAMBIO': 1, 'VOS': 21}",0,27,229,0,Algún campo sin dato,0.Distrito Central,1.Guatemala,0038,presidente
486,,"{'UNE': 20, 'AZUL': 5, 'VALOR UNIONISTA': 29, 'CABAL': 15, 'TODOS': 0, 'VAMOS': 2, 'PHG': 0, 'PR': 3, 'PIN': 0, 'ELEFANTE': 2, 'VICTORIA': 3, 'SEMILLA': 62, 'FCN-NACION': 0, 'PPN': 1, 'UR': 4, 'URNG-MAIZ WINAQ': 2, 'CREO': 5, 'BIEN': 20, 'VIVA': 9, 'MI FAMILIA': 1, 'CAMBIO': 0, 'VOS': 29}",1,15,228,0,Algún campo sin dato,0.Distrito Central,1.Guatemala,0038,presidente
487,,"{'UNE': 19, 'AZUL': 1, 'VALOR UNIONISTA': 23, 'CABAL': 12, 'TODOS': 1, 'VAMOS': 4, 'PHG': 0, 'PR': 3, 'PIN': 0, 'ELEFANTE': 4, 'VICTORIA': 1, 'SEMILLA': 81, 'FCN-NACION': 0, 'PPN': 1, 'UR': 3, 'URNG-MAIZ WINAQ': 0, 'CREO': 5, 'BIEN': 10, 'VIVA': 5, 'MI FAMILIA': 1, 'CAMBIO': 0, 'VOS': 24}",0,19,217,0,Sumas Asentadas sin cuadrar,0.Distrito Central,1.Guatemala,0038,presidente
488,,"{'UNE': 12, 'AZUL': 1, 'VALOR UNIONISTA': 21, 'CABAL': 14, 'TODOS': 0, 'VAMOS': 4, 'PHG': 0, 'PR': 2, 'PIN': 3, 'ELEFANTE': 1, 'VICTORIA': 5, 'SEMILLA': 98, 'FCN-NACION': 0, 'PPN': 2, 'UR': 2, 'URNG-MAIZ WINAQ': 2, 'CREO': 1, 'BIEN': 8, 'VIVA': 6, 'MI FAMILIA': 0, 'CAMBIO': 1, 'VOS': 23}",1,11,218,0,Algún campo sin dato,0.Distrito Central,1.Guatemala,0038,presidente
489,,"{'UNE': 7, 'AZUL': 0, 'VALOR UNIONISTA': 15, 'CABAL': 11, 'TODOS': 0, 'VAMOS': 4, 'PHG': 2, 'PR': 2, 'PIN': 0, 'ELEFANTE': 6, 'VICTORIA': 2, 'SEMILLA': 124, 'FCN-NACION': 3, 'PPN': 2, 'UR': 2, 'URNG-MAIZ WINAQ': 1, 'CREO': 0, 'BIEN': 14, 'VIVA': 1, 'MI FAMILIA': 0, 'CAMBIO': 1, 'VOS': 19}",0,11,227,0,Sumas Asentadas sin cuadrar,0.Distrito Central,1.Guatemala,0038,presidente
490,,"{'UNE': 8, 'AZUL': 0, 'VALOR UNIONISTA': 15, 'CABAL': 8, 'TODOS': 0, 'VAMOS': 3, 'PHG': 1, 'PR': 1, 'PIN': 0, 'ELEFANTE': 2, 'VICTORIA': 7, 'SEMILLA': 125, 'FCN-NACION': 1, 'PPN': 0, 'UR': 4, 'URNG-MAIZ WINAQ': 4, 'CREO': 3, 'BIEN': 13, 'VIVA': 0, 'MI FAMILIA': 2, 'CAMBIO': 0, 'VOS': 19}",0,18,234,0,Sumas Asentadas sin cuadrar,0.Distrito Central,1.Guatemala,0038,presidente
491,,"{'UNE': 2, 'AZUL': 0, 'VALOR UNIONISTA': 15, 'CABAL': 2, 'TODOS': 1, 'VAMOS': 1, 'PHG': 0, 'PR': 0, 'PIN': 1, 'ELEFANTE': 4, 'VICTORIA': 2, 'SEMILLA': 109, 'FCN-NACION': 0, 'PPN': 1, 'UR': 3, 'URNG-MAIZ WINAQ': 3, 'CREO': 1, 'BIEN': 5, 'VIVA': 6, 'MI FAMILIA': 2, 'CAMBIO': 0, 'VOS': 10}",0,10,178,0,Algún campo sin dato,0.Distrito Central,1.Guatemala,0038,presidente
492,,"{'UNE': 18, 'AZUL': 0, 'VALOR UNIONISTA': 16, 'CABAL': 9, 'TODOS': 0, 'VAMOS': 5, 'PHG': 0, 'PR': 3, 'PIN': 2, 'ELEFANTE': 2, 'VICTORIA': 3, 'SEMILLA': 85, 'FCN-NACION': 0, 'PPN': 1, 'UR': 0, 'URNG-MAIZ WINAQ': 2, 'CREO': 3, 'BIEN': 6, 'VIVA': 6, 'MI FAMILIA': 2, 'CAMBIO': 0, 'VOS': 13}",0,0,176,12,Algún campo sin dato,0.Distrito Central,1.Guatemala,0038,presidente
493,,"{'UNE': 5, 'AZUL': 2, 'VALOR UNIONISTA': 3, 'CABAL': 4, 'TODOS': 0, 'VAMOS': 0, 'PHG': 0, 'PR': 0, 'PIN': 0, 'ELEFANTE': 2, 'VICTORIA': 1, 'SEMILLA': 66, 'FCN-NACION': 0, 'PPN': 0, 'UR': 1, 'URNG-MAIZ WINAQ': 1, 'CREO': 1, 'BIEN': 3, 'VIVA': 2, 'MI FAMILIA': 0, 'CAMBIO': 0, 'VOS': 9}",0,10,110,0,Algún campo sin dato,0.Distrito Central,1.Guatemala,0038,presidente
494,,"{'UNE': 10, 'AZUL': 1, 'VALOR UNIONISTA': 6, 'CABAL': 3, 'TODOS': 1, 'VAMOS': 1, 'PHG': 0, 'PR': 0, 'PIN': 0, 'ELEFANTE': 0, 'VICTORIA': 1, 'SEMILLA': 42, 'FCN-NACION': 1, 'PPN': 0, 'UR': 0, 'URNG-MAIZ WINAQ': 1, 'CREO': 1, 'BIEN': 2, 'VIVA': 2, 'MI FAMILIA': 0, 'CAMBIO': 0, 'VOS': 6}",1,8,87,0,Sumas Asentadas sin cuadrar,0.Distrito Central,1.Guatemala,0038,presidente
495,,"{'UNE': 17, 'AZUL': 5, 'VALOR UNIONISTA': 41, 'CABAL': 18, 'TODOS': 1, 'VAMOS': 4, 'PHG': 0, 'PR': 13, 'PIN': 1, 'ELEFANTE': 3, 'VICTORIA': 7, 'SEMILLA': 65, 'FCN-NACION': 3, 'PPN': 1, 'UR': 6, 'URNG-MAIZ WINAQ': 6, 'CREO': 2, 'BIEN': 15, 'VIVA': 11, 'MI FAMILIA': 6, 'CAMBIO': 1, 'VOS': 23}",3,20,272,0,Algún campo sin dato,0.Distrito Central,1.Guatemala,0039,presidente
496,,"{'UNE': 17, 'AZUL': 0, 'VALOR UNIONISTA': 32, 'CABAL': 16, 'TODOS': 2, 'VAMOS': 5, 'PHG': 0, 'PR': 3, 'PIN': 3, 'ELEFANTE': 3, 'VICTORIA': 2, 'SEMILLA': 62, 'FCN-NACION': 0, 'PPN': 0, 'UR': 5, 'URNG-MAIZ WINAQ': 4, 'CREO': 1, 'BIEN': 18, 'VIVA': 10, 'MI FAMILIA': 6, 'CAMBIO': 0, 'VOS': 27}",0,31,247,0,Algún campo sin dato,0.Distrito Central,1.Guatemala,0039,presidente
497,,"{'UNE': 8, 'AZUL': 6, 'VALOR UNIONISTA': 32, 'CABAL': 16, 'TODOS': 0, 'VAMOS': 1, 'PHG': 0, 'PR': 4, 'PIN': 0, 'ELEFANTE': 2, 'VICTORIA': 4, 'SEMILLA': 77, 'FCN-NACION': 1, 'PPN': 0, 'UR': 7, 'URNG-MAIZ WINAQ': 4, 'CREO': 3, 'BIEN': 15, 'VIVA': 13, 'MI FAMILIA': 9, 'CAMBIO': 1, 'VOS': 25}",1,26,255,0,Algún campo sin dato,0.Distrito Central,1.Guatemala,0039,presidente
498,,"{'UNE': 21, 'AZUL': 2, 'VALOR UNIONISTA': 24, 'CABAL': 15, 'TODOS': 3, 'VAMOS': 3, 'PHG': 1, 'PR': 6, 'PIN': 1, 'ELEFANTE': 7, 'VICTORIA': 3, 'SEMILLA': 71, 'FCN-NACION': 1, 'PPN': 1, 'UR': 4, 'URNG-MAIZ WINAQ': 3, 'CREO': 7, 'BIEN': 11, 'VIVA': 10, 'MI FAMILIA': 5, 'CAMBIO': 0, 'VOS': 34}",1,17,251,0,Sumas Asentadas sin cuadrar,0.Distrito Central,1.Guatemala,0039,presidente
499,,"{'UNE': 20, 'AZUL': 4, 'VALOR UNIONISTA': 24, 'CABAL': 11, 'TODOS': 2, 'VAMOS': 6, 'PHG': 1, 'PR': 4, 'PIN': 0, 'ELEFANTE': 0, 'VICTORIA': 4, 'SEMILLA': 68, 'FCN-NACION': 0, 'PPN': 0, 'UR': 5, 'URNG-MAIZ WINAQ': 2, 'CREO': 0, 'BIEN': 12, 'VIVA': 15, 'MI FAMILIA': 5, 'CAMBIO': 0, 'VOS': 26}",1,19,229,0,Algún campo sin dato,0.Distrito Central,1.Guatemala,0039,presidente
500,,"{'UNE': 9, 'AZUL': 1, 'VALOR UNIONISTA': 8, 'CABAL': 3, 'TODOS': 0, 'VAMOS': 1, 'PHG': 0, 'PR': 1, 'PIN': 0, 'ELEFANTE': 1, 'VICTORIA': 0, 'SEMILLA': 89, 'FCN-NACION': 1, 'PPN': 0, 'UR': 1, 'URNG-MAIZ WINAQ': 0, 'CREO': 1, 'BIEN': 5, 'VIVA': 2, 'MI FAMILIA': 0, 'CAMBIO': 0, 'VOS': 11}",0,11,145,0,Algún campo sin dato,0.Distrito Central,1.Guatemala,0039,presidente
501,,"{'UNE': 7, 'AZUL': 1, 'VALOR UNIONISTA': 8, 'CABAL': 4, 'TODOS': 1, 'VAMOS': 3, 'PHG': 1, 'PR': 1, 'PIN': 0, 'ELEFANTE': 1, 'VICTORIA': 1, 'SEMILLA': 47, 'FCN-NACION': 0, 'PPN': 0, 'UR': 2, 'URNG-MAIZ WINAQ': 1, 'CREO': 0, 'BIEN': 0, 'VIVA': 2, 'MI FAMILIA': 5, 'CAMBIO': 0, 'VOS': 10}",0,9,104,0,Algún campo sin dato,0.Distrito Central,1.Guatemala,0039,presidente
502,,"{'UNE': 7, 'AZUL': 6, 'VALOR UNIONISTA': 41, 'CABAL': 11, 'TODOS': 0, 'VAMOS': 4, 'PHG': 0, 'PR': 2, 'PIN': 1, 'ELEFANTE': 1, 'VICTORIA': 4, 'SEMILLA': 76, 'FCN-NACION': 0, 'PPN': 1, 'UR': 8, 'URNG-MAIZ WINAQ': 3, 'CREO': 6, 'BIEN': 14, 'VIVA': 11, 'MI FAMILIA': 8, 'CAMBIO': 3, 'VOS': 43}",3,24,277,178,Sumas Asentadas sin cuadrar,0.Distrito Central,1.Guatemala,0040,presidente
503,,"{'UNE': 13, 'AZUL': 6, 'VALOR UNIONISTA': 41, 'CABAL': 23, 'TODOS': 1, 'VAMOS': 5, 'PHG': 1, 'PR': 9, 'PIN': 1, 'ELEFANTE': 6, 'VICTORIA': 7, 'SEMILLA': 78, 'FCN-NACION': 1, 'PPN': 2, 'UR': 4, 'URNG-MAIZ WINAQ': 5, 'CREO': 0, 'BIEN': 12, 'VIVA': 12, 'MI FAMILIA': 4, 'CAMBIO': 0, 'VOS': 29}",4,25,289,0,Algún campo sin dato,0.Distrito Central,1.Guatemala,0040,presidente
504,,"{'UNE': 8, 'AZUL': 5, 'VALOR UNIONISTA': 35, 'CABAL': 31, 'TODOS': 0, 'VAMOS': 4, 'PHG': 0, 'PR': 5, 'PIN': 0, 'ELEFANTE': 4, 'VICTORIA': 8, 'SEMILLA': 71, 'FCN-NACION': 4, 'PPN': 0, 'UR': 3, 'URNG-MAIZ WINAQ': 6, 'CREO': 6, 'BIEN': 11, 'VIVA': 16, 'MI FAMILIA': 3, 'CAMBIO': 0, 'VOS': 34}",1,28,283,0,Algún campo sin dato,0.Distrito Central,1.Guatemala,0040,presidente
505,,"{'UNE': 11, 'AZUL': 3, 'VALOR UNIONISTA': 34, 'CABAL': 20, 'TODOS': 1, 'VAMOS': 2, 'PHG': 0, 'PR': 6, 'PIN': 2, 'ELEFANTE': 5, 'VICTORIA': 4, 'SEMILLA': 78, 'FCN-NACION': 1, 'PPN': 0, 'UR': 3, 'URNG-MAIZ WINAQ': 6, 'CREO': 5, 'BIEN': 19, 'VIVA': 8, 'MI FAMILIA': 6, 'CAMBIO': 2, 'VOS': 27}",0,33,276,0,Algún campo sin dato,0.Distrito Central,1.Guatemala,0040,presidente
506,,"{'UNE': 11, 'AZUL': 5, 'VALOR UNIONISTA': 44, 'CABAL': 22, 'TODOS': 0, 'VAMOS': 4, 'PHG': 0, 'PR': 4, 'PIN': 0, 'ELEFANTE': 2, 'VICTORIA': 3, 'SEMILLA': 61, 'FCN-NACION': 1, 'PPN': 0, 'UR': 3, 'URNG-MAIZ WINAQ': 0, 'CREO': 8, 'BIEN': 13, 'VIVA': 13, 'MI FAMILIA': 3, 'CAMBIO': 1, 'VOS': 38}",0,37,273,0,Sumas Asentadas sin cuadrar,0.Distrito Central,1.Guatemala,0040,presidente
507,,"{'UNE': 6, 'AZUL': 6, 'VALOR UNIONISTA': 35, 'CABAL': 21, 'TODOS': 1, 'VAMOS': 5, 'PHG': 0, 'PR': 4, 'PIN': 1, 'ELEFANTE': 2, 'VICTORIA': 7, 'SEMILLA': 80, 'FCN-NACION': 2, 'PPN': 0, 'UR': 5, 'URNG-MAIZ WINAQ': 4, 'CREO': 4, 'BIEN': 13, 'VIVA': 11, 'MI FAMILIA': 9, 'CAMBIO': 0, 'VOS': 34}",2,29,281,0,Algún campo sin dato,0.Distrito Central,1.Guatemala,0040,presidente
508,,"{'UNE': 10, 'AZUL': 3, 'VALOR UNIONISTA': 25, 'CABAL': 11, 'TODOS': 1, 'VAMOS': 4, 'PHG': 1, 'PR': 1, 'PIN': 0, 'ELEFANTE': 0, 'VICTORIA': 3, 'SEMILLA': 106, 'FCN-NACION': 1, 'PPN': 1, 'UR': 2, 'URNG-MAIZ WINAQ': 7, 'CREO': 1, 'BIEN': 20, 'VIVA': 12, 'MI FAMILIA': 2, 'CAMBIO': 0, 'VOS': 43}",0,23,277,0,Algún campo sin dato,0.Distrito Central,1.Guatemala,0040,presidente
509,,"{'UNE': 13, 'AZUL': 4, 'VALOR UNIONISTA': 27, 'CABAL': 19, 'TODOS': 0, 'VAMOS': 6, 'PHG': 0, 'PR': 3, 'PIN': 1, 'ELEFANTE': 4, 'VICTORIA': 4, 'SEMILLA': 6, 'FCN-NACION': 1, 'PPN': 1, 'UR': 0, 'URNG-MAIZ WINAQ': 4, 'CREO': 2, 'BIEN': 21, 'VIVA': 13, 'MI FAMILIA': 3, 'CAMBIO': 0, 'VOS': 37}",1,37,207,0,Sumas Asentadas sin cuadrar,0.Distrito Central,1.Guatemala,0040,presidente
510,,"{'UNE': 16, 'AZUL': 4, 'VALOR UNIONISTA': 35, 'CABAL': 20, 'TODOS': 0, 'VAMOS': 5, 'PHG': 0, 'PR': 4, 'PIN': 2, 'ELEFANTE': 7, 'VICTORIA': 2, 'SEMILLA': 70, 'FCN-NACION': 1, 'PPN': 0, 'UR': 8, 'URNG-MAIZ WINAQ': 3, 'CREO': 6, 'BIEN': 20, 'VIVA': 18, 'MI FAMILIA': 2, 'CAMBIO': 0, 'VOS': 32}",1,23,279,0,Algún campo sin dato,0.Distrito Central,1.Guatemala,0041,presidente
511,,"{'UNE': 16, 'AZUL': 5, 'VALOR UNIONISTA': 34, 'CABAL': 15, 'TODOS': 0, 'VAMOS': 4, 'PHG': 0, 'PR': 8, 'PIN': 0, 'ELEFANTE': 2, 'VICTORIA': 4, 'SEMILLA': 86, 'FCN-NACION': 1, 'PPN': 1, 'UR': 4, 'URNG-MAIZ WINAQ': 8, 'CREO': 3, 'BIEN': 18, 'VIVA': 12, 'MI FAMILIA': 0, 'CAMBIO': 1, 'VOS': 37}",0,24,283,0,Algún campo sin dato,0.Distrito Central,1.Guatemala,0041,presidente
512,,"{'UNE': 10, 'AZUL': 3, 'VALOR UNIONISTA': 39, 'CABAL': 22, 'TODOS': 1, 'VAMOS': 3, 'PHG': 0, 'PR': 9, 'PIN': 3, 'ELEFANTE': 1, 'VICTORIA': 5, 'SEMILLA': 80, 'FCN-NACION': 2, 'PPN': 0, 'UR': 3, 'URNG-MAIZ WINAQ': 7, 'CREO': 5, 'BIEN': 18, 'VIVA': 10, 'MI FAMILIA': 3, 'CAMBIO': 0, 'VOS': 27}",2,23,276,0,Algún campo sin dato,0.Distrito Central,1.Guatemala,0041,presidente
513,,"{'UNE': 13, 'AZUL': 4, 'VALOR UNIONISTA': 35, 'CABAL': 20, 'TODOS': 1, 'VAMOS': 4, 'PHG': 3, 'PR': 6, 'PIN': 0, 'ELEFANTE': 2, 'VICTORIA': 6, 'SEMILLA': 76, 'FCN-NACION': 0, 'PPN': 1, 'UR': 4, 'URNG-MAIZ WINAQ': 4, 'CREO': 4, 'BIEN': 20, 'VIVA': 11, 'MI FAMILIA': 8, 'CAMBIO': 1, 'VOS': 26}",0,23,272,0,Algún campo sin dato,0.Distrito Central,1.Guatemala,0041,presidente
514,,"{'UNE': 6, 'AZUL': 8, 'VALOR UNIONISTA': 35, 'CABAL': 22, 'TODOS': 0, 'VAMOS': 9, 'PHG': 0, 'PR': 5, 'PIN': 1, 'ELEFANTE': 8, 'VICTORIA': 5, 'SEMILLA': 73, 'FCN-NACION': 1, 'PPN': 0, 'UR': 5, 'URNG-MAIZ WINAQ': 6, 'CREO': 4, 'BIEN': 15, 'VIVA': 15, 'MI FAMILIA': 8, 'CAMBIO': 1, 'VOS': 37}",1,25,290,0,Algún campo sin dato,0.Distrito Central,1.Guatemala,0041,presidente
515,,"{'UNE': 7, 'AZUL': 7, 'VALOR UNIONISTA': 37, 'CABAL': 19, 'TODOS': 0, 'VAMOS': 2, 'PHG': 0, 'PR': 4, 'PIN': 0, 'ELEFANTE': 4, 'VICTORIA': 4, 'SEMILLA': 93, 'FCN-NACION': 1, 'PPN': 2, 'UR': 7, 'URNG-MAIZ WINAQ': 2, 'CREO': 16, 'BIEN': 4, 'VIVA': 16, 'MI FAMILIA': 5, 'CAMBIO': 0, 'VOS': 25}",1,29,285,0,Sumas Asentadas sin cuadrar,0.Distrito Central,1.Guatemala,0041,presidente
516,,"{'UNE': 10, 'AZUL': 6, 'VALOR UNIONISTA': 37, 'CABAL': 16, 'TODOS': 0, 'VAMOS': 3, 'PHG': 1, 'PR': 4, 'PIN': 1, 'ELEFANTE': 2, 'VICTORIA': 5, 'SEMILLA': 81, 'FCN-NACION': 0, 'PPN': 0, 'UR': 6, 'URNG-MAIZ WINAQ': 2, 'CREO': 6, 'BIEN': 12, 'VIVA': 11, 'MI FAMILIA': 4, 'CAMBIO': 0, 'VOS': 31}",1,25,264,0,Algún campo sin dato,0.Distrito Central,1.Guatemala,0041,presidente
517,,"{'UNE': 11, 'AZUL': 4, 'VALOR UNIONISTA': 28, 'CABAL': 18, 'TODOS': 1, 'VAMOS': 2, 'PHG': 0, 'PR': 6, 'PIN': 1, 'ELEFANTE': 6, 'VICTORIA': 2, 'SEMILLA': 75, 'FCN-NACION': 0, 'PPN': 1, 'UR': 1, 'URNG-MAIZ WINAQ': 4, 'CREO': 3, 'BIEN': 17, 'VIVA': 13, 'MI FAMILIA': 5, 'CAMBIO': 0, 'VOS': 26}",2,24,250,0,Algún campo sin dato,0.Distrito Central,1.Guatemala,0041,presidente
518,,"{'UNE': 14, 'AZUL': 3, 'VALOR UNIONISTA': 26, 'CABAL': 21, 'TODOS': 0, 'VAMOS': 4, 'PHG': 1, 'PR': 3, 'PIN': 1, 'ELEFANTE': 4, 'VICTORIA': 5, 'SEMILLA': 78, 'FCN-NACION': 2, 'PPN': 2, 'UR': 3, 'URNG-MAIZ WINAQ': 3, 'CREO': 4, 'BIEN': 12, 'VIVA': 16, 'MI FAMILIA': 8, 'CAMBIO': 0, 'VOS': 27}",1,19,257,0,Algún campo sin dato,0.Distrito Central,1.Guatemala,0041,presidente
519,,"{'UNE': 10, 'AZUL': 6, 'VALOR UNIONISTA': 38, 'CABAL': 17, 'TODOS': 0, 'VAMOS': 2, 'PHG': 0, 'PR': 5, 'PIN': 0, 'ELEFANTE': 2, 'VICTORIA': 3, 'SEMILLA': 68, 'FCN-NACION': 1, 'PPN': 0, 'UR': 6, 'URNG-MAIZ WINAQ': 3, 'CREO': 1, 'BIEN': 16, 'VIVA': 11, 'MI FAMILIA': 4, 'CAMBIO': 1, 'VOS': 43}",0,16,253,0,Algún campo sin dato,0.Distrito Central,1.Guatemala,0041,presidente
520,,"{'UNE': 8, 'AZUL': 4, 'VALOR UNIONISTA': 18, 'CABAL': 15, 'TODOS': 0, 'VAMOS': 3, 'PHG': 0, 'PR': 7, 'PIN': 0, 'ELEFANTE': 4, 'VICTORIA': 4, 'SEMILLA': 97, 'FCN-NACION': 1, 'PPN': 3, 'UR': 4, 'URNG-MAIZ WINAQ': 2, 'CREO': 5, 'BIEN': 11, 'VIVA': 9, 'MI FAMILIA': 2, 'CAMBIO': 0, 'VOS': 35}",1,25,258,0,Algún campo sin dato,0.Distrito Central,1.Guatemala,0041,presidente
521,,"{'UNE': 8, 'AZUL': 3, 'VALOR UNIONISTA': 15, 'CABAL': 13, 'TODOS': 0, 'VAMOS': 1, 'PHG': 1, 'PR': 0, 'PIN': 0, 'ELEFANTE': 2, 'VICTORIA': 6, 'SEMILLA': 157, 'FCN-NACION': 0, 'PPN': 2, 'UR': 3, 'URNG-MAIZ WINAQ': 6, 'CREO': 0, 'BIEN': 17, 'VIVA': 4, 'MI FAMILIA': 6, 'CAMBIO': 0, 'VOS': 28}",0,13,285,0,Algún campo sin dato,0.Distrito Central,1.Guatemala,0041,presidente
522,,"{'UNE': 6, 'AZUL': 2, 'VALOR UNIONISTA': 12, 'CABAL': 13, 'TODOS': 0, 'VAMOS': 7, 'PHG': 0, 'PR': 3, 'PIN': 1, 'ELEFANTE': 3, 'VICTORIA': 3, 'SEMILLA': 126, 'FCN-NACION': 1, 'PPN': 0, 'UR': 0, 'URNG-MAIZ WINAQ': 3, 'CREO': 6, 'BIEN': 10, 'VIVA': 12, 'MI FAMILIA': 1, 'CAMBIO': 0, 'VOS': 22}",0,16,247,0,Algún campo sin dato,0.Distrito Central,1.Guatemala,0041,presidente
523,,"{'UNE': 10, 'AZUL': 3, 'VALOR UNIONISTA': 16, 'CABAL': 12, 'TODOS': 0, 'VAMOS': 2, 'PHG': 0, 'PR': 4, 'PIN': 0, 'ELEFANTE': 3, 'VICTORIA': 2, 'SEMILLA': 115, 'FCN-NACION': 0, 'PPN': 1, 'UR': 0, 'URNG-MAIZ WINAQ': 3, 'CREO': 2, 'BIEN': 11, 'VIVA': 9, 'MI FAMILIA': 2, 'CAMBIO': 0, 'VOS': 18}",1,11,225,0,Algún campo sin dato,0.Distrito Central,1.Guatemala,0041,presidente
524,,"{'UNE': 12, 'AZUL': 5, 'VALOR UNIONISTA': 26, 'CABAL': 12, 'TODOS': 3, 'VAMOS': 6, 'PHG': 0, 'PR': 7, 'PIN': 0, 'ELEFANTE': 1, 'VICTORIA': 5, 'SEMILLA': 60, 'FCN-NACION': 1, 'PPN': 2, 'UR': 2, 'URNG-MAIZ WINAQ': 1, 'CREO': 6, 'BIEN': 12, 'VIVA': 18, 'MI FAMILIA': 3, 'CAMBIO': 0, 'VOS': 34}",0,36,252,0,Algún campo sin dato,0.Distrito Central,1.Guatemala,0042,presidente
525,,"{'UNE': 10, 'AZUL': 8, 'VALOR UNIONISTA': 23, 'CABAL': 13, 'TODOS': 0, 'VAMOS': 1, 'PHG': 0, 'PR': 4, 'PIN': 0, 'ELEFANTE': 2, 'VICTORIA': 1, 'SEMILLA': 65, 'FCN-NACION': 0, 'PPN': 0, 'UR': 4, 'URNG-MAIZ WINAQ': 5, 'CREO': 3, 'BIEN': 13, 'VIVA': 17, 'MI FAMILIA': 6, 'CAMBIO': 1, 'VOS': 34}",1,37,248,149,Algún campo sin dato,0.Distrito Central,1.Guatemala,0042,presidente
526,,"{'UNE': 17, 'AZUL': 4, 'VALOR UNIONISTA': 23, 'CABAL': 24, 'TODOS': 0, 'VAMOS': 2, 'PHG': 0, 'PR': 5, 'PIN': 1, 'ELEFANTE': 4, 'VICTORIA': 5, 'SEMILLA': 79, 'FCN-NACION': 2, 'PPN': 1, 'UR': 3, 'URNG-MAIZ WINAQ': 6, 'CREO': 4, 'BIEN': 12, 'VIVA': 9, 'MI FAMILIA': 7, 'CAMBIO': 0, 'VOS': 29}",0,34,271,124,Algún campo sin dato,0.Distrito Central,1.Guatemala,0042,presidente
527,,"{'UNE': 9, 'AZUL': 3, 'VALOR UNIONISTA': 35, 'CABAL': 12, 'TODOS': 1, 'VAMOS': 4, 'PHG': 0, 'PR': 5, 'PIN': 1, 'ELEFANTE': 6, 'VICTORIA': 6, 'SEMILLA': 77, 'FCN-NACION': 1, 'PPN': 1, 'UR': 13, 'URNG-MAIZ WINAQ': 0, 'CREO': 2, 'BIEN': 9, 'VIVA': 21, 'MI FAMILIA': 11, 'CAMBIO': 1, 'VOS': 31}",0,32,281,0,Algún campo sin dato,0.Distrito Central,1.Guatemala,0042,presidente
528,,"{'UNE': 12, 'AZUL': 1, 'VALOR UNIONISTA': 30, 'CABAL': 12, 'TODOS': 0, 'VAMOS': 5, 'PHG': 0, 'PR': 5, 'PIN': 0, 'ELEFANTE': 1, 'VICTORIA': 6, 'SEMILLA': 68, 'FCN-NACION': 1, 'PPN': 2, 'UR': 1, 'URNG-MAIZ WINAQ': 8, 'CREO': 5, 'BIEN': 22, 'VIVA': 13, 'MI FAMILIA': 8, 'CAMBIO': 1, 'VOS': 29}",1,24,255,0,Algún campo sin dato,0.Distrito Central,1.Guatemala,0042,presidente
529,,"{'UNE': 17, 'AZUL': 3, 'VALOR UNIONISTA': 24, 'CABAL': 13, 'TODOS': 1, 'VAMOS': 2, 'PHG': 0, 'PR': 4, 'PIN': 0, 'ELEFANTE': 2, 'VICTORIA': 2, 'SEMILLA': 82, 'FCN-NACION': 0, 'PPN': 1, 'UR': 9, 'URNG-MAIZ WINAQ': 4, 'CREO': 1, 'BIEN': 15, 'VIVA': 17, 'MI FAMILIA': 7, 'CAMBIO': 0, 'VOS': 29}",1,27,261,0,Algún campo sin dato,0.Distrito Central,1.Guatemala,0042,presidente
530,,"{'UNE': 12, 'AZUL': 3, 'VALOR UNIONISTA': 40, 'CABAL': 22, 'TODOS': 0, 'VAMOS': 1, 'PHG': 1, 'PR': 3, 'PIN': 0, 'ELEFANTE': 3, 'VICTORIA': 4, 'SEMILLA': 57, 'FCN-NACION': 1, 'PPN': 1, 'UR': 4, 'URNG-MAIZ WINAQ': 4, 'CREO': 4, 'BIEN': 7, 'VIVA': 18, 'MI FAMILIA': 4, 'CAMBIO': 0, 'VOS': 29}",1,47,266,0,Algún campo sin dato,0.Distrito Central,1.Guatemala,0042,presidente
531,,"{'UNE': 15, 'AZUL': 3, 'VALOR UNIONISTA': 27, 'CABAL': 16, 'TODOS': 2, 'VAMOS': 5, 'PHG': 0, 'PR': 4, 'PIN': 2, 'ELEFANTE': 5, 'VICTORIA': 3, 'SEMILLA': 81, 'FCN-NACION': 1, 'PPN': 0, 'UR': 8, 'URNG-MAIZ WINAQ': 6, 'CREO': 4, 'BIEN': 16, 'VIVA': 16, 'MI FAMILIA': 5, 'CAMBIO': 0, 'VOS': 27}",0,25,271,0,Algún campo sin dato,0.Distrito Central,1.Guatemala,0042,presidente
532,,"{'UNE': 12, 'AZUL': 2, 'VALOR UNIONISTA': 28, 'CABAL': 13, 'TODOS': 1, 'VAMOS': 6, 'PHG': 0, 'PR': 6, 'PIN': 1, 'ELEFANTE': 5, 'VICTORIA': 10, 'SEMILLA': 81, 'FCN-NACION': 0, 'PPN': 0, 'UR': 3, 'URNG-MAIZ WINAQ': 7, 'CREO': 1, 'BIEN': 17, 'VIVA': 8, 'MI FAMILIA': 10, 'CAMBIO': 0, 'VOS': 39}",0,26,276,0,Algún campo sin dato,0.Distrito Central,1.Guatemala,0042,presidente
533,,"{'UNE': 8, 'AZUL': 4, 'VALOR UNIONISTA': 33, 'CABAL': 26, 'TODOS': 0, 'VAMOS': 5, 'PHG': 0, 'PR': 3, 'PIN': 1, 'ELEFANTE': 4, 'VICTORIA': 6, 'SEMILLA': 74, 'FCN-NACION': 1, 'PPN': 1, 'UR': 4, 'URNG-MAIZ WINAQ': 3, 'CREO': 5, 'BIEN': 12, 'VIVA': 12, 'MI FAMILIA': 10, 'CAMBIO': 0, 'VOS': 33}",2,27,274,0,Algún campo sin dato,0.Distrito Central,1.Guatemala,0042,presidente
534,,"{'UNE': 0, 'AZUL': 0, 'VALOR UNIONISTA': 0, 'CABAL': 0, 'TODOS': 0, 'VAMOS': 0, 'PHG': 0, 'PR': 0, 'PIN': 0, 'ELEFANTE': 0, 'VICTORIA': 0, 'SEMILLA': 0, 'FCN-NACION': 0, 'PPN': 0, 'UR': 0, 'URNG-MAIZ WINAQ': 0, 'CREO': 0, 'BIEN': 0, 'VIVA': 0, 'MI FAMILIA': 0, 'CAMBIO': 0, 'VOS': 0}",0,0,0,0,Acta ilegible,0.Distrito Central,1.Guatemala,0042,presidente
535,,"{'UNE': 19, 'AZUL': 2, 'VALOR UNIONISTA': 30, 'CABAL': 15, 'TODOS': 2, 'VAMOS': 4, 'PHG': 0, 'PR': 4, 'PIN': 0, 'ELEFANTE': 5, 'VICTORIA': 4, 'SEMILLA': 76, 'FCN-NACION': 3, 'PPN': 1, 'UR': 5, 'URNG-MAIZ WINAQ': 7, 'CREO': 3, 'BIEN': 7, 'VIVA': 17, 'MI FAMILIA': 3, 'CAMBIO': 0, 'VOS': 34}",0,30,271,0,Algún campo sin dato,0.Distrito Central,1.Guatemala,0042,presidente
536,,"{'UNE': 17, 'AZUL': 1, 'VALOR UNIONISTA': 35, 'CABAL': 10, 'TODOS': 1, 'VAMOS': 4, 'PHG': 3, 'PR': 4, 'PIN': 1, 'ELEFANTE': 5, 'VICTORIA': 6, 'SEMILLA': 56, 'FCN-NACION': 0, 'PPN': 1, 'UR': 6, 'URNG-MAIZ WINAQ': 7, 'CREO': 4, 'BIEN': 10, 'VIVA': 23, 'MI FAMILIA': 5, 'CAMBIO': 0, 'VOS': 30}",2,29,260,0,Algún campo sin dato,0.Distrito Central,1.Guatemala,0042,presidente
537,,"{'UNE': 15, 'AZUL': 7, 'VALOR UNIONISTA': 26, 'CABAL': 11, 'TODOS': 1, 'VAMOS': 3, 'PHG': 0, 'PR': 2, 'PIN': 0, 'ELEFANTE': 8, 'VICTORIA': 1, 'SEMILLA': 80, 'FCN-NACION': 0, 'PPN': 0, 'UR': 3, 'URNG-MAIZ WINAQ': 2, 'CREO': 3, 'BIEN': 7, 'VIVA': 16, 'MI FAMILIA': 6, 'CAMBIO': 0, 'VOS': 27}",2,31,251,0,Algún campo sin dato,0.Distrito Central,1.Guatemala,0042,presidente
538,,"{'UNE': 11, 'AZUL': 0, 'VALOR UNIONISTA': 22, 'CABAL': 7, 'TODOS': 1, 'VAMOS': 0, 'PHG': 1, 'PR': 6, 'PIN': 0, 'ELEFANTE': 2, 'VICTORIA': 2, 'SEMILLA': 110, 'FCN-NACION': 0, 'PPN': 0, 'UR': 0, 'URNG-MAIZ WINAQ': 5, 'CREO': 4, 'BIEN': 8, 'VIVA': 8, 'MI FAMILIA': 3, 'CAMBIO': 0, 'VOS': 38}",3,23,254,146,Algún campo sin dato,0.Distrito Central,1.Guatemala,0042,presidente
539,,"{'UNE': 11, 'AZUL': 4, 'VALOR UNIONISTA': 19, 'CABAL': 8, 'TODOS': 0, 'VAMOS': 2, 'PHG': 0, 'PR': 3, 'PIN': 0, 'ELEFANTE': 3, 'VICTORIA': 2, 'SEMILLA': 156, 'FCN-NACION': 1, 'PPN': 0, 'UR': 1, 'URNG-MAIZ WINAQ': 3, 'CREO': 0, 'BIEN': 9, 'VIVA': 11, 'MI FAMILIA': 1, 'CAMBIO': 0, 'VOS': 32}",1,13,280,0,Algún campo sin dato,0.Distrito Central,1.Guatemala,0042,presidente
540,,"{'UNE': 8, 'AZUL': 2, 'VALOR UNIONISTA': 8, 'CABAL': 2, 'TODOS': 0, 'VAMOS': 3, 'PHG': 0, 'PR': 1, 'PIN': 0, 'ELEFANTE': 0, 'VICTORIA': 1, 'SEMILLA': 56, 'FCN-NACION': 0, 'PPN': 0, 'UR': 0, 'URNG-MAIZ WINAQ': 0, 'CREO': 1, 'BIEN': 2, 'VIVA': 10, 'MI FAMILIA': 0, 'CAMBIO': 0, 'VOS': 11}",0,9,114,0,Algún campo sin dato,0.Distrito Central,1.Guatemala,0042,presidente
541,,"{'UNE': 2, 'AZUL': 1, 'VALOR UNIONISTA': 9, 'CABAL': 7, 'TODOS': 0, 'VAMOS': 2, 'PHG': 0, 'PR': 0, 'PIN': 1, 'ELEFANTE': 1, 'VICTORIA': 4, 'SEMILLA': 57, 'FCN-NACION': 0, 'PPN': 0, 'UR': 0, 'URNG-MAIZ WINAQ': 1, 'CREO': 0, 'BIEN': 6, 'VIVA': 7, 'MI FAMILIA': 2, 'CAMBIO': 0, 'VOS': 12}",0,12,124,0,Algún campo sin dato,0.Distrito Central,1.Guatemala,0042,presidente
542,,"{'UNE': 22, 'AZUL': 3, 'VALOR UNIONISTA': 36, 'CABAL': 18, 'TODOS': 1, 'VAMOS': 6, 'PHG': 0, 'PR': 5, 'PIN': 0, 'ELEFANTE': 2, 'VICTORIA': 11, 'SEMILLA': 70, 'FCN-NACION': 1, 'PPN': 0, 'UR': 7, 'URNG-MAIZ WINAQ': 14, 'CREO': 5, 'BIEN': 7, 'VIVA': 13, 'MI FAMILIA': 5, 'CAMBIO': 0, 'VOS': 17}",0,30,273,0,Algún campo sin dato,0.Distrito Central,1.Guatemala,0043,presidente
543,,"{'UNE': 33, 'AZUL': 4, 'VALOR UNIONISTA': 30, 'CABAL': 13, 'TODOS': 3, 'VAMOS': 4, 'PHG': 0, 'PR': 11, 'PIN': 2, 'ELEFANTE': 6, 'VICTORIA': 5, 'SEMILLA': 54, 'FCN-NACION': 0, 'PPN': 1, 'UR': 4, 'URNG-MAIZ WINAQ': 8, 'CREO': 7, 'BIEN': 6, 'VIVA': 20, 'MI FAMILIA': 1, 'CAMBIO': 0, 'VOS': 19}",1,40,272,1,Algún campo sin dato,0.Distrito Central,1.Guatemala,0043,presidente
544,,"{'UNE': 20, 'AZUL': 5, 'VALOR UNIONISTA': 38, 'CABAL': 13, 'TODOS': 1, 'VAMOS': 6, 'PHG': 0, 'PR': 4, 'PIN': 0, 'ELEFANTE': 3, 'VICTORIA': 4, 'SEMILLA': 64, 'FCN-NACION': 0, 'PPN': 0, 'UR': 8, 'URNG-MAIZ WINAQ': 7, 'CREO': 5, 'BIEN': 13, 'VIVA': 25, 'MI FAMILIA': 6, 'CAMBIO': 1, 'VOS': 24}",2,23,272,0,Algún campo sin dato,0.Distrito Central,1.Guatemala,0043,presidente
545,,"{'UNE': 28, 'AZUL': 5, 'VALOR UNIONISTA': 36, 'CABAL': 15, 'TODOS': 0, 'VAMOS': 3, 'PHG': 0, 'PR': 10, 'PIN': 1, 'ELEFANTE': 2, 'VICTORIA': 4, 'SEMILLA': 67, 'FCN-NACION': 1, 'PPN': 0, 'UR': 6, 'URNG-MAIZ WINAQ': 11, 'CREO': 4, 'BIEN': 8, 'VIVA': 15, 'MI FAMILIA': 7, 'CAMBIO': 1, 'VOS': 15}",2,37,278,0,Algún campo sin dato,0.Distrito Central,1.Guatemala,0043,presidente
546,,"{'UNE': 27, 'AZUL': 7, 'VALOR UNIONISTA': 35, 'CABAL': 12, 'TODOS': 3, 'VAMOS': 6, 'PHG': 1, 'PR': 6, 'PIN': 0, 'ELEFANTE': 4, 'VICTORIA': 6, 'SEMILLA': 63, 'FCN-NACION': 0, 'PPN': 2, 'UR': 4, 'URNG-MAIZ WINAQ': 4, 'CREO': 7, 'BIEN': 11, 'VIVA': 13, 'MI FAMILIA': 6, 'CAMBIO': 1, 'VOS': 24}",0,27,269,0,Algún campo sin dato,0.Distrito Central,1.Guatemala,0043,presidente
547,,"{'UNE': 15, 'AZUL': 7, 'VALOR UNIONISTA': 32, 'CABAL': 13, 'TODOS': 2, 'VAMOS': 9, 'PHG': 0, 'PR': 6, 'PIN': 0, 'ELEFANTE': 2, 'VICTORIA': 14, 'SEMILLA': 70, 'FCN-NACION': 0, 'PPN': 0, 'UR': 7, 'URNG-MAIZ WINAQ': 9, 'CREO': 11, 'BIEN': 15, 'VIVA': 8, 'MI FAMILIA': 5, 'CAMBIO': 0, 'VOS': 25}",1,41,292,0,Algún campo sin dato,0.Distrito Central,1.Guatemala,0043,presidente
548,,"{'UNE': 21, 'AZUL': 2, 'VALOR UNIONISTA': 21, 'CABAL': 15, 'TODOS': 0, 'VAMOS': 16, 'PHG': 1, 'PR': 9, 'PIN': 0, 'ELEFANTE': 5, 'VICTORIA': 8, 'SEMILLA': 60, 'FCN-NACION': 0, 'PPN': 2, 'UR': 6, 'URNG-MAIZ WINAQ': 7, 'CREO': 7, 'BIEN': 14, 'VIVA': 15, 'MI FAMILIA': 5, 'CAMBIO': 0, 'VOS': 27}",0,30,271,0,Algún campo sin dato,0.Distrito Central,1.Guatemala,0043,presidente
549,,"{'UNE': 24, 'AZUL': 3, 'VALOR UNIONISTA': 31, 'CABAL': 16, 'TODOS': 0, 'VAMOS': 8, 'PHG': 1, 'PR': 4, 'PIN': 1, 'ELEFANTE': 2, 'VICTORIA': 10, 'SEMILLA': 65, 'FCN-NACION': 2, 'PPN': 2, 'UR': 4, 'URNG-MAIZ WINAQ': 8, 'CREO': 6, 'BIEN': 12, 'VIVA': 17, 'MI FAMILIA': 7, 'CAMBIO': 1, 'VOS': 29}",2,30,285,0,Algún campo sin dato,0.Distrito Central,1.Guatemala,0043,presidente
550,,"{'UNE': 22, 'AZUL': 3, 'VALOR UNIONISTA': 27, 'CABAL': 19, 'TODOS': 2, 'VAMOS': 8, 'PHG': 1, 'PR': 7, 'PIN': 0, 'ELEFANTE': 4, 'VICTORIA': 7, 'SEMILLA': 54, 'FCN-NACION': 0, 'PPN': 2, 'UR': 5, 'URNG-MAIZ WINAQ': 13, 'CREO': 3, 'BIEN': 14, 'VIVA': 11, 'MI FAMILIA': 8, 'CAMBIO': 2, 'VOS': 28}",1,30,271,0,Algún campo sin dato,0.Distrito Central,1.Guatemala,0043,presidente
551,,"{'UNE': 11, 'AZUL': 3, 'VALOR UNIONISTA': 15, 'CABAL': 6, 'TODOS': 0, 'VAMOS': 3, 'PHG': 0, 'PR': 1, 'PIN': 1, 'ELEFANTE': 1, 'VICTORIA': 3, 'SEMILLA': 102, 'FCN-NACION': 2, 'PPN': 0, 'UR': 2, 'URNG-MAIZ WINAQ': 5, 'CREO': 2, 'BIEN': 14, 'VIVA': 13, 'MI FAMILIA': 2, 'CAMBIO': 0, 'VOS': 42}",0,19,247,0,Algún campo sin dato,0.Distrito Central,1.Guatemala,0043,presidente
552,,"{'UNE': 19, 'AZUL': 4, 'VALOR UNIONISTA': 26, 'CABAL': 14, 'TODOS': 2, 'VAMOS': 6, 'PHG': 0, 'PR': 2, 'PIN': 0, 'ELEFANTE': 6, 'VICTORIA': 5, 'SEMILLA': 62, 'FCN-NACION': 1, 'PPN': 1, 'UR': 11, 'URNG-MAIZ WINAQ': 7, 'CREO': 5, 'BIEN': 7, 'VIVA': 9, 'MI FAMILIA': 5, 'CAMBIO': 0, 'VOS': 24}",2,18,236,0,Algún campo sin dato,0.Distrito Central,1.Guatemala,0044,presidente
553,,"{'UNE': 31, 'AZUL': 3, 'VALOR UNIONISTA': 25, 'CABAL': 22, 'TODOS': 0, 'VAMOS': 6, 'PHG': 0, 'PR': 7, 'PIN': 1, 'ELEFANTE': 2, 'VICTORIA': 9, 'SEMILLA': 61, 'FCN-NACION': 0, 'PPN': 0, 'UR': 7, 'URNG-MAIZ WINAQ': 3, 'CREO': 3, 'BIEN': 7, 'VIVA': 12, 'MI FAMILIA': 4, 'CAMBIO': 0, 'VOS': 25}",0,37,265,0,Algún campo sin dato,0.Distrito Central,1.Guatemala,0044,presidente
554,,"{'UNE': 23, 'AZUL': 8, 'VALOR UNIONISTA': 26, 'CABAL': 15, 'TODOS': 0, 'VAMOS': 5, 'PHG': 0, 'PR': 1, 'PIN': 1, 'ELEFANTE': 1, 'VICTORIA': 4, 'SEMILLA': 57, 'FCN-NACION': 2, 'PPN': 1, 'UR': 6, 'URNG-MAIZ WINAQ': 3, 'CREO': 5, 'BIEN': 9, 'VIVA': 22, 'MI FAMILIA': 4, 'CAMBIO': 0, 'VOS': 31}",2,24,250,0,Algún campo sin dato,0.Distrito Central,1.Guatemala,0044,presidente
555,,"{'UNE': 18, 'AZUL': 5, 'VALOR UNIONISTA': 26, 'CABAL': 21, 'TODOS': 0, 'VAMOS': 3, 'PHG': 1, 'PR': 5, 'PIN': 0, 'ELEFANTE': 3, 'VICTORIA': 8, 'SEMILLA': 66, 'FCN-NACION': 3, 'PPN': 1, 'UR': 4, 'URNG-MAIZ WINAQ': 10, 'CREO': 4, 'BIEN': 9, 'VIVA': 12, 'MI FAMILIA': 5, 'CAMBIO': 0, 'VOS': 35}",0,18,257,0,Algún campo sin dato,0.Distrito Central,1.Guatemala,0044,presidente
556,,"{'UNE': 17, 'AZUL': 3, 'VALOR UNIONISTA': 23, 'CABAL': 14, 'TODOS': 0, 'VAMOS': 3, 'PHG': 0, 'PR': 8, 'PIN': 1, 'ELEFANTE': 4, 'VICTORIA': 5, 'SEMILLA': 55, 'FCN-NACION': 0, 'PPN': 1, 'UR': 4, 'URNG-MAIZ WINAQ': 7, 'CREO': 7, 'BIEN': 6, 'VIVA': 19, 'MI FAMILIA': 5, 'CAMBIO': 0, 'VOS': 25}",1,55,263,0,Algún campo sin dato,0.Distrito Central,1.Guatemala,0044,presidente
557,,"{'UNE': 24, 'AZUL': 4, 'VALOR UNIONISTA': 28, 'CABAL': 19, 'TODOS': 0, 'VAMOS': 7, 'PHG': 0, 'PR': 4, 'PIN': 0, 'ELEFANTE': 2, 'VICTORIA': 5, 'SEMILLA': 73, 'FCN-NACION': 1, 'PPN': 1, 'UR': 1, 'URNG-MAIZ WINAQ': 7, 'CREO': 3, 'BIEN': 6, 'VIVA': 17, 'MI FAMILIA': 3, 'CAMBIO': 1, 'VOS': 28}",2,28,264,0,Algún campo sin dato,0.Distrito Central,1.Guatemala,0044,presidente
558,,"{'UNE': 23, 'AZUL': 4, 'VALOR UNIONISTA': 29, 'CABAL': 16, 'TODOS': 0, 'VAMOS': 2, 'PHG': 0, 'PR': 6, 'PIN': 4, 'ELEFANTE': 3, 'VICTORIA': 4, 'SEMILLA': 74, 'FCN-NACION': 1, 'PPN': 0, 'UR': 7, 'URNG-MAIZ WINAQ': 4, 'CREO': 2, 'BIEN': 18, 'VIVA': 16, 'MI FAMILIA': 2, 'CAMBIO': 1, 'VOS': 31}",0,48,295,0,Algún campo sin dato,0.Distrito Central,1.Guatemala,0045,presidente
559,,"{'UNE': 28, 'AZUL': 4, 'VALOR UNIONISTA': 24, 'CABAL': 18, 'TODOS': 0, 'VAMOS': 4, 'PHG': 1, 'PR': 6, 'PIN': 0, 'ELEFANTE': 3, 'VICTORIA': 3, 'SEMILLA': 74, 'FCN-NACION': 2, 'PPN': 1, 'UR': 3, 'URNG-MAIZ WINAQ': 12, 'CREO': 5, 'BIEN': 10, 'VIVA': 22, 'MI FAMILIA': 4, 'CAMBIO': 0, 'VOS': 26}",1,25,276,0,Algún campo sin dato,0.Distrito Central,1.Guatemala,0045,presidente
560,,"{'UNE': 35, 'AZUL': 4, 'VALOR UNIONISTA': 29, 'CABAL': 16, 'TODOS': 0, 'VAMOS': 8, 'PHG': 1, 'PR': 8, 'PIN': 0, 'ELEFANTE': 4, 'VICTORIA': 3, 'SEMILLA': 65, 'FCN-NACION': 0, 'PPN': 1, 'UR': 2, 'URNG-MAIZ WINAQ': 7, 'CREO': 6, 'BIEN': 8, 'VIVA': 15, 'MI FAMILIA': 8, 'CAMBIO': 0, 'VOS': 27}",0,30,277,123,Algún campo sin dato,0.Distrito Central,1.Guatemala,0045,presidente
561,,"{'UNE': 26, 'AZUL': 5, 'VALOR UNIONISTA': 29, 'CABAL': 20, 'TODOS': 3, 'VAMOS': 5, 'PHG': 1, 'PR': 4, 'PIN': 2, 'ELEFANTE': 2, 'VICTORIA': 5, 'SEMILLA': 62, 'FCN-NACION': 0, 'PPN': 1, 'UR': 6, 'URNG-MAIZ WINAQ': 5, 'CREO': 10, 'BIEN': 8, 'VIVA': 13, 'MI FAMILIA': 2, 'CAMBIO': 0, 'VOS': 25}",1,28,263,0,Algún campo sin dato,0.Distrito Central,1.Guatemala,0045,presidente
562,,"{'UNE': 19, 'AZUL': 5, 'VALOR UNIONISTA': 26, 'CABAL': 10, 'TODOS': 1, 'VAMOS': 3, 'PHG': 4, 'PR': 8, 'PIN': 0, 'ELEFANTE': 4, 'VICTORIA': 9, 'SEMILLA': 65, 'FCN-NACION': 3, 'PPN': 0, 'UR': 8, 'URNG-MAIZ WINAQ': 2, 'CREO': 5, 'BIEN': 11, 'VIVA': 20, 'MI FAMILIA': 6, 'CAMBIO': 0, 'VOS': 20}",3,29,261,141,Algún campo sin dato,0.Distrito Central,1.Guatemala,0045,presidente
563,,"{'UNE': 22, 'AZUL': 5, 'VALOR UNIONISTA': 28, 'CABAL': 16, 'TODOS': 0, 'VAMOS': 1, 'PHG': 0, 'PR': 6, 'PIN': 0, 'ELEFANTE': 3, 'VICTORIA': 8, 'SEMILLA': 66, 'FCN-NACION': 0, 'PPN': 4, 'UR': 10, 'URNG-MAIZ WINAQ': 5, 'CREO': 3, 'BIEN': 8, 'VIVA': 18, 'MI FAMILIA': 3, 'CAMBIO': 0, 'VOS': 23}",2,40,271,129,Algún campo sin dato,0.Distrito Central,1.Guatemala,0045,presidente
564,,"{'UNE': 30, 'AZUL': 5, 'VALOR UNIONISTA': 31, 'CABAL': 10, 'TODOS': 0, 'VAMOS': 4, 'PHG': 0, 'PR': 3, 'PIN': 0, 'ELEFANTE': 1, 'VICTORIA': 5, 'SEMILLA': 72, 'FCN-NACION': 1, 'PPN': 2, 'UR': 2, 'URNG-MAIZ WINAQ': 7, 'CREO': 7, 'BIEN': 7, 'VIVA': 16, 'MI FAMILIA': 5, 'CAMBIO': 0, 'VOS': 27}",2,30,267,0,Algún campo sin dato,0.Distrito Central,1.Guatemala,0045,presidente
565,,"{'UNE': 19, 'AZUL': 1, 'VALOR UNIONISTA': 18, 'CABAL': 10, 'TODOS': 0, 'VAMOS': 4, 'PHG': 0, 'PR': 4, 'PIN': 3, 'ELEFANTE': 1, 'VICTORIA': 4, 'SEMILLA': 65, 'FCN-NACION': 1, 'PPN': 0, 'UR': 4, 'URNG-MAIZ WINAQ': 6, 'CREO': 3, 'BIEN': 9, 'VIVA': 16, 'MI FAMILIA': 6, 'CAMBIO': 1, 'VOS': 25}",0,40,240,0,Algún campo sin dato,0.Distrito Central,1.Guatemala,0045,presidente
566,,"{'UNE': 19, 'AZUL': 4, 'VALOR UNIONISTA': 27, 'CABAL': 13, 'TODOS': 2, 'VAMOS': 3, 'PHG': 0, 'PR': 8, 'PIN': 2, 'ELEFANTE': 1, 'VICTORIA': 4, 'SEMILLA': 64, 'FCN-NACION': 1, 'PPN': 1, 'UR': 5, 'URNG-MAIZ WINAQ': 5, 'CREO': 5, 'BIEN': 10, 'VIVA': 16, 'MI FAMILIA': 5, 'CAMBIO': 1, 'VOS': 25}",2,22,245,1,,0.Distrito Central,1.Guatemala,0045,presidente
567,,"{'UNE': 32, 'AZUL': 2, 'VALOR UNIONISTA': 20, 'CABAL': 12, 'TODOS': 0, 'VAMOS': 5, 'PHG': 1, 'PR': 3, 'PIN': 2, 'ELEFANTE': 2, 'VICTORIA': 2, 'SEMILLA': 52, 'FCN-NACION': 3, 'PPN': 0, 'UR': 2, 'URNG-MAIZ WINAQ': 9, 'CREO': 2, 'BIEN': 8, 'VIVA': 14, 'MI FAMILIA': 5, 'CAMBIO': 0, 'VOS': 24}",0,25,225,0,Algún campo sin dato,0.Distrito Central,1.Guatemala,0045,presidente
568,,"{'UNE': 27, 'AZUL': 4, 'VALOR UNIONISTA': 25, 'CABAL': 18, 'TODOS': 1, 'VAMOS': 5, 'PHG': 0, 'PR': 3, 'PIN': 0, 'ELEFANTE': 3, 'VICTORIA': 8, 'SEMILLA': 79, 'FCN-NACION': 3, 'PPN': 0, 'UR': 1, 'URNG-MAIZ WINAQ': 2, 'CREO': 6, 'BIEN': 10, 'VIVA': 12, 'MI FAMILIA': 4, 'CAMBIO': 2, 'VOS': 14}",0,26,253,1,Algún campo sin dato,0.Distrito Central,1.Guatemala,0045,presidente
569,,"{'UNE': 23, 'AZUL': 6, 'VALOR UNIONISTA': 18, 'CABAL': 7, 'TODOS': 0, 'VAMOS': 7, 'PHG': 0, 'PR': 3, 'PIN': 1, 'ELEFANTE': 5, 'VICTORIA': 4, 'SEMILLA': 89, 'FCN-NACION': 1, 'PPN': 0, 'UR': 6, 'URNG-MAIZ WINAQ': 3, 'CREO': 2, 'BIEN': 7, 'VIVA': 8, 'MI FAMILIA': 2, 'CAMBIO': 0, 'VOS': 24}",0,25,241,0,Sumas Asentadas sin cuadrar,0.Distrito Central,1.Guatemala,0045,presidente
570,,"{'UNE': 14, 'AZUL': 3, 'VALOR UNIONISTA': 20, 'CABAL': 13, 'TODOS': 0, 'VAMOS': 4, 'PHG': 0, 'PR': 0, 'PIN': 0, 'ELEFANTE': 1, 'VICTORIA': 3, 'SEMILLA': 137, 'FCN-NACION': 1, 'PPN': 0, 'UR': 1, 'URNG-MAIZ WINAQ': 6, 'CREO': 4, 'BIEN': 8, 'VIVA': 12, 'MI FAMILIA': 3, 'CAMBIO': 1, 'VOS': 28}",0,15,274,0,Sumas Asentadas sin cuadrar,0.Distrito Central,1.Guatemala,0045,presidente
571,,"{'UNE': 14, 'AZUL': 1, 'VALOR UNIONISTA': 15, 'CABAL': 9, 'TODOS': 3, 'VAMOS': 3, 'PHG': 0, 'PR': 3, 'PIN': 0, 'ELEFANTE': 2, 'VICTORIA': 3, 'SEMILLA': 140, 'FCN-NACION': 0, 'PPN': 1, 'UR': 0, 'URNG-MAIZ WINAQ': 5, 'CREO': 5, 'BIEN': 17, 'VIVA': 7, 'MI FAMILIA': 1, 'CAMBIO': 1, 'VOS': 22}",0,19,271,3,Sumas Asentadas sin cuadrar,0.Distrito Central,1.Guatemala,0045,presidente
572,,"{'UNE': 15, 'AZUL': 2, 'VALOR UNIONISTA': 19, 'CABAL': 9, 'TODOS': 1, 'VAMOS': 7, 'PHG': 0, 'PR': 5, 'PIN': 0, 'ELEFANTE': 3, 'VICTORIA': 5, 'SEMILLA': 96, 'FCN-NACION': 1, 'PPN': 0, 'UR': 2, 'URNG-MAIZ WINAQ': 6, 'CREO': 6, 'BIEN': 6, 'VIVA': 15, 'MI FAMILIA': 2, 'CAMBIO': 0, 'VOS': 19}",0,19,238,0,Algún campo sin dato,0.Distrito Central,1.Guatemala,0045,presidente
573,,"{'UNE': 7, 'AZUL': 0, 'VALOR UNIONISTA': 10, 'CABAL': 6, 'TODOS': 0, 'VAMOS': 3, 'PHG': 0, 'PR': 3, 'PIN': 2, 'ELEFANTE': 1, 'VICTORIA': 3, 'SEMILLA': 75, 'FCN-NACION': 1, 'PPN': 0, 'UR': 3, 'URNG-MAIZ WINAQ': 2, 'CREO': 2, 'BIEN': 10, 'VIVA': 5, 'MI FAMILIA': 2, 'CAMBIO': 0, 'VOS': 8}",123,15,281,0,Algún campo sin dato,0.Distrito Central,1.Guatemala,0045,presidente
574,,"{'UNE': 7, 'AZUL': 0, 'VALOR UNIONISTA': 13, 'CABAL': 4, 'TODOS': 0, 'VAMOS': 2, 'PHG': 1, 'PR': 1, 'PIN': 0, 'ELEFANTE': 0, 'VICTORIA': 4, 'SEMILLA': 58, 'FCN-NACION': 0, 'PPN': 0, 'UR': 1, 'URNG-MAIZ WINAQ': 0, 'CREO': 1, 'BIEN': 5, 'VIVA': 8, 'MI FAMILIA': 3, 'CAMBIO': 0, 'VOS': 8}",1,7,124,0,Algún campo sin dato,0.Distrito Central,1.Guatemala,0045,presidente
575,,"{'UNE': 9, 'AZUL': 4, 'VALOR UNIONISTA': 35, 'CABAL': 33, 'TODOS': 0, 'VAMOS': 5, 'PHG': 0, 'PR': 6, 'PIN': 1, 'ELEFANTE': 4, 'VICTORIA': 5, 'SEMILLA': 91, 'FCN-NACION': 0, 'PPN': 1, 'UR': 2, 'URNG-MAIZ WINAQ': 2, 'CREO': 4, 'BIEN': 27, 'VIVA': 7, 'MI FAMILIA': 3, 'CAMBIO': 0, 'VOS': 29}",0,17,285,0,Algún campo sin dato,0.Distrito Central,1.Guatemala,0046,presidente
576,,"{'UNE': 9, 'AZUL': 7, 'VALOR UNIONISTA': 46, 'CABAL': 19, 'TODOS': 1, 'VAMOS': 3, 'PHG': 0, 'PR': 4, 'PIN': 1, 'ELEFANTE': 1, 'VICTORIA': 3, 'SEMILLA': 76, 'FCN-NACION': 1, 'PPN': 1, 'UR': 6, 'URNG-MAIZ WINAQ': 5, 'CREO': 1, 'BIEN': 10, 'VIVA': 8, 'MI FAMILIA': 11, 'CAMBIO': 0, 'VOS': 48}",2,24,287,0,Algún campo sin dato,0.Distrito Central,1.Guatemala,0046,presidente
577,,"{'UNE': 11, 'AZUL': 6, 'VALOR UNIONISTA': 57, 'CABAL': 24, 'TODOS': 1, 'VAMOS': 3, 'PHG': 0, 'PR': 1, 'PIN': 0, 'ELEFANTE': 2, 'VICTORIA': 2, 'SEMILLA': 86, 'FCN-NACION': 3, 'PPN': 1, 'UR': 1, 'URNG-MAIZ WINAQ': 4, 'CREO': 4, 'BIEN': 21, 'VIVA': 0, 'MI FAMILIA': 4, 'CAMBIO': 0, 'VOS': 33}",0,25,289,0,Algún campo sin dato,0.Distrito Central,1.Guatemala,0046,presidente
578,,"{'UNE': 13, 'AZUL': 7, 'VALOR UNIONISTA': 45, 'CABAL': 24, 'TODOS': 0, 'VAMOS': 2, 'PHG': 0, 'PR': 4, 'PIN': 1, 'ELEFANTE': 5, 'VICTORIA': 3, 'SEMILLA': 86, 'FCN-NACION': 1, 'PPN': 1, 'UR': 4, 'URNG-MAIZ WINAQ': 6, 'CREO': 7, 'BIEN': 17, 'VIVA': 6, 'MI FAMILIA': 6, 'CAMBIO': 1, 'VOS': 37}",1,27,304,0,Algún campo sin dato,0.Distrito Central,1.Guatemala,0046,presidente
579,,"{'UNE': 5, 'AZUL': 6, 'VALOR UNIONISTA': 32, 'CABAL': 39, 'TODOS': 0, 'VAMOS': 2, 'PHG': 0, 'PR': 6, 'PIN': 0, 'ELEFANTE': 5, 'VICTORIA': 6, 'SEMILLA': 88, 'FCN-NACION': 0, 'PPN': 3, 'UR': 2, 'URNG-MAIZ WINAQ': 5, 'CREO': 3, 'BIEN': 21, 'VIVA': 3, 'MI FAMILIA': 5, 'CAMBIO': 1, 'VOS': 37}",0,28,297,0,Algún campo sin dato,0.Distrito Central,1.Guatemala,0046,presidente
580,,"{'UNE': 6, 'AZUL': 5, 'VALOR UNIONISTA': 44, 'CABAL': 25, 'TODOS': 0, 'VAMOS': 2, 'PHG': 0, 'PR': 5, 'PIN': 0, 'ELEFANTE': 3, 'VICTORIA': 2, 'SEMILLA': 82, 'FCN-NACION': 1, 'PPN': 0, 'UR': 2, 'URNG-MAIZ WINAQ': 5, 'CREO': 2, 'BIEN': 19, 'VIVA': 6, 'MI FAMILIA': 2, 'CAMBIO': 1, 'VOS': 39}",3,36,290,0,,0.Distrito Central,1.Guatemala,0046,presidente
581,,"{'UNE': 8, 'AZUL': 0, 'VALOR UNIONISTA': 29, 'CABAL': 13, 'TODOS': 0, 'VAMOS': 3, 'PHG': 0, 'PR': 3, 'PIN': 2, 'ELEFANTE': 5, 'VICTORIA': 3, 'SEMILLA': 111, 'FCN-NACION': 0, 'PPN': 0, 'UR': 1, 'URNG-MAIZ WINAQ': 1, 'CREO': 7, 'BIEN': 17, 'VIVA': 4, 'MI FAMILIA': 2, 'CAMBIO': 0, 'VOS': 42}",0,18,269,0,,0.Distrito Central,1.Guatemala,0046,presidente
582,,"{'UNE': 5, 'AZUL': 6, 'VALOR UNIONISTA': 48, 'CABAL': 25, 'TODOS': 0, 'VAMOS': 4, 'PHG': 0, 'PR': 3, 'PIN': 0, 'ELEFANTE': 5, 'VICTORIA': 4, 'SEMILLA': 80, 'FCN-NACION': 0, 'PPN': 1, 'UR': 4, 'URNG-MAIZ WINAQ': 4, 'CREO': 7, 'BIEN': 27, 'VIVA': 4, 'MI FAMILIA': 1, 'CAMBIO': 0, 'VOS': 37}",0,27,292,0,Algún campo sin dato,0.Distrito Central,1.Guatemala,0046,presidente
583,,"{'UNE': 8, 'AZUL': 8, 'VALOR UNIONISTA': 37, 'CABAL': 24, 'TODOS': 0, 'VAMOS': 5, 'PHG': 0, 'PR': 3, 'PIN': 1, 'ELEFANTE': 2, 'VICTORIA': 6, 'SEMILLA': 92, 'FCN-NACION': 0, 'PPN': 1, 'UR': 3, 'URNG-MAIZ WINAQ': 6, 'CREO': 3, 'BIEN': 21, 'VIVA': 4, 'MI FAMILIA': 1, 'CAMBIO': 0, 'VOS': 42}",1,25,293,0,Algún campo sin dato,0.Distrito Central,1.Guatemala,0046,presidente
584,,"{'UNE': 9, 'AZUL': 10, 'VALOR UNIONISTA': 32, 'CABAL': 26, 'TODOS': 0, 'VAMOS': 3, 'PHG': 0, 'PR': 3, 'PIN': 3, 'ELEFANTE': 2, 'VICTORIA': 2, 'SEMILLA': 103, 'FCN-NACION': 0, 'PPN': 0, 'UR': 1, 'URNG-MAIZ WINAQ': 4, 'CREO': 4, 'BIEN': 22, 'VIVA': 3, 'MI FAMILIA': 1, 'CAMBIO': 0, 'VOS': 38}",1,17,284,0,Algún campo sin dato,0.Distrito Central,1.Guatemala,0046,presidente
585,,"{'UNE': 1, 'AZUL': 2, 'VALOR UNIONISTA': 52, 'CABAL': 26, 'TODOS': 0, 'VAMOS': 3, 'PHG': 1, 'PR': 2, 'PIN': 0, 'ELEFANTE': 4, 'VICTORIA': 2, 'SEMILLA': 104, 'FCN-NACION': 0, 'PPN': 1, 'UR': 4, 'URNG-MAIZ WINAQ': 2, 'CREO': 7, 'BIEN': 17, 'VIVA': 7, 'MI FAMILIA': 9, 'CAMBIO': 0, 'VOS': 40}",1,23,308,92,Algún campo sin dato,0.Distrito Central,1.Guatemala,0046,presidente
586,,"{'UNE': 12, 'AZUL': 9, 'VALOR UNIONISTA': 42, 'CABAL': 24, 'TODOS': 1, 'VAMOS': 3, 'PHG': 0, 'PR': 5, 'PIN': 2, 'ELEFANTE': 1, 'VICTORIA': 1, 'SEMILLA': 102, 'FCN-NACION': 1, 'PPN': 1, 'UR': 3, 'URNG-MAIZ WINAQ': 3, 'CREO': 1, 'BIEN': 17, 'VIVA': 5, 'MI FAMILIA': 5, 'CAMBIO': 0, 'VOS': 38}",2,20,298,0,Algún campo sin dato,0.Distrito Central,1.Guatemala,0046,presidente
587,,"{'UNE': 11, 'AZUL': 6, 'VALOR UNIONISTA': 40, 'CABAL': 16, 'TODOS': 0, 'VAMOS': 2, 'PHG': 0, 'PR': 2, 'PIN': 0, 'ELEFANTE': 3, 'VICTORIA': 1, 'SEMILLA': 103, 'FCN-NACION': 0, 'PPN': 0, 'UR': 4, 'URNG-MAIZ WINAQ': 4, 'CREO': 3, 'BIEN': 20, 'VIVA': 4, 'MI FAMILIA': 6, 'CAMBIO': 0, 'VOS': 33}",0,29,287,0,Algún campo sin dato,0.Distrito Central,1.Guatemala,0046,presidente
588,,"{'UNE': 5, 'AZUL': 6, 'VALOR UNIONISTA': 42, 'CABAL': 21, 'TODOS': 0, 'VAMOS': 4, 'PHG': 0, 'PR': 2, 'PIN': 2, 'ELEFANTE': 4, 'VICTORIA': 4, 'SEMILLA': 102, 'FCN-NACION': 0, 'PPN': 0, 'UR': 0, 'URNG-MAIZ WINAQ': 4, 'CREO': 1, 'BIEN': 17, 'VIVA': 1, 'MI FAMILIA': 2, 'CAMBIO': 2, 'VOS': 39}",0,25,283,0,Algún campo sin dato,0.Distrito Central,1.Guatemala,0046,presidente
589,,"{'UNE': 6, 'AZUL': 6, 'VALOR UNIONISTA': 45, 'CABAL': 28, 'TODOS': 0, 'VAMOS': 4, 'PHG': 0, 'PR': 2, 'PIN': 5, 'ELEFANTE': 3, 'VICTORIA': 1, 'SEMILLA': 84, 'FCN-NACION': 2, 'PPN': 0, 'UR': 5, 'URNG-MAIZ WINAQ': 2, 'CREO': 7, 'BIEN': 16, 'VIVA': 5, 'MI FAMILIA': 11, 'CAMBIO': 1, 'VOS': 32}",0,20,285,0,Algún campo sin dato,0.Distrito Central,1.Guatemala,0046,presidente
590,,"{'UNE': 8, 'AZUL': 5, 'VALOR UNIONISTA': 50, 'CABAL': 17, 'TODOS': 0, 'VAMOS': 2, 'PHG': 1, 'PR': 6, 'PIN': 1, 'ELEFANTE': 3, 'VICTORIA': 1, 'SEMILLA': 88, 'FCN-NACION': 0, 'PPN': 0, 'UR': 3, 'URNG-MAIZ WINAQ': 2, 'CREO': 7, 'BIEN': 14, 'VIVA': 5, 'MI FAMILIA': 3, 'CAMBIO': 0, 'VOS': 26}",0,41,283,0,Algún campo sin dato,0.Distrito Central,1.Guatemala,0046,presidente
591,,"{'UNE': 9, 'AZUL': 2, 'VALOR UNIONISTA': 32, 'CABAL': 16, 'TODOS': 0, 'VAMOS': 1, 'PHG': 0, 'PR': 4, 'PIN': 0, 'ELEFANTE': 1, 'VICTORIA': 5, 'SEMILLA': 85, 'FCN-NACION': 0, 'PPN': 0, 'UR': 2, 'URNG-MAIZ WINAQ': 5, 'CREO': 3, 'BIEN': 20, 'VIVA': 8, 'MI FAMILIA': 4, 'CAMBIO': 0, 'VOS': 30}",0,23,250,0,Algún campo sin dato,0.Distrito Central,1.Guatemala,0046,presidente
592,,"{'UNE': 5, 'AZUL': 2, 'VALOR UNIONISTA': 43, 'CABAL': 17, 'TODOS': 1, 'VAMOS': 3, 'PHG': 0, 'PR': 6, 'PIN': 0, 'ELEFANTE': 4, 'VICTORIA': 7, 'SEMILLA': 100, 'FCN-NACION': 2, 'PPN': 0, 'UR': 3, 'URNG-MAIZ WINAQ': 2, 'CREO': 5, 'BIEN': 13, 'VIVA': 5, 'MI FAMILIA': 7, 'CAMBIO': 0, 'VOS': 22}",0,26,273,0,Algún campo sin dato,0.Distrito Central,1.Guatemala,0046,presidente
593,,"{'UNE': 10, 'AZUL': 4, 'VALOR UNIONISTA': 36, 'CABAL': 27, 'TODOS': 0, 'VAMOS': 0, 'PHG': 1, 'PR': 1, 'PIN': 1, 'ELEFANTE': 2, 'VICTORIA': 3, 'SEMILLA': 101, 'FCN-NACION': 1, 'PPN': 1, 'UR': 0, 'URNG-MAIZ WINAQ': 2, 'CREO': 1, 'BIEN': 21, 'VIVA': 3, 'MI FAMILIA': 14, 'CAMBIO': 0, 'VOS': 27}",0,19,275,0,Algún campo sin dato,0.Distrito Central,1.Guatemala,0046,presidente
594,,"{'UNE': 4, 'AZUL': 2, 'VALOR UNIONISTA': 22, 'CABAL': 9, 'TODOS': 0, 'VAMOS': 1, 'PHG': 0, 'PR': 2, 'PIN': 1, 'ELEFANTE': 3, 'VICTORIA': 0, 'SEMILLA': 189, 'FCN-NACION': 0, 'PPN': 1, 'UR': 0, 'URNG-MAIZ WINAQ': 1, 'CREO': 1, 'BIEN': 14, 'VIVA': 2, 'MI FAMILIA': 3, 'CAMBIO': 0, 'VOS': 31}",0,18,304,0,Algún campo sin dato,0.Distrito Central,1.Guatemala,0046,presidente
595,,"{'UNE': 5, 'AZUL': 1, 'VALOR UNIONISTA': 19, 'CABAL': 9, 'TODOS': 0, 'VAMOS': 0, 'PHG': 0, 'PR': 1, 'PIN': 1, 'ELEFANTE': 1, 'VICTORIA': 0, 'SEMILLA': 156, 'FCN-NACION': 0, 'PPN': 0, 'UR': 0, 'URNG-MAIZ WINAQ': 5, 'CREO': 0, 'BIEN': 10, 'VIVA': 3, 'MI FAMILIA': 2, 'CAMBIO': 1, 'VOS': 23}",0,5,242,0,Algún campo sin dato,0.Distrito Central,1.Guatemala,0046,presidente
596,,"{'UNE': 2, 'AZUL': 2, 'VALOR UNIONISTA': 21, 'CABAL': 16, 'TODOS': 0, 'VAMOS': 1, 'PHG': 0, 'PR': 0, 'PIN': 1, 'ELEFANTE': 4, 'VICTORIA': 3, 'SEMILLA': 112, 'FCN-NACION': 0, 'PPN': 0, 'UR': 3, 'URNG-MAIZ WINAQ': 1, 'CREO': 0, 'BIEN': 15, 'VIVA': 4, 'MI FAMILIA': 5, 'CAMBIO': 0, 'VOS': 9}",1,6,206,0,Algún campo sin dato,0.Distrito Central,1.Guatemala,0046,presidente
597,,"{'UNE': 25, 'AZUL': 5, 'VALOR UNIONISTA': 27, 'CABAL': 10, 'TODOS': 2, 'VAMOS': 3, 'PHG': 0, 'PR': 2, 'PIN': 1, 'ELEFANTE': 4, 'VICTORIA': 6, 'SEMILLA': 53, 'FCN-NACION': 2, 'PPN': 0, 'UR': 8, 'URNG-MAIZ WINAQ': 6, 'CREO': 4, 'BIEN': 13, 'VIVA': 19, 'MI FAMILIA': 8, 'CAMBIO': 1, 'VOS': 21}",2,35,257,0,Algún campo sin dato,0.Distrito Central,1.Guatemala,0047,presidente
598,,"{'UNE': 20, 'AZUL': 3, 'VALOR UNIONISTA': 35, 'CABAL': 12, 'TODOS': 1, 'VAMOS': 4, 'PHG': 0, 'PR': 3, 'PIN': 1, 'ELEFANTE': 0, 'VICTORIA': 12, 'SEMILLA': 47, 'FCN-NACION': 0, 'PPN': 2, 'UR': 9, 'URNG-MAIZ WINAQ': 5, 'CREO': 4, 'BIEN': 15, 'VIVA': 15, 'MI FAMILIA': 13, 'CAMBIO': 1, 'VOS': 20}",0,37,259,0,Algún campo sin dato,0.Distrito Central,1.Guatemala,0047,presidente
599,,"{'UNE': 20, 'AZUL': 1, 'VALOR UNIONISTA': 19, 'CABAL': 11, 'TODOS': 0, 'VAMOS': 7, 'PHG': 1, 'PR': 5, 'PIN': 0, 'ELEFANTE': 2, 'VICTORIA': 6, 'SEMILLA': 67, 'FCN-NACION': 0, 'PPN': 1, 'UR': 4, 'URNG-MAIZ WINAQ': 6, 'CREO': 3, 'BIEN': 18, 'VIVA': 13, 'MI FAMILIA': 5, 'CAMBIO': 0, 'VOS': 22}",0,26,237,2,Algún campo sin dato,0.Distrito Central,1.Guatemala,0047,presidente
600,,"{'UNE': 13, 'AZUL': 3, 'VALOR UNIONISTA': 24, 'CABAL': 8, 'TODOS': 1, 'VAMOS': 3, 'PHG': 1, 'PR': 2, 'PIN': 1, 'ELEFANTE': 5, 'VICTORIA': 9, 'SEMILLA': 65, 'FCN-NACION': 1, 'PPN': 2, 'UR': 9, 'URNG-MAIZ WINAQ': 7, 'CREO': 2, 'BIEN': 7, 'VIVA': 19, 'MI FAMILIA': 4, 'CAMBIO': 2, 'VOS': 26}",1,31,246,0,Algún campo sin dato,0.Distrito Central,1.Guatemala,0047,presidente
601,,"{'UNE': 23, 'AZUL': 3, 'VALOR UNIONISTA': 25, 'CABAL': 14, 'TODOS': 0, 'VAMOS': 4, 'PHG': 1, 'PR': 5, 'PIN': 1, 'ELEFANTE': 3, 'VICTORIA': 5, 'SEMILLA': 47, 'FCN-NACION': 1, 'PPN': 2, 'UR': 8, 'URNG-MAIZ WINAQ': 4, 'CREO': 1, 'BIEN': 9, 'VIVA': 23, 'MI FAMILIA': 11, 'CAMBIO': 0, 'VOS': 26}",2,32,250,0,Algún campo sin dato,0.Distrito Central,1.Guatemala,0047,presidente
602,,"{'UNE': 29, 'AZUL': 5, 'VALOR UNIONISTA': 32, 'CABAL': 14, 'TODOS': 1, 'VAMOS': 7, 'PHG': 0, 'PR': 1, 'PIN': 2, 'ELEFANTE': 4, 'VICTORIA': 5, 'SEMILLA': 43, 'FCN-NACION': 3, 'PPN': 0, 'UR': 5, 'URNG-MAIZ WINAQ': 9, 'CREO': 3, 'BIEN': 8, 'VIVA': 22, 'MI FAMILIA': 4, 'CAMBIO': 0, 'VOS': 20}",0,30,247,0,Algún campo sin dato,0.Distrito Central,1.Guatemala,0047,presidente
603,,"{'UNE': 30, 'AZUL': 4, 'VALOR UNIONISTA': 18, 'CABAL': 17, 'TODOS': 1, 'VAMOS': 7, 'PHG': 0, 'PR': 3, 'PIN': 0, 'ELEFANTE': 2, 'VICTORIA': 11, 'SEMILLA': 55, 'FCN-NACION': 0, 'PPN': 0, 'UR': 3, 'URNG-MAIZ WINAQ': 15, 'CREO': 5, 'BIEN': 9, 'VIVA': 19, 'MI FAMILIA': 3, 'CAMBIO': 0, 'VOS': 10}",0,31,243,0,Algún campo sin dato,0.Distrito Central,1.Guatemala,0047,presidente
604,,"{'UNE': 23, 'AZUL': 0, 'VALOR UNIONISTA': 16, 'CABAL': 11, 'TODOS': 1, 'VAMOS': 0, 'PHG': 1, 'PR': 3, 'PIN': 1, 'ELEFANTE': 4, 'VICTORIA': 3, 'SEMILLA': 59, 'FCN-NACION': 0, 'PPN': 1, 'UR': 7, 'URNG-MAIZ WINAQ': 4, 'CREO': 0, 'BIEN': 10, 'VIVA': 23, 'MI FAMILIA': 6, 'CAMBIO': 0, 'VOS': 15}",1,23,212,0,Algún campo sin dato,0.Distrito Central,1.Guatemala,0047,presidente
605,,"{'UNE': 17, 'AZUL': 0, 'VALOR UNIONISTA': 17, 'CABAL': 9, 'TODOS': 0, 'VAMOS': 1, 'PHG': 1, 'PR': 3, 'PIN': 0, 'ELEFANTE': 0, 'VICTORIA': 1, 'SEMILLA': 107, 'FCN-NACION': 1, 'PPN': 0, 'UR': 5, 'URNG-MAIZ WINAQ': 2, 'CREO': 1, 'BIEN': 14, 'VIVA': 8, 'MI FAMILIA': 2, 'CAMBIO': 0, 'VOS': 14}",1,17,221,0,Algún campo sin dato,0.Distrito Central,1.Guatemala,0047,presidente
606,,"{'UNE': 7, 'AZUL': 1, 'VALOR UNIONISTA': 11, 'CABAL': 6, 'TODOS': 0, 'VAMOS': 2, 'PHG': 1, 'PR': 0, 'PIN': 1, 'ELEFANTE': 1, 'VICTORIA': 1, 'SEMILLA': 62, 'FCN-NACION': 1, 'PPN': 1, 'UR': 2, 'URNG-MAIZ WINAQ': 1, 'CREO': 0, 'BIEN': 6, 'VIVA': 6, 'MI FAMILIA': 2, 'CAMBIO': 1, 'VOS': 15}",0,13,141,0,Algún campo sin dato,0.Distrito Central,1.Guatemala,0047,presidente
607,,"{'UNE': 28, 'AZUL': 4, 'VALOR UNIONISTA': 20, 'CABAL': 14, 'TODOS': 1, 'VAMOS': 5, 'PHG': 0, 'PR': 10, 'PIN': 1, 'ELEFANTE': 4, 'VICTORIA': 8, 'SEMILLA': 61, 'FCN-NACION': 2, 'PPN': 2, 'UR': 3, 'URNG-MAIZ WINAQ': 6, 'CREO': 5, 'BIEN': 5, 'VIVA': 16, 'MI FAMILIA': 2, 'CAMBIO': 0, 'VOS': 27}",3,19,246,0,Algún campo sin dato,0.Distrito Central,1.Guatemala,0048,presidente
608,,"{'UNE': 22, 'AZUL': 2, 'VALOR UNIONISTA': 27, 'CABAL': 11, 'TODOS': 0, 'VAMOS': 3, 'PHG': 0, 'PR': 4, 'PIN': 0, 'ELEFANTE': 3, 'VICTORIA': 9, 'SEMILLA': 52, 'FCN-NACION': 1, 'PPN': 3, 'UR': 5, 'URNG-MAIZ WINAQ': 3, 'CREO': 5, 'BIEN': 11, 'VIVA': 17, 'MI FAMILIA': 3, 'CAMBIO': 0, 'VOS': 13}",0,27,221,0,Algún campo sin dato,0.Distrito Central,1.Guatemala,0048,presidente
609,,"{'UNE': 27, 'AZUL': 4, 'VALOR UNIONISTA': 28, 'CABAL': 9, 'TODOS': 2, 'VAMOS': 2, 'PHG': 0, 'PR': 5, 'PIN': 0, 'ELEFANTE': 5, 'VICTORIA': 7, 'SEMILLA': 46, 'FCN-NACION': 0, 'PPN': 4, 'UR': 4, 'URNG-MAIZ WINAQ': 8, 'CREO': 5, 'BIEN': 5, 'VIVA': 18, 'MI FAMILIA': 6, 'CAMBIO': 1, 'VOS': 13}",0,38,237,0,Algún campo sin dato,0.Distrito Central,1.Guatemala,0048,presidente
610,,"{'UNE': 35, 'AZUL': 6, 'VALOR UNIONISTA': 26, 'CABAL': 11, 'TODOS': 1, 'VAMOS': 2, 'PHG': 0, 'PR': 8, 'PIN': 1, 'ELEFANTE': 5, 'VICTORIA': 9, 'SEMILLA': 44, 'FCN-NACION': 0, 'PPN': 0, 'UR': 7, 'URNG-MAIZ WINAQ': 7, 'CREO': 7, 'BIEN': 10, 'VIVA': 22, 'MI FAMILIA': 3, 'CAMBIO': 0, 'VOS': 10}",1,23,238,0,Algún campo sin dato,0.Distrito Central,1.Guatemala,0048,presidente
611,,"{'UNE': 29, 'AZUL': 3, 'VALOR UNIONISTA': 24, 'CABAL': 9, 'TODOS': 0, 'VAMOS': 7, 'PHG': 0, 'PR': 5, 'PIN': 1, 'ELEFANTE': 2, 'VICTORIA': 5, 'SEMILLA': 48, 'FCN-NACION': 1, 'PPN': 1, 'UR': 8, 'URNG-MAIZ WINAQ': 7, 'CREO': 6, 'BIEN': 7, 'VIVA': 14, 'MI FAMILIA': 5, 'CAMBIO': 0, 'VOS': 17}",0,30,229,171,Algún campo sin dato,0.Distrito Central,1.Guatemala,0048,presidente
612,,"{'UNE': 32, 'AZUL': 3, 'VALOR UNIONISTA': 24, 'CABAL': 12, 'TODOS': 0, 'VAMOS': 3, 'PHG': 1, 'PR': 7, 'PIN': 0, 'ELEFANTE': 2, 'VICTORIA': 9, 'SEMILLA': 48, 'FCN-NACION': 1, 'PPN': 1, 'UR': 5, 'URNG-MAIZ WINAQ': 9, 'CREO': 3, 'BIEN': 13, 'VIVA': 21, 'MI FAMILIA': 5, 'CAMBIO': 0, 'VOS': 20}",0,21,240,158,Algún campo sin dato,0.Distrito Central,1.Guatemala,0048,presidente
613,,"{'UNE': 28, 'AZUL': 3, 'VALOR UNIONISTA': 29, 'CABAL': 20, 'TODOS': 1, 'VAMOS': 8, 'PHG': 1, 'PR': 8, 'PIN': 0, 'ELEFANTE': 0, 'VICTORIA': 12, 'SEMILLA': 51, 'FCN-NACION': 0, 'PPN': 1, 'UR': 7, 'URNG-MAIZ WINAQ': 4, 'CREO': 6, 'BIEN': 9, 'VIVA': 19, 'MI FAMILIA': 4, 'CAMBIO': 0, 'VOS': 21}",1,31,264,2,Algún campo sin dato,0.Distrito Central,1.Guatemala,0048,presidente
614,,"{'UNE': 19, 'AZUL': 2, 'VALOR UNIONISTA': 26, 'CABAL': 13, 'TODOS': 1, 'VAMOS': 3, 'PHG': 0, 'PR': 5, 'PIN': 0, 'ELEFANTE': 4, 'VICTORIA': 4, 'SEMILLA': 53, 'FCN-NACION': 5, 'PPN': 1, 'UR': 6, 'URNG-MAIZ WINAQ': 5, 'CREO': 5, 'BIEN': 10, 'VIVA': 21, 'MI FAMILIA': 4, 'CAMBIO': 0, 'VOS': 17}",1,26,231,0,Algún campo sin dato,0.Distrito Central,1.Guatemala,0048,presidente
615,,"{'UNE': 37, 'AZUL': 6, 'VALOR UNIONISTA': 28, 'CABAL': 14, 'TODOS': 0, 'VAMOS': 2, 'PHG': 0, 'PR': 4, 'PIN': 1, 'ELEFANTE': 3, 'VICTORIA': 11, 'SEMILLA': 57, 'FCN-NACION': 5, 'PPN': 3, 'UR': 3, 'URNG-MAIZ WINAQ': 7, 'CREO': 3, 'BIEN': 7, 'VIVA': 21, 'MI FAMILIA': 5, 'CAMBIO': 1, 'VOS': 18}",1,23,260,0,Algún campo sin dato,0.Distrito Central,1.Guatemala,0048,presidente
616,,"{'UNE': 34, 'AZUL': 3, 'VALOR UNIONISTA': 20, 'CABAL': 9, 'TODOS': 0, 'VAMOS': 2, 'PHG': 0, 'PR': 4, 'PIN': 1, 'ELEFANTE': 4, 'VICTORIA': 4, 'SEMILLA': 53, 'FCN-NACION': 0, 'PPN': 1, 'UR': 12, 'URNG-MAIZ WINAQ': 3, 'CREO': 12, 'BIEN': 8, 'VIVA': 11, 'MI FAMILIA': 4, 'CAMBIO': 1, 'VOS': 12}",0,29,227,0,Algún campo sin dato,0.Distrito Central,1.Guatemala,0048,presidente
617,,"{'UNE': 43, 'AZUL': 2, 'VALOR UNIONISTA': 28, 'CABAL': 12, 'TODOS': 0, 'VAMOS': 4, 'PHG': 0, 'PR': 6, 'PIN': 0, 'ELEFANTE': 2, 'VICTORIA': 8, 'SEMILLA': 48, 'FCN-NACION': 1, 'PPN': 0, 'UR': 3, 'URNG-MAIZ WINAQ': 6, 'CREO': 3, 'BIEN': 15, 'VIVA': 12, 'MI FAMILIA': 3, 'CAMBIO': 1, 'VOS': 8}",0,30,235,0,Algún campo sin dato,0.Distrito Central,1.Guatemala,0048,presidente
618,,"{'UNE': 21, 'AZUL': 5, 'VALOR UNIONISTA': 32, 'CABAL': 11, 'TODOS': 0, 'VAMOS': 4, 'PHG': 0, 'PR': 9, 'PIN': 2, 'ELEFANTE': 4, 'VICTORIA': 5, 'SEMILLA': 63, 'FCN-NACION': 1, 'PPN': 1, 'UR': 2, 'URNG-MAIZ WINAQ': 7, 'CREO': 10, 'BIEN': 12, 'VIVA': 21, 'MI FAMILIA': 12, 'CAMBIO': 0, 'VOS': 18}",2,27,269,0,Algún campo sin dato,0.Distrito Central,1.Guatemala,0048,presidente
619,,"{'UNE': 18, 'AZUL': 4, 'VALOR UNIONISTA': 30, 'CABAL': 8, 'TODOS': 1, 'VAMOS': 3, 'PHG': 2, 'PR': 5, 'PIN': 1, 'ELEFANTE': 4, 'VICTORIA': 7, 'SEMILLA': 43, 'FCN-NACION': 0, 'PPN': 0, 'UR': 13, 'URNG-MAIZ WINAQ': 10, 'CREO': 6, 'BIEN': 9, 'VIVA': 12, 'MI FAMILIA': 9, 'CAMBIO': 0, 'VOS': 16}",0,37,238,0,Algún campo sin dato,0.Distrito Central,1.Guatemala,0048,presidente
620,,"{'UNE': 25, 'AZUL': 4, 'VALOR UNIONISTA': 32, 'CABAL': 13, 'TODOS': 0, 'VAMOS': 1, 'PHG': 0, 'PR': 5, 'PIN': 0, 'ELEFANTE': 2, 'VICTORIA': 7, 'SEMILLA': 53, 'FCN-NACION': 1, 'PPN': 1, 'UR': 8, 'URNG-MAIZ WINAQ': 3, 'CREO': 5, 'BIEN': 13, 'VIVA': 17, 'MI FAMILIA': 4, 'CAMBIO': 0, 'VOS': 17}",3,0,214,0,Sumas Asentadas sin cuadrar,0.Distrito Central,1.Guatemala,0048,presidente
621,,"{'UNE': 29, 'AZUL': 7, 'VALOR UNIONISTA': 25, 'CABAL': 10, 'TODOS': 1, 'VAMOS': 4, 'PHG': 0, 'PR': 6, 'PIN': 0, 'ELEFANTE': 1, 'VICTORIA': 10, 'SEMILLA': 47, 'FCN-NACION': 1, 'PPN': 0, 'UR': 6, 'URNG-MAIZ WINAQ': 3, 'CREO': 4, 'BIEN': 8, 'VIVA': 16, 'MI FAMILIA': 1, 'CAMBIO': 0, 'VOS': 19}",1,36,235,165,Algún campo sin dato,0.Distrito Central,1.Guatemala,0048,presidente
622,,"{'UNE': 29, 'AZUL': 2, 'VALOR UNIONISTA': 29, 'CABAL': 8, 'TODOS': 0, 'VAMOS': 3, 'PHG': 1, 'PR': 0, 'PIN': 2, 'ELEFANTE': 7, 'VICTORIA': 6, 'SEMILLA': 56, 'FCN-NACION': 1, 'PPN': 2, 'UR': 4, 'URNG-MAIZ WINAQ': 8, 'CREO': 6, 'BIEN': 10, 'VIVA': 14, 'MI FAMILIA': 5, 'CAMBIO': 1, 'VOS': 17}",158,31,400,0,Algún campo sin dato,0.Distrito Central,1.Guatemala,0049,presidente
623,,"{'UNE': 28, 'AZUL': 10, 'VALOR UNIONISTA': 29, 'CABAL': 9, 'TODOS': 1, 'VAMOS': 8, 'PHG': 0, 'PR': 10, 'PIN': 0, 'ELEFANTE': 2, 'VICTORIA': 4, 'SEMILLA': 49, 'FCN-NACION': 2, 'PPN': 1, 'UR': 6, 'URNG-MAIZ WINAQ': 5, 'CREO': 6, 'BIEN': 14, 'VIVA': 17, 'MI FAMILIA': 10, 'CAMBIO': 0, 'VOS': 25}",0,39,275,0,Algún campo sin dato,0.Distrito Central,1.Guatemala,0049,presidente
624,,"{'UNE': 31, 'AZUL': 0, 'VALOR UNIONISTA': 17, 'CABAL': 12, 'TODOS': 1, 'VAMOS': 8, 'PHG': 1, 'PR': 2, 'PIN': 1, 'ELEFANTE': 1, 'VICTORIA': 6, 'SEMILLA': 72, 'FCN-NACION': 0, 'PPN': 2, 'UR': 6, 'URNG-MAIZ WINAQ': 2, 'CREO': 6, 'BIEN': 8, 'VIVA': 19, 'MI FAMILIA': 7, 'CAMBIO': 0, 'VOS': 18}",0,34,254,0,,0.Distrito Central,1.Guatemala,0049,presidente
625,,"{'UNE': 22, 'AZUL': 3, 'VALOR UNIONISTA': 19, 'CABAL': 11, 'TODOS': 1, 'VAMOS': 2, 'PHG': 0, 'PR': 1, 'PIN': 0, 'ELEFANTE': 7, 'VICTORIA': 7, 'SEMILLA': 51, 'FCN-NACION': 3, 'PPN': 1, 'UR': 7, 'URNG-MAIZ WINAQ': 5, 'CREO': 2, 'BIEN': 9, 'VIVA': 13, 'MI FAMILIA': 10, 'CAMBIO': 1, 'VOS': 24}",3,42,244,0,Algún campo sin dato,0.Distrito Central,1.Guatemala,0049,presidente
626,,"{'UNE': 29, 'AZUL': 2, 'VALOR UNIONISTA': 24, 'CABAL': 11, 'TODOS': 0, 'VAMOS': 12, 'PHG': 0, 'PR': 7, 'PIN': 0, 'ELEFANTE': 2, 'VICTORIA': 9, 'SEMILLA': 46, 'FCN-NACION': 3, 'PPN': 4, 'UR': 4, 'URNG-MAIZ WINAQ': 7, 'CREO': 5, 'BIEN': 6, 'VIVA': 15, 'MI FAMILIA': 7, 'CAMBIO': 1, 'VOS': 27}",3,33,257,0,Algún campo sin dato,0.Distrito Central,1.Guatemala,0049,presidente
627,,"{'UNE': 35, 'AZUL': 3, 'VALOR UNIONISTA': 20, 'CABAL': 15, 'TODOS': 0, 'VAMOS': 1, 'PHG': 0, 'PR': 1, 'PIN': 1, 'ELEFANTE': 2, 'VICTORIA': 2, 'SEMILLA': 49, 'FCN-NACION': 0, 'PPN': 1, 'UR': 4, 'URNG-MAIZ WINAQ': 4, 'CREO': 3, 'BIEN': 10, 'VIVA': 14, 'MI FAMILIA': 6, 'CAMBIO': 1, 'VOS': 7}",1,22,202,0,Algún campo sin dato,0.Distrito Central,1.Guatemala,0049,presidente
628,,"{'UNE': 20, 'AZUL': 1, 'VALOR UNIONISTA': 9, 'CABAL': 9, 'TODOS': 1, 'VAMOS': 3, 'PHG': 0, 'PR': 4, 'PIN': 0, 'ELEFANTE': 3, 'VICTORIA': 9, 'SEMILLA': 76, 'FCN-NACION': 3, 'PPN': 1, 'UR': 2, 'URNG-MAIZ WINAQ': 4, 'CREO': 4, 'BIEN': 9, 'VIVA': 18, 'MI FAMILIA': 5, 'CAMBIO': 2, 'VOS': 22}",0,21,226,0,Algún campo sin dato,0.Distrito Central,1.Guatemala,0049,presidente
629,,"{'UNE': 18, 'AZUL': 3, 'VALOR UNIONISTA': 16, 'CABAL': 9, 'TODOS': 0, 'VAMOS': 0, 'PHG': 1, 'PR': 3, 'PIN': 0, 'ELEFANTE': 5, 'VICTORIA': 6, 'SEMILLA': 61, 'FCN-NACION': 2, 'PPN': 0, 'UR': 4, 'URNG-MAIZ WINAQ': 1, 'CREO': 2, 'BIEN': 11, 'VIVA': 17, 'MI FAMILIA': 1, 'CAMBIO': 0, 'VOS': 32}",0,28,220,0,Algún campo sin dato,0.Distrito Central,1.Guatemala,0049,presidente
630,,"{'UNE': 21, 'AZUL': 2, 'VALOR UNIONISTA': 15, 'CABAL': 4, 'TODOS': 0, 'VAMOS': 2, 'PHG': 0, 'PR': 0, 'PIN': 0, 'ELEFANTE': 5, 'VICTORIA': 8, 'SEMILLA': 67, 'FCN-NACION': 2, 'PPN': 0, 'UR': 3, 'URNG-MAIZ WINAQ': 6, 'CREO': 3, 'BIEN': 16, 'VIVA': 14, 'MI FAMILIA': 4, 'CAMBIO': 0, 'VOS': 28}",182,19,401,0,Algún campo sin dato,0.Distrito Central,1.Guatemala,0049,presidente
631,,"{'UNE': 21, 'AZUL': 1, 'VALOR UNIONISTA': 32, 'CABAL': 11, 'TODOS': 1, 'VAMOS': 5, 'PHG': 0, 'PR': 5, 'PIN': 0, 'ELEFANTE': 4, 'VICTORIA': 13, 'SEMILLA': 67, 'FCN-NACION': 1, 'PPN': 0, 'UR': 2, 'URNG-MAIZ WINAQ': 7, 'CREO': 4, 'BIEN': 11, 'VIVA': 17, 'MI FAMILIA': 2, 'CAMBIO': 0, 'VOS': 22}",0,26,252,0,Algún campo sin dato,0.Distrito Central,1.Guatemala,0049,presidente
632,,"{'UNE': 34, 'AZUL': 5, 'VALOR UNIONISTA': 23, 'CABAL': 15, 'TODOS': 0, 'VAMOS': 4, 'PHG': 1, 'PR': 8, 'PIN': 2, 'ELEFANTE': 3, 'VICTORIA': 8, 'SEMILLA': 40, 'FCN-NACION': 1, 'PPN': 0, 'UR': 6, 'URNG-MAIZ WINAQ': 7, 'CREO': 0, 'BIEN': 12, 'VIVA': 17, 'MI FAMILIA': 4, 'CAMBIO': 0, 'VOS': 18}",0,23,231,0,Algún campo sin dato,0.Distrito Central,1.Guatemala,0049,presidente
633,,"{'UNE': 24, 'AZUL': 2, 'VALOR UNIONISTA': 16, 'CABAL': 15, 'TODOS': 0, 'VAMOS': 10, 'PHG': 0, 'PR': 4, 'PIN': 2, 'ELEFANTE': 2, 'VICTORIA': 12, 'SEMILLA': 41, 'FCN-NACION': 1, 'PPN': 0, 'UR': 4, 'URNG-MAIZ WINAQ': 6, 'CREO': 6, 'BIEN': 6, 'VIVA': 16, 'MI FAMILIA': 4, 'CAMBIO': 1, 'VOS': 18}",0,33,223,0,Algún campo sin dato,0.Distrito Central,1.Guatemala,0049,presidente
634,,"{'UNE': 26, 'AZUL': 2, 'VALOR UNIONISTA': 17, 'CABAL': 15, 'TODOS': 4, 'VAMOS': 1, 'PHG': 1, 'PR': 2, 'PIN': 2, 'ELEFANTE': 1, 'VICTORIA': 8, 'SEMILLA': 74, 'FCN-NACION': 1, 'PPN': 0, 'UR': 4, 'URNG-MAIZ WINAQ': 2, 'CREO': 3, 'BIEN': 12, 'VIVA': 15, 'MI FAMILIA': 8, 'CAMBIO': 0, 'VOS': 15}",2,20,235,0,Algún campo sin dato,0.Distrito Central,1.Guatemala,0050,presidente
635,,"{'UNE': 25, 'AZUL': 5, 'VALOR UNIONISTA': 18, 'CABAL': 19, 'TODOS': 1, 'VAMOS': 2, 'PHG': 0, 'PR': 6, 'PIN': 0, 'ELEFANTE': 2, 'VICTORIA': 4, 'SEMILLA': 55, 'FCN-NACION': 2, 'PPN': 2, 'UR': 6, 'URNG-MAIZ WINAQ': 1, 'CREO': 7, 'BIEN': 8, 'VIVA': 17, 'MI FAMILIA': 10, 'CAMBIO': 0, 'VOS': 25}",3,26,244,0,Algún campo sin dato,0.Distrito Central,1.Guatemala,0050,presidente
636,,"{'UNE': 36, 'AZUL': 3, 'VALOR UNIONISTA': 29, 'CABAL': 8, 'TODOS': 0, 'VAMOS': 0, 'PHG': 0, 'PR': 4, 'PIN': 0, 'ELEFANTE': 4, 'VICTORIA': 7, 'SEMILLA': 57, 'FCN-NACION': 1, 'PPN': 2, 'UR': 4, 'URNG-MAIZ WINAQ': 3, 'CREO': 8, 'BIEN': 4, 'VIVA': 16, 'MI FAMILIA': 7, 'CAMBIO': 0, 'VOS': 21}",1,20,235,0,Algún campo sin dato,0.Distrito Central,1.Guatemala,0050,presidente
637,,"{'UNE': 26, 'AZUL': 6, 'VALOR UNIONISTA': 17, 'CABAL': 14, 'TODOS': 1, 'VAMOS': 0, 'PHG': 0, 'PR': 4, 'PIN': 0, 'ELEFANTE': 0, 'VICTORIA': 9, 'SEMILLA': 60, 'FCN-NACION': 1, 'PPN': 0, 'UR': 4, 'URNG-MAIZ WINAQ': 4, 'CREO': 9, 'BIEN': 6, 'VIVA': 25, 'MI FAMILIA': 1, 'CAMBIO': 0, 'VOS': 14}",1,35,237,0,Algún campo sin dato,0.Distrito Central,1.Guatemala,0050,presidente
638,,"{'UNE': 36, 'AZUL': 0, 'VALOR UNIONISTA': 10, 'CABAL': 11, 'TODOS': 0, 'VAMOS': 1, 'PHG': 1, 'PR': 6, 'PIN': 4, 'ELEFANTE': 0, 'VICTORIA': 6, 'SEMILLA': 46, 'FCN-NACION': 0, 'PPN': 0, 'UR': 3, 'URNG-MAIZ WINAQ': 4, 'CREO': 5, 'BIEN': 9, 'VIVA': 18, 'MI FAMILIA': 3, 'CAMBIO': 2, 'VOS': 19}",1,22,207,0,Algún campo sin dato,0.Distrito Central,1.Guatemala,0050,presidente
639,,"{'UNE': 20, 'AZUL': 3, 'VALOR UNIONISTA': 17, 'CABAL': 14, 'TODOS': 1, 'VAMOS': 2, 'PHG': 0, 'PR': 2, 'PIN': 0, 'ELEFANTE': 7, 'VICTORIA': 9, 'SEMILLA': 60, 'FCN-NACION': 1, 'PPN': 1, 'UR': 0, 'URNG-MAIZ WINAQ': 7, 'CREO': 9, 'BIEN': 12, 'VIVA': 14, 'MI FAMILIA': 1, 'CAMBIO': 0, 'VOS': 30}",0,29,239,0,Sumas Asentadas sin cuadrar,0.Distrito Central,1.Guatemala,0050,presidente
640,,"{'UNE': 21, 'AZUL': 2, 'VALOR UNIONISTA': 26, 'CABAL': 15, 'TODOS': 0, 'VAMOS': 4, 'PHG': 0, 'PR': 1, 'PIN': 0, 'ELEFANTE': 3, 'VICTORIA': 14, 'SEMILLA': 65, 'FCN-NACION': 0, 'PPN': 1, 'UR': 8, 'URNG-MAIZ WINAQ': 7, 'CREO': 5, 'BIEN': 12, 'VIVA': 15, 'MI FAMILIA': 6, 'CAMBIO': 0, 'VOS': 24}",0,27,256,0,Algún campo sin dato,0.Distrito Central,1.Guatemala,0050,presidente
641,,"{'UNE': 26, 'AZUL': 2, 'VALOR UNIONISTA': 25, 'CABAL': 18, 'TODOS': 1, 'VAMOS': 1, 'PHG': 0, 'PR': 2, 'PIN': 0, 'ELEFANTE': 2, 'VICTORIA': 7, 'SEMILLA': 58, 'FCN-NACION': 0, 'PPN': 1, 'UR': 6, 'URNG-MAIZ WINAQ': 7, 'CREO': 0, 'BIEN': 13, 'VIVA': 17, 'MI FAMILIA': 3, 'CAMBIO': 1, 'VOS': 28}",1,21,240,0,Algún campo sin dato,0.Distrito Central,1.Guatemala,0050,presidente
642,,"{'UNE': 19, 'AZUL': 1, 'VALOR UNIONISTA': 15, 'CABAL': 14, 'TODOS': 1, 'VAMOS': 4, 'PHG': 2, 'PR': 4, 'PIN': 1, 'ELEFANTE': 4, 'VICTORIA': 5, 'SEMILLA': 59, 'FCN-NACION': 1, 'PPN': 1, 'UR': 3, 'URNG-MAIZ WINAQ': 5, 'CREO': 3, 'BIEN': 14, 'VIVA': 22, 'MI FAMILIA': 9, 'CAMBIO': 0, 'VOS': 20}",0,37,244,0,Algún campo sin dato,0.Distrito Central,1.Guatemala,0050,presidente
643,,"{'UNE': 23, 'AZUL': 8, 'VALOR UNIONISTA': 18, 'CABAL': 14, 'TODOS': 2, 'VAMOS': 2, 'PHG': 0, 'PR': 3, 'PIN': 0, 'ELEFANTE': 3, 'VICTORIA': 7, 'SEMILLA': 57, 'FCN-NACION': 0, 'PPN': 0, 'UR': 6, 'URNG-MAIZ WINAQ': 2, 'CREO': 6, 'BIEN': 12, 'VIVA': 15, 'MI FAMILIA': 3, 'CAMBIO': 0, 'VOS': 21}",2,24,228,0,Algún campo sin dato,0.Distrito Central,1.Guatemala,0050,presidente
644,,"{'UNE': 27, 'AZUL': 2, 'VALOR UNIONISTA': 32, 'CABAL': 13, 'TODOS': 1, 'VAMOS': 1, 'PHG': 1, 'PR': 1, 'PIN': 0, 'ELEFANTE': 1, 'VICTORIA': 7, 'SEMILLA': 62, 'FCN-NACION': 0, 'PPN': 0, 'UR': 10, 'URNG-MAIZ WINAQ': 4, 'CREO': 5, 'BIEN': 8, 'VIVA': 20, 'MI FAMILIA': 5, 'CAMBIO': 1, 'VOS': 21}",1,27,250,0,Algún campo sin dato,0.Distrito Central,1.Guatemala,0050,presidente
645,,"{'UNE': 27, 'AZUL': 2, 'VALOR UNIONISTA': 24, 'CABAL': 13, 'TODOS': 1, 'VAMOS': 4, 'PHG': 0, 'PR': 7, 'PIN': 0, 'ELEFANTE': 2, 'VICTORIA': 11, 'SEMILLA': 50, 'FCN-NACION': 1, 'PPN': 2, 'UR': 5, 'URNG-MAIZ WINAQ': 6, 'CREO': 5, 'BIEN': 15, 'VIVA': 8, 'MI FAMILIA': 5, 'CAMBIO': 0, 'VOS': 17}",2,38,245,0,Algún campo sin dato,0.Distrito Central,1.Guatemala,0050,presidente
646,,"{'UNE': 35, 'AZUL': 4, 'VALOR UNIONISTA': 25, 'CABAL': 9, 'TODOS': 0, 'VAMOS': 4, 'PHG': 0, 'PR': 5, 'PIN': 1, 'ELEFANTE': 4, 'VICTORIA': 8, 'SEMILLA': 65, 'FCN-NACION': 0, 'PPN': 2, 'UR': 6, 'URNG-MAIZ WINAQ': 6, 'CREO': 2, 'BIEN': 8, 'VIVA': 14, 'MI FAMILIA': 7, 'CAMBIO': 1, 'VOS': 15}",0,23,244,0,,0.Distrito Central,1.Guatemala,0050,presidente
647,,"{'UNE': 28, 'AZUL': 1, 'VALOR UNIONISTA': 14, 'CABAL': 14, 'TODOS': 0, 'VAMOS': 4, 'PHG': 0, 'PR': 5, 'PIN': 3, 'ELEFANTE': 3, 'VICTORIA': 6, 'SEMILLA': 50, 'FCN-NACION': 0, 'PPN': 3, 'UR': 4, 'URNG-MAIZ WINAQ': 7, 'CREO': 3, 'BIEN': 17, 'VIVA': 16, 'MI FAMILIA': 2, 'CAMBIO': 0, 'VOS': 26}",2,18,226,0,Algún campo sin dato,0.Distrito Central,1.Guatemala,0050,presidente
648,,"{'UNE': 25, 'AZUL': 3, 'VALOR UNIONISTA': 23, 'CABAL': 12, 'TODOS': 1, 'VAMOS': 5, 'PHG': 1, 'PR': 3, 'PIN': 0, 'ELEFANTE': 3, 'VICTORIA': 5, 'SEMILLA': 64, 'FCN-NACION': 0, 'PPN': 0, 'UR': 3, 'URNG-MAIZ WINAQ': 1, 'CREO': 5, 'BIEN': 10, 'VIVA': 19, 'MI FAMILIA': 6, 'CAMBIO': 1, 'VOS': 25}",0,38,253,0,Algún campo sin dato,0.Distrito Central,1.Guatemala,0050,presidente
649,,"{'UNE': 24, 'AZUL': 1, 'VALOR UNIONISTA': 30, 'CABAL': 14, 'TODOS': 2, 'VAMOS': 4, 'PHG': 0, 'PR': 3, 'PIN': 1, 'ELEFANTE': 2, 'VICTORIA': 8, 'SEMILLA': 54, 'FCN-NACION': 1, 'PPN': 2, 'UR': 7, 'URNG-MAIZ WINAQ': 4, 'CREO': 5, 'BIEN': 8, 'VIVA': 22, 'MI FAMILIA': 4, 'CAMBIO': 1, 'VOS': 21}",2,30,250,0,Algún campo sin dato,0.Distrito Central,1.Guatemala,0050,presidente
650,,"{'UNE': 25, 'AZUL': 7, 'VALOR UNIONISTA': 26, 'CABAL': 18, 'TODOS': 2, 'VAMOS': 4, 'PHG': 0, 'PR': 1, 'PIN': 1, 'ELEFANTE': 6, 'VICTORIA': 5, 'SEMILLA': 66, 'FCN-NACION': 0, 'PPN': 0, 'UR': 7, 'URNG-MAIZ WINAQ': 3, 'CREO': 3, 'BIEN': 4, 'VIVA': 13, 'MI FAMILIA': 9, 'CAMBIO': 0, 'VOS': 18}",0,33,251,0,Algún campo sin dato,0.Distrito Central,1.Guatemala,0050,presidente
651,,"{'UNE': 37, 'AZUL': 3, 'VALOR UNIONISTA': 15, 'CABAL': 13, 'TODOS': 1, 'VAMOS': 5, 'PHG': 0, 'PR': 9, 'PIN': 0, 'ELEFANTE': 1, 'VICTORIA': 5, 'SEMILLA': 55, 'FCN-NACION': 0, 'PPN': 1, 'UR': 4, 'URNG-MAIZ WINAQ': 7, 'CREO': 5, 'BIEN': 12, 'VIVA': 21, 'MI FAMILIA': 4, 'CAMBIO': 0, 'VOS': 16}",0,25,239,0,Algún campo sin dato,0.Distrito Central,1.Guatemala,0050,presidente
652,,"{'UNE': 31, 'AZUL': 3, 'VALOR UNIONISTA': 23, 'CABAL': 7, 'TODOS': 1, 'VAMOS': 1, 'PHG': 0, 'PR': 7, 'PIN': 0, 'ELEFANTE': 3, 'VICTORIA': 8, 'SEMILLA': 62, 'FCN-NACION': 0, 'PPN': 2, 'UR': 9, 'URNG-MAIZ WINAQ': 7, 'CREO': 5, 'BIEN': 11, 'VIVA': 20, 'MI FAMILIA': 9, 'CAMBIO': 0, 'VOS': 14}",1,25,249,0,Algún campo sin dato,0.Distrito Central,1.Guatemala,0050,presidente
653,,"{'UNE': 35, 'AZUL': 2, 'VALOR UNIONISTA': 20, 'CABAL': 12, 'TODOS': 1, 'VAMOS': 3, 'PHG': 0, 'PR': 6, 'PIN': 0, 'ELEFANTE': 4, 'VICTORIA': 12, 'SEMILLA': 41, 'FCN-NACION': 0, 'PPN': 2, 'UR': 3, 'URNG-MAIZ WINAQ': 9, 'CREO': 4, 'BIEN': 8, 'VIVA': 22, 'MI FAMILIA': 3, 'CAMBIO': 0, 'VOS': 15}",1,33,236,0,Algún campo sin dato,0.Distrito Central,1.Guatemala,0050,presidente
654,,"{'UNE': 30, 'AZUL': 4, 'VALOR UNIONISTA': 20, 'CABAL': 12, 'TODOS': 1, 'VAMOS': 3, 'PHG': 0, 'PR': 3, 'PIN': 0, 'ELEFANTE': 4, 'VICTORIA': 8, 'SEMILLA': 50, 'FCN-NACION': 1, 'PPN': 1, 'UR': 7, 'URNG-MAIZ WINAQ': 0, 'CREO': 7, 'BIEN': 5, 'VIVA': 16, 'MI FAMILIA': 9, 'CAMBIO': 0, 'VOS': 17}",0,37,235,0,Algún campo sin dato,0.Distrito Central,1.Guatemala,0050,presidente
655,,"{'UNE': 37, 'AZUL': 3, 'VALOR UNIONISTA': 16, 'CABAL': 9, 'TODOS': 1, 'VAMOS': 6, 'PHG': 0, 'PR': 5, 'PIN': 1, 'ELEFANTE': 5, 'VICTORIA': 2, 'SEMILLA': 58, 'FCN-NACION': 3, 'PPN': 0, 'UR': 4, 'URNG-MAIZ WINAQ': 5, 'CREO': 6, 'BIEN': 9, 'VIVA': 12, 'MI FAMILIA': 3, 'CAMBIO': 0, 'VOS': 18}",3,25,231,0,Algún campo sin dato,0.Distrito Central,1.Guatemala,0050,presidente
656,,"{'UNE': 39, 'AZUL': 5, 'VALOR UNIONISTA': 20, 'CABAL': 6, 'TODOS': 1, 'VAMOS': 6, 'PHG': 0, 'PR': 7, 'PIN': 0, 'ELEFANTE': 2, 'VICTORIA': 5, 'SEMILLA': 61, 'FCN-NACION': 1, 'PPN': 2, 'UR': 1, 'URNG-MAIZ WINAQ': 3, 'CREO': 5, 'BIEN': 8, 'VIVA': 17, 'MI FAMILIA': 3, 'CAMBIO': 0, 'VOS': 23}",1,21,237,0,Algún campo sin dato,0.Distrito Central,1.Guatemala,0050,presidente
657,,"{'UNE': 28, 'AZUL': 3, 'VALOR UNIONISTA': 19, 'CABAL': 4, 'TODOS': 0, 'VAMOS': 7, 'PHG': 0, 'PR': 0, 'PIN': 0, 'ELEFANTE': 2, 'VICTORIA': 4, 'SEMILLA': 61, 'FCN-NACION': 1, 'PPN': 1, 'UR': 5, 'URNG-MAIZ WINAQ': 4, 'CREO': 11, 'BIEN': 11, 'VIVA': 29, 'MI FAMILIA': 5, 'CAMBIO': 1, 'VOS': 14}",2,23,235,0,Algún campo sin dato,0.Distrito Central,1.Guatemala,0050,presidente
658,,"{'UNE': 36, 'AZUL': 0, 'VALOR UNIONISTA': 26, 'CABAL': 8, 'TODOS': 1, 'VAMOS': 2, 'PHG': 0, 'PR': 6, 'PIN': 1, 'ELEFANTE': 1, 'VICTORIA': 6, 'SEMILLA': 56, 'FCN-NACION': 2, 'PPN': 2, 'UR': 4, 'URNG-MAIZ WINAQ': 1, 'CREO': 4, 'BIEN': 6, 'VIVA': 10, 'MI FAMILIA': 7, 'CAMBIO': 0, 'VOS': 15}",1,29,224,0,Algún campo sin dato,0.Distrito Central,1.Guatemala,0050,presidente
659,,"{'UNE': 35, 'AZUL': 2, 'VALOR UNIONISTA': 28, 'CABAL': 10, 'TODOS': 2, 'VAMOS': 5, 'PHG': 1, 'PR': 6, 'PIN': 0, 'ELEFANTE': 4, 'VICTORIA': 2, 'SEMILLA': 41, 'FCN-NACION': 1, 'PPN': 1, 'UR': 4, 'URNG-MAIZ WINAQ': 6, 'CREO': 6, 'BIEN': 14, 'VIVA': 16, 'MI FAMILIA': 3, 'CAMBIO': 0, 'VOS': 18}",3,33,241,0,Algún campo sin dato,0.Distrito Central,1.Guatemala,0050,presidente
660,,"{'UNE': 28, 'AZUL': 1, 'VALOR UNIONISTA': 18, 'CABAL': 6, 'TODOS': 2, 'VAMOS': 1, 'PHG': 0, 'PR': 0, 'PIN': 0, 'ELEFANTE': 4, 'VICTORIA': 5, 'SEMILLA': 56, 'FCN-NACION': 0, 'PPN': 0, 'UR': 2, 'URNG-MAIZ WINAQ': 6, 'CREO': 5, 'BIEN': 5, 'VIVA': 18, 'MI FAMILIA': 5, 'CAMBIO': 0, 'VOS': 12}",1,21,196,196,Sumas Asentadas sin cuadrar,0.Distrito Central,1.Guatemala,0051,presidente
661,,"{'UNE': 21, 'AZUL': 11, 'VALOR UNIONISTA': 16, 'CABAL': 8, 'TODOS': 1, 'VAMOS': 2, 'PHG': 1, 'PR': 2, 'PIN': 1, 'ELEFANTE': 1, 'VICTORIA': 10, 'SEMILLA': 46, 'FCN-NACION': 1, 'PPN': 0, 'UR': 7, 'URNG-MAIZ WINAQ': 5, 'CREO': 3, 'BIEN': 9, 'VIVA': 14, 'MI FAMILIA': 6, 'CAMBIO': 0, 'VOS': 21}",3,26,215,0,Algún campo sin dato,0.Distrito Central,1.Guatemala,0051,presidente
662,,"{'UNE': 23, 'AZUL': 3, 'VALOR UNIONISTA': 18, 'CABAL': 12, 'TODOS': 1, 'VAMOS': 5, 'PHG': 0, 'PR': 2, 'PIN': 1, 'ELEFANTE': 1, 'VICTORIA': 4, 'SEMILLA': 59, 'FCN-NACION': 0, 'PPN': 2, 'UR': 1, 'URNG-MAIZ WINAQ': 6, 'CREO': 3, 'BIEN': 4, 'VIVA': 18, 'MI FAMILIA': 2, 'CAMBIO': 1, 'VOS': 14}",3,25,208,0,Algún campo sin dato,0.Distrito Central,1.Guatemala,0051,presidente
663,,"{'UNE': 19, 'AZUL': 8, 'VALOR UNIONISTA': 23, 'CABAL': 6, 'TODOS': 1, 'VAMOS': 2, 'PHG': 0, 'PR': 1, 'PIN': 4, 'ELEFANTE': 1, 'VICTORIA': 8, 'SEMILLA': 55, 'FCN-NACION': 2, 'PPN': 0, 'UR': 3, 'URNG-MAIZ WINAQ': 4, 'CREO': 5, 'BIEN': 8, 'VIVA': 16, 'MI FAMILIA': 4, 'CAMBIO': 0, 'VOS': 11}",1,24,206,0,Algún campo sin dato,0.Distrito Central,1.Guatemala,0051,presidente
664,,"{'UNE': 22, 'AZUL': 0, 'VALOR UNIONISTA': 21, 'CABAL': 6, 'TODOS': 0, 'VAMOS': 3, 'PHG': 0, 'PR': 6, 'PIN': 0, 'ELEFANTE': 3, 'VICTORIA': 3, 'SEMILLA': 42, 'FCN-NACION': 1, 'PPN': 0, 'UR': 3, 'URNG-MAIZ WINAQ': 1, 'CREO': 4, 'BIEN': 6, 'VIVA': 20, 'MI FAMILIA': 6, 'CAMBIO': 1, 'VOS': 17}",0,18,183,0,Algún campo sin dato,0.Distrito Central,1.Guatemala,0051,presidente
665,,"{'UNE': 25, 'AZUL': 2, 'VALOR UNIONISTA': 23, 'CABAL': 7, 'TODOS': 2, 'VAMOS': 2, 'PHG': 1, 'PR': 3, 'PIN': 0, 'ELEFANTE': 3, 'VICTORIA': 6, 'SEMILLA': 43, 'FCN-NACION': 0, 'PPN': 2, 'UR': 2, 'URNG-MAIZ WINAQ': 2, 'CREO': 4, 'BIEN': 7, 'VIVA': 20, 'MI FAMILIA': 4, 'CAMBIO': 1, 'VOS': 17}",0,23,199,0,Algún campo sin dato,0.Distrito Central,1.Guatemala,0051,presidente
666,,"{'UNE': 28, 'AZUL': 5, 'VALOR UNIONISTA': 23, 'CABAL': 6, 'TODOS': 1, 'VAMOS': 3, 'PHG': 1, 'PR': 4, 'PIN': 2, 'ELEFANTE': 3, 'VICTORIA': 4, 'SEMILLA': 38, 'FCN-NACION': 1, 'PPN': 1, 'UR': 5, 'URNG-MAIZ WINAQ': 5, 'CREO': 2, 'BIEN': 9, 'VIVA': 15, 'MI FAMILIA': 4, 'CAMBIO': 0, 'VOS': 14}",0,30,204,0,Algún campo sin dato,0.Distrito Central,1.Guatemala,0051,presidente
667,,"{'UNE': 17, 'AZUL': 2, 'VALOR UNIONISTA': 20, 'CABAL': 9, 'TODOS': 0, 'VAMOS': 1, 'PHG': 0, 'PR': 3, 'PIN': 2, 'ELEFANTE': 0, 'VICTORIA': 9, 'SEMILLA': 46, 'FCN-NACION': 1, 'PPN': 2, 'UR': 0, 'URNG-MAIZ WINAQ': 5, 'CREO': 6, 'BIEN': 7, 'VIVA': 16, 'MI FAMILIA': 7, 'CAMBIO': 1, 'VOS': 9}",0,13,176,0,Algún campo sin dato,0.Distrito Central,1.Guatemala,0051,presidente
668,,"{'UNE': 23, 'AZUL': 1, 'VALOR UNIONISTA': 19, 'CABAL': 8, 'TODOS': 0, 'VAMOS': 1, 'PHG': 0, 'PR': 3, 'PIN': 0, 'ELEFANTE': 0, 'VICTORIA': 9, 'SEMILLA': 61, 'FCN-NACION': 1, 'PPN': 2, 'UR': 5, 'URNG-MAIZ WINAQ': 1, 'CREO': 3, 'BIEN': 5, 'VIVA': 12, 'MI FAMILIA': 1, 'CAMBIO': 0, 'VOS': 11}",0,23,189,0,Algún campo sin dato,0.Distrito Central,1.Guatemala,0051,presidente
669,,"{'UNE': 15, 'AZUL': 3, 'VALOR UNIONISTA': 19, 'CABAL': 6, 'TODOS': 0, 'VAMOS': 4, 'PHG': 0, 'PR': 2, 'PIN': 0, 'ELEFANTE': 1, 'VICTORIA': 5, 'SEMILLA': 44, 'FCN-NACION': 1, 'PPN': 0, 'UR': 5, 'URNG-MAIZ WINAQ': 3, 'CREO': 6, 'BIEN': 9, 'VIVA': 7, 'MI FAMILIA': 6, 'CAMBIO': 0, 'VOS': 13}",0,22,171,0,Algún campo sin dato,0.Distrito Central,1.Guatemala,0051,presidente
670,,"{'UNE': 18, 'AZUL': 4, 'VALOR UNIONISTA': 14, 'CABAL': 9, 'TODOS': 4, 'VAMOS': 2, 'PHG': 1, 'PR': 3, 'PIN': 0, 'ELEFANTE': 1, 'VICTORIA': 1, 'SEMILLA': 64, 'FCN-NACION': 1, 'PPN': 0, 'UR': 5, 'URNG-MAIZ WINAQ': 6, 'CREO': 4, 'BIEN': 9, 'VIVA': 10, 'MI FAMILIA': 1, 'CAMBIO': 0, 'VOS': 20}",3,31,211,0,Algún campo sin dato,0.Distrito Central,1.Guatemala,0051,presidente
671,,"{'UNE': 22, 'AZUL': 2, 'VALOR UNIONISTA': 15, 'CABAL': 6, 'TODOS': 0, 'VAMOS': 1, 'PHG': 1, 'PR': 4, 'PIN': 0, 'ELEFANTE': 4, 'VICTORIA': 7, 'SEMILLA': 75, 'FCN-NACION': 0, 'PPN': 0, 'UR': 3, 'URNG-MAIZ WINAQ': 2, 'CREO': 2, 'BIEN': 7, 'VIVA': 9, 'MI FAMILIA': 2, 'CAMBIO': 0, 'VOS': 14}",0,15,191,0,Algún campo sin dato,0.Distrito Central,1.Guatemala,0051,presidente
672,,"{'UNE': 13, 'AZUL': 1, 'VALOR UNIONISTA': 19, 'CABAL': 5, 'TODOS': 0, 'VAMOS': 3, 'PHG': 0, 'PR': 2, 'PIN': 1, 'ELEFANTE': 2, 'VICTORIA': 4, 'SEMILLA': 81, 'FCN-NACION': 0, 'PPN': 0, 'UR': 0, 'URNG-MAIZ WINAQ': 2, 'CREO': 6, 'BIEN': 5, 'VIVA': 4, 'MI FAMILIA': 4, 'CAMBIO': 0, 'VOS': 9}",3,16,180,0,Sumas Asentadas sin cuadrar,0.Distrito Central,1.Guatemala,0051,presidente
673,,"{'UNE': 19, 'AZUL': 1, 'VALOR UNIONISTA': 16, 'CABAL': 6, 'TODOS': 0, 'VAMOS': 2, 'PHG': 0, 'PR': 4, 'PIN': 0, 'ELEFANTE': 5, 'VICTORIA': 3, 'SEMILLA': 81, 'FCN-NACION': 1, 'PPN': 0, 'UR': 4, 'URNG-MAIZ WINAQ': 4, 'CREO': 4, 'BIEN': 12, 'VIVA': 16, 'MI FAMILIA': 1, 'CAMBIO': 1, 'VOS': 15}",2,23,220,0,Algún campo sin dato,0.Distrito Central,1.Guatemala,0051,presidente
674,,"{'UNE': 15, 'AZUL': 1, 'VALOR UNIONISTA': 17, 'CABAL': 5, 'TODOS': 1, 'VAMOS': 0, 'PHG': 0, 'PR': 1, 'PIN': 0, 'ELEFANTE': 1, 'VICTORIA': 4, 'SEMILLA': 86, 'FCN-NACION': 0, 'PPN': 1, 'UR': 2, 'URNG-MAIZ WINAQ': 3, 'CREO': 3, 'BIEN': 8, 'VIVA': 12, 'MI FAMILIA': 1, 'CAMBIO': 0, 'VOS': 14}",0,11,186,0,Algún campo sin dato,0.Distrito Central,1.Guatemala,0051,presidente
675,,"{'UNE': 13, 'AZUL': 1, 'VALOR UNIONISTA': 4, 'CABAL': 5, 'TODOS': 0, 'VAMOS': 2, 'PHG': 0, 'PR': 1, 'PIN': 0, 'ELEFANTE': 1, 'VICTORIA': 1, 'SEMILLA': 96, 'FCN-NACION': 0, 'PPN': 2, 'UR': 2, 'URNG-MAIZ WINAQ': 2, 'CREO': 2, 'BIEN': 7, 'VIVA': 7, 'MI FAMILIA': 1, 'CAMBIO': 1, 'VOS': 16}",0,17,181,0,Algún campo sin dato,0.Distrito Central,1.Guatemala,0051,presidente
676,,"{'UNE': 13, 'AZUL': 2, 'VALOR UNIONISTA': 8, 'CABAL': 5, 'TODOS': 3, 'VAMOS': 1, 'PHG': 1, 'PR': 2, 'PIN': 0, 'ELEFANTE': 1, 'VICTORIA': 5, 'SEMILLA': 103, 'FCN-NACION': 0, 'PPN': 0, 'UR': 1, 'URNG-MAIZ WINAQ': 2, 'CREO': 4, 'BIEN': 11, 'VIVA': 4, 'MI FAMILIA': 0, 'CAMBIO': 0, 'VOS': 19}",0,18,203,0,Algún campo sin dato,0.Distrito Central,1.Guatemala,0051,presidente
677,,"{'UNE': 14, 'AZUL': 3, 'VALOR UNIONISTA': 6, 'CABAL': 2, 'TODOS': 0, 'VAMOS': 0, 'PHG': 0, 'PR': 1, 'PIN': 0, 'ELEFANTE': 0, 'VICTORIA': 1, 'SEMILLA': 97, 'FCN-NACION': 2, 'PPN': 0, 'UR': 3, 'URNG-MAIZ WINAQ': 2, 'CREO': 6, 'BIEN': 10, 'VIVA': 8, 'MI FAMILIA': 0, 'CAMBIO': 1, 'VOS': 15}",0,14,185,0,Algún campo sin dato,0.Distrito Central,1.Guatemala,0051,presidente
678,,"{'UNE': 13, 'AZUL': 0, 'VALOR UNIONISTA': 14, 'CABAL': 3, 'TODOS': 0, 'VAMOS': 3, 'PHG': 0, 'PR': 1, 'PIN': 0, 'ELEFANTE': 1, 'VICTORIA': 4, 'SEMILLA': 108, 'FCN-NACION': 1, 'PPN': 0, 'UR': 3, 'URNG-MAIZ WINAQ': 3, 'CREO': 1, 'BIEN': 12, 'VIVA': 3, 'MI FAMILIA': 1, 'CAMBIO': 0, 'VOS': 15}",0,10,196,0,Algún campo sin dato,0.Distrito Central,1.Guatemala,0051,presidente
679,,"{'UNE': 8, 'AZUL': 0, 'VALOR UNIONISTA': 3, 'CABAL': 7, 'TODOS': 1, 'VAMOS': 1, 'PHG': 0, 'PR': 3, 'PIN': 0, 'ELEFANTE': 0, 'VICTORIA': 1, 'SEMILLA': 105, 'FCN-NACION': 2, 'PPN': 1, 'UR': 0, 'URNG-MAIZ WINAQ': 0, 'CREO': 2, 'BIEN': 6, 'VIVA': 7, 'MI FAMILIA': 2, 'CAMBIO': 0, 'VOS': 10}",0,13,172,0,Algún campo sin dato,0.Distrito Central,1.Guatemala,0051,presidente
680,,"{'UNE': 10, 'AZUL': 3, 'VALOR UNIONISTA': 9, 'CABAL': 7, 'TODOS': 0, 'VAMOS': 5, 'PHG': 0, 'PR': 2, 'PIN': 0, 'ELEFANTE': 2, 'VICTORIA': 3, 'SEMILLA': 119, 'FCN-NACION': 2, 'PPN': 1, 'UR': 1, 'URNG-MAIZ WINAQ': 6, 'CREO': 2, 'BIEN': 8, 'VIVA': 14, 'MI FAMILIA': 0, 'CAMBIO': 0, 'VOS': 14}",0,15,223,0,Algún campo sin dato,0.Distrito Central,1.Guatemala,0052,presidente
681,,"{'UNE': 12, 'AZUL': 0, 'VALOR UNIONISTA': 8, 'CABAL': 10, 'TODOS': 0, 'VAMOS': 4, 'PHG': 1, 'PR': 0, 'PIN': 1, 'ELEFANTE': 2, 'VICTORIA': 4, 'SEMILLA': 85, 'FCN-NACION': 0, 'PPN': 0, 'UR': 4, 'URNG-MAIZ WINAQ': 3, 'CREO': 4, 'BIEN': 14, 'VIVA': 8, 'MI FAMILIA': 3, 'CAMBIO': 0, 'VOS': 13}",0,13,189,0,Algún campo sin dato,0.Distrito Central,1.Guatemala,0052,presidente
682,,"{'UNE': 16, 'AZUL': 3, 'VALOR UNIONISTA': 9, 'CABAL': 3, 'TODOS': 0, 'VAMOS': 3, 'PHG': 0, 'PR': 3, 'PIN': 0, 'ELEFANTE': 1, 'VICTORIA': 0, 'SEMILLA': 74, 'FCN-NACION': 1, 'PPN': 1, 'UR': 4, 'URNG-MAIZ WINAQ': 2, 'CREO': 4, 'BIEN': 5, 'VIVA': 10, 'MI FAMILIA': 2, 'CAMBIO': 0, 'VOS': 17}",0,14,172,0,,0.Distrito Central,1.Guatemala,0052,presidente
683,,"{'UNE': 14, 'AZUL': 1, 'VALOR UNIONISTA': 3, 'CABAL': 1, 'TODOS': 0, 'VAMOS': 2, 'PHG': 1, 'PR': 1, 'PIN': 0, 'ELEFANTE': 2, 'VICTORIA': 2, 'SEMILLA': 51, 'FCN-NACION': 0, 'PPN': 0, 'UR': 0, 'URNG-MAIZ WINAQ': 2, 'CREO': 1, 'BIEN': 3, 'VIVA': 11, 'MI FAMILIA': 1, 'CAMBIO': 0, 'VOS': 6}",1,16,119,0,Algún campo sin dato,0.Distrito Central,1.Guatemala,0052,presidente
684,,"{'UNE': 16, 'AZUL': 1, 'VALOR UNIONISTA': 14, 'CABAL': 7, 'TODOS': 0, 'VAMOS': 3, 'PHG': 0, 'PR': 3, 'PIN': 0, 'ELEFANTE': 1, 'VICTORIA': 6, 'SEMILLA': 57, 'FCN-NACION': 2, 'PPN': 0, 'UR': 1, 'URNG-MAIZ WINAQ': 2, 'CREO': 4, 'BIEN': 5, 'VIVA': 11, 'MI FAMILIA': 4, 'CAMBIO': 0, 'VOS': 12}",1,18,168,0,Algún campo sin dato,0.Distrito Central,1.Guatemala,0052,presidente
685,,"{'UNE': 8, 'AZUL': 2, 'VALOR UNIONISTA': 20, 'CABAL': 13, 'TODOS': 1, 'VAMOS': 3, 'PHG': 0, 'PR': 1, 'PIN': 1, 'ELEFANTE': 2, 'VICTORIA': 2, 'SEMILLA': 77, 'FCN-NACION': 1, 'PPN': 0, 'UR': 2, 'URNG-MAIZ WINAQ': 3, 'CREO': 4, 'BIEN': 3, 'VIVA': 13, 'MI FAMILIA': 2, 'CAMBIO': 0, 'VOS': 16}",1,18,193,0,Algún campo sin dato,0.Distrito Central,1.Guatemala,0052,presidente
686,,"{'UNE': 20, 'AZUL': 2, 'VALOR UNIONISTA': 11, 'CABAL': 9, 'TODOS': 0, 'VAMOS': 3, 'PHG': 0, 'PR': 3, 'PIN': 1, 'ELEFANTE': 4, 'VICTORIA': 3, 'SEMILLA': 86, 'FCN-NACION': 1, 'PPN': 3, 'UR': 1, 'URNG-MAIZ WINAQ': 2, 'CREO': 1, 'BIEN': 7, 'VIVA': 7, 'MI FAMILIA': 1, 'CAMBIO': 0, 'VOS': 9}",1,16,191,0,Algún campo sin dato,0.Distrito Central,1.Guatemala,0052,presidente
687,,"{'UNE': 17, 'AZUL': 2, 'VALOR UNIONISTA': 8, 'CABAL': 3, 'TODOS': 0, 'VAMOS': 0, 'PHG': 3, 'PR': 2, 'PIN': 0, 'ELEFANTE': 3, 'VICTORIA': 3, 'SEMILLA': 98, 'FCN-NACION': 0, 'PPN': 1, 'UR': 4, 'URNG-MAIZ WINAQ': 2, 'CREO': 4, 'BIEN': 5, 'VIVA': 8, 'MI FAMILIA': 3, 'CAMBIO': 0, 'VOS': 11}",1,12,190,0,Algún campo sin dato,0.Distrito Central,1.Guatemala,0052,presidente
688,,"{'UNE': 21, 'AZUL': 1, 'VALOR UNIONISTA': 12, 'CABAL': 10, 'TODOS': 0, 'VAMOS': 1, 'PHG': 1, 'PR': 0, 'PIN': 0, 'ELEFANTE': 1, 'VICTORIA': 7, 'SEMILLA': 80, 'FCN-NACION': 1, 'PPN': 0, 'UR': 2, 'URNG-MAIZ WINAQ': 2, 'CREO': 7, 'BIEN': 2, 'VIVA': 6, 'MI FAMILIA': 0, 'CAMBIO': 0, 'VOS': 12}",0,14,180,0,Algún campo sin dato,0.Distrito Central,1.Guatemala,0052,presidente
689,,"{'UNE': 8, 'AZUL': 1, 'VALOR UNIONISTA': 10, 'CABAL': 3, 'TODOS': 2, 'VAMOS': 0, 'PHG': 1, 'PR': 2, 'PIN': 0, 'ELEFANTE': 3, 'VICTORIA': 5, 'SEMILLA': 57, 'FCN-NACION': 1, 'PPN': 0, 'UR': 3, 'URNG-MAIZ WINAQ': 1, 'CREO': 1, 'BIEN': 5, 'VIVA': 4, 'MI FAMILIA': 3, 'CAMBIO': 0, 'VOS': 4}",0,14,128,0,Algún campo sin dato,0.Distrito Central,1.Guatemala,0052,presidente
690,,"{'UNE': 7, 'AZUL': 1, 'VALOR UNIONISTA': 7, 'CABAL': 3, 'TODOS': 1, 'VAMOS': 0, 'PHG': 0, 'PR': 1, 'PIN': 0, 'ELEFANTE': 4, 'VICTORIA': 1, 'SEMILLA': 31, 'FCN-NACION': 0, 'PPN': 0, 'UR': 2, 'URNG-MAIZ WINAQ': 0, 'CREO': 0, 'BIEN': 4, 'VIVA': 6, 'MI FAMILIA': 1, 'CAMBIO': 0, 'VOS': 7}",1,8,85,0,Algún campo sin dato,0.Distrito Central,1.Guatemala,0052,presidente
691,,"{'UNE': 7, 'AZUL': 3, 'VALOR UNIONISTA': 34, 'CABAL': 28, 'TODOS': 1, 'VAMOS': 2, 'PHG': 0, 'PR': 3, 'PIN': 0, 'ELEFANTE': 4, 'VICTORIA': 3, 'SEMILLA': 82, 'FCN-NACION': 1, 'PPN': 0, 'UR': 2, 'URNG-MAIZ WINAQ': 2, 'CREO': 3, 'BIEN': 15, 'VIVA': 8, 'MI FAMILIA': 3, 'CAMBIO': 0, 'VOS': 30}",0,18,249,0,Algún campo sin dato,0.Distrito Central,1.Guatemala,0053,presidente
692,,"{'UNE': 5, 'AZUL': 3, 'VALOR UNIONISTA': 35, 'CABAL': 20, 'TODOS': 3, 'VAMOS': 6, 'PHG': 0, 'PR': 2, 'PIN': 2, 'ELEFANTE': 0, 'VICTORIA': 3, 'SEMILLA': 90, 'FCN-NACION': 0, 'PPN': 0, 'UR': 3, 'URNG-MAIZ WINAQ': 3, 'CREO': 4, 'BIEN': 15, 'VIVA': 7, 'MI FAMILIA': 3, 'CAMBIO': 0, 'VOS': 37}",0,14,255,0,Algún campo sin dato,0.Distrito Central,1.Guatemala,0053,presidente
693,,"{'UNE': 6, 'AZUL': 1, 'VALOR UNIONISTA': 42, 'CABAL': 27, 'TODOS': 0, 'VAMOS': 5, 'PHG': 0, 'PR': 6, 'PIN': 1, 'ELEFANTE': 3, 'VICTORIA': 3, 'SEMILLA': 78, 'FCN-NACION': 1, 'PPN': 1, 'UR': 2, 'URNG-MAIZ WINAQ': 1, 'CREO': 5, 'BIEN': 13, 'VIVA': 7, 'MI FAMILIA': 3, 'CAMBIO': 0, 'VOS': 32}",0,15,252,0,Algún campo sin dato,0.Distrito Central,1.Guatemala,0053,presidente
694,,"{'UNE': 11, 'AZUL': 1, 'VALOR UNIONISTA': 41, 'CABAL': 26, 'TODOS': 0, 'VAMOS': 3, 'PHG': 1, 'PR': 5, 'PIN': 1, 'ELEFANTE': 2, 'VICTORIA': 3, 'SEMILLA': 72, 'FCN-NACION': 0, 'PPN': 1, 'UR': 2, 'URNG-MAIZ WINAQ': 3, 'CREO': 5, 'BIEN': 15, 'VIVA': 8, 'MI FAMILIA': 2, 'CAMBIO': 0, 'VOS': 36}",0,34,272,1,,0.Distrito Central,1.Guatemala,0053,presidente
695,,"{'UNE': 14, 'AZUL': 2, 'VALOR UNIONISTA': 30, 'CABAL': 23, 'TODOS': 1, 'VAMOS': 2, 'PHG': 0, 'PR': 5, 'PIN': 1, 'ELEFANTE': 4, 'VICTORIA': 4, 'SEMILLA': 82, 'FCN-NACION': 0, 'PPN': 0, 'UR': 3, 'URNG-MAIZ WINAQ': 3, 'CREO': 4, 'BIEN': 16, 'VIVA': 11, 'MI FAMILIA': 6, 'CAMBIO': 0, 'VOS': 30}",1,22,264,0,Algún campo sin dato,0.Distrito Central,1.Guatemala,0053,presidente
696,,"{'UNE': 12, 'AZUL': 2, 'VALOR UNIONISTA': 42, 'CABAL': 22, 'TODOS': 1, 'VAMOS': 5, 'PHG': 1, 'PR': 3, 'PIN': 1, 'ELEFANTE': 1, 'VICTORIA': 3, 'SEMILLA': 64, 'FCN-NACION': 0, 'PPN': 1, 'UR': 3, 'URNG-MAIZ WINAQ': 2, 'CREO': 1, 'BIEN': 26, 'VIVA': 7, 'MI FAMILIA': 2, 'CAMBIO': 0, 'VOS': 40}",1,37,277,0,Algún campo sin dato,0.Distrito Central,1.Guatemala,0053,presidente
697,,"{'UNE': 6, 'AZUL': 3, 'VALOR UNIONISTA': 40, 'CABAL': 27, 'TODOS': 0, 'VAMOS': 5, 'PHG': 0, 'PR': 4, 'PIN': 2, 'ELEFANTE': 3, 'VICTORIA': 4, 'SEMILLA': 73, 'FCN-NACION': 0, 'PPN': 1, 'UR': 4, 'URNG-MAIZ WINAQ': 2, 'CREO': 2, 'BIEN': 16, 'VIVA': 5, 'MI FAMILIA': 8, 'CAMBIO': 0, 'VOS': 45}",0,26,276,0,Algún campo sin dato,0.Distrito Central,1.Guatemala,0053,presidente
698,,"{'UNE': 12, 'AZUL': 3, 'VALOR UNIONISTA': 37, 'CABAL': 21, 'TODOS': 2, 'VAMOS': 4, 'PHG': 1, 'PR': 6, 'PIN': 1, 'ELEFANTE': 7, 'VICTORIA': 0, 'SEMILLA': 74, 'FCN-NACION': 2, 'PPN': 0, 'UR': 3, 'URNG-MAIZ WINAQ': 5, 'CREO': 2, 'BIEN': 16, 'VIVA': 6, 'MI FAMILIA': 3, 'CAMBIO': 0, 'VOS': 26}",0,24,255,0,Algún campo sin dato,0.Distrito Central,1.Guatemala,0053,presidente
699,,"{'UNE': 7, 'AZUL': 4, 'VALOR UNIONISTA': 35, 'CABAL': 24, 'TODOS': 0, 'VAMOS': 4, 'PHG': 0, 'PR': 3, 'PIN': 0, 'ELEFANTE': 2, 'VICTORIA': 0, 'SEMILLA': 71, 'FCN-NACION': 1, 'PPN': 0, 'UR': 3, 'URNG-MAIZ WINAQ': 0, 'CREO': 2, 'BIEN': 25, 'VIVA': 7, 'MI FAMILIA': 6, 'CAMBIO': 0, 'VOS': 38}",0,28,260,140,Algún campo sin dato,0.Distrito Central,1.Guatemala,0053,presidente
700,,"{'UNE': 9, 'AZUL': 3, 'VALOR UNIONISTA': 32, 'CABAL': 22, 'TODOS': 0, 'VAMOS': 2, 'PHG': 0, 'PR': 7, 'PIN': 1, 'ELEFANTE': 2, 'VICTORIA': 5, 'SEMILLA': 72, 'FCN-NACION': 0, 'PPN': 0, 'UR': 2, 'URNG-MAIZ WINAQ': 6, 'CREO': 2, 'BIEN': 19, 'VIVA': 8, 'MI FAMILIA': 1, 'CAMBIO': 0, 'VOS': 38}",1,27,259,0,Algún campo sin dato,0.Distrito Central,1.Guatemala,0053,presidente
701,,"{'UNE': 11, 'AZUL': 3, 'VALOR UNIONISTA': 36, 'CABAL': 24, 'TODOS': 2, 'VAMOS': 5, 'PHG': 0, 'PR': 2, 'PIN': 0, 'ELEFANTE': 1, 'VICTORIA': 1, 'SEMILLA': 67, 'FCN-NACION': 0, 'PPN': 0, 'UR': 5, 'URNG-MAIZ WINAQ': 2, 'CREO': 6, 'BIEN': 14, 'VIVA': 2, 'MI FAMILIA': 5, 'CAMBIO': 2, 'VOS': 38}",0,29,255,0,Algún campo sin dato,0.Distrito Central,1.Guatemala,0053,presidente
702,,"{'UNE': 8, 'AZUL': 3, 'VALOR UNIONISTA': 36, 'CABAL': 21, 'TODOS': 0, 'VAMOS': 5, 'PHG': 0, 'PR': 0, 'PIN': 2, 'ELEFANTE': 0, 'VICTORIA': 1, 'SEMILLA': 83, 'FCN-NACION': 0, 'PPN': 2, 'UR': 4, 'URNG-MAIZ WINAQ': 4, 'CREO': 2, 'BIEN': 15, 'VIVA': 3, 'MI FAMILIA': 5, 'CAMBIO': 0, 'VOS': 38}",0,20,252,0,Algún campo sin dato,0.Distrito Central,1.Guatemala,0053,presidente
703,,"{'UNE': 5, 'AZUL': 0, 'VALOR UNIONISTA': 25, 'CABAL': 11, 'TODOS': 0, 'VAMOS': 2, 'PHG': 0, 'PR': 1, 'PIN': 0, 'ELEFANTE': 2, 'VICTORIA': 4, 'SEMILLA': 121, 'FCN-NACION': 1, 'PPN': 0, 'UR': 0, 'URNG-MAIZ WINAQ': 0, 'CREO': 3, 'BIEN': 24, 'VIVA': 2, 'MI FAMILIA': 3, 'CAMBIO': 0, 'VOS': 24}",0,15,243,0,Algún campo sin dato,0.Distrito Central,1.Guatemala,0053,presidente
704,,"{'UNE': 6, 'AZUL': 1, 'VALOR UNIONISTA': 39, 'CABAL': 24, 'TODOS': 1, 'VAMOS': 1, 'PHG': 0, 'PR': 2, 'PIN': 2, 'ELEFANTE': 1, 'VICTORIA': 1, 'SEMILLA': 84, 'FCN-NACION': 0, 'PPN': 1, 'UR': 1, 'URNG-MAIZ WINAQ': 1, 'CREO': 3, 'BIEN': 26, 'VIVA': 4, 'MI FAMILIA': 5, 'CAMBIO': 0, 'VOS': 32}",2,22,259,0,Algún campo sin dato,0.Distrito Central,1.Guatemala,0053,presidente
705,,"{'UNE': 13, 'AZUL': 4, 'VALOR UNIONISTA': 38, 'CABAL': 24, 'TODOS': 0, 'VAMOS': 1, 'PHG': 0, 'PR': 2, 'PIN': 0, 'ELEFANTE': 4, 'VICTORIA': 3, 'SEMILLA': 88, 'FCN-NACION': 1, 'PPN': 0, 'UR': 1, 'URNG-MAIZ WINAQ': 5, 'CREO': 5, 'BIEN': 21, 'VIVA': 4, 'MI FAMILIA': 1, 'CAMBIO': 0, 'VOS': 31}",0,27,273,0,Algún campo sin dato,0.Distrito Central,1.Guatemala,0053,presidente
706,,"{'UNE': 4, 'AZUL': 3, 'VALOR UNIONISTA': 36, 'CABAL': 20, 'TODOS': 0, 'VAMOS': 0, 'PHG': 0, 'PR': 4, 'PIN': 3, 'ELEFANTE': 1, 'VICTORIA': 5, 'SEMILLA': 74, 'FCN-NACION': 0, 'PPN': 0, 'UR': 0, 'URNG-MAIZ WINAQ': 4, 'CREO': 3, 'BIEN': 25, 'VIVA': 11, 'MI FAMILIA': 6, 'CAMBIO': 1, 'VOS': 37}",1,21,259,0,Algún campo sin dato,0.Distrito Central,1.Guatemala,0053,presidente
707,,"{'UNE': 10, 'AZUL': 3, 'VALOR UNIONISTA': 30, 'CABAL': 20, 'TODOS': 0, 'VAMOS': 0, 'PHG': 0, 'PR': 1, 'PIN': 2, 'ELEFANTE': 1, 'VICTORIA': 5, 'SEMILLA': 73, 'FCN-NACION': 1, 'PPN': 0, 'UR': 1, 'URNG-MAIZ WINAQ': 5, 'CREO': 6, 'BIEN': 19, 'VIVA': 9, 'MI FAMILIA': 6, 'CAMBIO': 0, 'VOS': 39}",0,23,254,0,Algún campo sin dato,0.Distrito Central,1.Guatemala,0053,presidente
708,,"{'UNE': 0, 'AZUL': 0, 'VALOR UNIONISTA': 0, 'CABAL': 0, 'TODOS': 0, 'VAMOS': 0, 'PHG': 0, 'PR': 0, 'PIN': 0, 'ELEFANTE': 0, 'VICTORIA': 0, 'SEMILLA': 0, 'FCN-NACION': 0, 'PPN': 0, 'UR': 0, 'URNG-MAIZ WINAQ': 0, 'CREO': 0, 'BIEN': 0, 'VIVA': 0, 'MI FAMILIA': 0, 'CAMBIO': 0, 'VOS': 0}",0,0,0,0,Acta ilegible,0.Distrito Central,1.Guatemala,0053,presidente
709,,"{'UNE': 4, 'AZUL': 4, 'VALOR UNIONISTA': 34, 'CABAL': 17, 'TODOS': 0, 'VAMOS': 4, 'PHG': 0, 'PR': 5, 'PIN': 2, 'ELEFANTE': 3, 'VICTORIA': 2, 'SEMILLA': 97, 'FCN-NACION': 2, 'PPN': 1, 'UR': 1, 'URNG-MAIZ WINAQ': 4, 'CREO': 6, 'BIEN': 16, 'VIVA': 8, 'MI FAMILIA': 5, 'CAMBIO': 0, 'VOS': 21}",4,26,266,0,Algún campo sin dato,0.Distrito Central,1.Guatemala,0053,presidente
710,,"{'UNE': 9, 'AZUL': 8, 'VALOR UNIONISTA': 33, 'CABAL': 23, 'TODOS': 1, 'VAMOS': 5, 'PHG': 0, 'PR': 8, 'PIN': 0, 'ELEFANTE': 2, 'VICTORIA': 3, 'SEMILLA': 78, 'FCN-NACION': 0, 'PPN': 0, 'UR': 2, 'URNG-MAIZ WINAQ': 4, 'CREO': 0, 'BIEN': 22, 'VIVA': 3, 'MI FAMILIA': 2, 'CAMBIO': 0, 'VOS': 30}",0,25,258,0,Algún campo sin dato,0.Distrito Central,1.Guatemala,0053,presidente
711,,"{'UNE': 11, 'AZUL': 3, 'VALOR UNIONISTA': 43, 'CABAL': 25, 'TODOS': 1, 'VAMOS': 5, 'PHG': 1, 'PR': 3, 'PIN': 3, 'ELEFANTE': 1, 'VICTORIA': 7, 'SEMILLA': 68, 'FCN-NACION': 0, 'PPN': 1, 'UR': 0, 'URNG-MAIZ WINAQ': 8, 'CREO': 3, 'BIEN': 13, 'VIVA': 9, 'MI FAMILIA': 8, 'CAMBIO': 0, 'VOS': 26}",0,19,258,0,Algún campo sin dato,0.Distrito Central,1.Guatemala,0054,presidente
712,,"{'UNE': 5, 'AZUL': 3, 'VALOR UNIONISTA': 42, 'CABAL': 21, 'TODOS': 0, 'VAMOS': 5, 'PHG': 0, 'PR': 5, 'PIN': 2, 'ELEFANTE': 3, 'VICTORIA': 4, 'SEMILLA': 71, 'FCN-NACION': 0, 'PPN': 1, 'UR': 4, 'URNG-MAIZ WINAQ': 2, 'CREO': 8, 'BIEN': 27, 'VIVA': 5, 'MI FAMILIA': 7, 'CAMBIO': 0, 'VOS': 34}",0,29,278,0,Algún campo sin dato,0.Distrito Central,1.Guatemala,0054,presidente
713,,"{'UNE': 12, 'AZUL': 7, 'VALOR UNIONISTA': 49, 'CABAL': 36, 'TODOS': 2, 'VAMOS': 5, 'PHG': 0, 'PR': 2, 'PIN': 0, 'ELEFANTE': 1, 'VICTORIA': 2, 'SEMILLA': 71, 'FCN-NACION': 1, 'PPN': 0, 'UR': 4, 'URNG-MAIZ WINAQ': 4, 'CREO': 4, 'BIEN': 16, 'VIVA': 6, 'MI FAMILIA': 4, 'CAMBIO': 0, 'VOS': 33}",0,34,293,0,Algún campo sin dato,0.Distrito Central,1.Guatemala,0054,presidente
714,,"{'UNE': 10, 'AZUL': 5, 'VALOR UNIONISTA': 45, 'CABAL': 26, 'TODOS': 1, 'VAMOS': 4, 'PHG': 0, 'PR': 3, 'PIN': 1, 'ELEFANTE': 4, 'VICTORIA': 5, 'SEMILLA': 82, 'FCN-NACION': 0, 'PPN': 2, 'UR': 1, 'URNG-MAIZ WINAQ': 8, 'CREO': 4, 'BIEN': 22, 'VIVA': 5, 'MI FAMILIA': 5, 'CAMBIO': 0, 'VOS': 32}",0,30,295,0,Algún campo sin dato,0.Distrito Central,1.Guatemala,0054,presidente
715,,"{'UNE': 7, 'AZUL': 7, 'VALOR UNIONISTA': 33, 'CABAL': 30, 'TODOS': 0, 'VAMOS': 2, 'PHG': 1, 'PR': 1, 'PIN': 0, 'ELEFANTE': 3, 'VICTORIA': 3, 'SEMILLA': 82, 'FCN-NACION': 1, 'PPN': 1, 'UR': 2, 'URNG-MAIZ WINAQ': 2, 'CREO': 3, 'BIEN': 18, 'VIVA': 7, 'MI FAMILIA': 6, 'CAMBIO': 0, 'VOS': 29}",2,29,269,0,Algún campo sin dato,0.Distrito Central,1.Guatemala,0054,presidente
716,,"{'UNE': 8, 'AZUL': 2, 'VALOR UNIONISTA': 28, 'CABAL': 20, 'TODOS': 0, 'VAMOS': 1, 'PHG': 0, 'PR': 2, 'PIN': 0, 'ELEFANTE': 5, 'VICTORIA': 5, 'SEMILLA': 84, 'FCN-NACION': 0, 'PPN': 0, 'UR': 1, 'URNG-MAIZ WINAQ': 1, 'CREO': 4, 'BIEN': 19, 'VIVA': 8, 'MI FAMILIA': 9, 'CAMBIO': 1, 'VOS': 33}",2,24,257,0,Algún campo sin dato,0.Distrito Central,1.Guatemala,0054,presidente
717,,"{'UNE': 9, 'AZUL': 4, 'VALOR UNIONISTA': 49, 'CABAL': 21, 'TODOS': 0, 'VAMOS': 2, 'PHG': 0, 'PR': 2, 'PIN': 0, 'ELEFANTE': 1, 'VICTORIA': 5, 'SEMILLA': 75, 'FCN-NACION': 0, 'PPN': 1, 'UR': 2, 'URNG-MAIZ WINAQ': 8, 'CREO': 13, 'BIEN': 15, 'VIVA': 8, 'MI FAMILIA': 4, 'CAMBIO': 0, 'VOS': 29}",0,22,270,0,Algún campo sin dato,0.Distrito Central,1.Guatemala,0054,presidente
718,,"{'UNE': 11, 'AZUL': 2, 'VALOR UNIONISTA': 34, 'CABAL': 29, 'TODOS': 1, 'VAMOS': 7, 'PHG': 0, 'PR': 5, 'PIN': 0, 'ELEFANTE': 3, 'VICTORIA': 0, 'SEMILLA': 86, 'FCN-NACION': 1, 'PPN': 1, 'UR': 1, 'URNG-MAIZ WINAQ': 5, 'CREO': 3, 'BIEN': 19, 'VIVA': 11, 'MI FAMILIA': 2, 'CAMBIO': 0, 'VOS': 31}",0,21,273,0,Algún campo sin dato,0.Distrito Central,1.Guatemala,0054,presidente
719,,"{'UNE': 10, 'AZUL': 4, 'VALOR UNIONISTA': 51, 'CABAL': 14, 'TODOS': 0, 'VAMOS': 5, 'PHG': 1, 'PR': 3, 'PIN': 0, 'ELEFANTE': 2, 'VICTORIA': 2, 'SEMILLA': 82, 'FCN-NACION': 2, 'PPN': 0, 'UR': 1, 'URNG-MAIZ WINAQ': 4, 'CREO': 8, 'BIEN': 22, 'VIVA': 2, 'MI FAMILIA': 4, 'CAMBIO': 0, 'VOS': 41}",1,21,280,0,Algún campo sin dato,0.Distrito Central,1.Guatemala,0054,presidente
720,,"{'UNE': 6, 'AZUL': 6, 'VALOR UNIONISTA': 47, 'CABAL': 22, 'TODOS': 0, 'VAMOS': 2, 'PHG': 0, 'PR': 7, 'PIN': 1, 'ELEFANTE': 4, 'VICTORIA': 2, 'SEMILLA': 82, 'FCN-NACION': 0, 'PPN': 1, 'UR': 4, 'URNG-MAIZ WINAQ': 5, 'CREO': 3, 'BIEN': 19, 'VIVA': 13, 'MI FAMILIA': 4, 'CAMBIO': 0, 'VOS': 27}",1,21,277,1,,0.Distrito Central,1.Guatemala,0054,presidente
721,,"{'UNE': 5, 'AZUL': 3, 'VALOR UNIONISTA': 33, 'CABAL': 24, 'TODOS': 0, 'VAMOS': 4, 'PHG': 1, 'PR': 3, 'PIN': 3, 'ELEFANTE': 3, 'VICTORIA': 2, 'SEMILLA': 77, 'FCN-NACION': 1, 'PPN': 0, 'UR': 1, 'URNG-MAIZ WINAQ': 1, 'CREO': 2, 'BIEN': 21, 'VIVA': 13, 'MI FAMILIA': 5, 'CAMBIO': 0, 'VOS': 31}",1,22,256,0,Algún campo sin dato,0.Distrito Central,1.Guatemala,0054,presidente
722,,"{'UNE': 8, 'AZUL': 4, 'VALOR UNIONISTA': 32, 'CABAL': 27, 'TODOS': 0, 'VAMOS': 4, 'PHG': 1, 'PR': 2, 'PIN': 2, 'ELEFANTE': 4, 'VICTORIA': 4, 'SEMILLA': 80, 'FCN-NACION': 2, 'PPN': 0, 'UR': 2, 'URNG-MAIZ WINAQ': 2, 'CREO': 5, 'BIEN': 26, 'VIVA': 7, 'MI FAMILIA': 6, 'CAMBIO': 0, 'VOS': 39}",0,20,277,0,Algún campo sin dato,0.Distrito Central,1.Guatemala,0054,presidente
723,,"{'UNE': 5, 'AZUL': 7, 'VALOR UNIONISTA': 26, 'CABAL': 26, 'TODOS': 0, 'VAMOS': 3, 'PHG': 0, 'PR': 2, 'PIN': 0, 'ELEFANTE': 4, 'VICTORIA': 3, 'SEMILLA': 69, 'FCN-NACION': 0, 'PPN': 1, 'UR': 1, 'URNG-MAIZ WINAQ': 0, 'CREO': 5, 'BIEN': 23, 'VIVA': 8, 'MI FAMILIA': 5, 'CAMBIO': 0, 'VOS': 38}",0,26,252,0,Algún campo sin dato,0.Distrito Central,1.Guatemala,0054,presidente
724,,"{'UNE': 10, 'AZUL': 3, 'VALOR UNIONISTA': 36, 'CABAL': 15, 'TODOS': 0, 'VAMOS': 2, 'PHG': 1, 'PR': 4, 'PIN': 0, 'ELEFANTE': 7, 'VICTORIA': 7, 'SEMILLA': 72, 'FCN-NACION': 1, 'PPN': 0, 'UR': 2, 'URNG-MAIZ WINAQ': 3, 'CREO': 1, 'BIEN': 14, 'VIVA': 9, 'MI FAMILIA': 10, 'CAMBIO': 0, 'VOS': 20}",2,27,246,0,Algún campo sin dato,0.Distrito Central,1.Guatemala,0054,presidente
725,,"{'UNE': 11, 'AZUL': 4, 'VALOR UNIONISTA': 29, 'CABAL': 14, 'TODOS': 1, 'VAMOS': 3, 'PHG': 0, 'PR': 4, 'PIN': 1, 'ELEFANTE': 5, 'VICTORIA': 4, 'SEMILLA': 76, 'FCN-NACION': 2, 'PPN': 0, 'UR': 1, 'URNG-MAIZ WINAQ': 0, 'CREO': 3, 'BIEN': 13, 'VIVA': 7, 'MI FAMILIA': 4, 'CAMBIO': 1, 'VOS': 32}",0,21,236,0,Algún campo sin dato,0.Distrito Central,1.Guatemala,0054,presidente
726,,"{'UNE': 5, 'AZUL': 3, 'VALOR UNIONISTA': 30, 'CABAL': 21, 'TODOS': 0, 'VAMOS': 2, 'PHG': 0, 'PR': 3, 'PIN': 1, 'ELEFANTE': 1, 'VICTORIA': 3, 'SEMILLA': 78, 'FCN-NACION': 0, 'PPN': 1, 'UR': 3, 'URNG-MAIZ WINAQ': 6, 'CREO': 1, 'BIEN': 20, 'VIVA': 4, 'MI FAMILIA': 2, 'CAMBIO': 1, 'VOS': 28}",1,18,232,0,,0.Distrito Central,1.Guatemala,0054,presidente
727,,"{'UNE': 7, 'AZUL': 1, 'VALOR UNIONISTA': 27, 'CABAL': 22, 'TODOS': 1, 'VAMOS': 2, 'PHG': 0, 'PR': 3, 'PIN': 0, 'ELEFANTE': 1, 'VICTORIA': 4, 'SEMILLA': 67, 'FCN-NACION': 4, 'PPN': 0, 'UR': 7, 'URNG-MAIZ WINAQ': 5, 'CREO': 3, 'BIEN': 25, 'VIVA': 8, 'MI FAMILIA': 3, 'CAMBIO': 0, 'VOS': 23}",0,21,234,0,Algún campo sin dato,0.Distrito Central,1.Guatemala,0054,presidente
728,,"{'UNE': 10, 'AZUL': 2, 'VALOR UNIONISTA': 33, 'CABAL': 17, 'TODOS': 0, 'VAMOS': 1, 'PHG': 0, 'PR': 3, 'PIN': 0, 'ELEFANTE': 3, 'VICTORIA': 2, 'SEMILLA': 103, 'FCN-NACION': 0, 'PPN': 0, 'UR': 0, 'URNG-MAIZ WINAQ': 2, 'CREO': 3, 'BIEN': 11, 'VIVA': 6, 'MI FAMILIA': 2, 'CAMBIO': 0, 'VOS': 30}",2,22,252,0,Algún campo sin dato,0.Distrito Central,1.Guatemala,0054,presidente
729,,"{'UNE': 7, 'AZUL': 5, 'VALOR UNIONISTA': 14, 'CABAL': 13, 'TODOS': 0, 'VAMOS': 5, 'PHG': 0, 'PR': 0, 'PIN': 0, 'ELEFANTE': 2, 'VICTORIA': 0, 'SEMILLA': 153, 'FCN-NACION': 0, 'PPN': 0, 'UR': 0, 'URNG-MAIZ WINAQ': 1, 'CREO': 1, 'BIEN': 20, 'VIVA': 6, 'MI FAMILIA': 2, 'CAMBIO': 0, 'VOS': 27}",1,13,270,0,Algún campo sin dato,0.Distrito Central,1.Guatemala,0054,presidente
730,,"{'UNE': 2, 'AZUL': 0, 'VALOR UNIONISTA': 35, 'CABAL': 15, 'TODOS': 0, 'VAMOS': 1, 'PHG': 0, 'PR': 2, 'PIN': 1, 'ELEFANTE': 3, 'VICTORIA': 4, 'SEMILLA': 188, 'FCN-NACION': 0, 'PPN': 0, 'UR': 2, 'URNG-MAIZ WINAQ': 3, 'CREO': 0, 'BIEN': 24, 'VIVA': 3, 'MI FAMILIA': 1, 'CAMBIO': 0, 'VOS': 22}",0,14,320,0,Algún campo sin dato,0.Distrito Central,1.Guatemala,0054,presidente
731,,"{'UNE': 6, 'AZUL': 0, 'VALOR UNIONISTA': 22, 'CABAL': 9, 'TODOS': 1, 'VAMOS': 2, 'PHG': 0, 'PR': 0, 'PIN': 0, 'ELEFANTE': 3, 'VICTORIA': 0, 'SEMILLA': 149, 'FCN-NACION': 1, 'PPN': 2, 'UR': 3, 'URNG-MAIZ WINAQ': 1, 'CREO': 3, 'BIEN': 16, 'VIVA': 3, 'MI FAMILIA': 0, 'CAMBIO': 0, 'VOS': 19}",0,14,254,0,Algún campo sin dato,0.Distrito Central,1.Guatemala,0054,presidente
732,,"{'UNE': 7, 'AZUL': 1, 'VALOR UNIONISTA': 14, 'CABAL': 10, 'TODOS': 0, 'VAMOS': 0, 'PHG': 1, 'PR': 0, 'PIN': 0, 'ELEFANTE': 2, 'VICTORIA': 5, 'SEMILLA': 97, 'FCN-NACION': 3, 'PPN': 1, 'UR': 0, 'URNG-MAIZ WINAQ': 4, 'CREO': 0, 'BIEN': 6, 'VIVA': 7, 'MI FAMILIA': 1, 'CAMBIO': 1, 'VOS': 18}",2,16,196,0,Algún campo sin dato,0.Distrito Central,1.Guatemala,0054,presidente
733,,"{'UNE': 3, 'AZUL': 3, 'VALOR UNIONISTA': 17, 'CABAL': 8, 'TODOS': 0, 'VAMOS': 2, 'PHG': 0, 'PR': 2, 'PIN': 2, 'ELEFANTE': 0, 'VICTORIA': 1, 'SEMILLA': 95, 'FCN-NACION': 0, 'PPN': 0, 'UR': 3, 'URNG-MAIZ WINAQ': 2, 'CREO': 1, 'BIEN': 12, 'VIVA': 2, 'MI FAMILIA': 1, 'CAMBIO': 0, 'VOS': 17}",0,6,177,0,Algún campo sin dato,0.Distrito Central,1.Guatemala,0054,presidente
734,,"{'UNE': 6, 'AZUL': 0, 'VALOR UNIONISTA': 11, 'CABAL': 11, 'TODOS': 0, 'VAMOS': 2, 'PHG': 0, 'PR': 1, 'PIN': 0, 'ELEFANTE': 0, 'VICTORIA': 0, 'SEMILLA': 73, 'FCN-NACION': 1, 'PPN': 0, 'UR': 0, 'URNG-MAIZ WINAQ': 3, 'CREO': 0, 'BIEN': 7, 'VIVA': 0, 'MI FAMILIA': 1, 'CAMBIO': 0, 'VOS': 8}",0,6,130,0,Algún campo sin dato,0.Distrito Central,1.Guatemala,0054,presidente
735,,"{'UNE': 20, 'AZUL': 7, 'VALOR UNIONISTA': 47, 'CABAL': 22, 'TODOS': 0, 'VAMOS': 2, 'PHG': 0, 'PR': 3, 'PIN': 2, 'ELEFANTE': 2, 'VICTORIA': 4, 'SEMILLA': 72, 'FCN-NACION': 3, 'PPN': 0, 'UR': 3, 'URNG-MAIZ WINAQ': 3, 'CREO': 4, 'BIEN': 18, 'VIVA': 16, 'MI FAMILIA': 1, 'CAMBIO': 0, 'VOS': 26}",1,31,287,0,Sumas Asentadas sin cuadrar,0.Distrito Central,1.Guatemala,0055,presidente
736,,"{'UNE': 11, 'AZUL': 4, 'VALOR UNIONISTA': 34, 'CABAL': 23, 'TODOS': 0, 'VAMOS': 5, 'PHG': 0, 'PR': 5, 'PIN': 2, 'ELEFANTE': 5, 'VICTORIA': 5, 'SEMILLA': 74, 'FCN-NACION': 0, 'PPN': 2, 'UR': 3, 'URNG-MAIZ WINAQ': 11, 'CREO': 7, 'BIEN': 11, 'VIVA': 22, 'MI FAMILIA': 4, 'CAMBIO': 0, 'VOS': 31}",0,28,287,0,Algún campo sin dato,0.Distrito Central,1.Guatemala,0055,presidente
737,,"{'UNE': 15, 'AZUL': 3, 'VALOR UNIONISTA': 36, 'CABAL': 28, 'TODOS': 1, 'VAMOS': 5, 'PHG': 0, 'PR': 5, 'PIN': 1, 'ELEFANTE': 3, 'VICTORIA': 3, 'SEMILLA': 80, 'FCN-NACION': 0, 'PPN': 0, 'UR': 4, 'URNG-MAIZ WINAQ': 5, 'CREO': 4, 'BIEN': 9, 'VIVA': 13, 'MI FAMILIA': 2, 'CAMBIO': 0, 'VOS': 35}",0,23,275,0,Algún campo sin dato,0.Distrito Central,1.Guatemala,0055,presidente
738,,"{'UNE': 18, 'AZUL': 3, 'VALOR UNIONISTA': 42, 'CABAL': 28, 'TODOS': 0, 'VAMOS': 4, 'PHG': 0, 'PR': 1, 'PIN': 0, 'ELEFANTE': 4, 'VICTORIA': 5, 'SEMILLA': 69, 'FCN-NACION': 0, 'PPN': 0, 'UR': 4, 'URNG-MAIZ WINAQ': 12, 'CREO': 6, 'BIEN': 12, 'VIVA': 15, 'MI FAMILIA': 5, 'CAMBIO': 1, 'VOS': 34}",101,36,400,0,Sumas Asentadas sin cuadrar,0.Distrito Central,1.Guatemala,0055,presidente
739,,"{'UNE': 8, 'AZUL': 4, 'VALOR UNIONISTA': 40, 'CABAL': 25, 'TODOS': 2, 'VAMOS': 2, 'PHG': 0, 'PR': 4, 'PIN': 1, 'ELEFANTE': 5, 'VICTORIA': 3, 'SEMILLA': 80, 'FCN-NACION': 2, 'PPN': 2, 'UR': 5, 'URNG-MAIZ WINAQ': 11, 'CREO': 6, 'BIEN': 14, 'VIVA': 12, 'MI FAMILIA': 5, 'CAMBIO': 0, 'VOS': 42}",1,29,303,0,Algún campo sin dato,0.Distrito Central,1.Guatemala,0056,presidente
740,,"{'UNE': 9, 'AZUL': 2, 'VALOR UNIONISTA': 24, 'CABAL': 9, 'TODOS': 1, 'VAMOS': 1, 'PHG': 1, 'PR': 3, 'PIN': 1, 'ELEFANTE': 4, 'VICTORIA': 7, 'SEMILLA': 109, 'FCN-NACION': 1, 'PPN': 0, 'UR': 3, 'URNG-MAIZ WINAQ': 2, 'CREO': 3, 'BIEN': 17, 'VIVA': 6, 'MI FAMILIA': 3, 'CAMBIO': 0, 'VOS': 39}",0,17,262,0,Algún campo sin dato,0.Distrito Central,1.Guatemala,0056,presidente
741,,"{'UNE': 19, 'AZUL': 4, 'VALOR UNIONISTA': 27, 'CABAL': 20, 'TODOS': 0, 'VAMOS': 2, 'PHG': 0, 'PR': 2, 'PIN': 1, 'ELEFANTE': 4, 'VICTORIA': 3, 'SEMILLA': 70, 'FCN-NACION': 1, 'PPN': 0, 'UR': 3, 'URNG-MAIZ WINAQ': 7, 'CREO': 5, 'BIEN': 17, 'VIVA': 11, 'MI FAMILIA': 2, 'CAMBIO': 0, 'VOS': 33}",0,24,255,0,Algún campo sin dato,0.Distrito Central,1.Guatemala,0056,presidente
742,,"{'UNE': 21, 'AZUL': 6, 'VALOR UNIONISTA': 36, 'CABAL': 26, 'TODOS': 1, 'VAMOS': 4, 'PHG': 0, 'PR': 2, 'PIN': 1, 'ELEFANTE': 3, 'VICTORIA': 6, 'SEMILLA': 92, 'FCN-NACION': 1, 'PPN': 1, 'UR': 3, 'URNG-MAIZ WINAQ': 5, 'CREO': 1, 'BIEN': 16, 'VIVA': 9, 'MI FAMILIA': 2, 'CAMBIO': 0, 'VOS': 36}",2,19,293,0,Algún campo sin dato,0.Distrito Central,1.Guatemala,0056,presidente
743,,"{'UNE': 25, 'AZUL': 4, 'VALOR UNIONISTA': 44, 'CABAL': 14, 'TODOS': 1, 'VAMOS': 2, 'PHG': 0, 'PR': 6, 'PIN': 2, 'ELEFANTE': 0, 'VICTORIA': 4, 'SEMILLA': 72, 'FCN-NACION': 1, 'PPN': 2, 'UR': 7, 'URNG-MAIZ WINAQ': 6, 'CREO': 2, 'BIEN': 22, 'VIVA': 7, 'MI FAMILIA': 8, 'CAMBIO': 0, 'VOS': 32}",1,24,286,0,Algún campo sin dato,0.Distrito Central,1.Guatemala,0056,presidente
744,,"{'UNE': 21, 'AZUL': 8, 'VALOR UNIONISTA': 27, 'CABAL': 25, 'TODOS': 1, 'VAMOS': 2, 'PHG': 0, 'PR': 5, 'PIN': 0, 'ELEFANTE': 1, 'VICTORIA': 5, 'SEMILLA': 87, 'FCN-NACION': 0, 'PPN': 0, 'UR': 5, 'URNG-MAIZ WINAQ': 8, 'CREO': 5, 'BIEN': 13, 'VIVA': 4, 'MI FAMILIA': 6, 'CAMBIO': 0, 'VOS': 37}",2,38,300,0,Algún campo sin dato,0.Distrito Central,1.Guatemala,0056,presidente
745,,"{'UNE': 14, 'AZUL': 2, 'VALOR UNIONISTA': 33, 'CABAL': 26, 'TODOS': 1, 'VAMOS': 3, 'PHG': 0, 'PR': 7, 'PIN': 0, 'ELEFANTE': 1, 'VICTORIA': 6, 'SEMILLA': 90, 'FCN-NACION': 1, 'PPN': 1, 'UR': 3, 'URNG-MAIZ WINAQ': 6, 'CREO': 5, 'BIEN': 12, 'VIVA': 8, 'MI FAMILIA': 1, 'CAMBIO': 0, 'VOS': 36}",0,22,278,0,Sumas Asentadas sin cuadrar,0.Distrito Central,1.Guatemala,0056,presidente
746,,"{'UNE': 14, 'AZUL': 2, 'VALOR UNIONISTA': 29, 'CABAL': 13, 'TODOS': 1, 'VAMOS': 6, 'PHG': 0, 'PR': 2, 'PIN': 0, 'ELEFANTE': 2, 'VICTORIA': 8, 'SEMILLA': 88, 'FCN-NACION': 0, 'PPN': 0, 'UR': 9, 'URNG-MAIZ WINAQ': 2, 'CREO': 2, 'BIEN': 8, 'VIVA': 11, 'MI FAMILIA': 8, 'CAMBIO': 0, 'VOS': 35}",1,26,267,0,Algún campo sin dato,0.Distrito Central,1.Guatemala,0056,presidente
747,,"{'UNE': 21, 'AZUL': 3, 'VALOR UNIONISTA': 43, 'CABAL': 19, 'TODOS': 0, 'VAMOS': 4, 'PHG': 0, 'PR': 1, 'PIN': 1, 'ELEFANTE': 2, 'VICTORIA': 4, 'SEMILLA': 74, 'FCN-NACION': 1, 'PPN': 1, 'UR': 8, 'URNG-MAIZ WINAQ': 8, 'CREO': 4, 'BIEN': 18, 'VIVA': 10, 'MI FAMILIA': 11, 'CAMBIO': 0, 'VOS': 27}",0,26,286,0,Algún campo sin dato,0.Distrito Central,1.Guatemala,0056,presidente
748,,"{'UNE': 14, 'AZUL': 2, 'VALOR UNIONISTA': 39, 'CABAL': 28, 'TODOS': 0, 'VAMOS': 4, 'PHG': 1, 'PR': 2, 'PIN': 0, 'ELEFANTE': 2, 'VICTORIA': 4, 'SEMILLA': 76, 'FCN-NACION': 0, 'PPN': 0, 'UR': 2, 'URNG-MAIZ WINAQ': 7, 'CREO': 5, 'BIEN': 6, 'VIVA': 8, 'MI FAMILIA': 1, 'CAMBIO': 0, 'VOS': 36}",2,21,260,0,Algún campo sin dato,0.Distrito Central,1.Guatemala,0056,presidente
749,,"{'UNE': 12, 'AZUL': 4, 'VALOR UNIONISTA': 24, 'CABAL': 14, 'TODOS': 2, 'VAMOS': 4, 'PHG': 0, 'PR': 3, 'PIN': 3, 'ELEFANTE': 4, 'VICTORIA': 6, 'SEMILLA': 97, 'FCN-NACION': 0, 'PPN': 1, 'UR': 4, 'URNG-MAIZ WINAQ': 7, 'CREO': 2, 'BIEN': 15, 'VIVA': 10, 'MI FAMILIA': 2, 'CAMBIO': 0, 'VOS': 27}",0,24,265,0,Algún campo sin dato,0.Distrito Central,1.Guatemala,0057,presidente
750,,"{'UNE': 11, 'AZUL': 5, 'VALOR UNIONISTA': 29, 'CABAL': 18, 'TODOS': 0, 'VAMOS': 5, 'PHG': 0, 'PR': 5, 'PIN': 1, 'ELEFANTE': 2, 'VICTORIA': 2, 'SEMILLA': 101, 'FCN-NACION': 0, 'PPN': 0, 'UR': 6, 'URNG-MAIZ WINAQ': 5, 'CREO': 2, 'BIEN': 16, 'VIVA': 11, 'MI FAMILIA': 5, 'CAMBIO': 0, 'VOS': 25}",0,17,266,0,Algún campo sin dato,0.Distrito Central,1.Guatemala,0057,presidente
751,,"{'UNE': 8, 'AZUL': 1, 'VALOR UNIONISTA': 18, 'CABAL': 11, 'TODOS': 0, 'VAMOS': 0, 'PHG': 0, 'PR': 5, 'PIN': 0, 'ELEFANTE': 3, 'VICTORIA': 3, 'SEMILLA': 170, 'FCN-NACION': 1, 'PPN': 0, 'UR': 0, 'URNG-MAIZ WINAQ': 4, 'CREO': 1, 'BIEN': 18, 'VIVA': 4, 'MI FAMILIA': 0, 'CAMBIO': 0, 'VOS': 27}",0,13,287,0,Algún campo sin dato,0.Distrito Central,1.Guatemala,0057,presidente
752,,"{'UNE': 5, 'AZUL': 4, 'VALOR UNIONISTA': 15, 'CABAL': 9, 'TODOS': 0, 'VAMOS': 0, 'PHG': 0, 'PR': 0, 'PIN': 0, 'ELEFANTE': 3, 'VICTORIA': 2, 'SEMILLA': 87, 'FCN-NACION': 0, 'PPN': 1, 'UR': 3, 'URNG-MAIZ WINAQ': 4, 'CREO': 2, 'BIEN': 9, 'VIVA': 7, 'MI FAMILIA': 2, 'CAMBIO': 0, 'VOS': 18}",0,7,178,0,Algún campo sin dato,0.Distrito Central,1.Guatemala,0057,presidente
753,,"{'UNE': 7, 'AZUL': 0, 'VALOR UNIONISTA': 14, 'CABAL': 11, 'TODOS': 1, 'VAMOS': 2, 'PHG': 0, 'PR': 0, 'PIN': 0, 'ELEFANTE': 0, 'VICTORIA': 2, 'SEMILLA': 74, 'FCN-NACION': 1, 'PPN': 0, 'UR': 1, 'URNG-MAIZ WINAQ': 3, 'CREO': 1, 'BIEN': 7, 'VIVA': 10, 'MI FAMILIA': 2, 'CAMBIO': 0, 'VOS': 8}",0,10,154,0,Algún campo sin dato,0.Distrito Central,1.Guatemala,0057,presidente
754,,"{'UNE': 9, 'AZUL': 10, 'VALOR UNIONISTA': 32, 'CABAL': 26, 'TODOS': 0, 'VAMOS': 7, 'PHG': 0, 'PR': 4, 'PIN': 0, 'ELEFANTE': 2, 'VICTORIA': 2, 'SEMILLA': 115, 'FCN-NACION': 1, 'PPN': 0, 'UR': 4, 'URNG-MAIZ WINAQ': 2, 'CREO': 1, 'BIEN': 27, 'VIVA': 5, 'MI FAMILIA': 2, 'CAMBIO': 0, 'VOS': 29}",0,26,304,0,Algún campo sin dato,0.Distrito Central,1.Guatemala,0058,presidente
755,,"{'UNE': 10, 'AZUL': 6, 'VALOR UNIONISTA': 43, 'CABAL': 24, 'TODOS': 0, 'VAMOS': 4, 'PHG': 0, 'PR': 5, 'PIN': 2, 'ELEFANTE': 4, 'VICTORIA': 4, 'SEMILLA': 96, 'FCN-NACION': 0, 'PPN': 0, 'UR': 3, 'URNG-MAIZ WINAQ': 3, 'CREO': 3, 'BIEN': 25, 'VIVA': 6, 'MI FAMILIA': 7, 'CAMBIO': 0, 'VOS': 45}",0,16,306,3,Algún campo sin dato,0.Distrito Central,1.Guatemala,0058,presidente
756,,"{'UNE': 6, 'AZUL': 7, 'VALOR UNIONISTA': 53, 'CABAL': 31, 'TODOS': 0, 'VAMOS': 4, 'PHG': 0, 'PR': 5, 'PIN': 2, 'ELEFANTE': 5, 'VICTORIA': 2, 'SEMILLA': 88, 'FCN-NACION': 0, 'PPN': 0, 'UR': 1, 'URNG-MAIZ WINAQ': 1, 'CREO': 6, 'BIEN': 28, 'VIVA': 5, 'MI FAMILIA': 3, 'CAMBIO': 0, 'VOS': 48}",0,17,312,0,Algún campo sin dato,0.Distrito Central,1.Guatemala,0058,presidente
757,,"{'UNE': 9, 'AZUL': 3, 'VALOR UNIONISTA': 42, 'CABAL': 18, 'TODOS': 0, 'VAMOS': 6, 'PHG': 1, 'PR': 6, 'PIN': 0, 'ELEFANTE': 1, 'VICTORIA': 2, 'SEMILLA': 109, 'FCN-NACION': 0, 'PPN': 0, 'UR': 1, 'URNG-MAIZ WINAQ': 0, 'CREO': 0, 'BIEN': 33, 'VIVA': 5, 'MI FAMILIA': 3, 'CAMBIO': 0, 'VOS': 43}",0,17,299,0,Algún campo sin dato,0.Distrito Central,1.Guatemala,0058,presidente
758,,"{'UNE': 10, 'AZUL': 4, 'VALOR UNIONISTA': 41, 'CABAL': 31, 'TODOS': 0, 'VAMOS': 3, 'PHG': 0, 'PR': 5, 'PIN': 1, 'ELEFANTE': 4, 'VICTORIA': 0, 'SEMILLA': 115, 'FCN-NACION': 0, 'PPN': 0, 'UR': 0, 'URNG-MAIZ WINAQ': 3, 'CREO': 2, 'BIEN': 18, 'VIVA': 3, 'MI FAMILIA': 2, 'CAMBIO': 0, 'VOS': 26}",0,21,289,0,Algún campo sin dato,0.Distrito Central,1.Guatemala,0058,presidente
759,,"{'UNE': 3, 'AZUL': 4, 'VALOR UNIONISTA': 40, 'CABAL': 34, 'TODOS': 0, 'VAMOS': 3, 'PHG': 1, 'PR': 2, 'PIN': 1, 'ELEFANTE': 3, 'VICTORIA': 2, 'SEMILLA': 122, 'FCN-NACION': 0, 'PPN': 1, 'UR': 0, 'URNG-MAIZ WINAQ': 3, 'CREO': 6, 'BIEN': 18, 'VIVA': 2, 'MI FAMILIA': 5, 'CAMBIO': 0, 'VOS': 36}",0,14,300,0,,0.Distrito Central,1.Guatemala,0058,presidente
760,,"{'UNE': 5, 'AZUL': 10, 'VALOR UNIONISTA': 55, 'CABAL': 28, 'TODOS': 0, 'VAMOS': 8, 'PHG': 0, 'PR': 1, 'PIN': 0, 'ELEFANTE': 7, 'VICTORIA': 0, 'SEMILLA': 115, 'FCN-NACION': 0, 'PPN': 0, 'UR': 2, 'URNG-MAIZ WINAQ': 4, 'CREO': 3, 'BIEN': 27, 'VIVA': 1, 'MI FAMILIA': 3, 'CAMBIO': 1, 'VOS': 36}",67,27,400,0,,0.Distrito Central,1.Guatemala,0058,presidente
761,,"{'UNE': 5, 'AZUL': 4, 'VALOR UNIONISTA': 49, 'CABAL': 33, 'TODOS': 0, 'VAMOS': 7, 'PHG': 0, 'PR': 5, 'PIN': 1, 'ELEFANTE': 4, 'VICTORIA': 2, 'SEMILLA': 98, 'FCN-NACION': 1, 'PPN': 1, 'UR': 1, 'URNG-MAIZ WINAQ': 2, 'CREO': 5, 'BIEN': 31, 'VIVA': 4, 'MI FAMILIA': 3, 'CAMBIO': 0, 'VOS': 32}",0,26,314,0,Algún campo sin dato,0.Distrito Central,1.Guatemala,0058,presidente
762,,"{'UNE': 6, 'AZUL': 10, 'VALOR UNIONISTA': 29, 'CABAL': 19, 'TODOS': 1, 'VAMOS': 4, 'PHG': 0, 'PR': 6, 'PIN': 0, 'ELEFANTE': 4, 'VICTORIA': 2, 'SEMILLA': 111, 'FCN-NACION': 2, 'PPN': 0, 'UR': 2, 'URNG-MAIZ WINAQ': 2, 'CREO': 1, 'BIEN': 34, 'VIVA': 3, 'MI FAMILIA': 1, 'CAMBIO': 0, 'VOS': 36}",0,30,303,0,Algún campo sin dato,0.Distrito Central,1.Guatemala,0058,presidente
763,,"{'UNE': 7, 'AZUL': 3, 'VALOR UNIONISTA': 44, 'CABAL': 9, 'TODOS': 0, 'VAMOS': 3, 'PHG': 44, 'PR': 2, 'PIN': 0, 'ELEFANTE': 4, 'VICTORIA': 1, 'SEMILLA': 110, 'FCN-NACION': 0, 'PPN': 0, 'UR': 1, 'URNG-MAIZ WINAQ': 1, 'CREO': 3, 'BIEN': 28, 'VIVA': 4, 'MI FAMILIA': 3, 'CAMBIO': 2, 'VOS': 38}",0,18,325,0,Sumas Asentadas sin cuadrar,0.Distrito Central,1.Guatemala,0058,presidente
764,,"{'UNE': 3, 'AZUL': 5, 'VALOR UNIONISTA': 38, 'CABAL': 21, 'TODOS': 2, 'VAMOS': 2, 'PHG': 1, 'PR': 4, 'PIN': 0, 'ELEFANTE': 4, 'VICTORIA': 4, 'SEMILLA': 116, 'FCN-NACION': 2, 'PPN': 0, 'UR': 2, 'URNG-MAIZ WINAQ': 3, 'CREO': 0, 'BIEN': 27, 'VIVA': 4, 'MI FAMILIA': 0, 'CAMBIO': 0, 'VOS': 23}",0,20,281,0,Algún campo sin dato,0.Distrito Central,1.Guatemala,0058,presidente
765,,"{'UNE': 2, 'AZUL': 3, 'VALOR UNIONISTA': 23, 'CABAL': 11, 'TODOS': 0, 'VAMOS': 0, 'PHG': 0, 'PR': 1, 'PIN': 1, 'ELEFANTE': 0, 'VICTORIA': 0, 'SEMILLA': 176, 'FCN-NACION': 0, 'PPN': 0, 'UR': 1, 'URNG-MAIZ WINAQ': 4, 'CREO': 1, 'BIEN': 27, 'VIVA': 1, 'MI FAMILIA': 1, 'CAMBIO': 0, 'VOS': 29}",0,9,290,0,Algún campo sin dato,0.Distrito Central,1.Guatemala,0058,presidente
766,,"{'UNE': 2, 'AZUL': 2, 'VALOR UNIONISTA': 11, 'CABAL': 24, 'TODOS': 0, 'VAMOS': 0, 'PHG': 0, 'PR': 1, 'PIN': 0, 'ELEFANTE': 2, 'VICTORIA': 1, 'SEMILLA': 193, 'FCN-NACION': 1, 'PPN': 0, 'UR': 1, 'URNG-MAIZ WINAQ': 0, 'CREO': 0, 'BIEN': 20, 'VIVA': 0, 'MI FAMILIA': 1, 'CAMBIO': 0, 'VOS': 21}",0,7,287,0,Algún campo sin dato,0.Distrito Central,1.Guatemala,0058,presidente
767,,"{'UNE': 4, 'AZUL': 5, 'VALOR UNIONISTA': 13, 'CABAL': 12, 'TODOS': 0, 'VAMOS': 1, 'PHG': 0, 'PR': 1, 'PIN': 0, 'ELEFANTE': 1, 'VICTORIA': 1, 'SEMILLA': 132, 'FCN-NACION': 0, 'PPN': 0, 'UR': 0, 'URNG-MAIZ WINAQ': 2, 'CREO': 1, 'BIEN': 11, 'VIVA': 1, 'MI FAMILIA': 0, 'CAMBIO': 0, 'VOS': 16}",0,10,211,0,Algún campo sin dato,0.Distrito Central,1.Guatemala,0058,presidente
768,,"{'UNE': 5, 'AZUL': 1, 'VALOR UNIONISTA': 15, 'CABAL': 11, 'TODOS': 0, 'VAMOS': 0, 'PHG': 0, 'PR': 0, 'PIN': 2, 'ELEFANTE': 1, 'VICTORIA': 0, 'SEMILLA': 139, 'FCN-NACION': 1, 'PPN': 0, 'UR': 0, 'URNG-MAIZ WINAQ': 0, 'CREO': 1, 'BIEN': 12, 'VIVA': 4, 'MI FAMILIA': 1, 'CAMBIO': 0, 'VOS': 13}",0,4,210,0,Algún campo sin dato,0.Distrito Central,1.Guatemala,0058,presidente
769,,"{'UNE': 21, 'AZUL': 5, 'VALOR UNIONISTA': 37, 'CABAL': 22, 'TODOS': 1, 'VAMOS': 4, 'PHG': 1, 'PR': 4, 'PIN': 2, 'ELEFANTE': 2, 'VICTORIA': 4, 'SEMILLA': 55, 'FCN-NACION': 0, 'PPN': 2, 'UR': 3, 'URNG-MAIZ WINAQ': 1, 'CREO': 2, 'BIEN': 16, 'VIVA': 9, 'MI FAMILIA': 4, 'CAMBIO': 0, 'VOS': 29}",5,46,275,0,Algún campo sin dato,0.Distrito Central,1.Guatemala,0059,presidente
770,,"{'UNE': 13, 'AZUL': 1, 'VALOR UNIONISTA': 35, 'CABAL': 18, 'TODOS': 0, 'VAMOS': 4, 'PHG': 0, 'PR': 1, 'PIN': 0, 'ELEFANTE': 1, 'VICTORIA': 2, 'SEMILLA': 79, 'FCN-NACION': 2, 'PPN': 2, 'UR': 6, 'URNG-MAIZ WINAQ': 3, 'CREO': 2, 'BIEN': 17, 'VIVA': 10, 'MI FAMILIA': 10, 'CAMBIO': 0, 'VOS': 26}",0,32,264,0,Algún campo sin dato,0.Distrito Central,1.Guatemala,0059,presidente
771,,"{'UNE': 9, 'AZUL': 7, 'VALOR UNIONISTA': 44, 'CABAL': 15, 'TODOS': 0, 'VAMOS': 2, 'PHG': 1, 'PR': 3, 'PIN': 0, 'ELEFANTE': 3, 'VICTORIA': 3, 'SEMILLA': 73, 'FCN-NACION': 3, 'PPN': 1, 'UR': 4, 'URNG-MAIZ WINAQ': 3, 'CREO': 4, 'BIEN': 15, 'VIVA': 14, 'MI FAMILIA': 4, 'CAMBIO': 1, 'VOS': 25}",3,33,270,0,Algún campo sin dato,0.Distrito Central,1.Guatemala,0059,presidente
772,,"{'UNE': 11, 'AZUL': 6, 'VALOR UNIONISTA': 39, 'CABAL': 22, 'TODOS': 0, 'VAMOS': 5, 'PHG': 0, 'PR': 3, 'PIN': 1, 'ELEFANTE': 1, 'VICTORIA': 1, 'SEMILLA': 66, 'FCN-NACION': 1, 'PPN': 0, 'UR': 3, 'URNG-MAIZ WINAQ': 2, 'CREO': 2, 'BIEN': 9, 'VIVA': 16, 'MI FAMILIA': 6, 'CAMBIO': 0, 'VOS': 23}",1,43,261,0,Algún campo sin dato,0.Distrito Central,1.Guatemala,0059,presidente
773,,"{'UNE': 16, 'AZUL': 6, 'VALOR UNIONISTA': 24, 'CABAL': 9, 'TODOS': 0, 'VAMOS': 0, 'PHG': 0, 'PR': 2, 'PIN': 0, 'ELEFANTE': 1, 'VICTORIA': 3, 'SEMILLA': 89, 'FCN-NACION': 1, 'PPN': 2, 'UR': 2, 'URNG-MAIZ WINAQ': 1, 'CREO': 6, 'BIEN': 15, 'VIVA': 6, 'MI FAMILIA': 2, 'CAMBIO': 0, 'VOS': 23}",0,18,226,0,Algún campo sin dato,0.Distrito Central,1.Guatemala,0059,presidente
774,,"{'UNE': 10, 'AZUL': 2, 'VALOR UNIONISTA': 29, 'CABAL': 15, 'TODOS': 0, 'VAMOS': 7, 'PHG': 1, 'PR': 3, 'PIN': 1, 'ELEFANTE': 3, 'VICTORIA': 7, 'SEMILLA': 65, 'FCN-NACION': 1, 'PPN': 0, 'UR': 3, 'URNG-MAIZ WINAQ': 4, 'CREO': 4, 'BIEN': 19, 'VIVA': 13, 'MI FAMILIA': 3, 'CAMBIO': 0, 'VOS': 30}",2,44,266,1,Algún campo sin dato,0.Distrito Central,1.Guatemala,0060,presidente
775,,"{'UNE': 12, 'AZUL': 5, 'VALOR UNIONISTA': 25, 'CABAL': 25, 'TODOS': 0, 'VAMOS': 3, 'PHG': 0, 'PR': 5, 'PIN': 3, 'ELEFANTE': 4, 'VICTORIA': 3, 'SEMILLA': 56, 'FCN-NACION': 1, 'PPN': 3, 'UR': 6, 'URNG-MAIZ WINAQ': 2, 'CREO': 2, 'BIEN': 12, 'VIVA': 17, 'MI FAMILIA': 3, 'CAMBIO': 1, 'VOS': 22}",1,32,243,0,Sumas Asentadas sin cuadrar,0.Distrito Central,1.Guatemala,0060,presidente
776,,"{'UNE': 9, 'AZUL': 8, 'VALOR UNIONISTA': 42, 'CABAL': 12, 'TODOS': 2, 'VAMOS': 6, 'PHG': 1, 'PR': 5, 'PIN': 2, 'ELEFANTE': 6, 'VICTORIA': 3, 'SEMILLA': 70, 'FCN-NACION': 0, 'PPN': 3, 'UR': 2, 'URNG-MAIZ WINAQ': 2, 'CREO': 1, 'BIEN': 0, 'VIVA': 15, 'MI FAMILIA': 4, 'CAMBIO': 0, 'VOS': 31}",0,25,249,0,Sumas Asentadas sin cuadrar,0.Distrito Central,1.Guatemala,0060,presidente
777,,"{'UNE': 8, 'AZUL': 2, 'VALOR UNIONISTA': 28, 'CABAL': 24, 'TODOS': 2, 'VAMOS': 6, 'PHG': 0, 'PR': 5, 'PIN': 1, 'ELEFANTE': 3, 'VICTORIA': 5, 'SEMILLA': 63, 'FCN-NACION': 1, 'PPN': 2, 'UR': 3, 'URNG-MAIZ WINAQ': 4, 'CREO': 2, 'BIEN': 13, 'VIVA': 10, 'MI FAMILIA': 8, 'CAMBIO': 1, 'VOS': 35}",0,21,247,0,Algún campo sin dato,0.Distrito Central,1.Guatemala,0060,presidente
778,,"{'UNE': 15, 'AZUL': 5, 'VALOR UNIONISTA': 27, 'CABAL': 21, 'TODOS': 0, 'VAMOS': 2, 'PHG': 1, 'PR': 3, 'PIN': 0, 'ELEFANTE': 2, 'VICTORIA': 6, 'SEMILLA': 61, 'FCN-NACION': 0, 'PPN': 0, 'UR': 4, 'URNG-MAIZ WINAQ': 6, 'CREO': 5, 'BIEN': 16, 'VIVA': 18, 'MI FAMILIA': 4, 'CAMBIO': 1, 'VOS': 24}",1,36,258,0,Algún campo sin dato,0.Distrito Central,1.Guatemala,0060,presidente
779,,"{'UNE': 11, 'AZUL': 5, 'VALOR UNIONISTA': 26, 'CABAL': 12, 'TODOS': 0, 'VAMOS': 2, 'PHG': 0, 'PR': 4, 'PIN': 3, 'ELEFANTE': 3, 'VICTORIA': 8, 'SEMILLA': 59, 'FCN-NACION': 1, 'PPN': 2, 'UR': 5, 'URNG-MAIZ WINAQ': 5, 'CREO': 6, 'BIEN': 21, 'VIVA': 12, 'MI FAMILIA': 7, 'CAMBIO': 0, 'VOS': 37}",1,27,257,0,Algún campo sin dato,0.Distrito Central,1.Guatemala,0060,presidente
780,,"{'UNE': 14, 'AZUL': 3, 'VALOR UNIONISTA': 18, 'CABAL': 6, 'TODOS': 3, 'VAMOS': 2, 'PHG': 0, 'PR': 2, 'PIN': 1, 'ELEFANTE': 1, 'VICTORIA': 5, 'SEMILLA': 83, 'FCN-NACION': 0, 'PPN': 1, 'UR': 2, 'URNG-MAIZ WINAQ': 7, 'CREO': 0, 'BIEN': 12, 'VIVA': 13, 'MI FAMILIA': 1, 'CAMBIO': 0, 'VOS': 30}",0,27,231,0,Algún campo sin dato,0.Distrito Central,1.Guatemala,0060,presidente
781,,"{'UNE': 5, 'AZUL': 6, 'VALOR UNIONISTA': 27, 'CABAL': 14, 'TODOS': 0, 'VAMOS': 2, 'PHG': 0, 'PR': 3, 'PIN': 0, 'ELEFANTE': 3, 'VICTORIA': 0, 'SEMILLA': 73, 'FCN-NACION': 2, 'PPN': 0, 'UR': 5, 'URNG-MAIZ WINAQ': 2, 'CREO': 5, 'BIEN': 13, 'VIVA': 18, 'MI FAMILIA': 5, 'CAMBIO': 0, 'VOS': 30}",0,20,233,0,Algún campo sin dato,0.Distrito Central,1.Guatemala,0060,presidente
782,,"{'UNE': 16, 'AZUL': 4, 'VALOR UNIONISTA': 35, 'CABAL': 11, 'TODOS': 1, 'VAMOS': 4, 'PHG': 1, 'PR': 2, 'PIN': 2, 'ELEFANTE': 2, 'VICTORIA': 5, 'SEMILLA': 64, 'FCN-NACION': 1, 'PPN': 1, 'UR': 5, 'URNG-MAIZ WINAQ': 4, 'CREO': 4, 'BIEN': 11, 'VIVA': 16, 'MI FAMILIA': 6, 'CAMBIO': 0, 'VOS': 24}",0,43,262,0,Algún campo sin dato,0.Distrito Central,1.Guatemala,0060,presidente
783,,"{'UNE': 12, 'AZUL': 3, 'VALOR UNIONISTA': 30, 'CABAL': 17, 'TODOS': 1, 'VAMOS': 6, 'PHG': 0, 'PR': 0, 'PIN': 2, 'ELEFANTE': 1, 'VICTORIA': 2, 'SEMILLA': 77, 'FCN-NACION': 1, 'PPN': 0, 'UR': 6, 'URNG-MAIZ WINAQ': 6, 'CREO': 5, 'BIEN': 7, 'VIVA': 10, 'MI FAMILIA': 2, 'CAMBIO': 0, 'VOS': 27}",0,20,235,0,Algún campo sin dato,0.Distrito Central,1.Guatemala,0060,presidente
784,,"{'UNE': 10, 'AZUL': 9, 'VALOR UNIONISTA': 32, 'CABAL': 18, 'TODOS': 0, 'VAMOS': 1, 'PHG': 0, 'PR': 4, 'PIN': 0, 'ELEFANTE': 6, 'VICTORIA': 5, 'SEMILLA': 77, 'FCN-NACION': 1, 'PPN': 1, 'UR': 2, 'URNG-MAIZ WINAQ': 2, 'CREO': 1, 'BIEN': 14, 'VIVA': 11, 'MI FAMILIA': 5, 'CAMBIO': 1, 'VOS': 23}",0,26,249,0,Algún campo sin dato,0.Distrito Central,1.Guatemala,0060,presidente
785,,"{'UNE': 16, 'AZUL': 6, 'VALOR UNIONISTA': 33, 'CABAL': 9, 'TODOS': 0, 'VAMOS': 3, 'PHG': 1, 'PR': 4, 'PIN': 0, 'ELEFANTE': 3, 'VICTORIA': 1, 'SEMILLA': 68, 'FCN-NACION': 0, 'PPN': 1, 'UR': 4, 'URNG-MAIZ WINAQ': 5, 'CREO': 3, 'BIEN': 11, 'VIVA': 15, 'MI FAMILIA': 11, 'CAMBIO': 1, 'VOS': 37}",0,28,260,0,Algún campo sin dato,0.Distrito Central,1.Guatemala,0060,presidente
786,,"{'UNE': 4, 'AZUL': 3, 'VALOR UNIONISTA': 29, 'CABAL': 15, 'TODOS': 0, 'VAMOS': 5, 'PHG': 1, 'PR': 2, 'PIN': 0, 'ELEFANTE': 3, 'VICTORIA': 3, 'SEMILLA': 80, 'FCN-NACION': 0, 'PPN': 1, 'UR': 6, 'URNG-MAIZ WINAQ': 4, 'CREO': 5, 'BIEN': 19, 'VIVA': 24, 'MI FAMILIA': 5, 'CAMBIO': 0, 'VOS': 35}",2,30,276,0,Algún campo sin dato,0.Distrito Central,1.Guatemala,0060,presidente
787,,"{'UNE': 7, 'AZUL': 6, 'VALOR UNIONISTA': 41, 'CABAL': 19, 'TODOS': 0, 'VAMOS': 2, 'PHG': 0, 'PR': 5, 'PIN': 1, 'ELEFANTE': 4, 'VICTORIA': 4, 'SEMILLA': 73, 'FCN-NACION': 1, 'PPN': 0, 'UR': 3, 'URNG-MAIZ WINAQ': 2, 'CREO': 7, 'BIEN': 12, 'VIVA': 12, 'MI FAMILIA': 2, 'CAMBIO': 1, 'VOS': 34}",1,38,275,0,Algún campo sin dato,0.Distrito Central,1.Guatemala,0060,presidente
788,,"{'UNE': 7, 'AZUL': 8, 'VALOR UNIONISTA': 36, 'CABAL': 12, 'TODOS': 1, 'VAMOS': 2, 'PHG': 0, 'PR': 0, 'PIN': 0, 'ELEFANTE': 0, 'VICTORIA': 7, 'SEMILLA': 69, 'FCN-NACION': 1, 'PPN': 0, 'UR': 3, 'URNG-MAIZ WINAQ': 5, 'CREO': 3, 'BIEN': 16, 'VIVA': 13, 'MI FAMILIA': 8, 'CAMBIO': 0, 'VOS': 38}",1,24,254,0,Algún campo sin dato,0.Distrito Central,1.Guatemala,0060,presidente
789,,"{'UNE': 7, 'AZUL': 3, 'VALOR UNIONISTA': 29, 'CABAL': 26, 'TODOS': 0, 'VAMOS': 5, 'PHG': 0, 'PR': 2, 'PIN': 0, 'ELEFANTE': 3, 'VICTORIA': 1, 'SEMILLA': 65, 'FCN-NACION': 0, 'PPN': 0, 'UR': 5, 'URNG-MAIZ WINAQ': 4, 'CREO': 4, 'BIEN': 16, 'VIVA': 13, 'MI FAMILIA': 8, 'CAMBIO': 0, 'VOS': 27}",0,22,240,0,Algún campo sin dato,0.Distrito Central,1.Guatemala,0060,presidente
790,,"{'UNE': 14, 'AZUL': 2, 'VALOR UNIONISTA': 29, 'CABAL': 16, 'TODOS': 3, 'VAMOS': 2, 'PHG': 1, 'PR': 3, 'PIN': 0, 'ELEFANTE': 1, 'VICTORIA': 5, 'SEMILLA': 60, 'FCN-NACION': 2, 'PPN': 0, 'UR': 5, 'URNG-MAIZ WINAQ': 8, 'CREO': 5, 'BIEN': 11, 'VIVA': 6, 'MI FAMILIA': 3, 'CAMBIO': 0, 'VOS': 29}",1,27,233,0,Algún campo sin dato,0.Distrito Central,1.Guatemala,0060,presidente
791,,"{'UNE': 8, 'AZUL': 0, 'VALOR UNIONISTA': 25, 'CABAL': 13, 'TODOS': 0, 'VAMOS': 6, 'PHG': 1, 'PR': 1, 'PIN': 0, 'ELEFANTE': 2, 'VICTORIA': 3, 'SEMILLA': 56, 'FCN-NACION': 1, 'PPN': 0, 'UR': 4, 'URNG-MAIZ WINAQ': 2, 'CREO': 2, 'BIEN': 20, 'VIVA': 22, 'MI FAMILIA': 8, 'CAMBIO': 0, 'VOS': 24}",1,25,224,0,Algún campo sin dato,0.Distrito Central,1.Guatemala,0060,presidente
792,,"{'UNE': 7, 'AZUL': 2, 'VALOR UNIONISTA': 24, 'CABAL': 11, 'TODOS': 2, 'VAMOS': 3, 'PHG': 1, 'PR': 2, 'PIN': 0, 'ELEFANTE': 3, 'VICTORIA': 3, 'SEMILLA': 72, 'FCN-NACION': 0, 'PPN': 2, 'UR': 4, 'URNG-MAIZ WINAQ': 5, 'CREO': 3, 'BIEN': 17, 'VIVA': 15, 'MI FAMILIA': 0, 'CAMBIO': 0, 'VOS': 24}",0,24,224,0,Algún campo sin dato,0.Distrito Central,1.Guatemala,0060,presidente
793,,"{'UNE': 8, 'AZUL': 3, 'VALOR UNIONISTA': 29, 'CABAL': 10, 'TODOS': 0, 'VAMOS': 2, 'PHG': 0, 'PR': 0, 'PIN': 0, 'ELEFANTE': 3, 'VICTORIA': 4, 'SEMILLA': 92, 'FCN-NACION': 0, 'PPN': 2, 'UR': 3, 'URNG-MAIZ WINAQ': 3, 'CREO': 0, 'BIEN': 13, 'VIVA': 19, 'MI FAMILIA': 4, 'CAMBIO': 0, 'VOS': 25}",0,15,235,0,Algún campo sin dato,0.Distrito Central,1.Guatemala,0060,presidente
794,,"{'UNE': 8, 'AZUL': 9, 'VALOR UNIONISTA': 13, 'CABAL': 11, 'TODOS': 0, 'VAMOS': 0, 'PHG': 1, 'PR': 1, 'PIN': 0, 'ELEFANTE': 0, 'VICTORIA': 3, 'SEMILLA': 144, 'FCN-NACION': 1, 'PPN': 1, 'UR': 1, 'URNG-MAIZ WINAQ': 3, 'CREO': 3, 'BIEN': 12, 'VIVA': 5, 'MI FAMILIA': 0, 'CAMBIO': 0, 'VOS': 41}",0,10,267,0,Algún campo sin dato,0.Distrito Central,1.Guatemala,0060,presidente
795,,"{'UNE': 3, 'AZUL': 2, 'VALOR UNIONISTA': 10, 'CABAL': 7, 'TODOS': 0, 'VAMOS': 0, 'PHG': 0, 'PR': 0, 'PIN': 0, 'ELEFANTE': 1, 'VICTORIA': 1, 'SEMILLA': 54, 'FCN-NACION': 1, 'PPN': 0, 'UR': 1, 'URNG-MAIZ WINAQ': 1, 'CREO': 2, 'BIEN': 8, 'VIVA': 8, 'MI FAMILIA': 0, 'CAMBIO': 0, 'VOS': 14}",0,19,132,0,Algún campo sin dato,0.Distrito Central,1.Guatemala,0060,presidente
796,,"{'UNE': 7, 'AZUL': 4, 'VALOR UNIONISTA': 19, 'CABAL': 13, 'TODOS': 2, 'VAMOS': 2, 'PHG': 0, 'PR': 2, 'PIN': 0, 'ELEFANTE': 1, 'VICTORIA': 1, 'SEMILLA': 59, 'FCN-NACION': 2, 'PPN': 0, 'UR': 2, 'URNG-MAIZ WINAQ': 1, 'CREO': 1, 'BIEN': 10, 'VIVA': 3, 'MI FAMILIA': 2, 'CAMBIO': 1, 'VOS': 13}",0,7,152,0,Algún campo sin dato,0.Distrito Central,1.Guatemala,0060,presidente
797,,"{'UNE': 2, 'AZUL': 2, 'VALOR UNIONISTA': 14, 'CABAL': 4, 'TODOS': 1, 'VAMOS': 3, 'PHG': 0, 'PR': 1, 'PIN': 1, 'ELEFANTE': 0, 'VICTORIA': 2, 'SEMILLA': 60, 'FCN-NACION': 0, 'PPN': 0, 'UR': 1, 'URNG-MAIZ WINAQ': 1, 'CREO': 0, 'BIEN': 5, 'VIVA': 5, 'MI FAMILIA': 0, 'CAMBIO': 0, 'VOS': 8}",1,9,120,0,Algún campo sin dato,0.Distrito Central,1.Guatemala,0060,presidente
798,,"{'UNE': 9, 'AZUL': 2, 'VALOR UNIONISTA': 67, 'CABAL': 28, 'TODOS': 0, 'VAMOS': 5, 'PHG': 0, 'PR': 2, 'PIN': 0, 'ELEFANTE': 2, 'VICTORIA': 0, 'SEMILLA': 45, 'FCN-NACION': 0, 'PPN': 0, 'UR': 3, 'URNG-MAIZ WINAQ': 7, 'CREO': 6, 'BIEN': 13, 'VIVA': 6, 'MI FAMILIA': 2, 'CAMBIO': 0, 'VOS': 24}",0,24,245,155,Algún campo sin dato,0.Distrito Central,1.Guatemala,0061,presidente
799,,"{'UNE': 8, 'AZUL': 8, 'VALOR UNIONISTA': 71, 'CABAL': 28, 'TODOS': 0, 'VAMOS': 2, 'PHG': 0, 'PR': 1, 'PIN': 1, 'ELEFANTE': 2, 'VICTORIA': 0, 'SEMILLA': 43, 'FCN-NACION': 0, 'PPN': 0, 'UR': 2, 'URNG-MAIZ WINAQ': 0, 'CREO': 2, 'BIEN': 16, 'VIVA': 5, 'MI FAMILIA': 4, 'CAMBIO': 0, 'VOS': 29}",0,24,246,0,Algún campo sin dato,0.Distrito Central,1.Guatemala,0061,presidente
800,,"{'UNE': 9, 'AZUL': 1, 'VALOR UNIONISTA': 65, 'CABAL': 34, 'TODOS': 1, 'VAMOS': 2, 'PHG': 0, 'PR': 0, 'PIN': 0, 'ELEFANTE': 1, 'VICTORIA': 3, 'SEMILLA': 45, 'FCN-NACION': 0, 'PPN': 3, 'UR': 0, 'URNG-MAIZ WINAQ': 1, 'CREO': 4, 'BIEN': 24, 'VIVA': 4, 'MI FAMILIA': 2, 'CAMBIO': 1, 'VOS': 16}",0,19,235,0,Algún campo sin dato,0.Distrito Central,1.Guatemala,0061,presidente
801,,"{'UNE': 10, 'AZUL': 8, 'VALOR UNIONISTA': 81, 'CABAL': 28, 'TODOS': 1, 'VAMOS': 3, 'PHG': 0, 'PR': 2, 'PIN': 1, 'ELEFANTE': 0, 'VICTORIA': 2, 'SEMILLA': 40, 'FCN-NACION': 1, 'PPN': 0, 'UR': 2, 'URNG-MAIZ WINAQ': 2, 'CREO': 7, 'BIEN': 13, 'VIVA': 7, 'MI FAMILIA': 6, 'CAMBIO': 0, 'VOS': 16}",0,26,256,0,Algún campo sin dato,0.Distrito Central,1.Guatemala,0061,presidente
802,,"{'UNE': 11, 'AZUL': 2, 'VALOR UNIONISTA': 70, 'CABAL': 28, 'TODOS': 2, 'VAMOS': 6, 'PHG': 0, 'PR': 3, 'PIN': 0, 'ELEFANTE': 0, 'VICTORIA': 5, 'SEMILLA': 48, 'FCN-NACION': 0, 'PPN': 0, 'UR': 0, 'URNG-MAIZ WINAQ': 2, 'CREO': 6, 'BIEN': 13, 'VIVA': 6, 'MI FAMILIA': 1, 'CAMBIO': 0, 'VOS': 26}",0,17,246,0,Algún campo sin dato,0.Distrito Central,1.Guatemala,0061,presidente
803,,"{'UNE': 6, 'AZUL': 2, 'VALOR UNIONISTA': 36, 'CABAL': 19, 'TODOS': 0, 'VAMOS': 0, 'PHG': 0, 'PR': 0, 'PIN': 1, 'ELEFANTE': 0, 'VICTORIA': 0, 'SEMILLA': 33, 'FCN-NACION': 0, 'PPN': 1, 'UR': 1, 'URNG-MAIZ WINAQ': 0, 'CREO': 4, 'BIEN': 8, 'VIVA': 4, 'MI FAMILIA': 1, 'CAMBIO': 0, 'VOS': 15}",0,7,138,0,Algún campo sin dato,0.Distrito Central,1.Guatemala,0061,presidente
804,,"{'UNE': 3, 'AZUL': 2, 'VALOR UNIONISTA': 8, 'CABAL': 3, 'TODOS': 0, 'VAMOS': 0, 'PHG': 0, 'PR': 1, 'PIN': 0, 'ELEFANTE': 1, 'VICTORIA': 0, 'SEMILLA': 31, 'FCN-NACION': 0, 'PPN': 0, 'UR': 1, 'URNG-MAIZ WINAQ': 2, 'CREO': 1, 'BIEN': 4, 'VIVA': 6, 'MI FAMILIA': 0, 'CAMBIO': 0, 'VOS': 11}",0,3,77,0,Algún campo sin dato,0.Distrito Central,1.Guatemala,0061,presidente
805,,"{'UNE': 6, 'AZUL': 6, 'VALOR UNIONISTA': 89, 'CABAL': 32, 'TODOS': 1, 'VAMOS': 5, 'PHG': 0, 'PR': 4, 'PIN': 0, 'ELEFANTE': 1, 'VICTORIA': 1, 'SEMILLA': 45, 'FCN-NACION': 1, 'PPN': 0, 'UR': 2, 'URNG-MAIZ WINAQ': 1, 'CREO': 10, 'BIEN': 17, 'VIVA': 11, 'MI FAMILIA': 2, 'CAMBIO': 0, 'VOS': 19}",1,33,287,0,Algún campo sin dato,0.Distrito Central,1.Guatemala,0062,presidente
806,,"{'UNE': 5, 'AZUL': 5, 'VALOR UNIONISTA': 96, 'CABAL': 37, 'TODOS': 0, 'VAMOS': 3, 'PHG': 0, 'PR': 3, 'PIN': 0, 'ELEFANTE': 1, 'VICTORIA': 1, 'SEMILLA': 47, 'FCN-NACION': 0, 'PPN': 0, 'UR': 1, 'URNG-MAIZ WINAQ': 3, 'CREO': 11, 'BIEN': 16, 'VIVA': 7, 'MI FAMILIA': 3, 'CAMBIO': 0, 'VOS': 23}",0,22,284,0,Algún campo sin dato,0.Distrito Central,1.Guatemala,0062,presidente
807,,"{'UNE': 4, 'AZUL': 7, 'VALOR UNIONISTA': 95, 'CABAL': 40, 'TODOS': 1, 'VAMOS': 1, 'PHG': 0, 'PR': 2, 'PIN': 0, 'ELEFANTE': 1, 'VICTORIA': 2, 'SEMILLA': 40, 'FCN-NACION': 1, 'PPN': 0, 'UR': 2, 'URNG-MAIZ WINAQ': 0, 'CREO': 10, 'BIEN': 14, 'VIVA': 1, 'MI FAMILIA': 4, 'CAMBIO': 0, 'VOS': 25}",1,17,268,0,Sumas Asentadas sin cuadrar,0.Distrito Central,1.Guatemala,0062,presidente
808,,"{'UNE': 12, 'AZUL': 4, 'VALOR UNIONISTA': 82, 'CABAL': 25, 'TODOS': 3, 'VAMOS': 3, 'PHG': 0, 'PR': 2, 'PIN': 5, 'ELEFANTE': 1, 'VICTORIA': 1, 'SEMILLA': 55, 'FCN-NACION': 1, 'PPN': 1, 'UR': 1, 'URNG-MAIZ WINAQ': 1, 'CREO': 13, 'BIEN': 12, 'VIVA': 7, 'MI FAMILIA': 3, 'CAMBIO': 1, 'VOS': 22}",0,28,283,0,Algún campo sin dato,0.Distrito Central,1.Guatemala,0062,presidente
809,,"{'UNE': 3, 'AZUL': 7, 'VALOR UNIONISTA': 82, 'CABAL': 37, 'TODOS': 0, 'VAMOS': 2, 'PHG': 0, 'PR': 3, 'PIN': 1, 'ELEFANTE': 0, 'VICTORIA': 0, 'SEMILLA': 75, 'FCN-NACION': 0, 'PPN': 1, 'UR': 2, 'URNG-MAIZ WINAQ': 3, 'CREO': 12, 'BIEN': 15, 'VIVA': 1, 'MI FAMILIA': 2, 'CAMBIO': 0, 'VOS': 17}",1,19,283,0,Algún campo sin dato,0.Distrito Central,1.Guatemala,0062,presidente
810,,"{'UNE': 10, 'AZUL': 5, 'VALOR UNIONISTA': 85, 'CABAL': 36, 'TODOS': 1, 'VAMOS': 4, 'PHG': 0, 'PR': 2, 'PIN': 1, 'ELEFANTE': 3, 'VICTORIA': 2, 'SEMILLA': 48, 'FCN-NACION': 0, 'PPN': 0, 'UR': 1, 'URNG-MAIZ WINAQ': 4, 'CREO': 7, 'BIEN': 20, 'VIVA': 1, 'MI FAMILIA': 2, 'CAMBIO': 0, 'VOS': 30}",0,21,283,0,Algún campo sin dato,0.Distrito Central,1.Guatemala,0062,presidente
811,,"{'UNE': 6, 'AZUL': 4, 'VALOR UNIONISTA': 88, 'CABAL': 32, 'TODOS': 0, 'VAMOS': 2, 'PHG': 0, 'PR': 2, 'PIN': 1, 'ELEFANTE': 4, 'VICTORIA': 1, 'SEMILLA': 55, 'FCN-NACION': 0, 'PPN': 0, 'UR': 0, 'URNG-MAIZ WINAQ': 0, 'CREO': 7, 'BIEN': 15, 'VIVA': 4, 'MI FAMILIA': 1, 'CAMBIO': 1, 'VOS': 23}",0,26,272,0,Algún campo sin dato,0.Distrito Central,1.Guatemala,0062,presidente
812,,"{'UNE': 2, 'AZUL': 2, 'VALOR UNIONISTA': 89, 'CABAL': 42, 'TODOS': 0, 'VAMOS': 5, 'PHG': 0, 'PR': 1, 'PIN': 0, 'ELEFANTE': 0, 'VICTORIA': 2, 'SEMILLA': 48, 'FCN-NACION': 3, 'PPN': 0, 'UR': 2, 'URNG-MAIZ WINAQ': 3, 'CREO': 10, 'BIEN': 20, 'VIVA': 3, 'MI FAMILIA': 4, 'CAMBIO': 0, 'VOS': 25}",0,13,274,0,Sumas Asentadas sin cuadrar,0.Distrito Central,1.Guatemala,0063,presidente
813,,"{'UNE': 4, 'AZUL': 6, 'VALOR UNIONISTA': 111, 'CABAL': 51, 'TODOS': 2, 'VAMOS': 3, 'PHG': 0, 'PR': 1, 'PIN': 1, 'ELEFANTE': 1, 'VICTORIA': 1, 'SEMILLA': 43, 'FCN-NACION': 0, 'PPN': 1, 'UR': 1, 'URNG-MAIZ WINAQ': 0, 'CREO': 4, 'BIEN': 18, 'VIVA': 1, 'MI FAMILIA': 2, 'CAMBIO': 0, 'VOS': 26}",0,20,297,0,Algún campo sin dato,0.Distrito Central,1.Guatemala,0063,presidente
814,,"{'UNE': 1, 'AZUL': 8, 'VALOR UNIONISTA': 108, 'CABAL': 44, 'TODOS': 0, 'VAMOS': 3, 'PHG': 0, 'PR': 0, 'PIN': 2, 'ELEFANTE': 0, 'VICTORIA': 0, 'SEMILLA': 47, 'FCN-NACION': 0, 'PPN': 1, 'UR': 0, 'URNG-MAIZ WINAQ': 1, 'CREO': 4, 'BIEN': 17, 'VIVA': 4, 'MI FAMILIA': 1, 'CAMBIO': 0, 'VOS': 18}",0,12,271,0,Algún campo sin dato,0.Distrito Central,1.Guatemala,0063,presidente
815,,"{'UNE': 5, 'AZUL': 10, 'VALOR UNIONISTA': 98, 'CABAL': 34, 'TODOS': 0, 'VAMOS': 7, 'PHG': 0, 'PR': 3, 'PIN': 1, 'ELEFANTE': 1, 'VICTORIA': 1, 'SEMILLA': 41, 'FCN-NACION': 1, 'PPN': 1, 'UR': 2, 'URNG-MAIZ WINAQ': 2, 'CREO': 15, 'BIEN': 18, 'VIVA': 0, 'MI FAMILIA': 2, 'CAMBIO': 0, 'VOS': 19}",0,16,277,0,Algún campo sin dato,0.Distrito Central,1.Guatemala,0063,presidente
816,,"{'UNE': 8, 'AZUL': 8, 'VALOR UNIONISTA': 90, 'CABAL': 48, 'TODOS': 2, 'VAMOS': 2, 'PHG': 0, 'PR': 3, 'PIN': 1, 'ELEFANTE': 0, 'VICTORIA': 1, 'SEMILLA': 43, 'FCN-NACION': 2, 'PPN': 0, 'UR': 2, 'URNG-MAIZ WINAQ': 1, 'CREO': 8, 'BIEN': 7, 'VIVA': 3, 'MI FAMILIA': 1, 'CAMBIO': 1, 'VOS': 27}",0,24,282,0,Algún campo sin dato,0.Distrito Central,1.Guatemala,0063,presidente
817,,"{'UNE': 5, 'AZUL': 8, 'VALOR UNIONISTA': 94, 'CABAL': 42, 'TODOS': 4, 'VAMOS': 4, 'PHG': 0, 'PR': 1, 'PIN': 0, 'ELEFANTE': 2, 'VICTORIA': 1, 'SEMILLA': 43, 'FCN-NACION': 0, 'PPN': 0, 'UR': 1, 'URNG-MAIZ WINAQ': 2, 'CREO': 9, 'BIEN': 8, 'VIVA': 6, 'MI FAMILIA': 4, 'CAMBIO': 0, 'VOS': 20}",0,20,274,0,Algún campo sin dato,0.Distrito Central,1.Guatemala,0063,presidente
818,,"{'UNE': 7, 'AZUL': 2, 'VALOR UNIONISTA': 95, 'CABAL': 42, 'TODOS': 3, 'VAMOS': 3, 'PHG': 0, 'PR': 1, 'PIN': 1, 'ELEFANTE': 1, 'VICTORIA': 3, 'SEMILLA': 36, 'FCN-NACION': 2, 'PPN': 1, 'UR': 0, 'URNG-MAIZ WINAQ': 1, 'CREO': 6, 'BIEN': 15, 'VIVA': 4, 'MI FAMILIA': 4, 'CAMBIO': 0, 'VOS': 15}",0,18,260,0,Algún campo sin dato,0.Distrito Central,1.Guatemala,0063,presidente
819,,"{'UNE': 6, 'AZUL': 3, 'VALOR UNIONISTA': 77, 'CABAL': 30, 'TODOS': 1, 'VAMOS': 1, 'PHG': 0, 'PR': 0, 'PIN': 0, 'ELEFANTE': 2, 'VICTORIA': 1, 'SEMILLA': 48, 'FCN-NACION': 0, 'PPN': 0, 'UR': 2, 'URNG-MAIZ WINAQ': 2, 'CREO': 7, 'BIEN': 24, 'VIVA': 5, 'MI FAMILIA': 3, 'CAMBIO': 0, 'VOS': 26}",0,15,253,0,Algún campo sin dato,0.Distrito Central,1.Guatemala,0063,presidente
820,,"{'UNE': 3, 'AZUL': 3, 'VALOR UNIONISTA': 25, 'CABAL': 10, 'TODOS': 0, 'VAMOS': 1, 'PHG': 0, 'PR': 1, 'PIN': 0, 'ELEFANTE': 0, 'VICTORIA': 1, 'SEMILLA': 60, 'FCN-NACION': 0, 'PPN': 0, 'UR': 1, 'URNG-MAIZ WINAQ': 0, 'CREO': 2, 'BIEN': 16, 'VIVA': 0, 'MI FAMILIA': 0, 'CAMBIO': 0, 'VOS': 18}",0,11,152,0,Algún campo sin dato,0.Distrito Central,1.Guatemala,0063,presidente
821,,"{'UNE': 2, 'AZUL': 2, 'VALOR UNIONISTA': 19, 'CABAL': 9, 'TODOS': 1, 'VAMOS': 0, 'PHG': 0, 'PR': 0, 'PIN': 0, 'ELEFANTE': 1, 'VICTORIA': 0, 'SEMILLA': 40, 'FCN-NACION': 0, 'PPN': 0, 'UR': 0, 'URNG-MAIZ WINAQ': 1, 'CREO': 6, 'BIEN': 9, 'VIVA': 2, 'MI FAMILIA': 1, 'CAMBIO': 0, 'VOS': 7}",0,3,103,0,Algún campo sin dato,0.Distrito Central,1.Guatemala,0063,presidente
822,,"{'UNE': 8, 'AZUL': 1, 'VALOR UNIONISTA': 83, 'CABAL': 34, 'TODOS': 1, 'VAMOS': 1, 'PHG': 1, 'PR': 4, 'PIN': 1, 'ELEFANTE': 2, 'VICTORIA': 1, 'SEMILLA': 37, 'FCN-NACION': 2, 'PPN': 0, 'UR': 0, 'URNG-MAIZ WINAQ': 4, 'CREO': 10, 'BIEN': 15, 'VIVA': 5, 'MI FAMILIA': 2, 'CAMBIO': 0, 'VOS': 35}",0,21,268,0,Algún campo sin dato,0.Distrito Central,1.Guatemala,0064,presidente
823,,"{'UNE': 7, 'AZUL': 5, 'VALOR UNIONISTA': 92, 'CABAL': 52, 'TODOS': 1, 'VAMOS': 4, 'PHG': 0, 'PR': 2, 'PIN': 0, 'ELEFANTE': 1, 'VICTORIA': 1, 'SEMILLA': 34, 'FCN-NACION': 1, 'PPN': 0, 'UR': 0, 'URNG-MAIZ WINAQ': 1, 'CREO': 6, 'BIEN': 20, 'VIVA': 2, 'MI FAMILIA': 2, 'CAMBIO': 0, 'VOS': 22}",0,23,276,0,Algún campo sin dato,0.Distrito Central,1.Guatemala,0064,presidente
824,,"{'UNE': 8, 'AZUL': 8, 'VALOR UNIONISTA': 101, 'CABAL': 33, 'TODOS': 1, 'VAMOS': 6, 'PHG': 0, 'PR': 1, 'PIN': 2, 'ELEFANTE': 2, 'VICTORIA': 2, 'SEMILLA': 45, 'FCN-NACION': 1, 'PPN': 0, 'UR': 0, 'URNG-MAIZ WINAQ': 3, 'CREO': 7, 'BIEN': 22, 'VIVA': 3, 'MI FAMILIA': 3, 'CAMBIO': 0, 'VOS': 22}",0,25,295,0,Algún campo sin dato,0.Distrito Central,1.Guatemala,0064,presidente
825,,"{'UNE': 8, 'AZUL': 4, 'VALOR UNIONISTA': 90, 'CABAL': 39, 'TODOS': 5, 'VAMOS': 4, 'PHG': 0, 'PR': 6, 'PIN': 0, 'ELEFANTE': 2, 'VICTORIA': 1, 'SEMILLA': 42, 'FCN-NACION': 0, 'PPN': 0, 'UR': 0, 'URNG-MAIZ WINAQ': 0, 'CREO': 3, 'BIEN': 17, 'VIVA': 6, 'MI FAMILIA': 1, 'CAMBIO': 0, 'VOS': 20}",0,16,264,0,Algún campo sin dato,0.Distrito Central,1.Guatemala,0064,presidente
826,,"{'UNE': 2, 'AZUL': 5, 'VALOR UNIONISTA': 76, 'CABAL': 25, 'TODOS': 3, 'VAMOS': 2, 'PHG': 0, 'PR': 2, 'PIN': 1, 'ELEFANTE': 1, 'VICTORIA': 0, 'SEMILLA': 59, 'FCN-NACION': 1, 'PPN': 0, 'UR': 0, 'URNG-MAIZ WINAQ': 0, 'CREO': 3, 'BIEN': 24, 'VIVA': 5, 'MI FAMILIA': 2, 'CAMBIO': 1, 'VOS': 23}",0,19,254,0,Algún campo sin dato,0.Distrito Central,1.Guatemala,0064,presidente
827,,"{'UNE': 8, 'AZUL': 6, 'VALOR UNIONISTA': 65, 'CABAL': 49, 'TODOS': 2, 'VAMOS': 2, 'PHG': 0, 'PR': 1, 'PIN': 1, 'ELEFANTE': 1, 'VICTORIA': 0, 'SEMILLA': 49, 'FCN-NACION': 0, 'PPN': 0, 'UR': 3, 'URNG-MAIZ WINAQ': 0, 'CREO': 3, 'BIEN': 18, 'VIVA': 3, 'MI FAMILIA': 8, 'CAMBIO': 0, 'VOS': 28}",0,24,271,0,Algún campo sin dato,0.Distrito Central,1.Guatemala,0064,presidente
828,,"{'UNE': 8, 'AZUL': 4, 'VALOR UNIONISTA': 71, 'CABAL': 46, 'TODOS': 2, 'VAMOS': 5, 'PHG': 0, 'PR': 0, 'PIN': 1, 'ELEFANTE': 3, 'VICTORIA': 1, 'SEMILLA': 45, 'FCN-NACION': 0, 'PPN': 0, 'UR': 0, 'URNG-MAIZ WINAQ': 1, 'CREO': 6, 'BIEN': 21, 'VIVA': 2, 'MI FAMILIA': 2, 'CAMBIO': 0, 'VOS': 30}",1,16,265,0,Algún campo sin dato,0.Distrito Central,1.Guatemala,0064,presidente
829,,"{'UNE': 6, 'AZUL': 7, 'VALOR UNIONISTA': 106, 'CABAL': 40, 'TODOS': 2, 'VAMOS': 7, 'PHG': 2, 'PR': 1, 'PIN': 1, 'ELEFANTE': 2, 'VICTORIA': 1, 'SEMILLA': 42, 'FCN-NACION': 0, 'PPN': 0, 'UR': 0, 'URNG-MAIZ WINAQ': 1, 'CREO': 6, 'BIEN': 12, 'VIVA': 0, 'MI FAMILIA': 3, 'CAMBIO': 0, 'VOS': 28}",0,10,277,0,Algún campo sin dato,0.Distrito Central,1.Guatemala,0064,presidente
830,,"{'UNE': 4, 'AZUL': 5, 'VALOR UNIONISTA': 100, 'CABAL': 49, 'TODOS': 3, 'VAMOS': 2, 'PHG': 0, 'PR': 4, 'PIN': 0, 'ELEFANTE': 1, 'VICTORIA': 2, 'SEMILLA': 45, 'FCN-NACION': 0, 'PPN': 0, 'UR': 3, 'URNG-MAIZ WINAQ': 1, 'CREO': 9, 'BIEN': 12, 'VIVA': 4, 'MI FAMILIA': 0, 'CAMBIO': 0, 'VOS': 22}",0,19,285,0,Algún campo sin dato,0.Distrito Central,1.Guatemala,0064,presidente
831,,"{'UNE': 9, 'AZUL': 4, 'VALOR UNIONISTA': 86, 'CABAL': 35, 'TODOS': 1, 'VAMOS': 5, 'PHG': 0, 'PR': 3, 'PIN': 0, 'ELEFANTE': 1, 'VICTORIA': 3, 'SEMILLA': 38, 'FCN-NACION': 0, 'PPN': 0, 'UR': 1, 'URNG-MAIZ WINAQ': 2, 'CREO': 7, 'BIEN': 21, 'VIVA': 3, 'MI FAMILIA': 5, 'CAMBIO': 0, 'VOS': 27}",0,19,270,0,Algún campo sin dato,0.Distrito Central,1.Guatemala,0064,presidente
832,,"{'UNE': 4, 'AZUL': 4, 'VALOR UNIONISTA': 82, 'CABAL': 38, 'TODOS': 2, 'VAMOS': 3, 'PHG': 0, 'PR': 1, 'PIN': 1, 'ELEFANTE': 2, 'VICTORIA': 1, 'SEMILLA': 48, 'FCN-NACION': 2, 'PPN': 1, 'UR': 2, 'URNG-MAIZ WINAQ': 2, 'CREO': 14, 'BIEN': 21, 'VIVA': 3, 'MI FAMILIA': 1, 'CAMBIO': 1, 'VOS': 24}",0,15,272,0,Algún campo sin dato,0.Distrito Central,1.Guatemala,0064,presidente
833,,"{'UNE': 10, 'AZUL': 6, 'VALOR UNIONISTA': 77, 'CABAL': 29, 'TODOS': 0, 'VAMOS': 5, 'PHG': 0, 'PR': 3, 'PIN': 0, 'ELEFANTE': 1, 'VICTORIA': 0, 'SEMILLA': 52, 'FCN-NACION': 1, 'PPN': 0, 'UR': 2, 'URNG-MAIZ WINAQ': 2, 'CREO': 8, 'BIEN': 0, 'VIVA': 14, 'MI FAMILIA': 2, 'CAMBIO': 0, 'VOS': 23}",0,19,254,0,,0.Distrito Central,1.Guatemala,0064,presidente
834,,"{'UNE': 6, 'AZUL': 3, 'VALOR UNIONISTA': 69, 'CABAL': 27, 'TODOS': 1, 'VAMOS': 2, 'PHG': 0, 'PR': 2, 'PIN': 1, 'ELEFANTE': 1, 'VICTORIA': 2, 'SEMILLA': 88, 'FCN-NACION': 0, 'PPN': 0, 'UR': 1, 'URNG-MAIZ WINAQ': 0, 'CREO': 1, 'BIEN': 18, 'VIVA': 0, 'MI FAMILIA': 3, 'CAMBIO': 0, 'VOS': 17}",0,12,254,0,Algún campo sin dato,0.Distrito Central,1.Guatemala,0064,presidente
835,,"{'UNE': 1, 'AZUL': 0, 'VALOR UNIONISTA': 35, 'CABAL': 26, 'TODOS': 0, 'VAMOS': 2, 'PHG': 0, 'PR': 0, 'PIN': 0, 'ELEFANTE': 1, 'VICTORIA': 1, 'SEMILLA': 57, 'FCN-NACION': 0, 'PPN': 0, 'UR': 1, 'URNG-MAIZ WINAQ': 0, 'CREO': 0, 'BIEN': 12, 'VIVA': 1, 'MI FAMILIA': 2, 'CAMBIO': 0, 'VOS': 7}",0,6,152,0,Algún campo sin dato,0.Distrito Central,1.Guatemala,0064,presidente
836,,"{'UNE': 2, 'AZUL': 1, 'VALOR UNIONISTA': 32, 'CABAL': 19, 'TODOS': 0, 'VAMOS': 1, 'PHG': 0, 'PR': 2, 'PIN': 1, 'ELEFANTE': 1, 'VICTORIA': 2, 'SEMILLA': 55, 'FCN-NACION': 1, 'PPN': 0, 'UR': 4, 'URNG-MAIZ WINAQ': 0, 'CREO': 1, 'BIEN': 12, 'VIVA': 1, 'MI FAMILIA': 2, 'CAMBIO': 0, 'VOS': 6}",0,10,153,0,Algún campo sin dato,0.Distrito Central,1.Guatemala,0064,presidente
837,,"{'UNE': 8, 'AZUL': 4, 'VALOR UNIONISTA': 42, 'CABAL': 15, 'TODOS': 1, 'VAMOS': 7, 'PHG': 2, 'PR': 5, 'PIN': 1, 'ELEFANTE': 5, 'VICTORIA': 3, 'SEMILLA': 78, 'FCN-NACION': 2, 'PPN': 0, 'UR': 3, 'URNG-MAIZ WINAQ': 6, 'CREO': 3, 'BIEN': 20, 'VIVA': 10, 'MI FAMILIA': 2, 'CAMBIO': 0, 'VOS': 30}",0,22,269,0,Algún campo sin dato,0.Distrito Central,1.Guatemala,0065,presidente
838,,"{'UNE': 7, 'AZUL': 2, 'VALOR UNIONISTA': 36, 'CABAL': 21, 'TODOS': 0, 'VAMOS': 5, 'PHG': 0, 'PR': 4, 'PIN': 0, 'ELEFANTE': 1, 'VICTORIA': 4, 'SEMILLA': 68, 'FCN-NACION': 0, 'PPN': 0, 'UR': 1, 'URNG-MAIZ WINAQ': 3, 'CREO': 6, 'BIEN': 24, 'VIVA': 5, 'MI FAMILIA': 8, 'CAMBIO': 1, 'VOS': 37}",1,26,260,0,Algún campo sin dato,0.Distrito Central,1.Guatemala,0065,presidente
839,,"{'UNE': 10, 'AZUL': 3, 'VALOR UNIONISTA': 44, 'CABAL': 18, 'TODOS': 0, 'VAMOS': 1, 'PHG': 0, 'PR': 4, 'PIN': 2, 'ELEFANTE': 6, 'VICTORIA': 3, 'SEMILLA': 69, 'FCN-NACION': 0, 'PPN': 0, 'UR': 0, 'URNG-MAIZ WINAQ': 4, 'CREO': 4, 'BIEN': 19, 'VIVA': 14, 'MI FAMILIA': 3, 'CAMBIO': 0, 'VOS': 29}",1,34,268,0,Algún campo sin dato,0.Distrito Central,1.Guatemala,0065,presidente
840,,"{'UNE': 15, 'AZUL': 4, 'VALOR UNIONISTA': 30, 'CABAL': 23, 'TODOS': 0, 'VAMOS': 8, 'PHG': 0, 'PR': 1, 'PIN': 1, 'ELEFANTE': 3, 'VICTORIA': 4, 'SEMILLA': 81, 'FCN-NACION': 1, 'PPN': 0, 'UR': 5, 'URNG-MAIZ WINAQ': 5, 'CREO': 6, 'BIEN': 22, 'VIVA': 4, 'MI FAMILIA': 10, 'CAMBIO': 0, 'VOS': 41}",2,17,283,0,Algún campo sin dato,0.Distrito Central,1.Guatemala,0065,presidente
841,,"{'UNE': 10, 'AZUL': 2, 'VALOR UNIONISTA': 48, 'CABAL': 19, 'TODOS': 0, 'VAMOS': 8, 'PHG': 0, 'PR': 7, 'PIN': 0, 'ELEFANTE': 4, 'VICTORIA': 1, 'SEMILLA': 69, 'FCN-NACION': 1, 'PPN': 1, 'UR': 2, 'URNG-MAIZ WINAQ': 4, 'CREO': 5, 'BIEN': 16, 'VIVA': 10, 'MI FAMILIA': 4, 'CAMBIO': 0, 'VOS': 36}",0,21,268,0,Algún campo sin dato,0.Distrito Central,1.Guatemala,0066,presidente
842,,"{'UNE': 2, 'AZUL': 5, 'VALOR UNIONISTA': 44, 'CABAL': 25, 'TODOS': 0, 'VAMOS': 1, 'PHG': 0, 'PR': 4, 'PIN': 2, 'ELEFANTE': 6, 'VICTORIA': 4, 'SEMILLA': 68, 'FCN-NACION': 1, 'PPN': 2, 'UR': 1, 'URNG-MAIZ WINAQ': 4, 'CREO': 5, 'BIEN': 17, 'VIVA': 8, 'MI FAMILIA': 4, 'CAMBIO': 0, 'VOS': 33}",2,28,266,0,Algún campo sin dato,0.Distrito Central,1.Guatemala,0066,presidente
843,,"{'UNE': 5, 'AZUL': 3, 'VALOR UNIONISTA': 29, 'CABAL': 21, 'TODOS': 1, 'VAMOS': 4, 'PHG': 0, 'PR': 3, 'PIN': 0, 'ELEFANTE': 5, 'VICTORIA': 2, 'SEMILLA': 66, 'FCN-NACION': 0, 'PPN': 0, 'UR': 3, 'URNG-MAIZ WINAQ': 6, 'CREO': 6, 'BIEN': 18, 'VIVA': 11, 'MI FAMILIA': 4, 'CAMBIO': 0, 'VOS': 28}",0,35,250,0,Algún campo sin dato,0.Distrito Central,1.Guatemala,0066,presidente
844,,"{'UNE': 8, 'AZUL': 5, 'VALOR UNIONISTA': 35, 'CABAL': 25, 'TODOS': 0, 'VAMOS': 2, 'PHG': 1, 'PR': 3, 'PIN': 2, 'ELEFANTE': 3, 'VICTORIA': 2, 'SEMILLA': 76, 'FCN-NACION': 0, 'PPN': 0, 'UR': 2, 'URNG-MAIZ WINAQ': 5, 'CREO': 3, 'BIEN': 17, 'VIVA': 7, 'MI FAMILIA': 8, 'CAMBIO': 1, 'VOS': 37}",2,30,274,0,Algún campo sin dato,0.Distrito Central,1.Guatemala,0066,presidente
845,,"{'UNE': 16, 'AZUL': 5, 'VALOR UNIONISTA': 41, 'CABAL': 24, 'TODOS': 0, 'VAMOS': 2, 'PHG': 0, 'PR': 4, 'PIN': 0, 'ELEFANTE': 2, 'VICTORIA': 5, 'SEMILLA': 76, 'FCN-NACION': 0, 'PPN': 0, 'UR': 0, 'URNG-MAIZ WINAQ': 8, 'CREO': 5, 'BIEN': 13, 'VIVA': 8, 'MI FAMILIA': 4, 'CAMBIO': 0, 'VOS': 33}",0,31,277,0,Algún campo sin dato,0.Distrito Central,1.Guatemala,0066,presidente
846,,"{'UNE': 5, 'AZUL': 2, 'VALOR UNIONISTA': 25, 'CABAL': 14, 'TODOS': 0, 'VAMOS': 2, 'PHG': 0, 'PR': 3, 'PIN': 2, 'ELEFANTE': 2, 'VICTORIA': 4, 'SEMILLA': 77, 'FCN-NACION': 0, 'PPN': 1, 'UR': 3, 'URNG-MAIZ WINAQ': 6, 'CREO': 0, 'BIEN': 32, 'VIVA': 9, 'MI FAMILIA': 2, 'CAMBIO': 1, 'VOS': 35}",0,22,247,0,Algún campo sin dato,0.Distrito Central,1.Guatemala,0066,presidente
847,,"{'UNE': 6, 'AZUL': 0, 'VALOR UNIONISTA': 26, 'CABAL': 16, 'TODOS': 1, 'VAMOS': 2, 'PHG': 0, 'PR': 1, 'PIN': 0, 'ELEFANTE': 5, 'VICTORIA': 3, 'SEMILLA': 94, 'FCN-NACION': 0, 'PPN': 1, 'UR': 3, 'URNG-MAIZ WINAQ': 2, 'CREO': 4, 'BIEN': 18, 'VIVA': 4, 'MI FAMILIA': 1, 'CAMBIO': 0, 'VOS': 37}",1,25,250,0,Algún campo sin dato,0.Distrito Central,1.Guatemala,0066,presidente
848,,"{'UNE': 8, 'AZUL': 7, 'VALOR UNIONISTA': 39, 'CABAL': 19, 'TODOS': 4, 'VAMOS': 1, 'PHG': 0, 'PR': 3, 'PIN': 0, 'ELEFANTE': 6, 'VICTORIA': 1, 'SEMILLA': 83, 'FCN-NACION': 0, 'PPN': 1, 'UR': 1, 'URNG-MAIZ WINAQ': 4, 'CREO': 3, 'BIEN': 12, 'VIVA': 12, 'MI FAMILIA': 3, 'CAMBIO': 0, 'VOS': 34}",2,21,264,1,Algún campo sin dato,0.Distrito Central,1.Guatemala,0066,presidente
849,,"{'UNE': 8, 'AZUL': 6, 'VALOR UNIONISTA': 38, 'CABAL': 22, 'TODOS': 0, 'VAMOS': 3, 'PHG': 0, 'PR': 3, 'PIN': 2, 'ELEFANTE': 4, 'VICTORIA': 1, 'SEMILLA': 83, 'FCN-NACION': 1, 'PPN': 1, 'UR': 2, 'URNG-MAIZ WINAQ': 3, 'CREO': 3, 'BIEN': 17, 'VIVA': 5, 'MI FAMILIA': 4, 'CAMBIO': 0, 'VOS': 29}",1,25,261,0,Sumas Asentadas sin cuadrar,0.Distrito Central,1.Guatemala,0066,presidente
850,,"{'UNE': 4, 'AZUL': 1, 'VALOR UNIONISTA': 35, 'CABAL': 10, 'TODOS': 0, 'VAMOS': 0, 'PHG': 0, 'PR': 6, 'PIN': 2, 'ELEFANTE': 2, 'VICTORIA': 4, 'SEMILLA': 75, 'FCN-NACION': 0, 'PPN': 1, 'UR': 3, 'URNG-MAIZ WINAQ': 4, 'CREO': 4, 'BIEN': 10, 'VIVA': 13, 'MI FAMILIA': 2, 'CAMBIO': 1, 'VOS': 27}",0,31,235,0,Algún campo sin dato,0.Distrito Central,1.Guatemala,0067,presidente
851,,"{'UNE': 3, 'AZUL': 3, 'VALOR UNIONISTA': 32, 'CABAL': 16, 'TODOS': 2, 'VAMOS': 6, 'PHG': 0, 'PR': 0, 'PIN': 1, 'ELEFANTE': 5, 'VICTORIA': 5, 'SEMILLA': 83, 'FCN-NACION': 0, 'PPN': 0, 'UR': 1, 'URNG-MAIZ WINAQ': 2, 'CREO': 3, 'BIEN': 15, 'VIVA': 4, 'MI FAMILIA': 4, 'CAMBIO': 1, 'VOS': 39}",0,20,245,0,Algún campo sin dato,0.Distrito Central,1.Guatemala,0067,presidente
852,,"{'UNE': 9, 'AZUL': 3, 'VALOR UNIONISTA': 29, 'CABAL': 21, 'TODOS': 0, 'VAMOS': 4, 'PHG': 0, 'PR': 2, 'PIN': 0, 'ELEFANTE': 4, 'VICTORIA': 3, 'SEMILLA': 85, 'FCN-NACION': 0, 'PPN': 1, 'UR': 3, 'URNG-MAIZ WINAQ': 0, 'CREO': 3, 'BIEN': 17, 'VIVA': 10, 'MI FAMILIA': 3, 'CAMBIO': 0, 'VOS': 37}",0,17,251,0,Algún campo sin dato,0.Distrito Central,1.Guatemala,0067,presidente
853,,"{'UNE': 4, 'AZUL': 4, 'VALOR UNIONISTA': 37, 'CABAL': 19, 'TODOS': 0, 'VAMOS': 2, 'PHG': 1, 'PR': 4, 'PIN': 1, 'ELEFANTE': 4, 'VICTORIA': 0, 'SEMILLA': 74, 'FCN-NACION': 1, 'PPN': 0, 'UR': 2, 'URNG-MAIZ WINAQ': 2, 'CREO': 8, 'BIEN': 12, 'VIVA': 9, 'MI FAMILIA': 6, 'CAMBIO': 0, 'VOS': 33}",0,28,251,0,Algún campo sin dato,0.Distrito Central,1.Guatemala,0067,presidente
854,,"{'UNE': 8, 'AZUL': 4, 'VALOR UNIONISTA': 38, 'CABAL': 26, 'TODOS': 0, 'VAMOS': 4, 'PHG': 0, 'PR': 4, 'PIN': 2, 'ELEFANTE': 4, 'VICTORIA': 4, 'SEMILLA': 70, 'FCN-NACION': 1, 'PPN': 3, 'UR': 4, 'URNG-MAIZ WINAQ': 5, 'CREO': 6, 'BIEN': 16, 'VIVA': 4, 'MI FAMILIA': 9, 'CAMBIO': 0, 'VOS': 25}",0,25,262,0,Algún campo sin dato,0.Distrito Central,1.Guatemala,0067,presidente
855,,"{'UNE': 9, 'AZUL': 2, 'VALOR UNIONISTA': 39, 'CABAL': 26, 'TODOS': 0, 'VAMOS': 1, 'PHG': 0, 'PR': 4, 'PIN': 2, 'ELEFANTE': 5, 'VICTORIA': 6, 'SEMILLA': 69, 'FCN-NACION': 2, 'PPN': 1, 'UR': 0, 'URNG-MAIZ WINAQ': 2, 'CREO': 2, 'BIEN': 16, 'VIVA': 8, 'MI FAMILIA': 7, 'CAMBIO': 0, 'VOS': 35}",1,22,259,0,Algún campo sin dato,0.Distrito Central,1.Guatemala,0067,presidente
856,,"{'UNE': 5, 'AZUL': 6, 'VALOR UNIONISTA': 42, 'CABAL': 21, 'TODOS': 1, 'VAMOS': 6, 'PHG': 0, 'PR': 1, 'PIN': 0, 'ELEFANTE': 5, 'VICTORIA': 2, 'SEMILLA': 71, 'FCN-NACION': 0, 'PPN': 0, 'UR': 1, 'URNG-MAIZ WINAQ': 4, 'CREO': 5, 'BIEN': 19, 'VIVA': 6, 'MI FAMILIA': 5, 'CAMBIO': 0, 'VOS': 41}",0,23,264,0,Algún campo sin dato,0.Distrito Central,1.Guatemala,0067,presidente
857,,"{'UNE': 6, 'AZUL': 5, 'VALOR UNIONISTA': 38, 'CABAL': 31, 'TODOS': 0, 'VAMOS': 3, 'PHG': 0, 'PR': 3, 'PIN': 1, 'ELEFANTE': 2, 'VICTORIA': 1, 'SEMILLA': 75, 'FCN-NACION': 2, 'PPN': 0, 'UR': 6, 'URNG-MAIZ WINAQ': 1, 'CREO': 4, 'BIEN': 21, 'VIVA': 2, 'MI FAMILIA': 4, 'CAMBIO': 1, 'VOS': 28}",0,20,254,0,Algún campo sin dato,0.Distrito Central,1.Guatemala,0067,presidente
858,,"{'UNE': 6, 'AZUL': 2, 'VALOR UNIONISTA': 39, 'CABAL': 27, 'TODOS': 1, 'VAMOS': 4, 'PHG': 0, 'PR': 2, 'PIN': 1, 'ELEFANTE': 1, 'VICTORIA': 8, 'SEMILLA': 60, 'FCN-NACION': 2, 'PPN': 0, 'UR': 2, 'URNG-MAIZ WINAQ': 3, 'CREO': 6, 'BIEN': 17, 'VIVA': 5, 'MI FAMILIA': 8, 'CAMBIO': 0, 'VOS': 34}",0,32,260,0,Algún campo sin dato,0.Distrito Central,1.Guatemala,0067,presidente
859,,"{'UNE': 6, 'AZUL': 3, 'VALOR UNIONISTA': 41, 'CABAL': 26, 'TODOS': 0, 'VAMOS': 4, 'PHG': 1, 'PR': 2, 'PIN': 1, 'ELEFANTE': 5, 'VICTORIA': 2, 'SEMILLA': 71, 'FCN-NACION': 0, 'PPN': 0, 'UR': 4, 'URNG-MAIZ WINAQ': 2, 'CREO': 4, 'BIEN': 18, 'VIVA': 14, 'MI FAMILIA': 3, 'CAMBIO': 0, 'VOS': 29}",0,26,262,0,Algún campo sin dato,0.Distrito Central,1.Guatemala,0068,presidente
860,,"{'UNE': 6, 'AZUL': 4, 'VALOR UNIONISTA': 40, 'CABAL': 27, 'TODOS': 0, 'VAMOS': 6, 'PHG': 0, 'PR': 1, 'PIN': 0, 'ELEFANTE': 1, 'VICTORIA': 3, 'SEMILLA': 72, 'FCN-NACION': 1, 'PPN': 4, 'UR': 2, 'URNG-MAIZ WINAQ': 5, 'CREO': 5, 'BIEN': 19, 'VIVA': 7, 'MI FAMILIA': 5, 'CAMBIO': 2, 'VOS': 24}",0,17,251,0,Algún campo sin dato,0.Distrito Central,1.Guatemala,0068,presidente
861,,"{'UNE': 11, 'AZUL': 2, 'VALOR UNIONISTA': 40, 'CABAL': 25, 'TODOS': 0, 'VAMOS': 4, 'PHG': 0, 'PR': 3, 'PIN': 2, 'ELEFANTE': 2, 'VICTORIA': 3, 'SEMILLA': 66, 'FCN-NACION': 1, 'PPN': 1, 'UR': 0, 'URNG-MAIZ WINAQ': 5, 'CREO': 8, 'BIEN': 16, 'VIVA': 7, 'MI FAMILIA': 7, 'CAMBIO': 0, 'VOS': 33}",0,21,257,0,Algún campo sin dato,0.Distrito Central,1.Guatemala,0068,presidente
862,,"{'UNE': 12, 'AZUL': 3, 'VALOR UNIONISTA': 41, 'CABAL': 30, 'TODOS': 1, 'VAMOS': 4, 'PHG': 0, 'PR': 4, 'PIN': 2, 'ELEFANTE': 1, 'VICTORIA': 0, 'SEMILLA': 73, 'FCN-NACION': 2, 'PPN': 0, 'UR': 2, 'URNG-MAIZ WINAQ': 2, 'CREO': 1, 'BIEN': 23, 'VIVA': 11, 'MI FAMILIA': 6, 'CAMBIO': 0, 'VOS': 28}",0,19,265,133,Algún campo sin dato,0.Distrito Central,1.Guatemala,0068,presidente
863,,"{'UNE': 8, 'AZUL': 3, 'VALOR UNIONISTA': 36, 'CABAL': 15, 'TODOS': 4, 'VAMOS': 2, 'PHG': 0, 'PR': 5, 'PIN': 0, 'ELEFANTE': 7, 'VICTORIA': 6, 'SEMILLA': 75, 'FCN-NACION': 3, 'PPN': 1, 'UR': 5, 'URNG-MAIZ WINAQ': 8, 'CREO': 1, 'BIEN': 14, 'VIVA': 17, 'MI FAMILIA': 5, 'CAMBIO': 1, 'VOS': 28}",1,22,267,0,Algún campo sin dato,0.Distrito Central,1.Guatemala,0068,presidente
864,,"{'UNE': 8, 'AZUL': 6, 'VALOR UNIONISTA': 39, 'CABAL': 14, 'TODOS': 1, 'VAMOS': 2, 'PHG': 0, 'PR': 3, 'PIN': 0, 'ELEFANTE': 4, 'VICTORIA': 3, 'SEMILLA': 70, 'FCN-NACION': 2, 'PPN': 0, 'UR': 2, 'URNG-MAIZ WINAQ': 0, 'CREO': 0, 'BIEN': 18, 'VIVA': 9, 'MI FAMILIA': 2, 'CAMBIO': 0, 'VOS': 32}",1,20,236,0,Algún campo sin dato,0.Distrito Central,1.Guatemala,0068,presidente
865,,"{'UNE': 4, 'AZUL': 0, 'VALOR UNIONISTA': 27, 'CABAL': 23, 'TODOS': 0, 'VAMOS': 2, 'PHG': 0, 'PR': 4, 'PIN': 2, 'ELEFANTE': 3, 'VICTORIA': 5, 'SEMILLA': 72, 'FCN-NACION': 0, 'PPN': 0, 'UR': 2, 'URNG-MAIZ WINAQ': 2, 'CREO': 5, 'BIEN': 14, 'VIVA': 7, 'MI FAMILIA': 2, 'CAMBIO': 1, 'VOS': 20}",0,23,218,0,Algún campo sin dato,0.Distrito Central,1.Guatemala,0068,presidente
866,,"{'UNE': 7, 'AZUL': 2, 'VALOR UNIONISTA': 29, 'CABAL': 21, 'TODOS': 0, 'VAMOS': 5, 'PHG': 0, 'PR': 3, 'PIN': 0, 'ELEFANTE': 2, 'VICTORIA': 1, 'SEMILLA': 101, 'FCN-NACION': 1, 'PPN': 0, 'UR': 6, 'URNG-MAIZ WINAQ': 3, 'CREO': 0, 'BIEN': 13, 'VIVA': 3, 'MI FAMILIA': 2, 'CAMBIO': 0, 'VOS': 30}",0,22,251,0,Algún campo sin dato,0.Distrito Central,1.Guatemala,0068,presidente
867,,"{'UNE': 3, 'AZUL': 0, 'VALOR UNIONISTA': 24, 'CABAL': 15, 'TODOS': 1, 'VAMOS': 3, 'PHG': 0, 'PR': 1, 'PIN': 0, 'ELEFANTE': 4, 'VICTORIA': 1, 'SEMILLA': 125, 'FCN-NACION': 0, 'PPN': 1, 'UR': 3, 'URNG-MAIZ WINAQ': 1, 'CREO': 2, 'BIEN': 14, 'VIVA': 7, 'MI FAMILIA': 3, 'CAMBIO': 0, 'VOS': 32}",0,14,254,0,Algún campo sin dato,0.Distrito Central,1.Guatemala,0068,presidente
868,,"{'UNE': 5, 'AZUL': 1, 'VALOR UNIONISTA': 21, 'CABAL': 16, 'TODOS': 0, 'VAMOS': 3, 'PHG': 0, 'PR': 0, 'PIN': 0, 'ELEFANTE': 1, 'VICTORIA': 0, 'SEMILLA': 172, 'FCN-NACION': 0, 'PPN': 0, 'UR': 0, 'URNG-MAIZ WINAQ': 1, 'CREO': 1, 'BIEN': 20, 'VIVA': 3, 'MI FAMILIA': 0, 'CAMBIO': 0, 'VOS': 33}",0,16,293,0,Algún campo sin dato,0.Distrito Central,1.Guatemala,0068,presidente
869,,"{'UNE': 4, 'AZUL': 1, 'VALOR UNIONISTA': 16, 'CABAL': 11, 'TODOS': 0, 'VAMOS': 1, 'PHG': 0, 'PR': 1, 'PIN': 1, 'ELEFANTE': 0, 'VICTORIA': 4, 'SEMILLA': 139, 'FCN-NACION': 0, 'PPN': 0, 'UR': 0, 'URNG-MAIZ WINAQ': 1, 'CREO': 3, 'BIEN': 11, 'VIVA': 6, 'MI FAMILIA': 2, 'CAMBIO': 0, 'VOS': 29}",0,4,234,0,Algún campo sin dato,0.Distrito Central,1.Guatemala,0068,presidente
870,,"{'UNE': 5, 'AZUL': 2, 'VALOR UNIONISTA': 18, 'CABAL': 12, 'TODOS': 0, 'VAMOS': 2, 'PHG': 0, 'PR': 0, 'PIN': 1, 'ELEFANTE': 1, 'VICTORIA': 0, 'SEMILLA': 92, 'FCN-NACION': 1, 'PPN': 1, 'UR': 1, 'URNG-MAIZ WINAQ': 2, 'CREO': 3, 'BIEN': 6, 'VIVA': 9, 'MI FAMILIA': 3, 'CAMBIO': 0, 'VOS': 16}",0,15,190,0,Algún campo sin dato,0.Distrito Central,1.Guatemala,0068,presidente
871,,"{'UNE': 3, 'AZUL': 0, 'VALOR UNIONISTA': 9, 'CABAL': 9, 'TODOS': 0, 'VAMOS': 3, 'PHG': 0, 'PR': 1, 'PIN': 0, 'ELEFANTE': 2, 'VICTORIA': 3, 'SEMILLA': 88, 'FCN-NACION': 2, 'PPN': 0, 'UR': 1, 'URNG-MAIZ WINAQ': 1, 'CREO': 1, 'BIEN': 8, 'VIVA': 2, 'MI FAMILIA': 0, 'CAMBIO': 0, 'VOS': 11}",0,6,150,0,Algún campo sin dato,0.Distrito Central,1.Guatemala,0068,presidente
872,,"{'UNE': 2, 'AZUL': 0, 'VALOR UNIONISTA': 12, 'CABAL': 7, 'TODOS': 0, 'VAMOS': 0, 'PHG': 0, 'PR': 1, 'PIN': 0, 'ELEFANTE': 0, 'VICTORIA': 5, 'SEMILLA': 55, 'FCN-NACION': 0, 'PPN': 0, 'UR': 3, 'URNG-MAIZ WINAQ': 1, 'CREO': 2, 'BIEN': 4, 'VIVA': 3, 'MI FAMILIA': 0, 'CAMBIO': 0, 'VOS': 8}",0,8,111,0,Algún campo sin dato,0.Distrito Central,1.Guatemala,0068,presidente
873,,"{'UNE': 5, 'AZUL': 0, 'VALOR UNIONISTA': 51, 'CABAL': 32, 'TODOS': 2, 'VAMOS': 3, 'PHG': 1, 'PR': 3, 'PIN': 2, 'ELEFANTE': 2, 'VICTORIA': 3, 'SEMILLA': 77, 'FCN-NACION': 0, 'PPN': 0, 'UR': 2, 'URNG-MAIZ WINAQ': 5, 'CREO': 8, 'BIEN': 19, 'VIVA': 3, 'MI FAMILIA': 10, 'CAMBIO': 0, 'VOS': 27}",1,25,281,0,Algún campo sin dato,0.Distrito Central,1.Guatemala,0069,presidente
874,,"{'UNE': 5, 'AZUL': 4, 'VALOR UNIONISTA': 45, 'CABAL': 26, 'TODOS': 2, 'VAMOS': 9, 'PHG': 0, 'PR': 1, 'PIN': 2, 'ELEFANTE': 2, 'VICTORIA': 5, 'SEMILLA': 65, 'FCN-NACION': 1, 'PPN': 1, 'UR': 1, 'URNG-MAIZ WINAQ': 4, 'CREO': 7, 'BIEN': 29, 'VIVA': 5, 'MI FAMILIA': 16, 'CAMBIO': 0, 'VOS': 35}",0,23,288,2,Sumas Asentadas sin cuadrar,0.Distrito Central,1.Guatemala,0069,presidente
875,,"{'UNE': 4, 'AZUL': 8, 'VALOR UNIONISTA': 52, 'CABAL': 24, 'TODOS': 2, 'VAMOS': 3, 'PHG': 0, 'PR': 4, 'PIN': 0, 'ELEFANTE': 0, 'VICTORIA': 3, 'SEMILLA': 93, 'FCN-NACION': 1, 'PPN': 0, 'UR': 1, 'URNG-MAIZ WINAQ': 5, 'CREO': 5, 'BIEN': 18, 'VIVA': 6, 'MI FAMILIA': 4, 'CAMBIO': 0, 'VOS': 34}",2,23,292,0,Algún campo sin dato,0.Distrito Central,1.Guatemala,0069,presidente
876,,"{'UNE': 6, 'AZUL': 2, 'VALOR UNIONISTA': 41, 'CABAL': 26, 'TODOS': 2, 'VAMOS': 1, 'PHG': 0, 'PR': 4, 'PIN': 1, 'ELEFANTE': 3, 'VICTORIA': 5, 'SEMILLA': 91, 'FCN-NACION': 1, 'PPN': 1, 'UR': 1, 'URNG-MAIZ WINAQ': 4, 'CREO': 3, 'BIEN': 22, 'VIVA': 12, 'MI FAMILIA': 5, 'CAMBIO': 0, 'VOS': 47}",0,17,295,0,Algún campo sin dato,0.Distrito Central,1.Guatemala,0069,presidente
877,,"{'UNE': 5, 'AZUL': 7, 'VALOR UNIONISTA': 45, 'CABAL': 27, 'TODOS': 0, 'VAMOS': 2, 'PHG': 0, 'PR': 5, 'PIN': 0, 'ELEFANTE': 5, 'VICTORIA': 1, 'SEMILLA': 81, 'FCN-NACION': 0, 'PPN': 0, 'UR': 1, 'URNG-MAIZ WINAQ': 3, 'CREO': 5, 'BIEN': 27, 'VIVA': 10, 'MI FAMILIA': 2, 'CAMBIO': 0, 'VOS': 38}",0,22,286,1,Algún campo sin dato,0.Distrito Central,1.Guatemala,0069,presidente
878,,"{'UNE': 7, 'AZUL': 6, 'VALOR UNIONISTA': 45, 'CABAL': 20, 'TODOS': 1, 'VAMOS': 1, 'PHG': 0, 'PR': 3, 'PIN': 0, 'ELEFANTE': 2, 'VICTORIA': 3, 'SEMILLA': 89, 'FCN-NACION': 2, 'PPN': 0, 'UR': 2, 'URNG-MAIZ WINAQ': 1, 'CREO': 4, 'BIEN': 15, 'VIVA': 13, 'MI FAMILIA': 1, 'CAMBIO': 0, 'VOS': 45}",0,34,294,0,Algún campo sin dato,0.Distrito Central,1.Guatemala,0069,presidente
879,,"{'UNE': 2, 'AZUL': 2, 'VALOR UNIONISTA': 51, 'CABAL': 25, 'TODOS': 1, 'VAMOS': 5, 'PHG': 0, 'PR': 3, 'PIN': 2, 'ELEFANTE': 4, 'VICTORIA': 5, 'SEMILLA': 100, 'FCN-NACION': 1, 'PPN': 0, 'UR': 0, 'URNG-MAIZ WINAQ': 2, 'CREO': 5, 'BIEN': 23, 'VIVA': 8, 'MI FAMILIA': 7, 'CAMBIO': 1, 'VOS': 38}",0,21,306,0,Algún campo sin dato,0.Distrito Central,1.Guatemala,0069,presidente
880,,"{'UNE': 3, 'AZUL': 5, 'VALOR UNIONISTA': 61, 'CABAL': 30, 'TODOS': 0, 'VAMOS': 3, 'PHG': 0, 'PR': 2, 'PIN': 1, 'ELEFANTE': 3, 'VICTORIA': 2, 'SEMILLA': 86, 'FCN-NACION': 1, 'PPN': 0, 'UR': 3, 'URNG-MAIZ WINAQ': 3, 'CREO': 5, 'BIEN': 21, 'VIVA': 2, 'MI FAMILIA': 1, 'CAMBIO': 0, 'VOS': 46}",0,24,302,0,Algún campo sin dato,0.Distrito Central,1.Guatemala,0069,presidente
881,,"{'UNE': 11, 'AZUL': 1, 'VALOR UNIONISTA': 53, 'CABAL': 23, 'TODOS': 0, 'VAMOS': 5, 'PHG': 1, 'PR': 4, 'PIN': 2, 'ELEFANTE': 4, 'VICTORIA': 5, 'SEMILLA': 84, 'FCN-NACION': 1, 'PPN': 0, 'UR': 0, 'URNG-MAIZ WINAQ': 5, 'CREO': 4, 'BIEN': 22, 'VIVA': 7, 'MI FAMILIA': 5, 'CAMBIO': 0, 'VOS': 39}",0,25,301,0,Sumas Asentadas sin cuadrar,0.Distrito Central,1.Guatemala,0069,presidente
882,,"{'UNE': 5, 'AZUL': 1, 'VALOR UNIONISTA': 41, 'CABAL': 24, 'TODOS': 2, 'VAMOS': 3, 'PHG': 0, 'PR': 1, 'PIN': 4, 'ELEFANTE': 3, 'VICTORIA': 4, 'SEMILLA': 91, 'FCN-NACION': 0, 'PPN': 0, 'UR': 6, 'URNG-MAIZ WINAQ': 2, 'CREO': 5, 'BIEN': 21, 'VIVA': 3, 'MI FAMILIA': 8, 'CAMBIO': 0, 'VOS': 37}",0,25,286,0,Algún campo sin dato,0.Distrito Central,1.Guatemala,0069,presidente
883,,"{'UNE': 7, 'AZUL': 2, 'VALOR UNIONISTA': 46, 'CABAL': 13, 'TODOS': 0, 'VAMOS': 6, 'PHG': 0, 'PR': 4, 'PIN': 1, 'ELEFANTE': 2, 'VICTORIA': 3, 'SEMILLA': 103, 'FCN-NACION': 0, 'PPN': 2, 'UR': 1, 'URNG-MAIZ WINAQ': 2, 'CREO': 3, 'BIEN': 18, 'VIVA': 8, 'MI FAMILIA': 4, 'CAMBIO': 0, 'VOS': 29}",0,23,277,0,Algún campo sin dato,0.Distrito Central,1.Guatemala,0069,presidente
884,,"{'UNE': 5, 'AZUL': 4, 'VALOR UNIONISTA': 15, 'CABAL': 8, 'TODOS': 0, 'VAMOS': 1, 'PHG': 0, 'PR': 0, 'PIN': 0, 'ELEFANTE': 0, 'VICTORIA': 1, 'SEMILLA': 100, 'FCN-NACION': 1, 'PPN': 0, 'UR': 0, 'URNG-MAIZ WINAQ': 1, 'CREO': 1, 'BIEN': 8, 'VIVA': 2, 'MI FAMILIA': 1, 'CAMBIO': 0, 'VOS': 16}",0,4,168,35,Algún campo sin dato,0.Distrito Central,1.Guatemala,0069,presidente
885,,"{'UNE': 3, 'AZUL': 1, 'VALOR UNIONISTA': 19, 'CABAL': 6, 'TODOS': 0, 'VAMOS': 1, 'PHG': 0, 'PR': 0, 'PIN': 0, 'ELEFANTE': 1, 'VICTORIA': 1, 'SEMILLA': 69, 'FCN-NACION': 0, 'PPN': 0, 'UR': 1, 'URNG-MAIZ WINAQ': 0, 'CREO': 2, 'BIEN': 3, 'VIVA': 4, 'MI FAMILIA': 0, 'CAMBIO': 0, 'VOS': 12}",0,8,131,73,Algún campo sin dato,0.Distrito Central,1.Guatemala,0069,presidente
886,,"{'UNE': 6, 'AZUL': 4, 'VALOR UNIONISTA': 58, 'CABAL': 49, 'TODOS': 1, 'VAMOS': 1, 'PHG': 1, 'PR': 3, 'PIN': 2, 'ELEFANTE': 2, 'VICTORIA': 4, 'SEMILLA': 69, 'FCN-NACION': 0, 'PPN': 0, 'UR': 1, 'URNG-MAIZ WINAQ': 3, 'CREO': 3, 'BIEN': 24, 'VIVA': 3, 'MI FAMILIA': 1, 'CAMBIO': 0, 'VOS': 38}",1,30,304,0,Algún campo sin dato,0.Distrito Central,1.Guatemala,0070,presidente
887,,"{'UNE': 2, 'AZUL': 7, 'VALOR UNIONISTA': 67, 'CABAL': 34, 'TODOS': 1, 'VAMOS': 3, 'PHG': 0, 'PR': 2, 'PIN': 1, 'ELEFANTE': 3, 'VICTORIA': 2, 'SEMILLA': 86, 'FCN-NACION': 1, 'PPN': 1, 'UR': 1, 'URNG-MAIZ WINAQ': 4, 'CREO': 9, 'BIEN': 29, 'VIVA': 6, 'MI FAMILIA': 4, 'CAMBIO': 0, 'VOS': 32}",0,22,317,0,Algún campo sin dato,0.Distrito Central,1.Guatemala,0070,presidente
888,,"{'UNE': 5, 'AZUL': 7, 'VALOR UNIONISTA': 66, 'CABAL': 40, 'TODOS': 1, 'VAMOS': 3, 'PHG': 0, 'PR': 3, 'PIN': 1, 'ELEFANTE': 3, 'VICTORIA': 3, 'SEMILLA': 69, 'FCN-NACION': 0, 'PPN': 0, 'UR': 0, 'URNG-MAIZ WINAQ': 1, 'CREO': 10, 'BIEN': 28, 'VIVA': 4, 'MI FAMILIA': 5, 'CAMBIO': 0, 'VOS': 30}",0,23,302,0,Algún campo sin dato,0.Distrito Central,1.Guatemala,0070,presidente
889,,"{'UNE': 5, 'AZUL': 5, 'VALOR UNIONISTA': 46, 'CABAL': 27, 'TODOS': 0, 'VAMOS': 4, 'PHG': 0, 'PR': 1, 'PIN': 1, 'ELEFANTE': 3, 'VICTORIA': 2, 'SEMILLA': 75, 'FCN-NACION': 0, 'PPN': 0, 'UR': 3, 'URNG-MAIZ WINAQ': 1, 'CREO': 11, 'BIEN': 28, 'VIVA': 4, 'MI FAMILIA': 3, 'CAMBIO': 0, 'VOS': 38}",1,30,288,0,Algún campo sin dato,0.Distrito Central,1.Guatemala,0070,presidente
890,,"{'UNE': 8, 'AZUL': 4, 'VALOR UNIONISTA': 40, 'CABAL': 39, 'TODOS': 0, 'VAMOS': 1, 'PHG': 0, 'PR': 3, 'PIN': 0, 'ELEFANTE': 1, 'VICTORIA': 0, 'SEMILLA': 96, 'FCN-NACION': 0, 'PPN': 0, 'UR': 4, 'URNG-MAIZ WINAQ': 3, 'CREO': 2, 'BIEN': 29, 'VIVA': 1, 'MI FAMILIA': 3, 'CAMBIO': 0, 'VOS': 36}",0,17,287,0,Algún campo sin dato,0.Distrito Central,1.Guatemala,0070,presidente
891,,"{'UNE': 8, 'AZUL': 2, 'VALOR UNIONISTA': 36, 'CABAL': 40, 'TODOS': 0, 'VAMOS': 5, 'PHG': 0, 'PR': 7, 'PIN': 0, 'ELEFANTE': 4, 'VICTORIA': 0, 'SEMILLA': 87, 'FCN-NACION': 2, 'PPN': 0, 'UR': 0, 'URNG-MAIZ WINAQ': 0, 'CREO': 5, 'BIEN': 24, 'VIVA': 2, 'MI FAMILIA': 3, 'CAMBIO': 0, 'VOS': 39}",0,29,293,0,Algún campo sin dato,0.Distrito Central,1.Guatemala,0070,presidente
892,,"{'UNE': 8, 'AZUL': 7, 'VALOR UNIONISTA': 42, 'CABAL': 32, 'TODOS': 0, 'VAMOS': 3, 'PHG': 0, 'PR': 2, 'PIN': 0, 'ELEFANTE': 2, 'VICTORIA': 1, 'SEMILLA': 90, 'FCN-NACION': 0, 'PPN': 0, 'UR': 1, 'URNG-MAIZ WINAQ': 0, 'CREO': 9, 'BIEN': 32, 'VIVA': 4, 'MI FAMILIA': 4, 'CAMBIO': 0, 'VOS': 53}",0,19,309,0,Algún campo sin dato,0.Distrito Central,1.Guatemala,0070,presidente
893,,"{'UNE': 6, 'AZUL': 6, 'VALOR UNIONISTA': 47, 'CABAL': 38, 'TODOS': 0, 'VAMOS': 4, 'PHG': 0, 'PR': 4, 'PIN': 0, 'ELEFANTE': 0, 'VICTORIA': 0, 'SEMILLA': 82, 'FCN-NACION': 0, 'PPN': 1, 'UR': 0, 'URNG-MAIZ WINAQ': 0, 'CREO': 6, 'BIEN': 32, 'VIVA': 0, 'MI FAMILIA': 1, 'CAMBIO': 0, 'VOS': 36}",1,25,289,0,Algún campo sin dato,0.Distrito Central,1.Guatemala,0070,presidente
894,,"{'UNE': 8, 'AZUL': 4, 'VALOR UNIONISTA': 62, 'CABAL': 40, 'TODOS': 2, 'VAMOS': 3, 'PHG': 2, 'PR': 6, 'PIN': 0, 'ELEFANTE': 1, 'VICTORIA': 2, 'SEMILLA': 71, 'FCN-NACION': 0, 'PPN': 0, 'UR': 3, 'URNG-MAIZ WINAQ': 1, 'CREO': 6, 'BIEN': 35, 'VIVA': 1, 'MI FAMILIA': 5, 'CAMBIO': 0, 'VOS': 32}",1,15,300,0,Algún campo sin dato,0.Distrito Central,1.Guatemala,0070,presidente
895,,"{'UNE': 5, 'AZUL': 3, 'VALOR UNIONISTA': 52, 'CABAL': 40, 'TODOS': 0, 'VAMOS': 4, 'PHG': 0, 'PR': 2, 'PIN': 0, 'ELEFANTE': 0, 'VICTORIA': 5, 'SEMILLA': 71, 'FCN-NACION': 0, 'PPN': 1, 'UR': 3, 'URNG-MAIZ WINAQ': 2, 'CREO': 9, 'BIEN': 24, 'VIVA': 3, 'MI FAMILIA': 3, 'CAMBIO': 0, 'VOS': 40}",1,29,297,0,Sumas Asentadas sin cuadrar,0.Distrito Central,1.Guatemala,0070,presidente
896,,"{'UNE': 4, 'AZUL': 5, 'VALOR UNIONISTA': 61, 'CABAL': 34, 'TODOS': 0, 'VAMOS': 5, 'PHG': 0, 'PR': 2, 'PIN': 3, 'ELEFANTE': 0, 'VICTORIA': 3, 'SEMILLA': 76, 'FCN-NACION': 1, 'PPN': 0, 'UR': 1, 'URNG-MAIZ WINAQ': 0, 'CREO': 5, 'BIEN': 19, 'VIVA': 0, 'MI FAMILIA': 4, 'CAMBIO': 0, 'VOS': 43}",0,25,291,0,Algún campo sin dato,0.Distrito Central,1.Guatemala,0070,presidente
897,,"{'UNE': 3, 'AZUL': 3, 'VALOR UNIONISTA': 37, 'CABAL': 32, 'TODOS': 1, 'VAMOS': 3, 'PHG': 0, 'PR': 2, 'PIN': 0, 'ELEFANTE': 0, 'VICTORIA': 3, 'SEMILLA': 84, 'FCN-NACION': 2, 'PPN': 0, 'UR': 2, 'URNG-MAIZ WINAQ': 3, 'CREO': 10, 'BIEN': 25, 'VIVA': 5, 'MI FAMILIA': 3, 'CAMBIO': 0, 'VOS': 37}",0,26,281,0,Algún campo sin dato,0.Distrito Central,1.Guatemala,0070,presidente
898,,"{'UNE': 4, 'AZUL': 4, 'VALOR UNIONISTA': 43, 'CABAL': 24, 'TODOS': 0, 'VAMOS': 2, 'PHG': 1, 'PR': 3, 'PIN': 0, 'ELEFANTE': 2, 'VICTORIA': 3, 'SEMILLA': 106, 'FCN-NACION': 0, 'PPN': 0, 'UR': 2, 'URNG-MAIZ WINAQ': 1, 'CREO': 1, 'BIEN': 19, 'VIVA': 1, 'MI FAMILIA': 4, 'CAMBIO': 0, 'VOS': 33}",0,13,266,0,Algún campo sin dato,0.Distrito Central,1.Guatemala,0070,presidente
899,,"{'UNE': 3, 'AZUL': 4, 'VALOR UNIONISTA': 16, 'CABAL': 11, 'TODOS': 0, 'VAMOS': 1, 'PHG': 0, 'PR': 1, 'PIN': 0, 'ELEFANTE': 2, 'VICTORIA': 0, 'SEMILLA': 113, 'FCN-NACION': 0, 'PPN': 0, 'UR': 0, 'URNG-MAIZ WINAQ': 2, 'CREO': 3, 'BIEN': 15, 'VIVA': 1, 'MI FAMILIA': 1, 'CAMBIO': 0, 'VOS': 17}",0,4,194,0,Algún campo sin dato,0.Distrito Central,1.Guatemala,0070,presidente
900,,"{'UNE': 1, 'AZUL': 0, 'VALOR UNIONISTA': 17, 'CABAL': 9, 'TODOS': 0, 'VAMOS': 2, 'PHG': 0, 'PR': 2, 'PIN': 0, 'ELEFANTE': 2, 'VICTORIA': 0, 'SEMILLA': 91, 'FCN-NACION': 0, 'PPN': 0, 'UR': 0, 'URNG-MAIZ WINAQ': 1, 'CREO': 1, 'BIEN': 9, 'VIVA': 1, 'MI FAMILIA': 4, 'CAMBIO': 0, 'VOS': 14}",0,10,164,0,Algún campo sin dato,0.Distrito Central,1.Guatemala,0070,presidente
901,,"{'UNE': 4, 'AZUL': 3, 'VALOR UNIONISTA': 46, 'CABAL': 35, 'TODOS': 2, 'VAMOS': 8, 'PHG': 0, 'PR': 4, 'PIN': 0, 'ELEFANTE': 2, 'VICTORIA': 4, 'SEMILLA': 54, 'FCN-NACION': 4, 'PPN': 1, 'UR': 0, 'URNG-MAIZ WINAQ': 2, 'CREO': 6, 'BIEN': 26, 'VIVA': 11, 'MI FAMILIA': 3, 'CAMBIO': 0, 'VOS': 32}",1,23,271,0,Algún campo sin dato,0.Distrito Central,1.Guatemala,0071,presidente
902,,"{'UNE': 12, 'AZUL': 4, 'VALOR UNIONISTA': 61, 'CABAL': 26, 'TODOS': 1, 'VAMOS': 4, 'PHG': 0, 'PR': 7, 'PIN': 0, 'ELEFANTE': 4, 'VICTORIA': 6, 'SEMILLA': 66, 'FCN-NACION': 0, 'PPN': 0, 'UR': 0, 'URNG-MAIZ WINAQ': 4, 'CREO': 2, 'BIEN': 18, 'VIVA': 6, 'MI FAMILIA': 5, 'CAMBIO': 1, 'VOS': 31}",0,23,281,0,Algún campo sin dato,0.Distrito Central,1.Guatemala,0071,presidente
903,,"{'UNE': 4, 'AZUL': 2, 'VALOR UNIONISTA': 56, 'CABAL': 35, 'TODOS': 3, 'VAMOS': 6, 'PHG': 0, 'PR': 1, 'PIN': 3, 'ELEFANTE': 0, 'VICTORIA': 3, 'SEMILLA': 63, 'FCN-NACION': 1, 'PPN': 0, 'UR': 2, 'URNG-MAIZ WINAQ': 3, 'CREO': 7, 'BIEN': 28, 'VIVA': 5, 'MI FAMILIA': 2, 'CAMBIO': 0, 'VOS': 27}",0,22,273,0,Algún campo sin dato,0.Distrito Central,1.Guatemala,0071,presidente
904,,"{'UNE': 6, 'AZUL': 3, 'VALOR UNIONISTA': 47, 'CABAL': 42, 'TODOS': 1, 'VAMOS': 3, 'PHG': 0, 'PR': 3, 'PIN': 0, 'ELEFANTE': 3, 'VICTORIA': 3, 'SEMILLA': 69, 'FCN-NACION': 0, 'PPN': 0, 'UR': 2, 'URNG-MAIZ WINAQ': 4, 'CREO': 3, 'BIEN': 21, 'VIVA': 2, 'MI FAMILIA': 5, 'CAMBIO': 0, 'VOS': 30}",2,28,277,0,Algún campo sin dato,0.Distrito Central,1.Guatemala,0071,presidente
905,,"{'UNE': 5, 'AZUL': 4, 'VALOR UNIONISTA': 27, 'CABAL': 31, 'TODOS': 1, 'VAMOS': 3, 'PHG': 1, 'PR': 1, 'PIN': 1, 'ELEFANTE': 2, 'VICTORIA': 2, 'SEMILLA': 70, 'FCN-NACION': 0, 'PPN': 2, 'UR': 1, 'URNG-MAIZ WINAQ': 6, 'CREO': 5, 'BIEN': 26, 'VIVA': 3, 'MI FAMILIA': 3, 'CAMBIO': 0, 'VOS': 44}",0,32,270,0,Algún campo sin dato,0.Distrito Central,1.Guatemala,0071,presidente
906,,"{'UNE': 7, 'AZUL': 6, 'VALOR UNIONISTA': 46, 'CABAL': 34, 'TODOS': 0, 'VAMOS': 4, 'PHG': 1, 'PR': 1, 'PIN': 1, 'ELEFANTE': 2, 'VICTORIA': 2, 'SEMILLA': 76, 'FCN-NACION': 2, 'PPN': 0, 'UR': 2, 'URNG-MAIZ WINAQ': 6, 'CREO': 3, 'BIEN': 24, 'VIVA': 6, 'MI FAMILIA': 3, 'CAMBIO': 0, 'VOS': 29}",0,19,274,0,Algún campo sin dato,0.Distrito Central,1.Guatemala,0071,presidente
907,,"{'UNE': 10, 'AZUL': 6, 'VALOR UNIONISTA': 43, 'CABAL': 24, 'TODOS': 2, 'VAMOS': 5, 'PHG': 0, 'PR': 1, 'PIN': 2, 'ELEFANTE': 4, 'VICTORIA': 2, 'SEMILLA': 72, 'FCN-NACION': 0, 'PPN': 1, 'UR': 3, 'URNG-MAIZ WINAQ': 5, 'CREO': 3, 'BIEN': 23, 'VIVA': 4, 'MI FAMILIA': 1, 'CAMBIO': 0, 'VOS': 22}",0,9,242,16,Algún campo sin dato,0.Distrito Central,1.Guatemala,0071,presidente
908,,"{'UNE': 10, 'AZUL': 4, 'VALOR UNIONISTA': 43, 'CABAL': 36, 'TODOS': 1, 'VAMOS': 9, 'PHG': 0, 'PR': 1, 'PIN': 0, 'ELEFANTE': 3, 'VICTORIA': 2, 'SEMILLA': 64, 'FCN-NACION': 2, 'PPN': 0, 'UR': 1, 'URNG-MAIZ WINAQ': 3, 'CREO': 4, 'BIEN': 26, 'VIVA': 6, 'MI FAMILIA': 4, 'CAMBIO': 0, 'VOS': 30}",0,28,277,0,Algún campo sin dato,0.Distrito Central,1.Guatemala,0071,presidente
909,,"{'UNE': 6, 'AZUL': 4, 'VALOR UNIONISTA': 54, 'CABAL': 22, 'TODOS': 1, 'VAMOS': 1, 'PHG': 0, 'PR': 3, 'PIN': 3, 'ELEFANTE': 1, 'VICTORIA': 1, 'SEMILLA': 67, 'FCN-NACION': 0, 'PPN': 2, 'UR': 1, 'URNG-MAIZ WINAQ': 2, 'CREO': 5, 'BIEN': 31, 'VIVA': 2, 'MI FAMILIA': 3, 'CAMBIO': 0, 'VOS': 38}",0,23,270,2,Algún campo sin dato,0.Distrito Central,1.Guatemala,0071,presidente
910,,"{'UNE': 12, 'AZUL': 8, 'VALOR UNIONISTA': 59, 'CABAL': 31, 'TODOS': 3, 'VAMOS': 6, 'PHG': 0, 'PR': 1, 'PIN': 4, 'ELEFANTE': 4, 'VICTORIA': 1, 'SEMILLA': 76, 'FCN-NACION': 1, 'PPN': 0, 'UR': 4, 'URNG-MAIZ WINAQ': 1, 'CREO': 5, 'BIEN': 19, 'VIVA': 5, 'MI FAMILIA': 1, 'CAMBIO': 0, 'VOS': 27}",0,15,283,0,Algún campo sin dato,0.Distrito Central,1.Guatemala,0071,presidente
911,,"{'UNE': 10, 'AZUL': 3, 'VALOR UNIONISTA': 59, 'CABAL': 20, 'TODOS': 0, 'VAMOS': 2, 'PHG': 0, 'PR': 2, 'PIN': 1, 'ELEFANTE': 5, 'VICTORIA': 8, 'SEMILLA': 62, 'FCN-NACION': 0, 'PPN': 0, 'UR': 0, 'URNG-MAIZ WINAQ': 1, 'CREO': 4, 'BIEN': 29, 'VIVA': 5, 'MI FAMILIA': 7, 'CAMBIO': 1, 'VOS': 30}",2,33,284,0,Algún campo sin dato,0.Distrito Central,1.Guatemala,0071,presidente
912,,"{'UNE': 1, 'AZUL': 3, 'VALOR UNIONISTA': 48, 'CABAL': 29, 'TODOS': 1, 'VAMOS': 3, 'PHG': 0, 'PR': 5, 'PIN': 1, 'ELEFANTE': 3, 'VICTORIA': 2, 'SEMILLA': 79, 'FCN-NACION': 0, 'PPN': 1, 'UR': 1, 'URNG-MAIZ WINAQ': 4, 'CREO': 6, 'BIEN': 23, 'VIVA': 3, 'MI FAMILIA': 3, 'CAMBIO': 1, 'VOS': 24}",1,15,257,0,Algún campo sin dato,0.Distrito Central,1.Guatemala,0071,presidente
913,,"{'UNE': 10, 'AZUL': 5, 'VALOR UNIONISTA': 48, 'CABAL': 24, 'TODOS': 0, 'VAMOS': 6, 'PHG': 0, 'PR': 2, 'PIN': 1, 'ELEFANTE': 1, 'VICTORIA': 1, 'SEMILLA': 64, 'FCN-NACION': 1, 'PPN': 1, 'UR': 3, 'URNG-MAIZ WINAQ': 1, 'CREO': 7, 'BIEN': 25, 'VIVA': 4, 'MI FAMILIA': 3, 'CAMBIO': 0, 'VOS': 39}",0,29,275,0,Algún campo sin dato,0.Distrito Central,1.Guatemala,0071,presidente
914,,"{'UNE': 10, 'AZUL': 5, 'VALOR UNIONISTA': 42, 'CABAL': 24, 'TODOS': 0, 'VAMOS': 5, 'PHG': 0, 'PR': 4, 'PIN': 2, 'ELEFANTE': 3, 'VICTORIA': 2, 'SEMILLA': 78, 'FCN-NACION': 0, 'PPN': 1, 'UR': 1, 'URNG-MAIZ WINAQ': 1, 'CREO': 3, 'BIEN': 15, 'VIVA': 8, 'MI FAMILIA': 5, 'CAMBIO': 0, 'VOS': 32}",0,17,258,0,Algún campo sin dato,0.Distrito Central,1.Guatemala,0071,presidente
915,,"{'UNE': 7, 'AZUL': 1, 'VALOR UNIONISTA': 47, 'CABAL': 22, 'TODOS': 1, 'VAMOS': 8, 'PHG': 0, 'PR': 0, 'PIN': 0, 'ELEFANTE': 4, 'VICTORIA': 3, 'SEMILLA': 80, 'FCN-NACION': 1, 'PPN': 0, 'UR': 0, 'URNG-MAIZ WINAQ': 1, 'CREO': 1, 'BIEN': 16, 'VIVA': 1, 'MI FAMILIA': 5, 'CAMBIO': 0, 'VOS': 28}",0,19,245,0,Algún campo sin dato,0.Distrito Central,1.Guatemala,0071,presidente
916,,"{'UNE': 4, 'AZUL': 2, 'VALOR UNIONISTA': 28, 'CABAL': 19, 'TODOS': 0, 'VAMOS': 4, 'PHG': 0, 'PR': 0, 'PIN': 3, 'ELEFANTE': 2, 'VICTORIA': 1, 'SEMILLA': 154, 'FCN-NACION': 0, 'PPN': 0, 'UR': 1, 'URNG-MAIZ WINAQ': 3, 'CREO': 2, 'BIEN': 15, 'VIVA': 1, 'MI FAMILIA': 1, 'CAMBIO': 0, 'VOS': 24}",0,16,280,0,Algún campo sin dato,0.Distrito Central,1.Guatemala,0071,presidente
917,,"{'UNE': 1, 'AZUL': 1, 'VALOR UNIONISTA': 29, 'CABAL': 13, 'TODOS': 0, 'VAMOS': 3, 'PHG': 0, 'PR': 3, 'PIN': 1, 'ELEFANTE': 1, 'VICTORIA': 1, 'SEMILLA': 98, 'FCN-NACION': 0, 'PPN': 1, 'UR': 2, 'URNG-MAIZ WINAQ': 1, 'CREO': 4, 'BIEN': 23, 'VIVA': 1, 'MI FAMILIA': 2, 'CAMBIO': 0, 'VOS': 17}",0,12,214,0,Algún campo sin dato,0.Distrito Central,1.Guatemala,0071,presidente
918,,"{'UNE': 3, 'AZUL': 1, 'VALOR UNIONISTA': 51, 'CABAL': 21, 'TODOS': 1, 'VAMOS': 4, 'PHG': 1, 'PR': 3, 'PIN': 2, 'ELEFANTE': 3, 'VICTORIA': 3, 'SEMILLA': 76, 'FCN-NACION': 2, 'PPN': 0, 'UR': 1, 'URNG-MAIZ WINAQ': 6, 'CREO': 5, 'BIEN': 16, 'VIVA': 3, 'MI FAMILIA': 6, 'CAMBIO': 0, 'VOS': 48}",0,24,280,0,Algún campo sin dato,0.Distrito Central,1.Guatemala,0072,presidente
919,,"{'UNE': 5, 'AZUL': 3, 'VALOR UNIONISTA': 66, 'CABAL': 18, 'TODOS': 1, 'VAMOS': 7, 'PHG': 0, 'PR': 3, 'PIN': 0, 'ELEFANTE': 5, 'VICTORIA': 1, 'SEMILLA': 81, 'FCN-NACION': 0, 'PPN': 0, 'UR': 6, 'URNG-MAIZ WINAQ': 2, 'CREO': 5, 'BIEN': 21, 'VIVA': 5, 'MI FAMILIA': 5, 'CAMBIO': 0, 'VOS': 30}",2,28,294,0,Sumas Asentadas sin cuadrar,0.Distrito Central,1.Guatemala,0072,presidente
920,,"{'UNE': 2, 'AZUL': 8, 'VALOR UNIONISTA': 53, 'CABAL': 22, 'TODOS': 2, 'VAMOS': 1, 'PHG': 1, 'PR': 4, 'PIN': 1, 'ELEFANTE': 1, 'VICTORIA': 4, 'SEMILLA': 83, 'FCN-NACION': 0, 'PPN': 0, 'UR': 4, 'URNG-MAIZ WINAQ': 2, 'CREO': 8, 'BIEN': 17, 'VIVA': 3, 'MI FAMILIA': 4, 'CAMBIO': 0, 'VOS': 38}",1,23,282,0,Algún campo sin dato,0.Distrito Central,1.Guatemala,0072,presidente
921,,"{'UNE': 10, 'AZUL': 5, 'VALOR UNIONISTA': 47, 'CABAL': 18, 'TODOS': 0, 'VAMOS': 7, 'PHG': 0, 'PR': 1, 'PIN': 2, 'ELEFANTE': 2, 'VICTORIA': 5, 'SEMILLA': 79, 'FCN-NACION': 0, 'PPN': 1, 'UR': 6, 'URNG-MAIZ WINAQ': 4, 'CREO': 4, 'BIEN': 15, 'VIVA': 3, 'MI FAMILIA': 6, 'CAMBIO': 0, 'VOS': 26}",0,34,275,0,Sumas Asentadas sin cuadrar,0.Distrito Central,1.Guatemala,0072,presidente
922,,"{'UNE': 11, 'AZUL': 3, 'VALOR UNIONISTA': 56, 'CABAL': 38, 'TODOS': 4, 'VAMOS': 8, 'PHG': 0, 'PR': 3, 'PIN': 2, 'ELEFANTE': 2, 'VICTORIA': 3, 'SEMILLA': 62, 'FCN-NACION': 1, 'PPN': 0, 'UR': 2, 'URNG-MAIZ WINAQ': 4, 'CREO': 4, 'BIEN': 19, 'VIVA': 10, 'MI FAMILIA': 4, 'CAMBIO': 0, 'VOS': 32}",1,17,286,0,Algún campo sin dato,0.Distrito Central,1.Guatemala,0072,presidente
923,,"{'UNE': 9, 'AZUL': 3, 'VALOR UNIONISTA': 56, 'CABAL': 10, 'TODOS': 0, 'VAMOS': 3, 'PHG': 1, 'PR': 0, 'PIN': 1, 'ELEFANTE': 5, 'VICTORIA': 2, 'SEMILLA': 93, 'FCN-NACION': 3, 'PPN': 1, 'UR': 0, 'URNG-MAIZ WINAQ': 0, 'CREO': 3, 'BIEN': 21, 'VIVA': 6, 'MI FAMILIA': 6, 'CAMBIO': 0, 'VOS': 25}",0,17,265,0,Algún campo sin dato,0.Distrito Central,1.Guatemala,0072,presidente
924,,"{'UNE': 9, 'AZUL': 6, 'VALOR UNIONISTA': 47, 'CABAL': 21, 'TODOS': 1, 'VAMOS': 5, 'PHG': 1, 'PR': 2, 'PIN': 0, 'ELEFANTE': 4, 'VICTORIA': 1, 'SEMILLA': 81, 'FCN-NACION': 3, 'PPN': 0, 'UR': 2, 'URNG-MAIZ WINAQ': 3, 'CREO': 5, 'BIEN': 23, 'VIVA': 8, 'MI FAMILIA': 5, 'CAMBIO': 0, 'VOS': 33}",0,18,278,0,Sumas Asentadas sin cuadrar,0.Distrito Central,1.Guatemala,0072,presidente
925,,"{'UNE': 12, 'AZUL': 4, 'VALOR UNIONISTA': 39, 'CABAL': 20, 'TODOS': 1, 'VAMOS': 5, 'PHG': 1, 'PR': 4, 'PIN': 0, 'ELEFANTE': 6, 'VICTORIA': 4, 'SEMILLA': 72, 'FCN-NACION': 1, 'PPN': 1, 'UR': 3, 'URNG-MAIZ WINAQ': 2, 'CREO': 3, 'BIEN': 14, 'VIVA': 6, 'MI FAMILIA': 5, 'CAMBIO': 0, 'VOS': 33}",0,38,274,1,Algún campo sin dato,0.Distrito Central,1.Guatemala,0072,presidente
926,,"{'UNE': 6, 'AZUL': 3, 'VALOR UNIONISTA': 44, 'CABAL': 27, 'TODOS': 0, 'VAMOS': 3, 'PHG': 0, 'PR': 7, 'PIN': 1, 'ELEFANTE': 3, 'VICTORIA': 0, 'SEMILLA': 73, 'FCN-NACION': 1, 'PPN': 1, 'UR': 3, 'URNG-MAIZ WINAQ': 7, 'CREO': 4, 'BIEN': 14, 'VIVA': 4, 'MI FAMILIA': 3, 'CAMBIO': 0, 'VOS': 35}",2,20,261,0,Algún campo sin dato,0.Distrito Central,1.Guatemala,0072,presidente
927,,"{'UNE': 6, 'AZUL': 2, 'VALOR UNIONISTA': 60, 'CABAL': 21, 'TODOS': 3, 'VAMOS': 6, 'PHG': 0, 'PR': 3, 'PIN': 0, 'ELEFANTE': 2, 'VICTORIA': 2, 'SEMILLA': 80, 'FCN-NACION': 1, 'PPN': 0, 'UR': 0, 'URNG-MAIZ WINAQ': 2, 'CREO': 4, 'BIEN': 22, 'VIVA': 5, 'MI FAMILIA': 6, 'CAMBIO': 0, 'VOS': 31}",0,26,282,0,Algún campo sin dato,0.Distrito Central,1.Guatemala,0072,presidente
928,,"{'UNE': 4, 'AZUL': 2, 'VALOR UNIONISTA': 44, 'CABAL': 32, 'TODOS': 2, 'VAMOS': 2, 'PHG': 0, 'PR': 0, 'PIN': 4, 'ELEFANTE': 3, 'VICTORIA': 6, 'SEMILLA': 62, 'FCN-NACION': 3, 'PPN': 0, 'UR': 2, 'URNG-MAIZ WINAQ': 5, 'CREO': 4, 'BIEN': 20, 'VIVA': 5, 'MI FAMILIA': 9, 'CAMBIO': 0, 'VOS': 40}",0,20,269,0,Algún campo sin dato,0.Distrito Central,1.Guatemala,0072,presidente
929,,"{'UNE': 11, 'AZUL': 4, 'VALOR UNIONISTA': 63, 'CABAL': 21, 'TODOS': 0, 'VAMOS': 5, 'PHG': 0, 'PR': 1, 'PIN': 1, 'ELEFANTE': 3, 'VICTORIA': 2, 'SEMILLA': 67, 'FCN-NACION': 1, 'PPN': 0, 'UR': 4, 'URNG-MAIZ WINAQ': 4, 'CREO': 1, 'BIEN': 20, 'VIVA': 4, 'MI FAMILIA': 10, 'CAMBIO': 0, 'VOS': 32}",0,12,266,0,Algún campo sin dato,0.Distrito Central,1.Guatemala,0072,presidente
930,,"{'UNE': 12, 'AZUL': 0, 'VALOR UNIONISTA': 42, 'CABAL': 34, 'TODOS': 1, 'VAMOS': 5, 'PHG': 1, 'PR': 5, 'PIN': 0, 'ELEFANTE': 6, 'VICTORIA': 3, 'SEMILLA': 86, 'FCN-NACION': 2, 'PPN': 0, 'UR': 4, 'URNG-MAIZ WINAQ': 1, 'CREO': 3, 'BIEN': 16, 'VIVA': 3, 'MI FAMILIA': 5, 'CAMBIO': 0, 'VOS': 27}",0,17,273,0,Algún campo sin dato,0.Distrito Central,1.Guatemala,0072,presidente
931,,"{'UNE': 2, 'AZUL': 4, 'VALOR UNIONISTA': 51, 'CABAL': 22, 'TODOS': 1, 'VAMOS': 2, 'PHG': 1, 'PR': 1, 'PIN': 1, 'ELEFANTE': 2, 'VICTORIA': 3, 'SEMILLA': 91, 'FCN-NACION': 1, 'PPN': 1, 'UR': 2, 'URNG-MAIZ WINAQ': 2, 'CREO': 1, 'BIEN': 23, 'VIVA': 6, 'MI FAMILIA': 5, 'CAMBIO': 0, 'VOS': 20}",0,17,259,0,Algún campo sin dato,0.Distrito Central,1.Guatemala,0072,presidente
932,,"{'UNE': 4, 'AZUL': 7, 'VALOR UNIONISTA': 60, 'CABAL': 21, 'TODOS': 2, 'VAMOS': 5, 'PHG': 0, 'PR': 1, 'PIN': 1, 'ELEFANTE': 3, 'VICTORIA': 6, 'SEMILLA': 83, 'FCN-NACION': 0, 'PPN': 2, 'UR': 2, 'URNG-MAIZ WINAQ': 4, 'CREO': 1, 'BIEN': 24, 'VIVA': 5, 'MI FAMILIA': 4, 'CAMBIO': 1, 'VOS': 32}",1,18,287,0,Algún campo sin dato,0.Distrito Central,1.Guatemala,0072,presidente
933,,"{'UNE': 10, 'AZUL': 2, 'VALOR UNIONISTA': 38, 'CABAL': 25, 'TODOS': 1, 'VAMOS': 4, 'PHG': 0, 'PR': 3, 'PIN': 0, 'ELEFANTE': 2, 'VICTORIA': 5, 'SEMILLA': 73, 'FCN-NACION': 0, 'PPN': 0, 'UR': 1, 'URNG-MAIZ WINAQ': 5, 'CREO': 2, 'BIEN': 17, 'VIVA': 4, 'MI FAMILIA': 3, 'CAMBIO': 0, 'VOS': 24}",0,21,240,0,Algún campo sin dato,0.Distrito Central,1.Guatemala,0072,presidente
934,,"{'UNE': 6, 'AZUL': 5, 'VALOR UNIONISTA': 29, 'CABAL': 15, 'TODOS': 2, 'VAMOS': 3, 'PHG': 0, 'PR': 1, 'PIN': 1, 'ELEFANTE': 2, 'VICTORIA': 1, 'SEMILLA': 128, 'FCN-NACION': 1, 'PPN': 0, 'UR': 1, 'URNG-MAIZ WINAQ': 1, 'CREO': 1, 'BIEN': 13, 'VIVA': 1, 'MI FAMILIA': 2, 'CAMBIO': 0, 'VOS': 30}",0,19,262,0,Algún campo sin dato,0.Distrito Central,1.Guatemala,0072,presidente
935,,"{'UNE': 6, 'AZUL': 3, 'VALOR UNIONISTA': 16, 'CABAL': 9, 'TODOS': 0, 'VAMOS': 3, 'PHG': 0, 'PR': 0, 'PIN': 2, 'ELEFANTE': 3, 'VICTORIA': 0, 'SEMILLA': 151, 'FCN-NACION': 1, 'PPN': 0, 'UR': 1, 'URNG-MAIZ WINAQ': 0, 'CREO': 2, 'BIEN': 14, 'VIVA': 2, 'MI FAMILIA': 3, 'CAMBIO': 0, 'VOS': 8}",0,12,236,0,Algún campo sin dato,0.Distrito Central,1.Guatemala,0072,presidente
936,,"{'UNE': 3, 'AZUL': 6, 'VALOR UNIONISTA': 28, 'CABAL': 11, 'TODOS': 0, 'VAMOS': 5, 'PHG': 0, 'PR': 0, 'PIN': 0, 'ELEFANTE': 1, 'VICTORIA': 2, 'SEMILLA': 99, 'FCN-NACION': 1, 'PPN': 0, 'UR': 1, 'URNG-MAIZ WINAQ': 0, 'CREO': 1, 'BIEN': 5, 'VIVA': 2, 'MI FAMILIA': 1, 'CAMBIO': 0, 'VOS': 7}",0,9,182,0,Algún campo sin dato,0.Distrito Central,1.Guatemala,0072,presidente
937,,"{'UNE': 13, 'AZUL': 4, 'VALOR UNIONISTA': 34, 'CABAL': 39, 'TODOS': 1, 'VAMOS': 4, 'PHG': 0, 'PR': 1, 'PIN': 0, 'ELEFANTE': 5, 'VICTORIA': 3, 'SEMILLA': 73, 'FCN-NACION': 1, 'PPN': 0, 'UR': 1, 'URNG-MAIZ WINAQ': 4, 'CREO': 11, 'BIEN': 15, 'VIVA': 9, 'MI FAMILIA': 4, 'CAMBIO': 0, 'VOS': 37}",2,27,288,0,Sumas Asentadas sin cuadrar,0.Distrito Central,1.Guatemala,0073,presidente
938,,"{'UNE': 6, 'AZUL': 2, 'VALOR UNIONISTA': 47, 'CABAL': 33, 'TODOS': 2, 'VAMOS': 2, 'PHG': 0, 'PR': 3, 'PIN': 1, 'ELEFANTE': 1, 'VICTORIA': 5, 'SEMILLA': 80, 'FCN-NACION': 0, 'PPN': 0, 'UR': 3, 'URNG-MAIZ WINAQ': 1, 'CREO': 7, 'BIEN': 19, 'VIVA': 6, 'MI FAMILIA': 8, 'CAMBIO': 0, 'VOS': 36}",1,24,287,0,Algún campo sin dato,0.Distrito Central,1.Guatemala,0073,presidente
939,,"{'UNE': 10, 'AZUL': 2, 'VALOR UNIONISTA': 52, 'CABAL': 27, 'TODOS': 1, 'VAMOS': 8, 'PHG': 0, 'PR': 4, 'PIN': 0, 'ELEFANTE': 1, 'VICTORIA': 5, 'SEMILLA': 61, 'FCN-NACION': 1, 'PPN': 0, 'UR': 4, 'URNG-MAIZ WINAQ': 8, 'CREO': 3, 'BIEN': 17, 'VIVA': 7, 'MI FAMILIA': 5, 'CAMBIO': 6, 'VOS': 27}",0,16,265,0,Algún campo sin dato,0.Distrito Central,1.Guatemala,0073,presidente
940,,"{'UNE': 6, 'AZUL': 2, 'VALOR UNIONISTA': 34, 'CABAL': 16, 'TODOS': 0, 'VAMOS': 11, 'PHG': 0, 'PR': 1, 'PIN': 0, 'ELEFANTE': 3, 'VICTORIA': 3, 'SEMILLA': 75, 'FCN-NACION': 2, 'PPN': 0, 'UR': 4, 'URNG-MAIZ WINAQ': 1, 'CREO': 5, 'BIEN': 16, 'VIVA': 10, 'MI FAMILIA': 2, 'CAMBIO': 0, 'VOS': 29}",0,25,245,0,Algún campo sin dato,0.Distrito Central,1.Guatemala,0073,presidente
941,,"{'UNE': 8, 'AZUL': 4, 'VALOR UNIONISTA': 50, 'CABAL': 27, 'TODOS': 0, 'VAMOS': 5, 'PHG': 1, 'PR': 1, 'PIN': 1, 'ELEFANTE': 4, 'VICTORIA': 1, 'SEMILLA': 82, 'FCN-NACION': 0, 'PPN': 0, 'UR': 1, 'URNG-MAIZ WINAQ': 2, 'CREO': 4, 'BIEN': 20, 'VIVA': 6, 'MI FAMILIA': 4, 'CAMBIO': 0, 'VOS': 27}",1,24,273,0,Algún campo sin dato,0.Distrito Central,1.Guatemala,0073,presidente
942,,"{'UNE': 10, 'AZUL': 3, 'VALOR UNIONISTA': 41, 'CABAL': 19, 'TODOS': 0, 'VAMOS': 0, 'PHG': 1, 'PR': 2, 'PIN': 2, 'ELEFANTE': 1, 'VICTORIA': 5, 'SEMILLA': 81, 'FCN-NACION': 1, 'PPN': 1, 'UR': 3, 'URNG-MAIZ WINAQ': 7, 'CREO': 5, 'BIEN': 15, 'VIVA': 9, 'MI FAMILIA': 4, 'CAMBIO': 0, 'VOS': 28}",0,26,264,0,Algún campo sin dato,0.Distrito Central,1.Guatemala,0073,presidente
943,,"{'UNE': 9, 'AZUL': 2, 'VALOR UNIONISTA': 49, 'CABAL': 32, 'TODOS': 2, 'VAMOS': 6, 'PHG': 0, 'PR': 3, 'PIN': 1, 'ELEFANTE': 5, 'VICTORIA': 3, 'SEMILLA': 71, 'FCN-NACION': 2, 'PPN': 1, 'UR': 5, 'URNG-MAIZ WINAQ': 8, 'CREO': 13, 'BIEN': 8, 'VIVA': 5, 'MI FAMILIA': 6, 'CAMBIO': 2, 'VOS': 31}",0,26,290,0,Algún campo sin dato,0.Distrito Central,1.Guatemala,0074,presidente
944,,"{'UNE': 14, 'AZUL': 3, 'VALOR UNIONISTA': 47, 'CABAL': 38, 'TODOS': 0, 'VAMOS': 2, 'PHG': 2, 'PR': 2, 'PIN': 0, 'ELEFANTE': 2, 'VICTORIA': 2, 'SEMILLA': 68, 'FCN-NACION': 0, 'PPN': 0, 'UR': 5, 'URNG-MAIZ WINAQ': 2, 'CREO': 7, 'BIEN': 16, 'VIVA': 10, 'MI FAMILIA': 7, 'CAMBIO': 0, 'VOS': 31}",2,22,282,0,Algún campo sin dato,0.Distrito Central,1.Guatemala,0074,presidente
945,,"{'UNE': 13, 'AZUL': 3, 'VALOR UNIONISTA': 46, 'CABAL': 27, 'TODOS': 1, 'VAMOS': 2, 'PHG': 1, 'PR': 4, 'PIN': 0, 'ELEFANTE': 0, 'VICTORIA': 3, 'SEMILLA': 75, 'FCN-NACION': 1, 'PPN': 0, 'UR': 2, 'URNG-MAIZ WINAQ': 0, 'CREO': 3, 'BIEN': 19, 'VIVA': 11, 'MI FAMILIA': 4, 'CAMBIO': 1, 'VOS': 39}",0,23,278,0,Algún campo sin dato,0.Distrito Central,1.Guatemala,0074,presidente
946,,"{'UNE': 16, 'AZUL': 3, 'VALOR UNIONISTA': 33, 'CABAL': 22, 'TODOS': 0, 'VAMOS': 2, 'PHG': 0, 'PR': 3, 'PIN': 2, 'ELEFANTE': 5, 'VICTORIA': 5, 'SEMILLA': 75, 'FCN-NACION': 0, 'PPN': 1, 'UR': 0, 'URNG-MAIZ WINAQ': 3, 'CREO': 6, 'BIEN': 17, 'VIVA': 12, 'MI FAMILIA': 2, 'CAMBIO': 0, 'VOS': 30}",0,16,253,147,Algún campo sin dato,0.Distrito Central,1.Guatemala,0074,presidente
947,,"{'UNE': 12, 'AZUL': 0, 'VALOR UNIONISTA': 24, 'CABAL': 15, 'TODOS': 1, 'VAMOS': 0, 'PHG': 0, 'PR': 1, 'PIN': 0, 'ELEFANTE': 2, 'VICTORIA': 2, 'SEMILLA': 100, 'FCN-NACION': 0, 'PPN': 0, 'UR': 3, 'URNG-MAIZ WINAQ': 3, 'CREO': 3, 'BIEN': 20, 'VIVA': 5, 'MI FAMILIA': 4, 'CAMBIO': 0, 'VOS': 38}",1,25,259,0,,0.Distrito Central,1.Guatemala,0074,presidente
948,,"{'UNE': 4, 'AZUL': 2, 'VALOR UNIONISTA': 8, 'CABAL': 13, 'TODOS': 0, 'VAMOS': 3, 'PHG': 0, 'PR': 2, 'PIN': 0, 'ELEFANTE': 2, 'VICTORIA': 2, 'SEMILLA': 143, 'FCN-NACION': 0, 'PPN': 0, 'UR': 0, 'URNG-MAIZ WINAQ': 2, 'CREO': 2, 'BIEN': 9, 'VIVA': 6, 'MI FAMILIA': 1, 'CAMBIO': 0, 'VOS': 17}",0,8,224,0,Algún campo sin dato,0.Distrito Central,1.Guatemala,0074,presidente
949,,"{'UNE': 8, 'AZUL': 0, 'VALOR UNIONISTA': 17, 'CABAL': 9, 'TODOS': 0, 'VAMOS': 3, 'PHG': 0, 'PR': 1, 'PIN': 0, 'ELEFANTE': 1, 'VICTORIA': 2, 'SEMILLA': 88, 'FCN-NACION': 0, 'PPN': 0, 'UR': 0, 'URNG-MAIZ WINAQ': 2, 'CREO': 1, 'BIEN': 10, 'VIVA': 5, 'MI FAMILIA': 2, 'CAMBIO': 0, 'VOS': 9}",0,12,170,0,Algún campo sin dato,0.Distrito Central,1.Guatemala,0074,presidente
950,,"{'UNE': 10, 'AZUL': 4, 'VALOR UNIONISTA': 64, 'CABAL': 29, 'TODOS': 2, 'VAMOS': 3, 'PHG': 0, 'PR': 2, 'PIN': 0, 'ELEFANTE': 2, 'VICTORIA': 4, 'SEMILLA': 62, 'FCN-NACION': 1, 'PPN': 0, 'UR': 2, 'URNG-MAIZ WINAQ': 0, 'CREO': 9, 'BIEN': 6, 'VIVA': 7, 'MI FAMILIA': 4, 'CAMBIO': 0, 'VOS': 36}",0,29,276,0,Algún campo sin dato,0.Distrito Central,1.Guatemala,0075,presidente
951,,"{'UNE': 11, 'AZUL': 1, 'VALOR UNIONISTA': 60, 'CABAL': 35, 'TODOS': 1, 'VAMOS': 6, 'PHG': 0, 'PR': 3, 'PIN': 3, 'ELEFANTE': 3, 'VICTORIA': 7, 'SEMILLA': 68, 'FCN-NACION': 0, 'PPN': 0, 'UR': 5, 'URNG-MAIZ WINAQ': 3, 'CREO': 3, 'BIEN': 22, 'VIVA': 1, 'MI FAMILIA': 4, 'CAMBIO': 1, 'VOS': 36}",0,17,290,0,Algún campo sin dato,0.Distrito Central,1.Guatemala,0075,presidente
952,,"{'UNE': 8, 'AZUL': 3, 'VALOR UNIONISTA': 57, 'CABAL': 25, 'TODOS': 0, 'VAMOS': 2, 'PHG': 1, 'PR': 6, 'PIN': 1, 'ELEFANTE': 2, 'VICTORIA': 4, 'SEMILLA': 63, 'FCN-NACION': 0, 'PPN': 1, 'UR': 5, 'URNG-MAIZ WINAQ': 1, 'CREO': 4, 'BIEN': 28, 'VIVA': 6, 'MI FAMILIA': 1, 'CAMBIO': 0, 'VOS': 27}",0,27,272,0,Algún campo sin dato,0.Distrito Central,1.Guatemala,0075,presidente
953,,"{'UNE': 13, 'AZUL': 3, 'VALOR UNIONISTA': 53, 'CABAL': 47, 'TODOS': 1, 'VAMOS': 1, 'PHG': 0, 'PR': 2, 'PIN': 0, 'ELEFANTE': 3, 'VICTORIA': 4, 'SEMILLA': 60, 'FCN-NACION': 0, 'PPN': 0, 'UR': 0, 'URNG-MAIZ WINAQ': 1, 'CREO': 7, 'BIEN': 28, 'VIVA': 5, 'MI FAMILIA': 9, 'CAMBIO': 0, 'VOS': 36}",2,16,291,0,Algún campo sin dato,0.Distrito Central,1.Guatemala,0075,presidente
954,,"{'UNE': 6, 'AZUL': 2, 'VALOR UNIONISTA': 58, 'CABAL': 34, 'TODOS': 1, 'VAMOS': 1, 'PHG': 0, 'PR': 4, 'PIN': 1, 'ELEFANTE': 2, 'VICTORIA': 3, 'SEMILLA': 70, 'FCN-NACION': 1, 'PPN': 1, 'UR': 1, 'URNG-MAIZ WINAQ': 1, 'CREO': 3, 'BIEN': 17, 'VIVA': 5, 'MI FAMILIA': 5, 'CAMBIO': 0, 'VOS': 31}",3,16,266,0,Algún campo sin dato,0.Distrito Central,1.Guatemala,0075,presidente
955,,"{'UNE': 7, 'AZUL': 1, 'VALOR UNIONISTA': 30, 'CABAL': 18, 'TODOS': 0, 'VAMOS': 2, 'PHG': 0, 'PR': 3, 'PIN': 1, 'ELEFANTE': 1, 'VICTORIA': 0, 'SEMILLA': 60, 'FCN-NACION': 1, 'PPN': 0, 'UR': 2, 'URNG-MAIZ WINAQ': 2, 'CREO': 3, 'BIEN': 21, 'VIVA': 3, 'MI FAMILIA': 2, 'CAMBIO': 1, 'VOS': 28}",0,8,194,0,Algún campo sin dato,0.Distrito Central,1.Guatemala,0075,presidente
956,,"{'UNE': 6, 'AZUL': 0, 'VALOR UNIONISTA': 20, 'CABAL': 9, 'TODOS': 0, 'VAMOS': 0, 'PHG': 0, 'PR': 0, 'PIN': 2, 'ELEFANTE': 1, 'VICTORIA': 1, 'SEMILLA': 97, 'FCN-NACION': 0, 'PPN': 0, 'UR': 0, 'URNG-MAIZ WINAQ': 2, 'CREO': 1, 'BIEN': 5, 'VIVA': 2, 'MI FAMILIA': 1, 'CAMBIO': 0, 'VOS': 17}",0,8,172,0,Algún campo sin dato,0.Distrito Central,1.Guatemala,0075,presidente
957,,"{'UNE': 14, 'AZUL': 4, 'VALOR UNIONISTA': 36, 'CABAL': 22, 'TODOS': 1, 'VAMOS': 6, 'PHG': 0, 'PR': 2, 'PIN': 5, 'ELEFANTE': 6, 'VICTORIA': 0, 'SEMILLA': 69, 'FCN-NACION': 2, 'PPN': 0, 'UR': 7, 'URNG-MAIZ WINAQ': 4, 'CREO': 3, 'BIEN': 16, 'VIVA': 10, 'MI FAMILIA': 7, 'CAMBIO': 0, 'VOS': 37}",2,27,280,0,Algún campo sin dato,0.Distrito Central,1.Guatemala,0076,presidente
958,,"{'UNE': 5, 'AZUL': 4, 'VALOR UNIONISTA': 43, 'CABAL': 17, 'TODOS': 0, 'VAMOS': 4, 'PHG': 0, 'PR': 6, 'PIN': 4, 'ELEFANTE': 5, 'VICTORIA': 8, 'SEMILLA': 70, 'FCN-NACION': 0, 'PPN': 1, 'UR': 5, 'URNG-MAIZ WINAQ': 3, 'CREO': 5, 'BIEN': 23, 'VIVA': 10, 'MI FAMILIA': 15, 'CAMBIO': 1, 'VOS': 28}",0,24,281,126,,0.Distrito Central,1.Guatemala,0076,presidente
959,,"{'UNE': 15, 'AZUL': 6, 'VALOR UNIONISTA': 26, 'CABAL': 25, 'TODOS': 0, 'VAMOS': 4, 'PHG': 0, 'PR': 4, 'PIN': 1, 'ELEFANTE': 7, 'VICTORIA': 5, 'SEMILLA': 55, 'FCN-NACION': 0, 'PPN': 2, 'UR': 5, 'URNG-MAIZ WINAQ': 4, 'CREO': 5, 'BIEN': 17, 'VIVA': 7, 'MI FAMILIA': 12, 'CAMBIO': 0, 'VOS': 41}",1,28,270,2,,0.Distrito Central,1.Guatemala,0076,presidente
960,,"{'UNE': 5, 'AZUL': 3, 'VALOR UNIONISTA': 40, 'CABAL': 19, 'TODOS': 0, 'VAMOS': 5, 'PHG': 0, 'PR': 14, 'PIN': 1, 'ELEFANTE': 4, 'VICTORIA': 2, 'SEMILLA': 61, 'FCN-NACION': 0, 'PPN': 1, 'UR': 1, 'URNG-MAIZ WINAQ': 5, 'CREO': 1, 'BIEN': 24, 'VIVA': 18, 'MI FAMILIA': 5, 'CAMBIO': 0, 'VOS': 26}",1,28,264,0,Algún campo sin dato,0.Distrito Central,1.Guatemala,0076,presidente
961,,"{'UNE': 11, 'AZUL': 4, 'VALOR UNIONISTA': 32, 'CABAL': 15, 'TODOS': 0, 'VAMOS': 4, 'PHG': 0, 'PR': 0, 'PIN': 0, 'ELEFANTE': 4, 'VICTORIA': 4, 'SEMILLA': 91, 'FCN-NACION': 0, 'PPN': 1, 'UR': 2, 'URNG-MAIZ WINAQ': 3, 'CREO': 1, 'BIEN': 18, 'VIVA': 2, 'MI FAMILIA': 3, 'CAMBIO': 0, 'VOS': 28}",0,21,244,0,Algún campo sin dato,0.Distrito Central,1.Guatemala,0076,presidente
962,,"{'UNE': 14, 'AZUL': 3, 'VALOR UNIONISTA': 38, 'CABAL': 20, 'TODOS': 0, 'VAMOS': 6, 'PHG': 0, 'PR': 2, 'PIN': 0, 'ELEFANTE': 2, 'VICTORIA': 3, 'SEMILLA': 77, 'FCN-NACION': 1, 'PPN': 1, 'UR': 4, 'URNG-MAIZ WINAQ': 4, 'CREO': 3, 'BIEN': 14, 'VIVA': 12, 'MI FAMILIA': 5, 'CAMBIO': 0, 'VOS': 39}",0,31,279,0,Algún campo sin dato,0.Distrito Central,1.Guatemala,0076,presidente
963,,"{'UNE': 10, 'AZUL': 3, 'VALOR UNIONISTA': 28, 'CABAL': 27, 'TODOS': 2, 'VAMOS': 2, 'PHG': 0, 'PR': 3, 'PIN': 1, 'ELEFANTE': 3, 'VICTORIA': 4, 'SEMILLA': 87, 'FCN-NACION': 0, 'PPN': 0, 'UR': 3, 'URNG-MAIZ WINAQ': 2, 'CREO': 5, 'BIEN': 15, 'VIVA': 7, 'MI FAMILIA': 3, 'CAMBIO': 0, 'VOS': 29}",0,26,260,0,Algún campo sin dato,0.Distrito Central,1.Guatemala,0076,presidente
964,,"{'UNE': 13, 'AZUL': 4, 'VALOR UNIONISTA': 30, 'CABAL': 24, 'TODOS': 0, 'VAMOS': 2, 'PHG': 1, 'PR': 2, 'PIN': 1, 'ELEFANTE': 3, 'VICTORIA': 3, 'SEMILLA': 70, 'FCN-NACION': 0, 'PPN': 0, 'UR': 5, 'URNG-MAIZ WINAQ': 7, 'CREO': 7, 'BIEN': 16, 'VIVA': 6, 'MI FAMILIA': 5, 'CAMBIO': 0, 'VOS': 45}",0,29,273,0,Algún campo sin dato,0.Distrito Central,1.Guatemala,0076,presidente
965,,"{'UNE': 6, 'AZUL': 4, 'VALOR UNIONISTA': 45, 'CABAL': 24, 'TODOS': 0, 'VAMOS': 7, 'PHG': 1, 'PR': 5, 'PIN': 1, 'ELEFANTE': 2, 'VICTORIA': 1, 'SEMILLA': 66, 'FCN-NACION': 0, 'PPN': 1, 'UR': 2, 'URNG-MAIZ WINAQ': 4, 'CREO': 5, 'BIEN': 20, 'VIVA': 7, 'MI FAMILIA': 4, 'CAMBIO': 0, 'VOS': 42}",0,24,271,0,Algún campo sin dato,0.Distrito Central,1.Guatemala,0076,presidente
966,,"{'UNE': 10, 'AZUL': 5, 'VALOR UNIONISTA': 28, 'CABAL': 22, 'TODOS': 1, 'VAMOS': 4, 'PHG': 1, 'PR': 6, 'PIN': 1, 'ELEFANTE': 2, 'VICTORIA': 2, 'SEMILLA': 74, 'FCN-NACION': 3, 'PPN': 1, 'UR': 6, 'URNG-MAIZ WINAQ': 2, 'CREO': 10, 'BIEN': 14, 'VIVA': 7, 'MI FAMILIA': 6, 'CAMBIO': 0, 'VOS': 31}",2,23,261,0,Algún campo sin dato,0.Distrito Central,1.Guatemala,0076,presidente
967,,"{'UNE': 7, 'AZUL': 3, 'VALOR UNIONISTA': 45, 'CABAL': 28, 'TODOS': 1, 'VAMOS': 4, 'PHG': 0, 'PR': 3, 'PIN': 4, 'ELEFANTE': 2, 'VICTORIA': 5, 'SEMILLA': 75, 'FCN-NACION': 1, 'PPN': 0, 'UR': 1, 'URNG-MAIZ WINAQ': 2, 'CREO': 5, 'BIEN': 19, 'VIVA': 3, 'MI FAMILIA': 5, 'CAMBIO': 1, 'VOS': 23}",0,22,259,0,Algún campo sin dato,0.Distrito Central,1.Guatemala,0076,presidente
968,,"{'UNE': 10, 'AZUL': 1, 'VALOR UNIONISTA': 31, 'CABAL': 29, 'TODOS': 2, 'VAMOS': 1, 'PHG': 0, 'PR': 4, 'PIN': 4, 'ELEFANTE': 1, 'VICTORIA': 2, 'SEMILLA': 79, 'FCN-NACION': 1, 'PPN': 0, 'UR': 1, 'URNG-MAIZ WINAQ': 7, 'CREO': 3, 'BIEN': 16, 'VIVA': 11, 'MI FAMILIA': 10, 'CAMBIO': 0, 'VOS': 34}",0,20,267,0,Algún campo sin dato,0.Distrito Central,1.Guatemala,0076,presidente
969,,"{'UNE': 13, 'AZUL': 1, 'VALOR UNIONISTA': 33, 'CABAL': 16, 'TODOS': 2, 'VAMOS': 1, 'PHG': 0, 'PR': 1, 'PIN': 3, 'ELEFANTE': 1, 'VICTORIA': 2, 'SEMILLA': 75, 'FCN-NACION': 0, 'PPN': 1, 'UR': 4, 'URNG-MAIZ WINAQ': 3, 'CREO': 1, 'BIEN': 13, 'VIVA': 6, 'MI FAMILIA': 4, 'CAMBIO': 0, 'VOS': 18}",1,20,219,0,Algún campo sin dato,0.Distrito Central,1.Guatemala,0076,presidente
970,,"{'UNE': 6, 'AZUL': 3, 'VALOR UNIONISTA': 21, 'CABAL': 15, 'TODOS': 2, 'VAMOS': 6, 'PHG': 0, 'PR': 2, 'PIN': 2, 'ELEFANTE': 2, 'VICTORIA': 2, 'SEMILLA': 102, 'FCN-NACION': 1, 'PPN': 1, 'UR': 1, 'URNG-MAIZ WINAQ': 1, 'CREO': 3, 'BIEN': 13, 'VIVA': 9, 'MI FAMILIA': 3, 'CAMBIO': 1, 'VOS': 25}",0,17,238,0,Algún campo sin dato,0.Distrito Central,1.Guatemala,0076,presidente
971,,"{'UNE': 6, 'AZUL': 3, 'VALOR UNIONISTA': 10, 'CABAL': 7, 'TODOS': 0, 'VAMOS': 0, 'PHG': 0, 'PR': 1, 'PIN': 0, 'ELEFANTE': 3, 'VICTORIA': 0, 'SEMILLA': 136, 'FCN-NACION': 0, 'PPN': 0, 'UR': 1, 'URNG-MAIZ WINAQ': 2, 'CREO': 2, 'BIEN': 10, 'VIVA': 4, 'MI FAMILIA': 0, 'CAMBIO': 1, 'VOS': 27}",0,5,218,0,Sumas Asentadas sin cuadrar,0.Distrito Central,1.Guatemala,0076,presidente
972,,"{'UNE': 4, 'AZUL': 2, 'VALOR UNIONISTA': 17, 'CABAL': 11, 'TODOS': 0, 'VAMOS': 6, 'PHG': 0, 'PR': 0, 'PIN': 0, 'ELEFANTE': 2, 'VICTORIA': 3, 'SEMILLA': 91, 'FCN-NACION': 2, 'PPN': 0, 'UR': 6, 'URNG-MAIZ WINAQ': 0, 'CREO': 2, 'BIEN': 10, 'VIVA': 3, 'MI FAMILIA': 3, 'CAMBIO': 0, 'VOS': 13}",0,13,188,0,Algún campo sin dato,0.Distrito Central,1.Guatemala,0076,presidente
973,,"{'UNE': 13, 'AZUL': 3, 'VALOR UNIONISTA': 40, 'CABAL': 22, 'TODOS': 1, 'VAMOS': 6, 'PHG': 0, 'PR': 6, 'PIN': 0, 'ELEFANTE': 5, 'VICTORIA': 2, 'SEMILLA': 71, 'FCN-NACION': 0, 'PPN': 0, 'UR': 3, 'URNG-MAIZ WINAQ': 8, 'CREO': 7, 'BIEN': 13, 'VIVA': 10, 'MI FAMILIA': 5, 'CAMBIO': 0, 'VOS': 28}",1,22,266,0,Algún campo sin dato,0.Distrito Central,1.Guatemala,0077,presidente
974,,"{'UNE': 3, 'AZUL': 4, 'VALOR UNIONISTA': 39, 'CABAL': 21, 'TODOS': 0, 'VAMOS': 4, 'PHG': 0, 'PR': 12, 'PIN': 0, 'ELEFANTE': 5, 'VICTORIA': 4, 'SEMILLA': 78, 'FCN-NACION': 0, 'PPN': 1, 'UR': 0, 'URNG-MAIZ WINAQ': 6, 'CREO': 7, 'BIEN': 7, 'VIVA': 9, 'MI FAMILIA': 4, 'CAMBIO': 0, 'VOS': 33}",2,27,266,0,Sumas Asentadas sin cuadrar,0.Distrito Central,1.Guatemala,0077,presidente
975,,"{'UNE': 11, 'AZUL': 6, 'VALOR UNIONISTA': 30, 'CABAL': 28, 'TODOS': 2, 'VAMOS': 7, 'PHG': 1, 'PR': 4, 'PIN': 1, 'ELEFANTE': 3, 'VICTORIA': 6, 'SEMILLA': 76, 'FCN-NACION': 0, 'PPN': 0, 'UR': 5, 'URNG-MAIZ WINAQ': 3, 'CREO': 5, 'BIEN': 17, 'VIVA': 12, 'MI FAMILIA': 6, 'CAMBIO': 1, 'VOS': 20}",0,29,273,0,Algún campo sin dato,0.Distrito Central,1.Guatemala,0077,presidente
976,,"{'UNE': 9, 'AZUL': 4, 'VALOR UNIONISTA': 33, 'CABAL': 24, 'TODOS': 0, 'VAMOS': 5, 'PHG': 0, 'PR': 6, 'PIN': 1, 'ELEFANTE': 3, 'VICTORIA': 3, 'SEMILLA': 59, 'FCN-NACION': 0, 'PPN': 0, 'UR': 5, 'URNG-MAIZ WINAQ': 3, 'CREO': 3, 'BIEN': 9, 'VIVA': 10, 'MI FAMILIA': 5, 'CAMBIO': 0, 'VOS': 23}",4,31,240,0,Algún campo sin dato,0.Distrito Central,1.Guatemala,0078,presidente
977,,"{'UNE': 11, 'AZUL': 1, 'VALOR UNIONISTA': 38, 'CABAL': 20, 'TODOS': 0, 'VAMOS': 2, 'PHG': 0, 'PR': 5, 'PIN': 6, 'ELEFANTE': 4, 'VICTORIA': 6, 'SEMILLA': 73, 'FCN-NACION': 0, 'PPN': 1, 'UR': 1, 'URNG-MAIZ WINAQ': 4, 'CREO': 5, 'BIEN': 16, 'VIVA': 8, 'MI FAMILIA': 6, 'CAMBIO': 1, 'VOS': 25}",3,31,267,0,Algún campo sin dato,0.Distrito Central,1.Guatemala,0078,presidente
978,,"{'UNE': 11, 'AZUL': 7, 'VALOR UNIONISTA': 39, 'CABAL': 16, 'TODOS': 0, 'VAMOS': 2, 'PHG': 0, 'PR': 4, 'PIN': 2, 'ELEFANTE': 4, 'VICTORIA': 2, 'SEMILLA': 78, 'FCN-NACION': 0, 'PPN': 0, 'UR': 5, 'URNG-MAIZ WINAQ': 7, 'CREO': 9, 'BIEN': 11, 'VIVA': 15, 'MI FAMILIA': 5, 'CAMBIO': 0, 'VOS': 29}",1,24,271,0,Algún campo sin dato,0.Distrito Central,1.Guatemala,0078,presidente
979,,"{'UNE': 12, 'AZUL': 4, 'VALOR UNIONISTA': 40, 'CABAL': 13, 'TODOS': 0, 'VAMOS': 4, 'PHG': 0, 'PR': 19, 'PIN': 0, 'ELEFANTE': 4, 'VICTORIA': 5, 'SEMILLA': 73, 'FCN-NACION': 1, 'PPN': 0, 'UR': 0, 'URNG-MAIZ WINAQ': 8, 'CREO': 6, 'BIEN': 13, 'VIVA': 10, 'MI FAMILIA': 12, 'CAMBIO': 1, 'VOS': 21}",0,21,267,0,Algún campo sin dato,0.Distrito Central,1.Guatemala,0078,presidente
980,,"{'UNE': 14, 'AZUL': 2, 'VALOR UNIONISTA': 29, 'CABAL': 13, 'TODOS': 1, 'VAMOS': 4, 'PHG': 0, 'PR': 2, 'PIN': 0, 'ELEFANTE': 5, 'VICTORIA': 2, 'SEMILLA': 89, 'FCN-NACION': 2, 'PPN': 0, 'UR': 4, 'URNG-MAIZ WINAQ': 4, 'CREO': 10, 'BIEN': 7, 'VIVA': 10, 'MI FAMILIA': 8, 'CAMBIO': 1, 'VOS': 25}",0,24,256,0,Algún campo sin dato,0.Distrito Central,1.Guatemala,0078,presidente
981,,"{'UNE': 9, 'AZUL': 3, 'VALOR UNIONISTA': 42, 'CABAL': 21, 'TODOS': 1, 'VAMOS': 4, 'PHG': 1, 'PR': 1, 'PIN': 0, 'ELEFANTE': 6, 'VICTORIA': 5, 'SEMILLA': 72, 'FCN-NACION': 2, 'PPN': 2, 'UR': 6, 'URNG-MAIZ WINAQ': 5, 'CREO': 3, 'BIEN': 18, 'VIVA': 8, 'MI FAMILIA': 5, 'CAMBIO': 0, 'VOS': 15}",1,33,263,0,Algún campo sin dato,0.Distrito Central,1.Guatemala,0078,presidente
982,,"{'UNE': 8, 'AZUL': 4, 'VALOR UNIONISTA': 29, 'CABAL': 22, 'TODOS': 0, 'VAMOS': 7, 'PHG': 0, 'PR': 4, 'PIN': 3, 'ELEFANTE': 4, 'VICTORIA': 4, 'SEMILLA': 62, 'FCN-NACION': 0, 'PPN': 1, 'UR': 9, 'URNG-MAIZ WINAQ': 8, 'CREO': 4, 'BIEN': 17, 'VIVA': 12, 'MI FAMILIA': 7, 'CAMBIO': 0, 'VOS': 24}",2,48,279,0,Algún campo sin dato,0.Distrito Central,1.Guatemala,0078,presidente
983,,"{'UNE': 10, 'AZUL': 3, 'VALOR UNIONISTA': 24, 'CABAL': 21, 'TODOS': 1, 'VAMOS': 3, 'PHG': 0, 'PR': 6, 'PIN': 3, 'ELEFANTE': 4, 'VICTORIA': 6, 'SEMILLA': 64, 'FCN-NACION': 1, 'PPN': 0, 'UR': 4, 'URNG-MAIZ WINAQ': 7, 'CREO': 6, 'BIEN': 18, 'VIVA': 17, 'MI FAMILIA': 10, 'CAMBIO': 0, 'VOS': 26}",1,23,258,0,Algún campo sin dato,0.Distrito Central,1.Guatemala,0078,presidente
984,,"{'UNE': 12, 'AZUL': 5, 'VALOR UNIONISTA': 40, 'CABAL': 24, 'TODOS': 3, 'VAMOS': 7, 'PHG': 1, 'PR': 7, 'PIN': 2, 'ELEFANTE': 1, 'VICTORIA': 2, 'SEMILLA': 60, 'FCN-NACION': 2, 'PPN': 0, 'UR': 3, 'URNG-MAIZ WINAQ': 6, 'CREO': 1, 'BIEN': 5, 'VIVA': 12, 'MI FAMILIA': 9, 'CAMBIO': 0, 'VOS': 21}",0,34,257,140,Algún campo sin dato,0.Distrito Central,1.Guatemala,0078,presidente
985,,"{'UNE': 9, 'AZUL': 10, 'VALOR UNIONISTA': 29, 'CABAL': 17, 'TODOS': 0, 'VAMOS': 4, 'PHG': 1, 'PR': 7, 'PIN': 4, 'ELEFANTE': 4, 'VICTORIA': 5, 'SEMILLA': 64, 'FCN-NACION': 0, 'PPN': 0, 'UR': 3, 'URNG-MAIZ WINAQ': 1, 'CREO': 2, 'BIEN': 15, 'VIVA': 18, 'MI FAMILIA': 2, 'CAMBIO': 0, 'VOS': 26}",2,26,249,0,Algún campo sin dato,0.Distrito Central,1.Guatemala,0078,presidente
986,,"{'UNE': 13, 'AZUL': 3, 'VALOR UNIONISTA': 33, 'CABAL': 21, 'TODOS': 0, 'VAMOS': 6, 'PHG': 0, 'PR': 5, 'PIN': 1, 'ELEFANTE': 4, 'VICTORIA': 6, 'SEMILLA': 75, 'FCN-NACION': 0, 'PPN': 2, 'UR': 8, 'URNG-MAIZ WINAQ': 4, 'CREO': 3, 'BIEN': 8, 'VIVA': 7, 'MI FAMILIA': 12, 'CAMBIO': 0, 'VOS': 23}",0,26,260,0,,0.Distrito Central,1.Guatemala,0078,presidente
987,,"{'UNE': 11, 'AZUL': 3, 'VALOR UNIONISTA': 28, 'CABAL': 21, 'TODOS': 1, 'VAMOS': 3, 'PHG': 1, 'PR': 5, 'PIN': 1, 'ELEFANTE': 3, 'VICTORIA': 5, 'SEMILLA': 80, 'FCN-NACION': 0, 'PPN': 2, 'UR': 5, 'URNG-MAIZ WINAQ': 2, 'CREO': 5, 'BIEN': 7, 'VIVA': 8, 'MI FAMILIA': 7, 'CAMBIO': 0, 'VOS': 32}",3,19,252,0,Algún campo sin dato,0.Distrito Central,1.Guatemala,0078,presidente
988,,"{'UNE': 9, 'AZUL': 2, 'VALOR UNIONISTA': 28, 'CABAL': 9, 'TODOS': 0, 'VAMOS': 4, 'PHG': 0, 'PR': 2, 'PIN': 0, 'ELEFANTE': 3, 'VICTORIA': 7, 'SEMILLA': 82, 'FCN-NACION': 0, 'PPN': 0, 'UR': 4, 'URNG-MAIZ WINAQ': 6, 'CREO': 4, 'BIEN': 14, 'VIVA': 10, 'MI FAMILIA': 2, 'CAMBIO': 0, 'VOS': 45}",1,23,255,0,Algún campo sin dato,0.Distrito Central,1.Guatemala,0078,presidente
989,,"{'UNE': 9, 'AZUL': 3, 'VALOR UNIONISTA': 18, 'CABAL': 16, 'TODOS': 0, 'VAMOS': 3, 'PHG': 1, 'PR': 5, 'PIN': 2, 'ELEFANTE': 2, 'VICTORIA': 3, 'SEMILLA': 100, 'FCN-NACION': 0, 'PPN': 0, 'UR': 2, 'URNG-MAIZ WINAQ': 4, 'CREO': 0, 'BIEN': 16, 'VIVA': 12, 'MI FAMILIA': 4, 'CAMBIO': 0, 'VOS': 25}",1,22,248,0,Algún campo sin dato,0.Distrito Central,1.Guatemala,0078,presidente
990,,"{'UNE': 5, 'AZUL': 3, 'VALOR UNIONISTA': 24, 'CABAL': 7, 'TODOS': 0, 'VAMOS': 2, 'PHG': 0, 'PR': 0, 'PIN': 1, 'ELEFANTE': 2, 'VICTORIA': 4, 'SEMILLA': 85, 'FCN-NACION': 1, 'PPN': 1, 'UR': 4, 'URNG-MAIZ WINAQ': 5, 'CREO': 7, 'BIEN': 18, 'VIVA': 6, 'MI FAMILIA': 1, 'CAMBIO': 0, 'VOS': 38}",1,16,231,0,Algún campo sin dato,0.Distrito Central,1.Guatemala,0078,presidente
991,,"{'UNE': 12, 'AZUL': 2, 'VALOR UNIONISTA': 31, 'CABAL': 12, 'TODOS': 0, 'VAMOS': 7, 'PHG': 0, 'PR': 3, 'PIN': 1, 'ELEFANTE': 4, 'VICTORIA': 4, 'SEMILLA': 65, 'FCN-NACION': 2, 'PPN': 0, 'UR': 1, 'URNG-MAIZ WINAQ': 2, 'CREO': 9, 'BIEN': 16, 'VIVA': 9, 'MI FAMILIA': 0, 'CAMBIO': 0, 'VOS': 27}",2,32,241,0,Sumas Asentadas sin cuadrar,0.Distrito Central,1.Guatemala,0078,presidente
992,,"{'UNE': 6, 'AZUL': 2, 'VALOR UNIONISTA': 33, 'CABAL': 21, 'TODOS': 1, 'VAMOS': 4, 'PHG': 0, 'PR': 3, 'PIN': 1, 'ELEFANTE': 4, 'VICTORIA': 3, 'SEMILLA': 62, 'FCN-NACION': 1, 'PPN': 2, 'UR': 4, 'URNG-MAIZ WINAQ': 0, 'CREO': 4, 'BIEN': 16, 'VIVA': 9, 'MI FAMILIA': 4, 'CAMBIO': 0, 'VOS': 29}",0,24,233,0,Algún campo sin dato,0.Distrito Central,1.Guatemala,0078,presidente
993,,"{'UNE': 10, 'AZUL': 3, 'VALOR UNIONISTA': 21, 'CABAL': 12, 'TODOS': 5, 'VAMOS': 6, 'PHG': 12, 'PR': 6, 'PIN': 1, 'ELEFANTE': 4, 'VICTORIA': 3, 'SEMILLA': 72, 'FCN-NACION': 2, 'PPN': 3, 'UR': 4, 'URNG-MAIZ WINAQ': 3, 'CREO': 3, 'BIEN': 20, 'VIVA': 12, 'MI FAMILIA': 4, 'CAMBIO': 10, 'VOS': 34}",2,29,281,0,Sumas Asentadas sin cuadrar,0.Distrito Central,1.Guatemala,0078,presidente
994,,"{'UNE': 9, 'AZUL': 2, 'VALOR UNIONISTA': 34, 'CABAL': 16, 'TODOS': 1, 'VAMOS': 0, 'PHG': 0, 'PR': 4, 'PIN': 3, 'ELEFANTE': 4, 'VICTORIA': 3, 'SEMILLA': 77, 'FCN-NACION': 0, 'PPN': 0, 'UR': 4, 'URNG-MAIZ WINAQ': 0, 'CREO': 7, 'BIEN': 6, 'VIVA': 11, 'MI FAMILIA': 4, 'CAMBIO': 1, 'VOS': 21}",1,42,250,0,Algún campo sin dato,0.Distrito Central,1.Guatemala,0079,presidente
995,,"{'UNE': 6, 'AZUL': 1, 'VALOR UNIONISTA': 26, 'CABAL': 22, 'TODOS': 0, 'VAMOS': 2, 'PHG': 0, 'PR': 3, 'PIN': 0, 'ELEFANTE': 4, 'VICTORIA': 2, 'SEMILLA': 77, 'FCN-NACION': 4, 'PPN': 0, 'UR': 2, 'URNG-MAIZ WINAQ': 3, 'CREO': 3, 'BIEN': 10, 'VIVA': 10, 'MI FAMILIA': 5, 'CAMBIO': 0, 'VOS': 25}",2,23,230,0,Algún campo sin dato,0.Distrito Central,1.Guatemala,0079,presidente
996,,"{'UNE': 11, 'AZUL': 2, 'VALOR UNIONISTA': 29, 'CABAL': 15, 'TODOS': 0, 'VAMOS': 4, 'PHG': 0, 'PR': 2, 'PIN': 3, 'ELEFANTE': 3, 'VICTORIA': 9, 'SEMILLA': 84, 'FCN-NACION': 0, 'PPN': 0, 'UR': 2, 'URNG-MAIZ WINAQ': 3, 'CREO': 9, 'BIEN': 16, 'VIVA': 5, 'MI FAMILIA': 0, 'CAMBIO': 0, 'VOS': 29}",0,24,250,0,Algún campo sin dato,0.Distrito Central,1.Guatemala,0079,presidente
997,,"{'UNE': 12, 'AZUL': 3, 'VALOR UNIONISTA': 37, 'CABAL': 22, 'TODOS': 1, 'VAMOS': 6, 'PHG': 0, 'PR': 1, 'PIN': 3, 'ELEFANTE': 1, 'VICTORIA': 5, 'SEMILLA': 80, 'FCN-NACION': 1, 'PPN': 2, 'UR': 2, 'URNG-MAIZ WINAQ': 6, 'CREO': 3, 'BIEN': 16, 'VIVA': 11, 'MI FAMILIA': 9, 'CAMBIO': 0, 'VOS': 24}",0,22,267,0,Algún campo sin dato,0.Distrito Central,1.Guatemala,0079,presidente
998,,"{'UNE': 13, 'AZUL': 2, 'VALOR UNIONISTA': 32, 'CABAL': 23, 'TODOS': 1, 'VAMOS': 5, 'PHG': 0, 'PR': 5, 'PIN': 0, 'ELEFANTE': 2, 'VICTORIA': 6, 'SEMILLA': 70, 'FCN-NACION': 0, 'PPN': 0, 'UR': 1, 'URNG-MAIZ WINAQ': 5, 'CREO': 3, 'BIEN': 9, 'VIVA': 13, 'MI FAMILIA': 9, 'CAMBIO': 1, 'VOS': 24}",0,40,264,136,Algún campo sin dato,0.Distrito Central,1.Guatemala,0079,presidente
999,,"{'UNE': 10, 'AZUL': 2, 'VALOR UNIONISTA': 26, 'CABAL': 19, 'TODOS': 0, 'VAMOS': 8, 'PHG': 0, 'PR': 6, 'PIN': 3, 'ELEFANTE': 0, 'VICTORIA': 2, 'SEMILLA': 85, 'FCN-NACION': 0, 'PPN': 0, 'UR': 5, 'URNG-MAIZ WINAQ': 6, 'CREO': 4, 'BIEN': 22, 'VIVA': 8, 'MI FAMILIA': 9, 'CAMBIO': 0, 'VOS': 27}",1,17,260,0,Algún campo sin dato,0.Distrito Central,1.Guatemala,0079,presidente
1000,,"{'UNE': 9, 'AZUL': 3, 'VALOR UNIONISTA': 44, 'CABAL': 26, 'TODOS': 1, 'VAMOS': 5, 'PHG': 0, 'PR': 3, 'PIN': 0, 'ELEFANTE': 5, 'VICTORIA': 4, 'SEMILLA': 77, 'FCN-NACION': 2, 'PPN': 0, 'UR': 8, 'URNG-MAIZ WINAQ': 2, 'CREO': 7, 'BIEN': 13, 'VIVA': 8, 'MI FAMILIA': 6, 'CAMBIO': 0, 'VOS': 22}",0,32,277,1,Algún campo sin dato,0.Distrito Central,1.Guatemala,0079,presidente
1001,,"{'UNE': 7, 'AZUL': 4, 'VALOR UNIONISTA': 49, 'CABAL': 25, 'TODOS': 1, 'VAMOS': 3, 'PHG': 0, 'PR': 5, 'PIN': 0, 'ELEFANTE': 1, 'VICTORIA': 3, 'SEMILLA': 69, 'FCN-NACION': 1, 'PPN': 2, 'UR': 2, 'URNG-MAIZ WINAQ': 6, 'CREO': 2, 'BIEN': 13, 'VIVA': 5, 'MI FAMILIA': 3, 'CAMBIO': 0, 'VOS': 29}",0,26,256,0,Algún campo sin dato,0.Distrito Central,1.Guatemala,0079,presidente
1002,,"{'UNE': 11, 'AZUL': 2, 'VALOR UNIONISTA': 34, 'CABAL': 24, 'TODOS': 1, 'VAMOS': 4, 'PHG': 0, 'PR': 7, 'PIN': 1, 'ELEFANTE': 3, 'VICTORIA': 3, 'SEMILLA': 73, 'FCN-NACION': 3, 'PPN': 3, 'UR': 7, 'URNG-MAIZ WINAQ': 6, 'CREO': 2, 'BIEN': 7, 'VIVA': 6, 'MI FAMILIA': 3, 'CAMBIO': 0, 'VOS': 27}",1,34,262,0,Sumas Asentadas sin cuadrar,0.Distrito Central,1.Guatemala,0079,presidente
1003,,"{'UNE': 4, 'AZUL': 2, 'VALOR UNIONISTA': 36, 'CABAL': 15, 'TODOS': 0, 'VAMOS': 4, 'PHG': 0, 'PR': 5, 'PIN': 1, 'ELEFANTE': 2, 'VICTORIA': 4, 'SEMILLA': 94, 'FCN-NACION': 2, 'PPN': 0, 'UR': 2, 'URNG-MAIZ WINAQ': 4, 'CREO': 5, 'BIEN': 13, 'VIVA': 9, 'MI FAMILIA': 7, 'CAMBIO': 0, 'VOS': 31}",0,26,266,0,Algún campo sin dato,0.Distrito Central,1.Guatemala,0079,presidente
1004,,"{'UNE': 7, 'AZUL': 6, 'VALOR UNIONISTA': 46, 'CABAL': 13, 'TODOS': 1, 'VAMOS': 3, 'PHG': 0, 'PR': 4, 'PIN': 1, 'ELEFANTE': 5, 'VICTORIA': 5, 'SEMILLA': 71, 'FCN-NACION': 1, 'PPN': 0, 'UR': 2, 'URNG-MAIZ WINAQ': 1, 'CREO': 4, 'BIEN': 13, 'VIVA': 9, 'MI FAMILIA': 3, 'CAMBIO': 0, 'VOS': 35}",1,19,250,0,Algún campo sin dato,0.Distrito Central,1.Guatemala,0079,presidente
1005,,"{'UNE': 12, 'AZUL': 3, 'VALOR UNIONISTA': 39, 'CABAL': 18, 'TODOS': 1, 'VAMOS': 1, 'PHG': 0, 'PR': 4, 'PIN': 1, 'ELEFANTE': 1, 'VICTORIA': 4, 'SEMILLA': 70, 'FCN-NACION': 1, 'PPN': 3, 'UR': 1, 'URNG-MAIZ WINAQ': 3, 'CREO': 4, 'BIEN': 17, 'VIVA': 11, 'MI FAMILIA': 5, 'CAMBIO': 0, 'VOS': 23}",3,27,252,30,Sumas Asentadas sin cuadrar,0.Distrito Central,1.Guatemala,0079,presidente
1006,,"{'UNE': 0, 'AZUL': 0, 'VALOR UNIONISTA': 0, 'CABAL': 0, 'TODOS': 0, 'VAMOS': 0, 'PHG': 0, 'PR': 0, 'PIN': 0, 'ELEFANTE': 0, 'VICTORIA': 0, 'SEMILLA': 0, 'FCN-NACION': 0, 'PPN': 0, 'UR': 0, 'URNG-MAIZ WINAQ': 0, 'CREO': 0, 'BIEN': 0, 'VIVA': 0, 'MI FAMILIA': 0, 'CAMBIO': 0, 'VOS': 0}",0,0,0,0,Acta ilegible,0.Distrito Central,1.Guatemala,0079,presidente
1007,,"{'UNE': 22, 'AZUL': 6, 'VALOR UNIONISTA': 34, 'CABAL': 23, 'TODOS': 0, 'VAMOS': 2, 'PHG': 0, 'PR': 4, 'PIN': 4, 'ELEFANTE': 4, 'VICTORIA': 0, 'SEMILLA': 71, 'FCN-NACION': 1, 'PPN': 0, 'UR': 3, 'URNG-MAIZ WINAQ': 3, 'CREO': 4, 'BIEN': 16, 'VIVA': 7, 'MI FAMILIA': 3, 'CAMBIO': 1, 'VOS': 28}",0,28,264,131,Algún campo sin dato,0.Distrito Central,1.Guatemala,0079,presidente
1008,,"{'UNE': 5, 'AZUL': 2, 'VALOR UNIONISTA': 23, 'CABAL': 22, 'TODOS': 1, 'VAMOS': 4, 'PHG': 0, 'PR': 10, 'PIN': 1, 'ELEFANTE': 0, 'VICTORIA': 8, 'SEMILLA': 77, 'FCN-NACION': 1, 'PPN': 0, 'UR': 1, 'URNG-MAIZ WINAQ': 7, 'CREO': 1, 'BIEN': 9, 'VIVA': 10, 'MI FAMILIA': 4, 'CAMBIO': 0, 'VOS': 32}",1,25,244,0,Algún campo sin dato,0.Distrito Central,1.Guatemala,0080,presidente
1009,,"{'UNE': 10, 'AZUL': 2, 'VALOR UNIONISTA': 26, 'CABAL': 25, 'TODOS': 1, 'VAMOS': 3, 'PHG': 0, 'PR': 2, 'PIN': 0, 'ELEFANTE': 5, 'VICTORIA': 2, 'SEMILLA': 75, 'FCN-NACION': 1, 'PPN': 1, 'UR': 4, 'URNG-MAIZ WINAQ': 2, 'CREO': 3, 'BIEN': 12, 'VIVA': 7, 'MI FAMILIA': 4, 'CAMBIO': 0, 'VOS': 34}",0,20,239,0,Algún campo sin dato,0.Distrito Central,1.Guatemala,0080,presidente
1010,,"{'UNE': 14, 'AZUL': 1, 'VALOR UNIONISTA': 40, 'CABAL': 19, 'TODOS': 0, 'VAMOS': 3, 'PHG': 0, 'PR': 4, 'PIN': 1, 'ELEFANTE': 4, 'VICTORIA': 5, 'SEMILLA': 60, 'FCN-NACION': 0, 'PPN': 0, 'UR': 2, 'URNG-MAIZ WINAQ': 3, 'CREO': 9, 'BIEN': 14, 'VIVA': 7, 'MI FAMILIA': 6, 'CAMBIO': 0, 'VOS': 31}",1,24,248,0,Algún campo sin dato,0.Distrito Central,1.Guatemala,0080,presidente
1011,,"{'UNE': 17, 'AZUL': 6, 'VALOR UNIONISTA': 21, 'CABAL': 16, 'TODOS': 0, 'VAMOS': 4, 'PHG': 0, 'PR': 8, 'PIN': 2, 'ELEFANTE': 4, 'VICTORIA': 3, 'SEMILLA': 69, 'FCN-NACION': 2, 'PPN': 2, 'UR': 3, 'URNG-MAIZ WINAQ': 4, 'CREO': 3, 'BIEN': 16, 'VIVA': 10, 'MI FAMILIA': 3, 'CAMBIO': 2, 'VOS': 21}",0,27,243,0,Algún campo sin dato,0.Distrito Central,1.Guatemala,0080,presidente
1012,,"{'UNE': 7, 'AZUL': 5, 'VALOR UNIONISTA': 35, 'CABAL': 16, 'TODOS': 0, 'VAMOS': 6, 'PHG': 0, 'PR': 2, 'PIN': 1, 'ELEFANTE': 2, 'VICTORIA': 6, 'SEMILLA': 67, 'FCN-NACION': 1, 'PPN': 0, 'UR': 2, 'URNG-MAIZ WINAQ': 4, 'CREO': 4, 'BIEN': 17, 'VIVA': 9, 'MI FAMILIA': 3, 'CAMBIO': 0, 'VOS': 23}",0,21,231,0,Algún campo sin dato,0.Distrito Central,1.Guatemala,0080,presidente
1013,,"{'UNE': 7, 'AZUL': 4, 'VALOR UNIONISTA': 34, 'CABAL': 13, 'TODOS': 2, 'VAMOS': 3, 'PHG': 0, 'PR': 1, 'PIN': 1, 'ELEFANTE': 2, 'VICTORIA': 2, 'SEMILLA': 64, 'FCN-NACION': 0, 'PPN': 1, 'UR': 5, 'URNG-MAIZ WINAQ': 5, 'CREO': 2, 'BIEN': 15, 'VIVA': 3, 'MI FAMILIA': 4, 'CAMBIO': 0, 'VOS': 20}",1,29,218,0,Algún campo sin dato,0.Distrito Central,1.Guatemala,0080,presidente
1014,,"{'UNE': 10, 'AZUL': 3, 'VALOR UNIONISTA': 24, 'CABAL': 15, 'TODOS': 0, 'VAMOS': 3, 'PHG': 0, 'PR': 2, 'PIN': 1, 'ELEFANTE': 1, 'VICTORIA': 7, 'SEMILLA': 74, 'FCN-NACION': 2, 'PPN': 1, 'UR': 5, 'URNG-MAIZ WINAQ': 1, 'CREO': 4, 'BIEN': 8, 'VIVA': 10, 'MI FAMILIA': 1, 'CAMBIO': 1, 'VOS': 28}",2,21,224,0,Algún campo sin dato,0.Distrito Central,1.Guatemala,0080,presidente
1015,,"{'UNE': 6, 'AZUL': 0, 'VALOR UNIONISTA': 28, 'CABAL': 20, 'TODOS': 1, 'VAMOS': 6, 'PHG': 0, 'PR': 5, 'PIN': 1, 'ELEFANTE': 4, 'VICTORIA': 1, 'SEMILLA': 70, 'FCN-NACION': 0, 'PPN': 0, 'UR': 3, 'URNG-MAIZ WINAQ': 5, 'CREO': 2, 'BIEN': 8, 'VIVA': 12, 'MI FAMILIA': 6, 'CAMBIO': 0, 'VOS': 26}",0,20,224,0,Algún campo sin dato,0.Distrito Central,1.Guatemala,0080,presidente
1016,,"{'UNE': 13, 'AZUL': 3, 'VALOR UNIONISTA': 26, 'CABAL': 14, 'TODOS': 0, 'VAMOS': 4, 'PHG': 0, 'PR': 3, 'PIN': 2, 'ELEFANTE': 5, 'VICTORIA': 3, 'SEMILLA': 58, 'FCN-NACION': 0, 'PPN': 1, 'UR': 6, 'URNG-MAIZ WINAQ': 3, 'CREO': 5, 'BIEN': 7, 'VIVA': 13, 'MI FAMILIA': 5, 'CAMBIO': 0, 'VOS': 25}",0,19,215,0,Algún campo sin dato,0.Distrito Central,1.Guatemala,0080,presidente
1017,,"{'UNE': 15, 'AZUL': 0, 'VALOR UNIONISTA': 25, 'CABAL': 15, 'TODOS': 1, 'VAMOS': 1, 'PHG': 0, 'PR': 3, 'PIN': 0, 'ELEFANTE': 2, 'VICTORIA': 2, 'SEMILLA': 85, 'FCN-NACION': 1, 'PPN': 0, 'UR': 3, 'URNG-MAIZ WINAQ': 4, 'CREO': 3, 'BIEN': 11, 'VIVA': 14, 'MI FAMILIA': 4, 'CAMBIO': 0, 'VOS': 26}",0,26,241,0,,0.Distrito Central,1.Guatemala,0080,presidente
1018,,"{'UNE': 16, 'AZUL': 3, 'VALOR UNIONISTA': 24, 'CABAL': 13, 'TODOS': 0, 'VAMOS': 0, 'PHG': 0, 'PR': 6, 'PIN': 0, 'ELEFANTE': 6, 'VICTORIA': 6, 'SEMILLA': 73, 'FCN-NACION': 0, 'PPN': 0, 'UR': 2, 'URNG-MAIZ WINAQ': 3, 'CREO': 3, 'BIEN': 11, 'VIVA': 11, 'MI FAMILIA': 8, 'CAMBIO': 0, 'VOS': 24}",0,19,228,1,Algún campo sin dato,0.Distrito Central,1.Guatemala,0080,presidente
1019,,"{'UNE': 6, 'AZUL': 2, 'VALOR UNIONISTA': 25, 'CABAL': 20, 'TODOS': 0, 'VAMOS': 2, 'PHG': 0, 'PR': 1, 'PIN': 1, 'ELEFANTE': 2, 'VICTORIA': 2, 'SEMILLA': 82, 'FCN-NACION': 0, 'PPN': 0, 'UR': 0, 'URNG-MAIZ WINAQ': 1, 'CREO': 1, 'BIEN': 8, 'VIVA': 5, 'MI FAMILIA': 0, 'CAMBIO': 0, 'VOS': 19}",1,19,197,0,Algún campo sin dato,0.Distrito Central,1.Guatemala,0080,presidente
1020,,"{'UNE': 5, 'AZUL': 1, 'VALOR UNIONISTA': 20, 'CABAL': 12, 'TODOS': 0, 'VAMOS': 1, 'PHG': 0, 'PR': 5, 'PIN': 0, 'ELEFANTE': 3, 'VICTORIA': 1, 'SEMILLA': 107, 'FCN-NACION': 1, 'PPN': 0, 'UR': 2, 'URNG-MAIZ WINAQ': 4, 'CREO': 2, 'BIEN': 11, 'VIVA': 8, 'MI FAMILIA': 0, 'CAMBIO': 0, 'VOS': 24}",0,13,220,0,Algún campo sin dato,0.Distrito Central,1.Guatemala,0080,presidente
1021,,"{'UNE': 7, 'AZUL': 0, 'VALOR UNIONISTA': 23, 'CABAL': 11, 'TODOS': 0, 'VAMOS': 4, 'PHG': 0, 'PR': 2, 'PIN': 0, 'ELEFANTE': 2, 'VICTORIA': 1, 'SEMILLA': 157, 'FCN-NACION': 0, 'PPN': 0, 'UR': 3, 'URNG-MAIZ WINAQ': 3, 'CREO': 1, 'BIEN': 17, 'VIVA': 2, 'MI FAMILIA': 0, 'CAMBIO': 0, 'VOS': 21}",0,12,266,0,Algún campo sin dato,0.Distrito Central,1.Guatemala,0080,presidente
1022,,"{'UNE': 5, 'AZUL': 0, 'VALOR UNIONISTA': 20, 'CABAL': 8, 'TODOS': 0, 'VAMOS': 4, 'PHG': 0, 'PR': 0, 'PIN': 0, 'ELEFANTE': 2, 'VICTORIA': 2, 'SEMILLA': 185, 'FCN-NACION': 0, 'PPN': 0, 'UR': 3, 'URNG-MAIZ WINAQ': 1, 'CREO': 4, 'BIEN': 18, 'VIVA': 4, 'MI FAMILIA': 1, 'CAMBIO': 0, 'VOS': 21}",0,9,287,0,Algún campo sin dato,0.Distrito Central,1.Guatemala,0080,presidente
1023,,"{'UNE': 5, 'AZUL': 1, 'VALOR UNIONISTA': 13, 'CABAL': 6, 'TODOS': 0, 'VAMOS': 2, 'PHG': 0, 'PR': 0, 'PIN': 2, 'ELEFANTE': 0, 'VICTORIA': 3, 'SEMILLA': 148, 'FCN-NACION': 1, 'PPN': 2, 'UR': 4, 'URNG-MAIZ WINAQ': 2, 'CREO': 2, 'BIEN': 11, 'VIVA': 5, 'MI FAMILIA': 0, 'CAMBIO': 0, 'VOS': 20}",0,14,241,0,Algún campo sin dato,0.Distrito Central,1.Guatemala,0080,presidente
1024,,"{'UNE': 2, 'AZUL': 0, 'VALOR UNIONISTA': 9, 'CABAL': 8, 'TODOS': 0, 'VAMOS': 2, 'PHG': 1, 'PR': 1, 'PIN': 0, 'ELEFANTE': 2, 'VICTORIA': 4, 'SEMILLA': 91, 'FCN-NACION': 0, 'PPN': 0, 'UR': 1, 'URNG-MAIZ WINAQ': 2, 'CREO': 1, 'BIEN': 8, 'VIVA': 10, 'MI FAMILIA': 2, 'CAMBIO': 0, 'VOS': 14}",0,8,166,0,Algún campo sin dato,0.Distrito Central,1.Guatemala,0080,presidente
1025,,"{'UNE': 11, 'AZUL': 1, 'VALOR UNIONISTA': 12, 'CABAL': 4, 'TODOS': 1, 'VAMOS': 1, 'PHG': 0, 'PR': 1, 'PIN': 2, 'ELEFANTE': 0, 'VICTORIA': 1, 'SEMILLA': 79, 'FCN-NACION': 0, 'PPN': 0, 'UR': 1, 'URNG-MAIZ WINAQ': 3, 'CREO': 1, 'BIEN': 6, 'VIVA': 11, 'MI FAMILIA': 2, 'CAMBIO': 0, 'VOS': 10}",0,16,163,1,Algún campo sin dato,0.Distrito Central,1.Guatemala,0080,presidente
1026,,"{'UNE': 4, 'AZUL': 3, 'VALOR UNIONISTA': 15, 'CABAL': 5, 'TODOS': 0, 'VAMOS': 2, 'PHG': 0, 'PR': 4, 'PIN': 0, 'ELEFANTE': 2, 'VICTORIA': 2, 'SEMILLA': 111, 'FCN-NACION': 2, 'PPN': 0, 'UR': 3, 'URNG-MAIZ WINAQ': 4, 'CREO': 4, 'BIEN': 5, 'VIVA': 4, 'MI FAMILIA': 0, 'CAMBIO': 0, 'VOS': 19}",0,12,201,0,Algún campo sin dato,0.Distrito Central,1.Guatemala,0080,presidente
1027,,"{'UNE': 4, 'AZUL': 2, 'VALOR UNIONISTA': 19, 'CABAL': 8, 'TODOS': 1, 'VAMOS': 1, 'PHG': 1, 'PR': 2, 'PIN': 0, 'ELEFANTE': 0, 'VICTORIA': 1, 'SEMILLA': 112, 'FCN-NACION': 0, 'PPN': 0, 'UR': 3, 'URNG-MAIZ WINAQ': 1, 'CREO': 1, 'BIEN': 9, 'VIVA': 0, 'MI FAMILIA': 0, 'CAMBIO': 0, 'VOS': 11}",0,11,187,0,Algún campo sin dato,0.Distrito Central,1.Guatemala,0080,presidente
1028,,"{'UNE': 4, 'AZUL': 1, 'VALOR UNIONISTA': 10, 'CABAL': 9, 'TODOS': 0, 'VAMOS': 0, 'PHG': 0, 'PR': 0, 'PIN': 0, 'ELEFANTE': 0, 'VICTORIA': 4, 'SEMILLA': 70, 'FCN-NACION': 0, 'PPN': 0, 'UR': 1, 'URNG-MAIZ WINAQ': 2, 'CREO': 3, 'BIEN': 6, 'VIVA': 5, 'MI FAMILIA': 1, 'CAMBIO': 0, 'VOS': 12}",1,9,138,0,Algún campo sin dato,0.Distrito Central,1.Guatemala,0080,presidente
1029,,"{'UNE': 14, 'AZUL': 0, 'VALOR UNIONISTA': 38, 'CABAL': 27, 'TODOS': 0, 'VAMOS': 2, 'PHG': 0, 'PR': 4, 'PIN': 2, 'ELEFANTE': 0, 'VICTORIA': 8, 'SEMILLA': 68, 'FCN-NACION': 1, 'PPN': 1, 'UR': 2, 'URNG-MAIZ WINAQ': 3, 'CREO': 8, 'BIEN': 13, 'VIVA': 10, 'MI FAMILIA': 8, 'CAMBIO': 0, 'VOS': 29}",3,31,272,0,Algún campo sin dato,0.Distrito Central,1.Guatemala,0081,presidente
1030,,"{'UNE': 22, 'AZUL': 4, 'VALOR UNIONISTA': 47, 'CABAL': 27, 'TODOS': 0, 'VAMOS': 3, 'PHG': 0, 'PR': 1, 'PIN': 0, 'ELEFANTE': 1, 'VICTORIA': 7, 'SEMILLA': 69, 'FCN-NACION': 1, 'PPN': 0, 'UR': 4, 'URNG-MAIZ WINAQ': 4, 'CREO': 6, 'BIEN': 13, 'VIVA': 8, 'MI FAMILIA': 7, 'CAMBIO': 0, 'VOS': 21}",1,29,275,0,Algún campo sin dato,0.Distrito Central,1.Guatemala,0081,presidente
1031,,"{'UNE': 12, 'AZUL': 6, 'VALOR UNIONISTA': 59, 'CABAL': 23, 'TODOS': 2, 'VAMOS': 9, 'PHG': 2, 'PR': 5, 'PIN': 0, 'ELEFANTE': 4, 'VICTORIA': 5, 'SEMILLA': 47, 'FCN-NACION': 3, 'PPN': 2, 'UR': 2, 'URNG-MAIZ WINAQ': 4, 'CREO': 9, 'BIEN': 18, 'VIVA': 13, 'MI FAMILIA': 10, 'CAMBIO': 0, 'VOS': 21}",1,34,291,0,Algún campo sin dato,0.Distrito Central,1.Guatemala,0081,presidente
1032,,"{'UNE': 15, 'AZUL': 7, 'VALOR UNIONISTA': 50, 'CABAL': 26, 'TODOS': 2, 'VAMOS': 6, 'PHG': 1, 'PR': 2, 'PIN': 1, 'ELEFANTE': 1, 'VICTORIA': 2, 'SEMILLA': 44, 'FCN-NACION': 2, 'PPN': 0, 'UR': 4, 'URNG-MAIZ WINAQ': 6, 'CREO': 6, 'BIEN': 16, 'VIVA': 14, 'MI FAMILIA': 3, 'CAMBIO': 0, 'VOS': 30}",0,34,272,0,Algún campo sin dato,0.Distrito Central,1.Guatemala,0081,presidente
1033,,"{'UNE': 15, 'AZUL': 3, 'VALOR UNIONISTA': 53, 'CABAL': 28, 'TODOS': 0, 'VAMOS': 7, 'PHG': 0, 'PR': 2, 'PIN': 2, 'ELEFANTE': 0, 'VICTORIA': 3, 'SEMILLA': 72, 'FCN-NACION': 0, 'PPN': 2, 'UR': 0, 'URNG-MAIZ WINAQ': 1, 'CREO': 7, 'BIEN': 13, 'VIVA': 10, 'MI FAMILIA': 3, 'CAMBIO': 0, 'VOS': 32}",0,26,279,0,Algún campo sin dato,0.Distrito Central,1.Guatemala,0081,presidente
1034,,"{'UNE': 9, 'AZUL': 0, 'VALOR UNIONISTA': 34, 'CABAL': 15, 'TODOS': 1, 'VAMOS': 8, 'PHG': 1, 'PR': 0, 'PIN': 0, 'ELEFANTE': 0, 'VICTORIA': 1, 'SEMILLA': 98, 'FCN-NACION': 0, 'PPN': 3, 'UR': 3, 'URNG-MAIZ WINAQ': 0, 'CREO': 1, 'BIEN': 19, 'VIVA': 5, 'MI FAMILIA': 1, 'CAMBIO': 1, 'VOS': 30}",4,16,250,0,Algún campo sin dato,0.Distrito Central,1.Guatemala,0081,presidente
1035,,"{'UNE': 18, 'AZUL': 3, 'VALOR UNIONISTA': 54, 'CABAL': 25, 'TODOS': 0, 'VAMOS': 8, 'PHG': 1, 'PR': 2, 'PIN': 1, 'ELEFANTE': 2, 'VICTORIA': 4, 'SEMILLA': 50, 'FCN-NACION': 2, 'PPN': 2, 'UR': 1, 'URNG-MAIZ WINAQ': 5, 'CREO': 5, 'BIEN': 19, 'VIVA': 8, 'MI FAMILIA': 2, 'CAMBIO': 0, 'VOS': 21}",0,24,257,0,Algún campo sin dato,0.Distrito Central,1.Guatemala,0081,presidente
1036,,"{'UNE': 17, 'AZUL': 2, 'VALOR UNIONISTA': 46, 'CABAL': 18, 'TODOS': 1, 'VAMOS': 7, 'PHG': 0, 'PR': 4, 'PIN': 0, 'ELEFANTE': 2, 'VICTORIA': 4, 'SEMILLA': 62, 'FCN-NACION': 1, 'PPN': 1, 'UR': 3, 'URNG-MAIZ WINAQ': 2, 'CREO': 4, 'BIEN': 15, 'VIVA': 11, 'MI FAMILIA': 7, 'CAMBIO': 2, 'VOS': 28}",0,17,254,0,Algún campo sin dato,0.Distrito Central,1.Guatemala,0081,presidente
1037,,"{'UNE': 17, 'AZUL': 3, 'VALOR UNIONISTA': 49, 'CABAL': 26, 'TODOS': 3, 'VAMOS': 6, 'PHG': 1, 'PR': 4, 'PIN': 1, 'ELEFANTE': 4, 'VICTORIA': 6, 'SEMILLA': 68, 'FCN-NACION': 0, 'PPN': 0, 'UR': 3, 'URNG-MAIZ WINAQ': 4, 'CREO': 8, 'BIEN': 23, 'VIVA': 8, 'MI FAMILIA': 3, 'CAMBIO': 0, 'VOS': 27}",0,20,284,0,Algún campo sin dato,0.Distrito Central,1.Guatemala,0081,presidente
1038,,"{'UNE': 9, 'AZUL': 4, 'VALOR UNIONISTA': 61, 'CABAL': 36, 'TODOS': 0, 'VAMOS': 4, 'PHG': 0, 'PR': 2, 'PIN': 1, 'ELEFANTE': 1, 'VICTORIA': 7, 'SEMILLA': 55, 'FCN-NACION': 1, 'PPN': 0, 'UR': 2, 'URNG-MAIZ WINAQ': 1, 'CREO': 5, 'BIEN': 16, 'VIVA': 12, 'MI FAMILIA': 4, 'CAMBIO': 0, 'VOS': 24}",1,27,273,0,Algún campo sin dato,0.Distrito Central,1.Guatemala,0081,presidente
1039,,"{'UNE': 15, 'AZUL': 5, 'VALOR UNIONISTA': 63, 'CABAL': 29, 'TODOS': 1, 'VAMOS': 6, 'PHG': 0, 'PR': 3, 'PIN': 2, 'ELEFANTE': 4, 'VICTORIA': 0, 'SEMILLA': 78, 'FCN-NACION': 1, 'PPN': 1, 'UR': 4, 'URNG-MAIZ WINAQ': 4, 'CREO': 6, 'BIEN': 13, 'VIVA': 6, 'MI FAMILIA': 6, 'CAMBIO': 0, 'VOS': 23}",0,23,293,0,Algún campo sin dato,0.Distrito Central,1.Guatemala,0081,presidente
1040,,"{'UNE': 15, 'AZUL': 7, 'VALOR UNIONISTA': 63, 'CABAL': 18, 'TODOS': 1, 'VAMOS': 13, 'PHG': 1, 'PR': 5, 'PIN': 0, 'ELEFANTE': 1, 'VICTORIA': 3, 'SEMILLA': 59, 'FCN-NACION': 0, 'PPN': 0, 'UR': 3, 'URNG-MAIZ WINAQ': 3, 'CREO': 5, 'BIEN': 14, 'VIVA': 11, 'MI FAMILIA': 4, 'CAMBIO': 0, 'VOS': 21}",0,30,277,0,Algún campo sin dato,0.Distrito Central,1.Guatemala,0081,presidente
1041,,"{'UNE': 11, 'AZUL': 1, 'VALOR UNIONISTA': 54, 'CABAL': 25, 'TODOS': 0, 'VAMOS': 4, 'PHG': 1, 'PR': 4, 'PIN': 0, 'ELEFANTE': 3, 'VICTORIA': 6, 'SEMILLA': 63, 'FCN-NACION': 0, 'PPN': 2, 'UR': 1, 'URNG-MAIZ WINAQ': 6, 'CREO': 7, 'BIEN': 14, 'VIVA': 13, 'MI FAMILIA': 2, 'CAMBIO': 0, 'VOS': 19}",0,29,265,0,Algún campo sin dato,0.Distrito Central,1.Guatemala,0081,presidente
1042,,"{'UNE': 12, 'AZUL': 3, 'VALOR UNIONISTA': 43, 'CABAL': 22, 'TODOS': 0, 'VAMOS': 9, 'PHG': 0, 'PR': 4, 'PIN': 0, 'ELEFANTE': 2, 'VICTORIA': 7, 'SEMILLA': 55, 'FCN-NACION': 1, 'PPN': 1, 'UR': 4, 'URNG-MAIZ WINAQ': 4, 'CREO': 5, 'BIEN': 18, 'VIVA': 17, 'MI FAMILIA': 5, 'CAMBIO': 0, 'VOS': 27}",0,25,264,0,Algún campo sin dato,0.Distrito Central,1.Guatemala,0081,presidente
1043,,"{'UNE': 15, 'AZUL': 4, 'VALOR UNIONISTA': 40, 'CABAL': 18, 'TODOS': 0, 'VAMOS': 5, 'PHG': 2, 'PR': 8, 'PIN': 1, 'ELEFANTE': 3, 'VICTORIA': 5, 'SEMILLA': 50, 'FCN-NACION': 1, 'PPN': 1, 'UR': 6, 'URNG-MAIZ WINAQ': 3, 'CREO': 6, 'BIEN': 14, 'VIVA': 7, 'MI FAMILIA': 7, 'CAMBIO': 0, 'VOS': 30}",0,27,253,0,Algún campo sin dato,0.Distrito Central,1.Guatemala,0081,presidente
1044,,"{'UNE': 19, 'AZUL': 1, 'VALOR UNIONISTA': 36, 'CABAL': 16, 'TODOS': 0, 'VAMOS': 4, 'PHG': 0, 'PR': 2, 'PIN': 0, 'ELEFANTE': 3, 'VICTORIA': 2, 'SEMILLA': 69, 'FCN-NACION': 1, 'PPN': 0, 'UR': 2, 'URNG-MAIZ WINAQ': 1, 'CREO': 2, 'BIEN': 12, 'VIVA': 12, 'MI FAMILIA': 1, 'CAMBIO': 0, 'VOS': 18}",0,31,232,0,Algún campo sin dato,0.Distrito Central,1.Guatemala,0081,presidente
1045,,"{'UNE': 17, 'AZUL': 2, 'VALOR UNIONISTA': 34, 'CABAL': 16, 'TODOS': 0, 'VAMOS': 4, 'PHG': 0, 'PR': 2, 'PIN': 3, 'ELEFANTE': 0, 'VICTORIA': 1, 'SEMILLA': 94, 'FCN-NACION': 2, 'PPN': 1, 'UR': 4, 'URNG-MAIZ WINAQ': 4, 'CREO': 2, 'BIEN': 11, 'VIVA': 2, 'MI FAMILIA': 1, 'CAMBIO': 0, 'VOS': 19}",0,19,238,0,Algún campo sin dato,0.Distrito Central,1.Guatemala,0081,presidente
1046,,"{'UNE': 12, 'AZUL': 2, 'VALOR UNIONISTA': 39, 'CABAL': 13, 'TODOS': 0, 'VAMOS': 4, 'PHG': 0, 'PR': 0, 'PIN': 0, 'ELEFANTE': 3, 'VICTORIA': 2, 'SEMILLA': 132, 'FCN-NACION': 2, 'PPN': 0, 'UR': 3, 'URNG-MAIZ WINAQ': 0, 'CREO': 2, 'BIEN': 20, 'VIVA': 3, 'MI FAMILIA': 1, 'CAMBIO': 0, 'VOS': 24}",0,11,273,0,Algún campo sin dato,0.Distrito Central,1.Guatemala,0081,presidente
1047,,"{'UNE': 3, 'AZUL': 0, 'VALOR UNIONISTA': 22, 'CABAL': 6, 'TODOS': 1, 'VAMOS': 1, 'PHG': 0, 'PR': 1, 'PIN': 0, 'ELEFANTE': 3, 'VICTORIA': 4, 'SEMILLA': 58, 'FCN-NACION': 1, 'PPN': 0, 'UR': 0, 'URNG-MAIZ WINAQ': 0, 'CREO': 0, 'BIEN': 5, 'VIVA': 3, 'MI FAMILIA': 1, 'CAMBIO': 0, 'VOS': 5}",1,7,122,0,Algún campo sin dato,0.Distrito Central,1.Guatemala,0081,presidente
1048,,"{'UNE': 8, 'AZUL': 3, 'VALOR UNIONISTA': 24, 'CABAL': 9, 'TODOS': 0, 'VAMOS': 1, 'PHG': 0, 'PR': 0, 'PIN': 0, 'ELEFANTE': 0, 'VICTORIA': 2, 'SEMILLA': 73, 'FCN-NACION': 0, 'PPN': 0, 'UR': 0, 'URNG-MAIZ WINAQ': 0, 'CREO': 1, 'BIEN': 12, 'VIVA': 3, 'MI FAMILIA': 1, 'CAMBIO': 1, 'VOS': 11}",0,5,154,120,Algún campo sin dato,0.Distrito Central,1.Guatemala,0081,presidente
1049,,"{'UNE': 16, 'AZUL': 1, 'VALOR UNIONISTA': 42, 'CABAL': 6, 'TODOS': 0, 'VAMOS': 3, 'PHG': 1, 'PR': 6, 'PIN': 3, 'ELEFANTE': 2, 'VICTORIA': 5, 'SEMILLA': 51, 'FCN-NACION': 0, 'PPN': 1, 'UR': 4, 'URNG-MAIZ WINAQ': 8, 'CREO': 7, 'BIEN': 10, 'VIVA': 14, 'MI FAMILIA': 3, 'CAMBIO': 1, 'VOS': 20}",1,33,238,0,Algún campo sin dato,0.Distrito Central,1.Guatemala,0082,presidente
1050,,"{'UNE': 24, 'AZUL': 2, 'VALOR UNIONISTA': 38, 'CABAL': 11, 'TODOS': 2, 'VAMOS': 5, 'PHG': 0, 'PR': 3, 'PIN': 1, 'ELEFANTE': 1, 'VICTORIA': 6, 'SEMILLA': 43, 'FCN-NACION': 2, 'PPN': 3, 'UR': 7, 'URNG-MAIZ WINAQ': 4, 'CREO': 5, 'BIEN': 11, 'VIVA': 13, 'MI FAMILIA': 7, 'CAMBIO': 0, 'VOS': 24}",1,26,239,0,Algún campo sin dato,0.Distrito Central,1.Guatemala,0082,presidente
1051,,"{'UNE': 12, 'AZUL': 4, 'VALOR UNIONISTA': 42, 'CABAL': 16, 'TODOS': 0, 'VAMOS': 2, 'PHG': 0, 'PR': 5, 'PIN': 2, 'ELEFANTE': 1, 'VICTORIA': 4, 'SEMILLA': 46, 'FCN-NACION': 1, 'PPN': 1, 'UR': 4, 'URNG-MAIZ WINAQ': 4, 'CREO': 3, 'BIEN': 18, 'VIVA': 16, 'MI FAMILIA': 8, 'CAMBIO': 0, 'VOS': 21}",1,38,249,0,Algún campo sin dato,0.Distrito Central,1.Guatemala,0082,presidente
1052,,"{'UNE': 16, 'AZUL': 3, 'VALOR UNIONISTA': 35, 'CABAL': 19, 'TODOS': 2, 'VAMOS': 2, 'PHG': 1, 'PR': 3, 'PIN': 0, 'ELEFANTE': 2, 'VICTORIA': 6, 'SEMILLA': 51, 'FCN-NACION': 4, 'PPN': 2, 'UR': 3, 'URNG-MAIZ WINAQ': 4, 'CREO': 4, 'BIEN': 9, 'VIVA': 15, 'MI FAMILIA': 2, 'CAMBIO': 0, 'VOS': 25}",1,36,245,0,,0.Distrito Central,1.Guatemala,0082,presidente
1053,,"{'UNE': 18, 'AZUL': 5, 'VALOR UNIONISTA': 35, 'CABAL': 19, 'TODOS': 1, 'VAMOS': 3, 'PHG': 1, 'PR': 7, 'PIN': 0, 'ELEFANTE': 1, 'VICTORIA': 2, 'SEMILLA': 64, 'FCN-NACION': 1, 'PPN': 2, 'UR': 6, 'URNG-MAIZ WINAQ': 2, 'CREO': 2, 'BIEN': 13, 'VIVA': 17, 'MI FAMILIA': 2, 'CAMBIO': 0, 'VOS': 24}",0,33,258,0,Algún campo sin dato,0.Distrito Central,1.Guatemala,0082,presidente
1054,,"{'UNE': 20, 'AZUL': 7, 'VALOR UNIONISTA': 40, 'CABAL': 16, 'TODOS': 0, 'VAMOS': 6, 'PHG': 0, 'PR': 3, 'PIN': 0, 'ELEFANTE': 3, 'VICTORIA': 2, 'SEMILLA': 56, 'FCN-NACION': 1, 'PPN': 1, 'UR': 7, 'URNG-MAIZ WINAQ': 5, 'CREO': 5, 'BIEN': 7, 'VIVA': 18, 'MI FAMILIA': 5, 'CAMBIO': 0, 'VOS': 22}",2,22,248,0,Algún campo sin dato,0.Distrito Central,1.Guatemala,0082,presidente
1055,,"{'UNE': 13, 'AZUL': 6, 'VALOR UNIONISTA': 35, 'CABAL': 14, 'TODOS': 2, 'VAMOS': 5, 'PHG': 0, 'PR': 5, 'PIN': 1, 'ELEFANTE': 3, 'VICTORIA': 5, 'SEMILLA': 49, 'FCN-NACION': 2, 'PPN': 1, 'UR': 8, 'URNG-MAIZ WINAQ': 4, 'CREO': 3, 'BIEN': 11, 'VIVA': 13, 'MI FAMILIA': 9, 'CAMBIO': 0, 'VOS': 24}",0,33,246,0,Algún campo sin dato,0.Distrito Central,1.Guatemala,0082,presidente
1056,,"{'UNE': 15, 'AZUL': 2, 'VALOR UNIONISTA': 45, 'CABAL': 18, 'TODOS': 0, 'VAMOS': 1, 'PHG': 0, 'PR': 4, 'PIN': 1, 'ELEFANTE': 3, 'VICTORIA': 4, 'SEMILLA': 69, 'FCN-NACION': 0, 'PPN': 1, 'UR': 3, 'URNG-MAIZ WINAQ': 3, 'CREO': 4, 'BIEN': 19, 'VIVA': 9, 'MI FAMILIA': 6, 'CAMBIO': 0, 'VOS': 23}",0,27,257,0,Algún campo sin dato,0.Distrito Central,1.Guatemala,0082,presidente
1057,,"{'UNE': 11, 'AZUL': 0, 'VALOR UNIONISTA': 24, 'CABAL': 12, 'TODOS': 0, 'VAMOS': 3, 'PHG': 0, 'PR': 0, 'PIN': 1, 'ELEFANTE': 3, 'VICTORIA': 1, 'SEMILLA': 84, 'FCN-NACION': 2, 'PPN': 2, 'UR': 1, 'URNG-MAIZ WINAQ': 4, 'CREO': 3, 'BIEN': 19, 'VIVA': 7, 'MI FAMILIA': 2, 'CAMBIO': 2, 'VOS': 28}",0,20,229,0,Algún campo sin dato,0.Distrito Central,1.Guatemala,0082,presidente
1058,,"{'UNE': 16, 'AZUL': 2, 'VALOR UNIONISTA': 41, 'CABAL': 8, 'TODOS': 0, 'VAMOS': 3, 'PHG': 0, 'PR': 2, 'PIN': 1, 'ELEFANTE': 3, 'VICTORIA': 0, 'SEMILLA': 48, 'FCN-NACION': 3, 'PPN': 1, 'UR': 6, 'URNG-MAIZ WINAQ': 9, 'CREO': 9, 'BIEN': 18, 'VIVA': 17, 'MI FAMILIA': 3, 'CAMBIO': 0, 'VOS': 25}",0,18,233,1,Algún campo sin dato,0.Distrito Central,1.Guatemala,0082,presidente
1059,,"{'UNE': 12, 'AZUL': 0, 'VALOR UNIONISTA': 41, 'CABAL': 11, 'TODOS': 0, 'VAMOS': 5, 'PHG': 0, 'PR': 7, 'PIN': 0, 'ELEFANTE': 2, 'VICTORIA': 3, 'SEMILLA': 82, 'FCN-NACION': 0, 'PPN': 1, 'UR': 8, 'URNG-MAIZ WINAQ': 2, 'CREO': 6, 'BIEN': 10, 'VIVA': 12, 'MI FAMILIA': 3, 'CAMBIO': 0, 'VOS': 22}",0,20,247,0,Algún campo sin dato,0.Distrito Central,1.Guatemala,0082,presidente
1060,,"{'UNE': 18, 'AZUL': 0, 'VALOR UNIONISTA': 30, 'CABAL': 14, 'TODOS': 2, 'VAMOS': 4, 'PHG': 1, 'PR': 6, 'PIN': 0, 'ELEFANTE': 3, 'VICTORIA': 3, 'SEMILLA': 62, 'FCN-NACION': 0, 'PPN': 1, 'UR': 6, 'URNG-MAIZ WINAQ': 2, 'CREO': 5, 'BIEN': 21, 'VIVA': 13, 'MI FAMILIA': 5, 'CAMBIO': 1, 'VOS': 29}",0,21,247,149,Algún campo sin dato,0.Distrito Central,1.Guatemala,0082,presidente
1061,,"{'UNE': 14, 'AZUL': 4, 'VALOR UNIONISTA': 33, 'CABAL': 16, 'TODOS': 0, 'VAMOS': 5, 'PHG': 0, 'PR': 2, 'PIN': 0, 'ELEFANTE': 3, 'VICTORIA': 0, 'SEMILLA': 70, 'FCN-NACION': 1, 'PPN': 0, 'UR': 1, 'URNG-MAIZ WINAQ': 2, 'CREO': 5, 'BIEN': 15, 'VIVA': 12, 'MI FAMILIA': 5, 'CAMBIO': 0, 'VOS': 13}",0,33,234,0,Algún campo sin dato,0.Distrito Central,1.Guatemala,0082,presidente
1062,,"{'UNE': 16, 'AZUL': 2, 'VALOR UNIONISTA': 46, 'CABAL': 15, 'TODOS': 0, 'VAMOS': 1, 'PHG': 2, 'PR': 1, 'PIN': 0, 'ELEFANTE': 1, 'VICTORIA': 3, 'SEMILLA': 58, 'FCN-NACION': 2, 'PPN': 0, 'UR': 6, 'URNG-MAIZ WINAQ': 0, 'CREO': 3, 'BIEN': 12, 'VIVA': 18, 'MI FAMILIA': 4, 'CAMBIO': 1, 'VOS': 21}",2,37,251,0,Algún campo sin dato,0.Distrito Central,1.Guatemala,0082,presidente
1063,,"{'UNE': 21, 'AZUL': 2, 'VALOR UNIONISTA': 34, 'CABAL': 15, 'TODOS': 0, 'VAMOS': 7, 'PHG': 0, 'PR': 6, 'PIN': 0, 'ELEFANTE': 4, 'VICTORIA': 4, 'SEMILLA': 53, 'FCN-NACION': 0, 'PPN': 1, 'UR': 4, 'URNG-MAIZ WINAQ': 6, 'CREO': 7, 'BIEN': 21, 'VIVA': 9, 'MI FAMILIA': 5, 'CAMBIO': 0, 'VOS': 23}",0,34,256,0,Algún campo sin dato,0.Distrito Central,1.Guatemala,0082,presidente
1064,,"{'UNE': 19, 'AZUL': 3, 'VALOR UNIONISTA': 47, 'CABAL': 23, 'TODOS': 1, 'VAMOS': 4, 'PHG': 0, 'PR': 2, 'PIN': 0, 'ELEFANTE': 3, 'VICTORIA': 5, 'SEMILLA': 66, 'FCN-NACION': 0, 'PPN': 2, 'UR': 2, 'URNG-MAIZ WINAQ': 4, 'CREO': 1, 'BIEN': 9, 'VIVA': 15, 'MI FAMILIA': 4, 'CAMBIO': 0, 'VOS': 27}",1,29,267,0,Algún campo sin dato,0.Distrito Central,1.Guatemala,0082,presidente
1065,,"{'UNE': 20, 'AZUL': 1, 'VALOR UNIONISTA': 29, 'CABAL': 15, 'TODOS': 2, 'VAMOS': 7, 'PHG': 1, 'PR': 8, 'PIN': 3, 'ELEFANTE': 4, 'VICTORIA': 5, 'SEMILLA': 61, 'FCN-NACION': 2, 'PPN': 0, 'UR': 4, 'URNG-MAIZ WINAQ': 5, 'CREO': 5, 'BIEN': 9, 'VIVA': 19, 'MI FAMILIA': 5, 'CAMBIO': 0, 'VOS': 23}",0,23,251,0,Algún campo sin dato,0.Distrito Central,1.Guatemala,0082,presidente
1066,,"{'UNE': 18, 'AZUL': 3, 'VALOR UNIONISTA': 35, 'CABAL': 15, 'TODOS': 2, 'VAMOS': 2, 'PHG': 0, 'PR': 1, 'PIN': 0, 'ELEFANTE': 3, 'VICTORIA': 4, 'SEMILLA': 67, 'FCN-NACION': 0, 'PPN': 1, 'UR': 5, 'URNG-MAIZ WINAQ': 2, 'CREO': 2, 'BIEN': 17, 'VIVA': 11, 'MI FAMILIA': 4, 'CAMBIO': 0, 'VOS': 17}",0,30,239,0,Algún campo sin dato,0.Distrito Central,1.Guatemala,0082,presidente
1067,,"{'UNE': 15, 'AZUL': 3, 'VALOR UNIONISTA': 33, 'CABAL': 13, 'TODOS': 0, 'VAMOS': 4, 'PHG': 0, 'PR': 3, 'PIN': 1, 'ELEFANTE': 3, 'VICTORIA': 4, 'SEMILLA': 55, 'FCN-NACION': 2, 'PPN': 4, 'UR': 2, 'URNG-MAIZ WINAQ': 5, 'CREO': 5, 'BIEN': 13, 'VIVA': 11, 'MI FAMILIA': 5, 'CAMBIO': 0, 'VOS': 27}",0,23,231,0,Algún campo sin dato,0.Distrito Central,1.Guatemala,0082,presidente
1068,,"{'UNE': 15, 'AZUL': 4, 'VALOR UNIONISTA': 28, 'CABAL': 16, 'TODOS': 0, 'VAMOS': 2, 'PHG': 0, 'PR': 3, 'PIN': 0, 'ELEFANTE': 1, 'VICTORIA': 3, 'SEMILLA': 67, 'FCN-NACION': 2, 'PPN': 0, 'UR': 1, 'URNG-MAIZ WINAQ': 5, 'CREO': 4, 'BIEN': 14, 'VIVA': 18, 'MI FAMILIA': 5, 'CAMBIO': 0, 'VOS': 18}",3,27,236,0,Algún campo sin dato,0.Distrito Central,1.Guatemala,0082,presidente
1069,,"{'UNE': 23, 'AZUL': 1, 'VALOR UNIONISTA': 29, 'CABAL': 16, 'TODOS': 0, 'VAMOS': 1, 'PHG': 0, 'PR': 6, 'PIN': 2, 'ELEFANTE': 2, 'VICTORIA': 4, 'SEMILLA': 59, 'FCN-NACION': 2, 'PPN': 1, 'UR': 6, 'URNG-MAIZ WINAQ': 4, 'CREO': 4, 'BIEN': 10, 'VIVA': 12, 'MI FAMILIA': 5, 'CAMBIO': 0, 'VOS': 15}",0,23,225,0,Algún campo sin dato,0.Distrito Central,1.Guatemala,0082,presidente
1070,,"{'UNE': 19, 'AZUL': 2, 'VALOR UNIONISTA': 31, 'CABAL': 16, 'TODOS': 0, 'VAMOS': 3, 'PHG': 0, 'PR': 4, 'PIN': 1, 'ELEFANTE': 3, 'VICTORIA': 3, 'SEMILLA': 60, 'FCN-NACION': 2, 'PPN': 0, 'UR': 3, 'URNG-MAIZ WINAQ': 1, 'CREO': 4, 'BIEN': 10, 'VIVA': 14, 'MI FAMILIA': 2, 'CAMBIO': 0, 'VOS': 13}",0,28,219,0,Algún campo sin dato,0.Distrito Central,1.Guatemala,0082,presidente
1071,,"{'UNE': 14, 'AZUL': 6, 'VALOR UNIONISTA': 25, 'CABAL': 11, 'TODOS': 0, 'VAMOS': 6, 'PHG': 0, 'PR': 6, 'PIN': 1, 'ELEFANTE': 3, 'VICTORIA': 3, 'SEMILLA': 71, 'FCN-NACION': 2, 'PPN': 3, 'UR': 4, 'URNG-MAIZ WINAQ': 3, 'CREO': 0, 'BIEN': 8, 'VIVA': 6, 'MI FAMILIA': 3, 'CAMBIO': 0, 'VOS': 14}",2,22,213,0,Algún campo sin dato,0.Distrito Central,1.Guatemala,0082,presidente
1072,,"{'UNE': 9, 'AZUL': 3, 'VALOR UNIONISTA': 17, 'CABAL': 10, 'TODOS': 0, 'VAMOS': 4, 'PHG': 0, 'PR': 2, 'PIN': 0, 'ELEFANTE': 3, 'VICTORIA': 2, 'SEMILLA': 99, 'FCN-NACION': 2, 'PPN': 1, 'UR': 2, 'URNG-MAIZ WINAQ': 1, 'CREO': 2, 'BIEN': 7, 'VIVA': 10, 'MI FAMILIA': 1, 'CAMBIO': 0, 'VOS': 16}",1,24,216,0,Algún campo sin dato,0.Distrito Central,1.Guatemala,0082,presidente
1073,,"{'UNE': 13, 'AZUL': 3, 'VALOR UNIONISTA': 21, 'CABAL': 4, 'TODOS': 0, 'VAMOS': 2, 'PHG': 0, 'PR': 1, 'PIN': 0, 'ELEFANTE': 0, 'VICTORIA': 1, 'SEMILLA': 135, 'FCN-NACION': 0, 'PPN': 0, 'UR': 0, 'URNG-MAIZ WINAQ': 2, 'CREO': 2, 'BIEN': 25, 'VIVA': 7, 'MI FAMILIA': 2, 'CAMBIO': 0, 'VOS': 22}",0,13,253,0,Algún campo sin dato,0.Distrito Central,1.Guatemala,0082,presidente
1074,,"{'UNE': 8, 'AZUL': 1, 'VALOR UNIONISTA': 19, 'CABAL': 9, 'TODOS': 0, 'VAMOS': 1, 'PHG': 0, 'PR': 0, 'PIN': 1, 'ELEFANTE': 2, 'VICTORIA': 1, 'SEMILLA': 133, 'FCN-NACION': 1, 'PPN': 2, 'UR': 1, 'URNG-MAIZ WINAQ': 0, 'CREO': 1, 'BIEN': 15, 'VIVA': 9, 'MI FAMILIA': 1, 'CAMBIO': 0, 'VOS': 14}",166,15,400,0,Algún campo sin dato,0.Distrito Central,1.Guatemala,0082,presidente
1075,,"{'UNE': 9, 'AZUL': 3, 'VALOR UNIONISTA': 12, 'CABAL': 5, 'TODOS': 0, 'VAMOS': 1, 'PHG': 0, 'PR': 1, 'PIN': 0, 'ELEFANTE': 1, 'VICTORIA': 1, 'SEMILLA': 64, 'FCN-NACION': 1, 'PPN': 1, 'UR': 1, 'URNG-MAIZ WINAQ': 4, 'CREO': 2, 'BIEN': 4, 'VIVA': 13, 'MI FAMILIA': 0, 'CAMBIO': 1, 'VOS': 10}",0,25,159,0,Algún campo sin dato,0.Distrito Central,1.Guatemala,0082,presidente
1076,,"{'UNE': 5, 'AZUL': 1, 'VALOR UNIONISTA': 5, 'CABAL': 6, 'TODOS': 0, 'VAMOS': 1, 'PHG': 0, 'PR': 2, 'PIN': 0, 'ELEFANTE': 4, 'VICTORIA': 1, 'SEMILLA': 53, 'FCN-NACION': 1, 'PPN': 0, 'UR': 0, 'URNG-MAIZ WINAQ': 2, 'CREO': 1, 'BIEN': 2, 'VIVA': 6, 'MI FAMILIA': 2, 'CAMBIO': 0, 'VOS': 8}",0,6,106,0,Algún campo sin dato,0.Distrito Central,1.Guatemala,0082,presidente
1077,,"{'UNE': 3, 'AZUL': 2, 'VALOR UNIONISTA': 10, 'CABAL': 3, 'TODOS': 0, 'VAMOS': 0, 'PHG': 0, 'PR': 1, 'PIN': 0, 'ELEFANTE': 1, 'VICTORIA': 1, 'SEMILLA': 57, 'FCN-NACION': 1, 'PPN': 1, 'UR': 1, 'URNG-MAIZ WINAQ': 1, 'CREO': 2, 'BIEN': 7, 'VIVA': 3, 'MI FAMILIA': 2, 'CAMBIO': 0, 'VOS': 5}",2,2,105,0,Algún campo sin dato,0.Distrito Central,1.Guatemala,0082,presidente
1078,,"{'UNE': 8, 'AZUL': 7, 'VALOR UNIONISTA': 97, 'CABAL': 38, 'TODOS': 2, 'VAMOS': 4, 'PHG': 1, 'PR': 6, 'PIN': 0, 'ELEFANTE': 2, 'VICTORIA': 2, 'SEMILLA': 30, 'FCN-NACION': 0, 'PPN': 0, 'UR': 2, 'URNG-MAIZ WINAQ': 0, 'CREO': 9, 'BIEN': 12, 'VIVA': 8, 'MI FAMILIA': 3, 'CAMBIO': 0, 'VOS': 25}",0,15,271,0,Algún campo sin dato,0.Distrito Central,1.Guatemala,0083,presidente
1079,,"{'UNE': 5, 'AZUL': 5, 'VALOR UNIONISTA': 106, 'CABAL': 36, 'TODOS': 0, 'VAMOS': 3, 'PHG': 0, 'PR': 2, 'PIN': 1, 'ELEFANTE': 2, 'VICTORIA': 1, 'SEMILLA': 38, 'FCN-NACION': 1, 'PPN': 0, 'UR': 3, 'URNG-MAIZ WINAQ': 1, 'CREO': 5, 'BIEN': 8, 'VIVA': 5, 'MI FAMILIA': 7, 'CAMBIO': 0, 'VOS': 17}",1,19,266,0,Algún campo sin dato,0.Distrito Central,1.Guatemala,0083,presidente
1080,,"{'UNE': 11, 'AZUL': 4, 'VALOR UNIONISTA': 82, 'CABAL': 41, 'TODOS': 4, 'VAMOS': 2, 'PHG': 0, 'PR': 5, 'PIN': 0, 'ELEFANTE': 3, 'VICTORIA': 0, 'SEMILLA': 28, 'FCN-NACION': 1, 'PPN': 0, 'UR': 2, 'URNG-MAIZ WINAQ': 2, 'CREO': 9, 'BIEN': 12, 'VIVA': 9, 'MI FAMILIA': 6, 'CAMBIO': 0, 'VOS': 15}",0,23,259,141,Algún campo sin dato,0.Distrito Central,1.Guatemala,0083,presidente
1081,,"{'UNE': 5, 'AZUL': 6, 'VALOR UNIONISTA': 127, 'CABAL': 41, 'TODOS': 2, 'VAMOS': 2, 'PHG': 0, 'PR': 3, 'PIN': 0, 'ELEFANTE': 2, 'VICTORIA': 2, 'SEMILLA': 29, 'FCN-NACION': 0, 'PPN': 0, 'UR': 0, 'URNG-MAIZ WINAQ': 4, 'CREO': 12, 'BIEN': 13, 'VIVA': 3, 'MI FAMILIA': 1, 'CAMBIO': 1, 'VOS': 9}",3,23,288,112,Algún campo sin dato,0.Distrito Central,1.Guatemala,0083,presidente
1082,,"{'UNE': 12, 'AZUL': 4, 'VALOR UNIONISTA': 100, 'CABAL': 40, 'TODOS': 4, 'VAMOS': 4, 'PHG': 0, 'PR': 2, 'PIN': 0, 'ELEFANTE': 2, 'VICTORIA': 1, 'SEMILLA': 38, 'FCN-NACION': 1, 'PPN': 0, 'UR': 3, 'URNG-MAIZ WINAQ': 0, 'CREO': 8, 'BIEN': 11, 'VIVA': 6, 'MI FAMILIA': 0, 'CAMBIO': 0, 'VOS': 11}",0,17,264,0,Algún campo sin dato,0.Distrito Central,1.Guatemala,0083,presidente
1083,,"{'UNE': 7, 'AZUL': 3, 'VALOR UNIONISTA': 112, 'CABAL': 36, 'TODOS': 2, 'VAMOS': 3, 'PHG': 0, 'PR': 7, 'PIN': 0, 'ELEFANTE': 3, 'VICTORIA': 1, 'SEMILLA': 43, 'FCN-NACION': 0, 'PPN': 0, 'UR': 2, 'URNG-MAIZ WINAQ': 1, 'CREO': 13, 'BIEN': 12, 'VIVA': 4, 'MI FAMILIA': 3, 'CAMBIO': 0, 'VOS': 18}",0,26,296,0,Algún campo sin dato,0.Distrito Central,1.Guatemala,0083,presidente
1084,,"{'UNE': 6, 'AZUL': 3, 'VALOR UNIONISTA': 88, 'CABAL': 33, 'TODOS': 2, 'VAMOS': 2, 'PHG': 1, 'PR': 2, 'PIN': 0, 'ELEFANTE': 0, 'VICTORIA': 2, 'SEMILLA': 53, 'FCN-NACION': 0, 'PPN': 0, 'UR': 2, 'URNG-MAIZ WINAQ': 1, 'CREO': 8, 'BIEN': 15, 'VIVA': 4, 'MI FAMILIA': 3, 'CAMBIO': 0, 'VOS': 15}",0,9,249,0,Algún campo sin dato,0.Distrito Central,1.Guatemala,0083,presidente
1085,,"{'UNE': 8, 'AZUL': 2, 'VALOR UNIONISTA': 88, 'CABAL': 25, 'TODOS': 0, 'VAMOS': 3, 'PHG': 0, 'PR': 2, 'PIN': 0, 'ELEFANTE': 2, 'VICTORIA': 1, 'SEMILLA': 50, 'FCN-NACION': 1, 'PPN': 1, 'UR': 4, 'URNG-MAIZ WINAQ': 0, 'CREO': 7, 'BIEN': 11, 'VIVA': 5, 'MI FAMILIA': 3, 'CAMBIO': 0, 'VOS': 17}",0,14,244,0,Algún campo sin dato,0.Distrito Central,1.Guatemala,0083,presidente
1086,,"{'UNE': 7, 'AZUL': 3, 'VALOR UNIONISTA': 102, 'CABAL': 29, 'TODOS': 1, 'VAMOS': 4, 'PHG': 0, 'PR': 0, 'PIN': 0, 'ELEFANTE': 3, 'VICTORIA': 2, 'SEMILLA': 47, 'FCN-NACION': 1, 'PPN': 0, 'UR': 2, 'URNG-MAIZ WINAQ': 0, 'CREO': 6, 'BIEN': 11, 'VIVA': 6, 'MI FAMILIA': 1, 'CAMBIO': 0, 'VOS': 14}",2,13,254,146,Algún campo sin dato,0.Distrito Central,1.Guatemala,0083,presidente
1087,,"{'UNE': 6, 'AZUL': 5, 'VALOR UNIONISTA': 93, 'CABAL': 52, 'TODOS': 1, 'VAMOS': 1, 'PHG': 0, 'PR': 1, 'PIN': 1, 'ELEFANTE': 1, 'VICTORIA': 3, 'SEMILLA': 55, 'FCN-NACION': 0, 'PPN': 0, 'UR': 1, 'URNG-MAIZ WINAQ': 3, 'CREO': 7, 'BIEN': 8, 'VIVA': 1, 'MI FAMILIA': 3, 'CAMBIO': 0, 'VOS': 24}",1,16,283,0,Algún campo sin dato,0.Distrito Central,1.Guatemala,0083,presidente
1088,,"{'UNE': 8, 'AZUL': 2, 'VALOR UNIONISTA': 107, 'CABAL': 41, 'TODOS': 0, 'VAMOS': 2, 'PHG': 1, 'PR': 3, 'PIN': 0, 'ELEFANTE': 1, 'VICTORIA': 1, 'SEMILLA': 36, 'FCN-NACION': 1, 'PPN': 0, 'UR': 1, 'URNG-MAIZ WINAQ': 1, 'CREO': 11, 'BIEN': 12, 'VIVA': 5, 'MI FAMILIA': 2, 'CAMBIO': 0, 'VOS': 12}",0,19,266,0,Algún campo sin dato,0.Distrito Central,1.Guatemala,0083,presidente
1089,,"{'UNE': 2, 'AZUL': 4, 'VALOR UNIONISTA': 106, 'CABAL': 38, 'TODOS': 2, 'VAMOS': 3, 'PHG': 0, 'PR': 1, 'PIN': 0, 'ELEFANTE': 2, 'VICTORIA': 0, 'SEMILLA': 55, 'FCN-NACION': 1, 'PPN': 0, 'UR': 1, 'URNG-MAIZ WINAQ': 1, 'CREO': 6, 'BIEN': 7, 'VIVA': 3, 'MI FAMILIA': 6, 'CAMBIO': 0, 'VOS': 15}",0,18,271,0,Sumas Asentadas sin cuadrar,0.Distrito Central,1.Guatemala,0083,presidente
1090,,"{'UNE': 8, 'AZUL': 5, 'VALOR UNIONISTA': 99, 'CABAL': 48, 'TODOS': 3, 'VAMOS': 2, 'PHG': 0, 'PR': 3, 'PIN': 0, 'ELEFANTE': 1, 'VICTORIA': 0, 'SEMILLA': 37, 'FCN-NACION': 0, 'PPN': 0, 'UR': 1, 'URNG-MAIZ WINAQ': 0, 'CREO': 12, 'BIEN': 15, 'VIVA': 4, 'MI FAMILIA': 2, 'CAMBIO': 0, 'VOS': 14}",0,18,272,0,Algún campo sin dato,0.Distrito Central,1.Guatemala,0083,presidente
1091,,"{'UNE': 10, 'AZUL': 9, 'VALOR UNIONISTA': 115, 'CABAL': 45, 'TODOS': 4, 'VAMOS': 4, 'PHG': 1, 'PR': 1, 'PIN': 1, 'ELEFANTE': 1, 'VICTORIA': 1, 'SEMILLA': 46, 'FCN-NACION': 0, 'PPN': 0, 'UR': 1, 'URNG-MAIZ WINAQ': 0, 'CREO': 9, 'BIEN': 15, 'VIVA': 2, 'MI FAMILIA': 2, 'CAMBIO': 0, 'VOS': 20}",0,13,300,0,Algún campo sin dato,0.Distrito Central,1.Guatemala,0083,presidente
1092,,"{'UNE': 4, 'AZUL': 4, 'VALOR UNIONISTA': 115, 'CABAL': 42, 'TODOS': 1, 'VAMOS': 4, 'PHG': 0, 'PR': 1, 'PIN': 0, 'ELEFANTE': 0, 'VICTORIA': 2, 'SEMILLA': 42, 'FCN-NACION': 1, 'PPN': 0, 'UR': 2, 'URNG-MAIZ WINAQ': 2, 'CREO': 15, 'BIEN': 14, 'VIVA': 4, 'MI FAMILIA': 1, 'CAMBIO': 0, 'VOS': 16}",0,13,283,0,Algún campo sin dato,0.Distrito Central,1.Guatemala,0083,presidente
1093,,"{'UNE': 3, 'AZUL': 2, 'VALOR UNIONISTA': 111, 'CABAL': 35, 'TODOS': 5, 'VAMOS': 2, 'PHG': 0, 'PR': 2, 'PIN': 0, 'ELEFANTE': 2, 'VICTORIA': 1, 'SEMILLA': 42, 'FCN-NACION': 0, 'PPN': 0, 'UR': 4, 'URNG-MAIZ WINAQ': 2, 'CREO': 10, 'BIEN': 15, 'VIVA': 2, 'MI FAMILIA': 8, 'CAMBIO': 0, 'VOS': 7}",0,18,271,0,Algún campo sin dato,0.Distrito Central,1.Guatemala,0083,presidente
1094,,"{'UNE': 10, 'AZUL': 3, 'VALOR UNIONISTA': 94, 'CABAL': 39, 'TODOS': 1, 'VAMOS': 5, 'PHG': 0, 'PR': 0, 'PIN': 0, 'ELEFANTE': 0, 'VICTORIA': 3, 'SEMILLA': 40, 'FCN-NACION': 1, 'PPN': 0, 'UR': 5, 'URNG-MAIZ WINAQ': 4, 'CREO': 8, 'BIEN': 15, 'VIVA': 3, 'MI FAMILIA': 6, 'CAMBIO': 0, 'VOS': 19}",0,19,275,0,Algún campo sin dato,0.Distrito Central,1.Guatemala,0083,presidente
1095,,"{'UNE': 8, 'AZUL': 6, 'VALOR UNIONISTA': 91, 'CABAL': 33, 'TODOS': 1, 'VAMOS': 2, 'PHG': 0, 'PR': 4, 'PIN': 0, 'ELEFANTE': 1, 'VICTORIA': 2, 'SEMILLA': 35, 'FCN-NACION': 1, 'PPN': 0, 'UR': 3, 'URNG-MAIZ WINAQ': 0, 'CREO': 8, 'BIEN': 11, 'VIVA': 6, 'MI FAMILIA': 4, 'CAMBIO': 0, 'VOS': 25}",0,22,263,0,Algún campo sin dato,0.Distrito Central,1.Guatemala,0083,presidente
1096,,"{'UNE': 4, 'AZUL': 2, 'VALOR UNIONISTA': 72, 'CABAL': 29, 'TODOS': 2, 'VAMOS': 4, 'PHG': 0, 'PR': 1, 'PIN': 1, 'ELEFANTE': 4, 'VICTORIA': 1, 'SEMILLA': 46, 'FCN-NACION': 1, 'PPN': 0, 'UR': 4, 'URNG-MAIZ WINAQ': 4, 'CREO': 2, 'BIEN': 7, 'VIVA': 5, 'MI FAMILIA': 2, 'CAMBIO': 0, 'VOS': 29}",1,7,228,0,,0.Distrito Central,1.Guatemala,0083,presidente
1097,,"{'UNE': 13, 'AZUL': 5, 'VALOR UNIONISTA': 83, 'CABAL': 36, 'TODOS': 1, 'VAMOS': 1, 'PHG': 0, 'PR': 1, 'PIN': 1, 'ELEFANTE': 2, 'VICTORIA': 0, 'SEMILLA': 47, 'FCN-NACION': 0, 'PPN': 0, 'UR': 1, 'URNG-MAIZ WINAQ': 3, 'CREO': 6, 'BIEN': 10, 'VIVA': 6, 'MI FAMILIA': 5, 'CAMBIO': 0, 'VOS': 13}",0,11,245,0,Algún campo sin dato,0.Distrito Central,1.Guatemala,0083,presidente
1098,,"{'UNE': 4, 'AZUL': 4, 'VALOR UNIONISTA': 75, 'CABAL': 26, 'TODOS': 0, 'VAMOS': 1, 'PHG': 0, 'PR': 4, 'PIN': 0, 'ELEFANTE': 1, 'VICTORIA': 1, 'SEMILLA': 92, 'FCN-NACION': 0, 'PPN': 0, 'UR': 1, 'URNG-MAIZ WINAQ': 0, 'CREO': 5, 'BIEN': 18, 'VIVA': 3, 'MI FAMILIA': 1, 'CAMBIO': 0, 'VOS': 4}",1,7,248,0,Algún campo sin dato,0.Distrito Central,1.Guatemala,0083,presidente
1099,,"{'UNE': 3, 'AZUL': 1, 'VALOR UNIONISTA': 64, 'CABAL': 24, 'TODOS': 0, 'VAMOS': 3, 'PHG': 0, 'PR': 1, 'PIN': 1, 'ELEFANTE': 0, 'VICTORIA': 0, 'SEMILLA': 107, 'FCN-NACION': 1, 'PPN': 0, 'UR': 1, 'URNG-MAIZ WINAQ': 0, 'CREO': 2, 'BIEN': 15, 'VIVA': 5, 'MI FAMILIA': 3, 'CAMBIO': 0, 'VOS': 19}",1,9,260,0,Algún campo sin dato,0.Distrito Central,1.Guatemala,0083,presidente
1100,,"{'UNE': 5, 'AZUL': 1, 'VALOR UNIONISTA': 32, 'CABAL': 15, 'TODOS': 0, 'VAMOS': 5, 'PHG': 0, 'PR': 2, 'PIN': 0, 'ELEFANTE': 2, 'VICTORIA': 1, 'SEMILLA': 60, 'FCN-NACION': 0, 'PPN': 0, 'UR': 0, 'URNG-MAIZ WINAQ': 3, 'CREO': 2, 'BIEN': 9, 'VIVA': 3, 'MI FAMILIA': 0, 'CAMBIO': 0, 'VOS': 10}",0,10,160,0,Algún campo sin dato,0.Distrito Central,1.Guatemala,0083,presidente
1101,,"{'UNE': 6, 'AZUL': 7, 'VALOR UNIONISTA': 40, 'CABAL': 16, 'TODOS': 1, 'VAMOS': 1, 'PHG': 0, 'PR': 0, 'PIN': 0, 'ELEFANTE': 0, 'VICTORIA': 0, 'SEMILLA': 56, 'FCN-NACION': 1, 'PPN': 0, 'UR': 0, 'URNG-MAIZ WINAQ': 0, 'CREO': 5, 'BIEN': 10, 'VIVA': 0, 'MI FAMILIA': 1, 'CAMBIO': 0, 'VOS': 11}",0,6,161,0,Algún campo sin dato,0.Distrito Central,1.Guatemala,0083,presidente
1102,,"{'UNE': 13, 'AZUL': 4, 'VALOR UNIONISTA': 68, 'CABAL': 34, 'TODOS': 4, 'VAMOS': 2, 'PHG': 1, 'PR': 1, 'PIN': 0, 'ELEFANTE': 5, 'VICTORIA': 4, 'SEMILLA': 67, 'FCN-NACION': 1, 'PPN': 1, 'UR': 7, 'URNG-MAIZ WINAQ': 4, 'CREO': 5, 'BIEN': 16, 'VIVA': 7, 'MI FAMILIA': 7, 'CAMBIO': 0, 'VOS': 23}",2,21,297,0,Algún campo sin dato,0.Distrito Central,1.Guatemala,0084,presidente
1103,,"{'UNE': 13, 'AZUL': 4, 'VALOR UNIONISTA': 67, 'CABAL': 32, 'TODOS': 3, 'VAMOS': 8, 'PHG': 1, 'PR': 3, 'PIN': 0, 'ELEFANTE': 3, 'VICTORIA': 1, 'SEMILLA': 58, 'FCN-NACION': 0, 'PPN': 2, 'UR': 2, 'URNG-MAIZ WINAQ': 8, 'CREO': 4, 'BIEN': 20, 'VIVA': 18, 'MI FAMILIA': 6, 'CAMBIO': 0, 'VOS': 32}",0,19,304,0,Algún campo sin dato,0.Distrito Central,1.Guatemala,0084,presidente
1104,,"{'UNE': 12, 'AZUL': 3, 'VALOR UNIONISTA': 65, 'CABAL': 29, 'TODOS': 0, 'VAMOS': 6, 'PHG': 0, 'PR': 6, 'PIN': 1, 'ELEFANTE': 2, 'VICTORIA': 4, 'SEMILLA': 48, 'FCN-NACION': 1, 'PPN': 0, 'UR': 6, 'URNG-MAIZ WINAQ': 5, 'CREO': 5, 'BIEN': 15, 'VIVA': 14, 'MI FAMILIA': 10, 'CAMBIO': 0, 'VOS': 26}",0,23,281,0,Algún campo sin dato,0.Distrito Central,1.Guatemala,0084,presidente
1105,,"{'UNE': 12, 'AZUL': 3, 'VALOR UNIONISTA': 73, 'CABAL': 29, 'TODOS': 1, 'VAMOS': 3, 'PHG': 1, 'PR': 4, 'PIN': 1, 'ELEFANTE': 4, 'VICTORIA': 4, 'SEMILLA': 62, 'FCN-NACION': 1, 'PPN': 2, 'UR': 4, 'URNG-MAIZ WINAQ': 1, 'CREO': 12, 'BIEN': 13, 'VIVA': 11, 'MI FAMILIA': 1, 'CAMBIO': 1, 'VOS': 21}",0,22,286,0,Sumas Asentadas sin cuadrar,0.Distrito Central,1.Guatemala,0084,presidente
1106,,"{'UNE': 24, 'AZUL': 5, 'VALOR UNIONISTA': 62, 'CABAL': 29, 'TODOS': 1, 'VAMOS': 2, 'PHG': 0, 'PR': 3, 'PIN': 1, 'ELEFANTE': 4, 'VICTORIA': 3, 'SEMILLA': 51, 'FCN-NACION': 0, 'PPN': 3, 'UR': 8, 'URNG-MAIZ WINAQ': 0, 'CREO': 7, 'BIEN': 17, 'VIVA': 19, 'MI FAMILIA': 8, 'CAMBIO': 0, 'VOS': 21}",1,21,290,0,Algún campo sin dato,0.Distrito Central,1.Guatemala,0084,presidente
1107,,"{'UNE': 13, 'AZUL': 8, 'VALOR UNIONISTA': 74, 'CABAL': 20, 'TODOS': 1, 'VAMOS': 5, 'PHG': 0, 'PR': 3, 'PIN': 0, 'ELEFANTE': 5, 'VICTORIA': 2, 'SEMILLA': 47, 'FCN-NACION': 0, 'PPN': 0, 'UR': 4, 'URNG-MAIZ WINAQ': 5, 'CREO': 7, 'BIEN': 9, 'VIVA': 11, 'MI FAMILIA': 4, 'CAMBIO': 1, 'VOS': 28}",2,29,278,0,Algún campo sin dato,0.Distrito Central,1.Guatemala,0084,presidente
1108,,"{'UNE': 11, 'AZUL': 3, 'VALOR UNIONISTA': 52, 'CABAL': 21, 'TODOS': 1, 'VAMOS': 4, 'PHG': 0, 'PR': 2, 'PIN': 0, 'ELEFANTE': 4, 'VICTORIA': 2, 'SEMILLA': 82, 'FCN-NACION': 1, 'PPN': 1, 'UR': 5, 'URNG-MAIZ WINAQ': 2, 'CREO': 1, 'BIEN': 21, 'VIVA': 8, 'MI FAMILIA': 2, 'CAMBIO': 0, 'VOS': 35}",0,19,277,122,Algún campo sin dato,0.Distrito Central,1.Guatemala,0084,presidente
1109,,"{'UNE': 23, 'AZUL': 7, 'VALOR UNIONISTA': 57, 'CABAL': 24, 'TODOS': 1, 'VAMOS': 2, 'PHG': 0, 'PR': 2, 'PIN': 0, 'ELEFANTE': 2, 'VICTORIA': 3, 'SEMILLA': 74, 'FCN-NACION': 1, 'PPN': 1, 'UR': 3, 'URNG-MAIZ WINAQ': 3, 'CREO': 5, 'BIEN': 18, 'VIVA': 13, 'MI FAMILIA': 4, 'CAMBIO': 1, 'VOS': 17}",1,23,285,0,Algún campo sin dato,0.Distrito Central,1.Guatemala,0084,presidente
1110,,"{'UNE': 12, 'AZUL': 8, 'VALOR UNIONISTA': 56, 'CABAL': 34, 'TODOS': 0, 'VAMOS': 4, 'PHG': 0, 'PR': 4, 'PIN': 1, 'ELEFANTE': 1, 'VICTORIA': 5, 'SEMILLA': 72, 'FCN-NACION': 0, 'PPN': 0, 'UR': 1, 'URNG-MAIZ WINAQ': 3, 'CREO': 7, 'BIEN': 19, 'VIVA': 10, 'MI FAMILIA': 5, 'CAMBIO': 0, 'VOS': 27}",2,20,291,0,Algún campo sin dato,0.Distrito Central,1.Guatemala,0084,presidente
1111,,"{'UNE': 9, 'AZUL': 3, 'VALOR UNIONISTA': 74, 'CABAL': 32, 'TODOS': 1, 'VAMOS': 6, 'PHG': 1, 'PR': 3, 'PIN': 0, 'ELEFANTE': 3, 'VICTORIA': 1, 'SEMILLA': 58, 'FCN-NACION': 2, 'PPN': 1, 'UR': 7, 'URNG-MAIZ WINAQ': 2, 'CREO': 9, 'BIEN': 11, 'VIVA': 15, 'MI FAMILIA': 6, 'CAMBIO': 0, 'VOS': 16}",1,19,280,0,Algún campo sin dato,0.Distrito Central,1.Guatemala,0084,presidente
1112,,"{'UNE': 9, 'AZUL': 8, 'VALOR UNIONISTA': 72, 'CABAL': 38, 'TODOS': 3, 'VAMOS': 6, 'PHG': 1, 'PR': 3, 'PIN': 0, 'ELEFANTE': 4, 'VICTORIA': 0, 'SEMILLA': 56, 'FCN-NACION': 0, 'PPN': 2, 'UR': 3, 'URNG-MAIZ WINAQ': 2, 'CREO': 9, 'BIEN': 17, 'VIVA': 12, 'MI FAMILIA': 3, 'CAMBIO': 0, 'VOS': 20}",1,19,288,0,Algún campo sin dato,0.Distrito Central,1.Guatemala,0084,presidente
1113,,"{'UNE': 11, 'AZUL': 5, 'VALOR UNIONISTA': 90, 'CABAL': 31, 'TODOS': 0, 'VAMOS': 7, 'PHG': 0, 'PR': 2, 'PIN': 0, 'ELEFANTE': 4, 'VICTORIA': 3, 'SEMILLA': 63, 'FCN-NACION': 1, 'PPN': 1, 'UR': 7, 'URNG-MAIZ WINAQ': 2, 'CREO': 5, 'BIEN': 17, 'VIVA': 10, 'MI FAMILIA': 3, 'CAMBIO': 0, 'VOS': 13}",0,18,293,0,Algún campo sin dato,0.Distrito Central,1.Guatemala,0084,presidente
1114,,"{'UNE': 9, 'AZUL': 4, 'VALOR UNIONISTA': 80, 'CABAL': 46, 'TODOS': 1, 'VAMOS': 4, 'PHG': 1, 'PR': 2, 'PIN': 1, 'ELEFANTE': 3, 'VICTORIA': 2, 'SEMILLA': 59, 'FCN-NACION': 1, 'PPN': 0, 'UR': 7, 'URNG-MAIZ WINAQ': 1, 'CREO': 7, 'BIEN': 17, 'VIVA': 10, 'MI FAMILIA': 4, 'CAMBIO': 0, 'VOS': 22}",1,20,302,0,Algún campo sin dato,0.Distrito Central,1.Guatemala,0084,presidente
1115,,"{'UNE': 14, 'AZUL': 2, 'VALOR UNIONISTA': 72, 'CABAL': 29, 'TODOS': 2, 'VAMOS': 2, 'PHG': 1, 'PR': 3, 'PIN': 0, 'ELEFANTE': 4, 'VICTORIA': 2, 'SEMILLA': 61, 'FCN-NACION': 1, 'PPN': 0, 'UR': 1, 'URNG-MAIZ WINAQ': 1, 'CREO': 8, 'BIEN': 14, 'VIVA': 9, 'MI FAMILIA': 3, 'CAMBIO': 0, 'VOS': 17}",2,25,273,0,Algún campo sin dato,0.Distrito Central,1.Guatemala,0084,presidente
1116,,"{'UNE': 18, 'AZUL': 2, 'VALOR UNIONISTA': 71, 'CABAL': 24, 'TODOS': 0, 'VAMOS': 1, 'PHG': 1, 'PR': 2, 'PIN': 0, 'ELEFANTE': 1, 'VICTORIA': 2, 'SEMILLA': 59, 'FCN-NACION': 0, 'PPN': 1, 'UR': 2, 'URNG-MAIZ WINAQ': 1, 'CREO': 6, 'BIEN': 11, 'VIVA': 8, 'MI FAMILIA': 8, 'CAMBIO': 0, 'VOS': 17}",0,38,273,1,Algún campo sin dato,0.Distrito Central,1.Guatemala,0084,presidente
1117,,"{'UNE': 13, 'AZUL': 8, 'VALOR UNIONISTA': 69, 'CABAL': 24, 'TODOS': 3, 'VAMOS': 4, 'PHG': 3, 'PR': 4, 'PIN': 2, 'ELEFANTE': 2, 'VICTORIA': 3, 'SEMILLA': 68, 'FCN-NACION': 0, 'PPN': 0, 'UR': 3, 'URNG-MAIZ WINAQ': 4, 'CREO': 12, 'BIEN': 21, 'VIVA': 7, 'MI FAMILIA': 2, 'CAMBIO': 0, 'VOS': 24}",0,20,296,0,Algún campo sin dato,0.Distrito Central,1.Guatemala,0084,presidente
1118,,"{'UNE': 14, 'AZUL': 6, 'VALOR UNIONISTA': 58, 'CABAL': 17, 'TODOS': 0, 'VAMOS': 7, 'PHG': 0, 'PR': 4, 'PIN': 3, 'ELEFANTE': 4, 'VICTORIA': 3, 'SEMILLA': 57, 'FCN-NACION': 1, 'PPN': 1, 'UR': 6, 'URNG-MAIZ WINAQ': 4, 'CREO': 6, 'BIEN': 12, 'VIVA': 11, 'MI FAMILIA': 6, 'CAMBIO': 0, 'VOS': 26}",1,25,272,4,Algún campo sin dato,0.Distrito Central,1.Guatemala,0084,presidente
1119,,"{'UNE': 5, 'AZUL': 3, 'VALOR UNIONISTA': 69, 'CABAL': 17, 'TODOS': 0, 'VAMOS': 1, 'PHG': 2, 'PR': 5, 'PIN': 2, 'ELEFANTE': 1, 'VICTORIA': 6, 'SEMILLA': 75, 'FCN-NACION': 0, 'PPN': 0, 'UR': 1, 'URNG-MAIZ WINAQ': 3, 'CREO': 9, 'BIEN': 19, 'VIVA': 9, 'MI FAMILIA': 2, 'CAMBIO': 0, 'VOS': 19}",0,23,271,3,Algún campo sin dato,0.Distrito Central,1.Guatemala,0084,presidente
1120,,"{'UNE': 7, 'AZUL': 1, 'VALOR UNIONISTA': 46, 'CABAL': 15, 'TODOS': 0, 'VAMOS': 2, 'PHG': 0, 'PR': 0, 'PIN': 2, 'ELEFANTE': 1, 'VICTORIA': 2, 'SEMILLA': 97, 'FCN-NACION': 0, 'PPN': 1, 'UR': 2, 'URNG-MAIZ WINAQ': 1, 'CREO': 7, 'BIEN': 25, 'VIVA': 6, 'MI FAMILIA': 6, 'CAMBIO': 0, 'VOS': 21}",3,12,257,0,Algún campo sin dato,0.Distrito Central,1.Guatemala,0084,presidente
1121,,"{'UNE': 7, 'AZUL': 1, 'VALOR UNIONISTA': 17, 'CABAL': 12, 'TODOS': 1, 'VAMOS': 0, 'PHG': 0, 'PR': 1, 'PIN': 0, 'ELEFANTE': 1, 'VICTORIA': 1, 'SEMILLA': 111, 'FCN-NACION': 1, 'PPN': 1, 'UR': 3, 'URNG-MAIZ WINAQ': 2, 'CREO': 2, 'BIEN': 16, 'VIVA': 7, 'MI FAMILIA': 0, 'CAMBIO': 0, 'VOS': 19}",0,16,219,0,Algún campo sin dato,0.Distrito Central,1.Guatemala,0084,presidente
1122,,"{'UNE': 2, 'AZUL': 3, 'VALOR UNIONISTA': 27, 'CABAL': 10, 'TODOS': 1, 'VAMOS': 3, 'PHG': 1, 'PR': 5, 'PIN': 0, 'ELEFANTE': 2, 'VICTORIA': 2, 'SEMILLA': 84, 'FCN-NACION': 0, 'PPN': 0, 'UR': 1, 'URNG-MAIZ WINAQ': 2, 'CREO': 4, 'BIEN': 10, 'VIVA': 3, 'MI FAMILIA': 3, 'CAMBIO': 0, 'VOS': 11}",0,14,188,0,Algún campo sin dato,0.Distrito Central,1.Guatemala,0084,presidente
1123,,"{'UNE': 6, 'AZUL': 9, 'VALOR UNIONISTA': 98, 'CABAL': 49, 'TODOS': 0, 'VAMOS': 1, 'PHG': 0, 'PR': 2, 'PIN': 3, 'ELEFANTE': 0, 'VICTORIA': 1, 'SEMILLA': 52, 'FCN-NACION': 0, 'PPN': 1, 'UR': 2, 'URNG-MAIZ WINAQ': 0, 'CREO': 5, 'BIEN': 15, 'VIVA': 3, 'MI FAMILIA': 1, 'CAMBIO': 0, 'VOS': 20}",0,17,285,268,Algún campo sin dato,0.Distrito Central,1.Guatemala,0085,presidente
1124,,"{'UNE': 8, 'AZUL': 5, 'VALOR UNIONISTA': 107, 'CABAL': 49, 'TODOS': 1, 'VAMOS': 3, 'PHG': 0, 'PR': 3, 'PIN': 1, 'ELEFANTE': 2, 'VICTORIA': 0, 'SEMILLA': 30, 'FCN-NACION': 1, 'PPN': 0, 'UR': 0, 'URNG-MAIZ WINAQ': 1, 'CREO': 10, 'BIEN': 14, 'VIVA': 3, 'MI FAMILIA': 1, 'CAMBIO': 0, 'VOS': 26}",0,24,289,0,Algún campo sin dato,0.Distrito Central,1.Guatemala,0085,presidente
1125,,"{'UNE': 13, 'AZUL': 3, 'VALOR UNIONISTA': 130, 'CABAL': 35, 'TODOS': 1, 'VAMOS': 2, 'PHG': 0, 'PR': 3, 'PIN': 0, 'ELEFANTE': 2, 'VICTORIA': 1, 'SEMILLA': 37, 'FCN-NACION': 0, 'PPN': 0, 'UR': 2, 'URNG-MAIZ WINAQ': 0, 'CREO': 11, 'BIEN': 16, 'VIVA': 3, 'MI FAMILIA': 5, 'CAMBIO': 0, 'VOS': 19}",0,17,300,0,,0.Distrito Central,1.Guatemala,0085,presidente
1126,,"{'UNE': 7, 'AZUL': 3, 'VALOR UNIONISTA': 118, 'CABAL': 41, 'TODOS': 2, 'VAMOS': 4, 'PHG': 0, 'PR': 0, 'PIN': 1, 'ELEFANTE': 0, 'VICTORIA': 0, 'SEMILLA': 43, 'FCN-NACION': 3, 'PPN': 0, 'UR': 0, 'URNG-MAIZ WINAQ': 2, 'CREO': 14, 'BIEN': 20, 'VIVA': 2, 'MI FAMILIA': 5, 'CAMBIO': 0, 'VOS': 23}",0,18,306,0,Sumas Asentadas sin cuadrar,0.Distrito Central,1.Guatemala,0085,presidente
1127,,"{'UNE': 7, 'AZUL': 4, 'VALOR UNIONISTA': 115, 'CABAL': 39, 'TODOS': 4, 'VAMOS': 4, 'PHG': 0, 'PR': 1, 'PIN': 1, 'ELEFANTE': 0, 'VICTORIA': 0, 'SEMILLA': 33, 'FCN-NACION': 0, 'PPN': 0, 'UR': 3, 'URNG-MAIZ WINAQ': 1, 'CREO': 18, 'BIEN': 22, 'VIVA': 2, 'MI FAMILIA': 0, 'CAMBIO': 0, 'VOS': 21}",0,8,283,0,Algún campo sin dato,0.Distrito Central,1.Guatemala,0085,presidente
1128,,"{'UNE': 8, 'AZUL': 2, 'VALOR UNIONISTA': 103, 'CABAL': 48, 'TODOS': 3, 'VAMOS': 3, 'PHG': 0, 'PR': 2, 'PIN': 0, 'ELEFANTE': 2, 'VICTORIA': 0, 'SEMILLA': 44, 'FCN-NACION': 0, 'PPN': 0, 'UR': 2, 'URNG-MAIZ WINAQ': 0, 'CREO': 7, 'BIEN': 12, 'VIVA': 0, 'MI FAMILIA': 3, 'CAMBIO': 0, 'VOS': 18}",0,20,277,0,Algún campo sin dato,0.Distrito Central,1.Guatemala,0085,presidente
1129,,"{'UNE': 9, 'AZUL': 3, 'VALOR UNIONISTA': 92, 'CABAL': 54, 'TODOS': 2, 'VAMOS': 2, 'PHG': 0, 'PR': 3, 'PIN': 1, 'ELEFANTE': 2, 'VICTORIA': 0, 'SEMILLA': 33, 'FCN-NACION': 1, 'PPN': 0, 'UR': 1, 'URNG-MAIZ WINAQ': 0, 'CREO': 13, 'BIEN': 20, 'VIVA': 3, 'MI FAMILIA': 3, 'CAMBIO': 0, 'VOS': 19}",1,21,283,0,Sumas Asentadas sin cuadrar,0.Distrito Central,1.Guatemala,0085,presidente
1130,,"{'UNE': 7, 'AZUL': 4, 'VALOR UNIONISTA': 96, 'CABAL': 41, 'TODOS': 1, 'VAMOS': 5, 'PHG': 1, 'PR': 0, 'PIN': 3, 'ELEFANTE': 2, 'VICTORIA': 1, 'SEMILLA': 47, 'FCN-NACION': 1, 'PPN': 0, 'UR': 0, 'URNG-MAIZ WINAQ': 1, 'CREO': 7, 'BIEN': 18, 'VIVA': 3, 'MI FAMILIA': 4, 'CAMBIO': 0, 'VOS': 14}",130,14,400,0,Algún campo sin dato,0.Distrito Central,1.Guatemala,0085,presidente
1131,,"{'UNE': 6, 'AZUL': 2, 'VALOR UNIONISTA': 88, 'CABAL': 39, 'TODOS': 0, 'VAMOS': 2, 'PHG': 0, 'PR': 0, 'PIN': 0, 'ELEFANTE': 4, 'VICTORIA': 1, 'SEMILLA': 60, 'FCN-NACION': 0, 'PPN': 0, 'UR': 1, 'URNG-MAIZ WINAQ': 1, 'CREO': 8, 'BIEN': 25, 'VIVA': 3, 'MI FAMILIA': 3, 'CAMBIO': 0, 'VOS': 14}",1,11,269,0,Algún campo sin dato,0.Distrito Central,1.Guatemala,0085,presidente
1132,,"{'UNE': 7, 'AZUL': 0, 'VALOR UNIONISTA': 105, 'CABAL': 49, 'TODOS': 2, 'VAMOS': 6, 'PHG': 0, 'PR': 2, 'PIN': 2, 'ELEFANTE': 0, 'VICTORIA': 0, 'SEMILLA': 41, 'FCN-NACION': 1, 'PPN': 0, 'UR': 0, 'URNG-MAIZ WINAQ': 0, 'CREO': 14, 'BIEN': 25, 'VIVA': 1, 'MI FAMILIA': 4, 'CAMBIO': 0, 'VOS': 17}",0,45,321,0,Sumas Asentadas sin cuadrar,0.Distrito Central,1.Guatemala,0085,presidente
1133,,"{'UNE': 8, 'AZUL': 7, 'VALOR UNIONISTA': 90, 'CABAL': 54, 'TODOS': 0, 'VAMOS': 2, 'PHG': 0, 'PR': 0, 'PIN': 0, 'ELEFANTE': 0, 'VICTORIA': 0, 'SEMILLA': 36, 'FCN-NACION': 0, 'PPN': 0, 'UR': 1, 'URNG-MAIZ WINAQ': 0, 'CREO': 20, 'BIEN': 19, 'VIVA': 1, 'MI FAMILIA': 8, 'CAMBIO': 0, 'VOS': 24}",0,17,287,0,Algún campo sin dato,0.Distrito Central,1.Guatemala,0085,presidente
1134,,"{'UNE': 2, 'AZUL': 3, 'VALOR UNIONISTA': 94, 'CABAL': 64, 'TODOS': 5, 'VAMOS': 0, 'PHG': 0, 'PR': 3, 'PIN': 1, 'ELEFANTE': 5, 'VICTORIA': 1, 'SEMILLA': 50, 'FCN-NACION': 0, 'PPN': 0, 'UR': 0, 'URNG-MAIZ WINAQ': 1, 'CREO': 9, 'BIEN': 22, 'VIVA': 1, 'MI FAMILIA': 2, 'CAMBIO': 0, 'VOS': 20}",0,25,308,0,Algún campo sin dato,0.Distrito Central,1.Guatemala,0085,presidente
1135,,"{'UNE': 1, 'AZUL': 5, 'VALOR UNIONISTA': 100, 'CABAL': 33, 'TODOS': 0, 'VAMOS': 5, 'PHG': 0, 'PR': 2, 'PIN': 1, 'ELEFANTE': 0, 'VICTORIA': 1, 'SEMILLA': 43, 'FCN-NACION': 0, 'PPN': 0, 'UR': 3, 'URNG-MAIZ WINAQ': 2, 'CREO': 10, 'BIEN': 18, 'VIVA': 2, 'MI FAMILIA': 2, 'CAMBIO': 4, 'VOS': 0}",1,24,257,0,Sumas Asentadas sin cuadrar,0.Distrito Central,1.Guatemala,0085,presidente
1136,,"{'UNE': 2, 'AZUL': 3, 'VALOR UNIONISTA': 116, 'CABAL': 60, 'TODOS': 0, 'VAMOS': 3, 'PHG': 0, 'PR': 1, 'PIN': 0, 'ELEFANTE': 1, 'VICTORIA': 0, 'SEMILLA': 46, 'FCN-NACION': 0, 'PPN': 0, 'UR': 0, 'URNG-MAIZ WINAQ': 1, 'CREO': 12, 'BIEN': 20, 'VIVA': 2, 'MI FAMILIA': 2, 'CAMBIO': 0, 'VOS': 15}",0,14,298,0,Algún campo sin dato,0.Distrito Central,1.Guatemala,0085,presidente
1137,,"{'UNE': 5, 'AZUL': 4, 'VALOR UNIONISTA': 129, 'CABAL': 41, 'TODOS': 1, 'VAMOS': 2, 'PHG': 0, 'PR': 0, 'PIN': 0, 'ELEFANTE': 1, 'VICTORIA': 0, 'SEMILLA': 42, 'FCN-NACION': 2, 'PPN': 0, 'UR': 1, 'URNG-MAIZ WINAQ': 0, 'CREO': 20, 'BIEN': 18, 'VIVA': 2, 'MI FAMILIA': 1, 'CAMBIO': 0, 'VOS': 20}",0,12,301,0,Algún campo sin dato,0.Distrito Central,1.Guatemala,0085,presidente
1138,,"{'UNE': 6, 'AZUL': 4, 'VALOR UNIONISTA': 129, 'CABAL': 46, 'TODOS': 1, 'VAMOS': 2, 'PHG': 0, 'PR': 0, 'PIN': 0, 'ELEFANTE': 2, 'VICTORIA': 1, 'SEMILLA': 47, 'FCN-NACION': 0, 'PPN': 0, 'UR': 2, 'URNG-MAIZ WINAQ': 0, 'CREO': 9, 'BIEN': 20, 'VIVA': 1, 'MI FAMILIA': 3, 'CAMBIO': 1, 'VOS': 25}",0,12,311,0,Algún campo sin dato,0.Distrito Central,1.Guatemala,0086,presidente
1139,,"{'UNE': 5, 'AZUL': 7, 'VALOR UNIONISTA': 110, 'CABAL': 48, 'TODOS': 0, 'VAMOS': 2, 'PHG': 0, 'PR': 2, 'PIN': 2, 'ELEFANTE': 2, 'VICTORIA': 1, 'SEMILLA': 31, 'FCN-NACION': 0, 'PPN': 0, 'UR': 0, 'URNG-MAIZ WINAQ': 2, 'CREO': 5, 'BIEN': 26, 'VIVA': 3, 'MI FAMILIA': 2, 'CAMBIO': 0, 'VOS': 15}",0,15,278,0,Algún campo sin dato,0.Distrito Central,1.Guatemala,0086,presidente
1140,,"{'UNE': 9, 'AZUL': 6, 'VALOR UNIONISTA': 102, 'CABAL': 41, 'TODOS': 2, 'VAMOS': 1, 'PHG': 1, 'PR': 2, 'PIN': 0, 'ELEFANTE': 1, 'VICTORIA': 1, 'SEMILLA': 47, 'FCN-NACION': 2, 'PPN': 1, 'UR': 0, 'URNG-MAIZ WINAQ': 0, 'CREO': 5, 'BIEN': 21, 'VIVA': 1, 'MI FAMILIA': 3, 'CAMBIO': 0, 'VOS': 21}",0,19,286,0,Algún campo sin dato,0.Distrito Central,1.Guatemala,0086,presidente
1141,,"{'UNE': 8, 'AZUL': 1, 'VALOR UNIONISTA': 90, 'CABAL': 48, 'TODOS': 1, 'VAMOS': 2, 'PHG': 0, 'PR': 1, 'PIN': 2, 'ELEFANTE': 5, 'VICTORIA': 0, 'SEMILLA': 46, 'FCN-NACION': 0, 'PPN': 0, 'UR': 1, 'URNG-MAIZ WINAQ': 0, 'CREO': 17, 'BIEN': 22, 'VIVA': 0, 'MI FAMILIA': 0, 'CAMBIO': 0, 'VOS': 21}",0,19,284,116,Algún campo sin dato,0.Distrito Central,1.Guatemala,0086,presidente
1142,,"{'UNE': 6, 'AZUL': 6, 'VALOR UNIONISTA': 116, 'CABAL': 45, 'TODOS': 2, 'VAMOS': 4, 'PHG': 1, 'PR': 0, 'PIN': 1, 'ELEFANTE': 3, 'VICTORIA': 0, 'SEMILLA': 45, 'FCN-NACION': 2, 'PPN': 0, 'UR': 0, 'URNG-MAIZ WINAQ': 0, 'CREO': 11, 'BIEN': 16, 'VIVA': 1, 'MI FAMILIA': 1, 'CAMBIO': 0, 'VOS': 13}",0,18,291,0,Algún campo sin dato,0.Distrito Central,1.Guatemala,0086,presidente
1143,,"{'UNE': 5, 'AZUL': 4, 'VALOR UNIONISTA': 116, 'CABAL': 42, 'TODOS': 2, 'VAMOS': 4, 'PHG': 0, 'PR': 0, 'PIN': 1, 'ELEFANTE': 2, 'VICTORIA': 0, 'SEMILLA': 39, 'FCN-NACION': 1, 'PPN': 0, 'UR': 1, 'URNG-MAIZ WINAQ': 0, 'CREO': 10, 'BIEN': 25, 'VIVA': 3, 'MI FAMILIA': 1, 'CAMBIO': 0, 'VOS': 24}",0,18,298,0,Algún campo sin dato,0.Distrito Central,1.Guatemala,0086,presidente
1144,,"{'UNE': 5, 'AZUL': 2, 'VALOR UNIONISTA': 112, 'CABAL': 42, 'TODOS': 1, 'VAMOS': 2, 'PHG': 0, 'PR': 3, 'PIN': 1, 'ELEFANTE': 0, 'VICTORIA': 1, 'SEMILLA': 38, 'FCN-NACION': 1, 'PPN': 0, 'UR': 1, 'URNG-MAIZ WINAQ': 0, 'CREO': 10, 'BIEN': 22, 'VIVA': 0, 'MI FAMILIA': 4, 'CAMBIO': 0, 'VOS': 11}",0,7,263,0,Algún campo sin dato,0.Distrito Central,1.Guatemala,0086,presidente
1145,,"{'UNE': 5, 'AZUL': 2, 'VALOR UNIONISTA': 85, 'CABAL': 37, 'TODOS': 4, 'VAMOS': 5, 'PHG': 0, 'PR': 2, 'PIN': 0, 'ELEFANTE': 0, 'VICTORIA': 1, 'SEMILLA': 50, 'FCN-NACION': 0, 'PPN': 0, 'UR': 2, 'URNG-MAIZ WINAQ': 0, 'CREO': 8, 'BIEN': 16, 'VIVA': 3, 'MI FAMILIA': 2, 'CAMBIO': 0, 'VOS': 15}",0,10,247,0,Algún campo sin dato,0.Distrito Central,1.Guatemala,0086,presidente
1146,,"{'UNE': 4, 'AZUL': 3, 'VALOR UNIONISTA': 85, 'CABAL': 30, 'TODOS': 0, 'VAMOS': 3, 'PHG': 0, 'PR': 0, 'PIN': 0, 'ELEFANTE': 4, 'VICTORIA': 0, 'SEMILLA': 53, 'FCN-NACION': 2, 'PPN': 0, 'UR': 0, 'URNG-MAIZ WINAQ': 1, 'CREO': 9, 'BIEN': 21, 'VIVA': 0, 'MI FAMILIA': 2, 'CAMBIO': 1, 'VOS': 18}",1,8,245,0,Algún campo sin dato,0.Distrito Central,1.Guatemala,0086,presidente
1147,,"{'UNE': 6, 'AZUL': 1, 'VALOR UNIONISTA': 81, 'CABAL': 40, 'TODOS': 1, 'VAMOS': 3, 'PHG': 0, 'PR': 1, 'PIN': 0, 'ELEFANTE': 0, 'VICTORIA': 0, 'SEMILLA': 90, 'FCN-NACION': 0, 'PPN': 0, 'UR': 0, 'URNG-MAIZ WINAQ': 0, 'CREO': 3, 'BIEN': 24, 'VIVA': 4, 'MI FAMILIA': 1, 'CAMBIO': 0, 'VOS': 20}",0,6,281,119,Algún campo sin dato,0.Distrito Central,1.Guatemala,0086,presidente
1148,,"{'UNE': 6, 'AZUL': 1, 'VALOR UNIONISTA': 66, 'CABAL': 17, 'TODOS': 0, 'VAMOS': 4, 'PHG': 0, 'PR': 1, 'PIN': 1, 'ELEFANTE': 2, 'VICTORIA': 2, 'SEMILLA': 95, 'FCN-NACION': 0, 'PPN': 0, 'UR': 0, 'URNG-MAIZ WINAQ': 1, 'CREO': 1, 'BIEN': 14, 'VIVA': 0, 'MI FAMILIA': 3, 'CAMBIO': 2, 'VOS': 19}",1,10,246,0,Algún campo sin dato,0.Distrito Central,1.Guatemala,0087,presidente
1149,,"{'UNE': 2, 'AZUL': 0, 'VALOR UNIONISTA': 37, 'CABAL': 21, 'TODOS': 0, 'VAMOS': 2, 'PHG': 0, 'PR': 0, 'PIN': 1, 'ELEFANTE': 3, 'VICTORIA': 0, 'SEMILLA': 47, 'FCN-NACION': 0, 'PPN': 0, 'UR': 0, 'URNG-MAIZ WINAQ': 0, 'CREO': 4, 'BIEN': 8, 'VIVA': 0, 'MI FAMILIA': 1, 'CAMBIO': 0, 'VOS': 10}",0,0,136,0,Algún campo sin dato,0.Distrito Central,1.Guatemala,0087,presidente
1150,,"{'UNE': 2, 'AZUL': 0, 'VALOR UNIONISTA': 38, 'CABAL': 24, 'TODOS': 0, 'VAMOS': 1, 'PHG': 1, 'PR': 0, 'PIN': 1, 'ELEFANTE': 0, 'VICTORIA': 0, 'SEMILLA': 21, 'FCN-NACION': 0, 'PPN': 0, 'UR': 0, 'URNG-MAIZ WINAQ': 0, 'CREO': 3, 'BIEN': 9, 'VIVA': 0, 'MI FAMILIA': 1, 'CAMBIO': 0, 'VOS': 5}",0,4,110,0,Algún campo sin dato,0.Distrito Central,1.Guatemala,0087,presidente
1151,,"{'UNE': 10, 'AZUL': 4, 'VALOR UNIONISTA': 69, 'CABAL': 38, 'TODOS': 1, 'VAMOS': 6, 'PHG': 0, 'PR': 6, 'PIN': 1, 'ELEFANTE': 2, 'VICTORIA': 1, 'SEMILLA': 62, 'FCN-NACION': 0, 'PPN': 0, 'UR': 2, 'URNG-MAIZ WINAQ': 0, 'CREO': 6, 'BIEN': 20, 'VIVA': 2, 'MI FAMILIA': 0, 'CAMBIO': 0, 'VOS': 26}",0,13,269,0,Algún campo sin dato,0.Distrito Central,1.Guatemala,0088,presidente
1152,,"{'UNE': 6, 'AZUL': 5, 'VALOR UNIONISTA': 89, 'CABAL': 29, 'TODOS': 2, 'VAMOS': 1, 'PHG': 0, 'PR': 3, 'PIN': 0, 'ELEFANTE': 1, 'VICTORIA': 2, 'SEMILLA': 59, 'FCN-NACION': 0, 'PPN': 0, 'UR': 2, 'URNG-MAIZ WINAQ': 0, 'CREO': 6, 'BIEN': 23, 'VIVA': 4, 'MI FAMILIA': 5, 'CAMBIO': 0, 'VOS': 33}",0,18,288,0,Algún campo sin dato,0.Distrito Central,1.Guatemala,0088,presidente
1153,,"{'UNE': 7, 'AZUL': 4, 'VALOR UNIONISTA': 69, 'CABAL': 37, 'TODOS': 1, 'VAMOS': 7, 'PHG': 0, 'PR': 4, 'PIN': 0, 'ELEFANTE': 4, 'VICTORIA': 2, 'SEMILLA': 57, 'FCN-NACION': 0, 'PPN': 0, 'UR': 3, 'URNG-MAIZ WINAQ': 0, 'CREO': 8, 'BIEN': 24, 'VIVA': 3, 'MI FAMILIA': 3, 'CAMBIO': 0, 'VOS': 29}",1,17,280,0,Algún campo sin dato,0.Distrito Central,1.Guatemala,0088,presidente
1154,,"{'UNE': 6, 'AZUL': 5, 'VALOR UNIONISTA': 67, 'CABAL': 35, 'TODOS': 2, 'VAMOS': 7, 'PHG': 0, 'PR': 3, 'PIN': 2, 'ELEFANTE': 1, 'VICTORIA': 0, 'SEMILLA': 88, 'FCN-NACION': 0, 'PPN': 0, 'UR': 0, 'URNG-MAIZ WINAQ': 0, 'CREO': 7, 'BIEN': 20, 'VIVA': 1, 'MI FAMILIA': 5, 'CAMBIO': 0, 'VOS': 19}",0,12,280,1,Algún campo sin dato,0.Distrito Central,1.Guatemala,0088,presidente
1155,,"{'UNE': 6, 'AZUL': 5, 'VALOR UNIONISTA': 75, 'CABAL': 37, 'TODOS': 1, 'VAMOS': 6, 'PHG': 0, 'PR': 4, 'PIN': 0, 'ELEFANTE': 1, 'VICTORIA': 0, 'SEMILLA': 74, 'FCN-NACION': 1, 'PPN': 0, 'UR': 0, 'URNG-MAIZ WINAQ': 0, 'CREO': 4, 'BIEN': 23, 'VIVA': 3, 'MI FAMILIA': 4, 'CAMBIO': 0, 'VOS': 32}",0,24,300,0,Sumas Asentadas sin cuadrar,0.Distrito Central,1.Guatemala,0088,presidente
1156,,"{'UNE': 1, 'AZUL': 4, 'VALOR UNIONISTA': 61, 'CABAL': 39, 'TODOS': 3, 'VAMOS': 1, 'PHG': 0, 'PR': 5, 'PIN': 0, 'ELEFANTE': 1, 'VICTORIA': 1, 'SEMILLA': 61, 'FCN-NACION': 0, 'PPN': 0, 'UR': 1, 'URNG-MAIZ WINAQ': 1, 'CREO': 8, 'BIEN': 27, 'VIVA': 6, 'MI FAMILIA': 6, 'CAMBIO': 0, 'VOS': 32}",0,21,279,0,Algún campo sin dato,0.Distrito Central,1.Guatemala,0088,presidente
1157,,"{'UNE': 6, 'AZUL': 2, 'VALOR UNIONISTA': 78, 'CABAL': 49, 'TODOS': 0, 'VAMOS': 5, 'PHG': 0, 'PR': 1, 'PIN': 0, 'ELEFANTE': 3, 'VICTORIA': 0, 'SEMILLA': 63, 'FCN-NACION': 1, 'PPN': 0, 'UR': 1, 'URNG-MAIZ WINAQ': 2, 'CREO': 7, 'BIEN': 28, 'VIVA': 3, 'MI FAMILIA': 4, 'CAMBIO': 0, 'VOS': 24}",0,16,293,0,Algún campo sin dato,0.Distrito Central,1.Guatemala,0088,presidente
1158,,"{'UNE': 7, 'AZUL': 2, 'VALOR UNIONISTA': 80, 'CABAL': 40, 'TODOS': 3, 'VAMOS': 3, 'PHG': 0, 'PR': 3, 'PIN': 0, 'ELEFANTE': 0, 'VICTORIA': 0, 'SEMILLA': 58, 'FCN-NACION': 1, 'PPN': 0, 'UR': 5, 'URNG-MAIZ WINAQ': 2, 'CREO': 5, 'BIEN': 19, 'VIVA': 4, 'MI FAMILIA': 2, 'CAMBIO': 0, 'VOS': 27}",0,19,280,0,Algún campo sin dato,0.Distrito Central,1.Guatemala,0088,presidente
1159,,"{'UNE': 5, 'AZUL': 5, 'VALOR UNIONISTA': 83, 'CABAL': 25, 'TODOS': 0, 'VAMOS': 9, 'PHG': 0, 'PR': 5, 'PIN': 0, 'ELEFANTE': 1, 'VICTORIA': 1, 'SEMILLA': 78, 'FCN-NACION': 0, 'PPN': 0, 'UR': 2, 'URNG-MAIZ WINAQ': 4, 'CREO': 5, 'BIEN': 19, 'VIVA': 3, 'MI FAMILIA': 6, 'CAMBIO': 0, 'VOS': 24}",0,12,287,0,Algún campo sin dato,0.Distrito Central,1.Guatemala,0088,presidente
1160,,"{'UNE': 7, 'AZUL': 5, 'VALOR UNIONISTA': 60, 'CABAL': 30, 'TODOS': 0, 'VAMOS': 1, 'PHG': 0, 'PR': 2, 'PIN': 1, 'ELEFANTE': 5, 'VICTORIA': 1, 'SEMILLA': 86, 'FCN-NACION': 0, 'PPN': 1, 'UR': 3, 'URNG-MAIZ WINAQ': 0, 'CREO': 3, 'BIEN': 18, 'VIVA': 2, 'MI FAMILIA': 3, 'CAMBIO': 0, 'VOS': 20}",0,17,265,0,Algún campo sin dato,0.Distrito Central,1.Guatemala,0088,presidente
1161,,"{'UNE': 4, 'AZUL': 1, 'VALOR UNIONISTA': 32, 'CABAL': 12, 'TODOS': 0, 'VAMOS': 2, 'PHG': 0, 'PR': 0, 'PIN': 1, 'ELEFANTE': 1, 'VICTORIA': 1, 'SEMILLA': 84, 'FCN-NACION': 1, 'PPN': 0, 'UR': 0, 'URNG-MAIZ WINAQ': 1, 'CREO': 4, 'BIEN': 11, 'VIVA': 0, 'MI FAMILIA': 4, 'CAMBIO': 0, 'VOS': 14}",0,5,178,0,Algún campo sin dato,0.Distrito Central,1.Guatemala,0088,presidente
1162,,"{'UNE': 2, 'AZUL': 1, 'VALOR UNIONISTA': 18, 'CABAL': 9, 'TODOS': 0, 'VAMOS': 1, 'PHG': 0, 'PR': 2, 'PIN': 0, 'ELEFANTE': 1, 'VICTORIA': 0, 'SEMILLA': 70, 'FCN-NACION': 0, 'PPN': 1, 'UR': 1, 'URNG-MAIZ WINAQ': 0, 'CREO': 0, 'BIEN': 12, 'VIVA': 2, 'MI FAMILIA': 1, 'CAMBIO': 0, 'VOS': 9}",0,8,138,0,Algún campo sin dato,0.Distrito Central,1.Guatemala,0088,presidente
1163,,"{'UNE': 8, 'AZUL': 3, 'VALOR UNIONISTA': 56, 'CABAL': 39, 'TODOS': 0, 'VAMOS': 6, 'PHG': 0, 'PR': 1, 'PIN': 1, 'ELEFANTE': 0, 'VICTORIA': 5, 'SEMILLA': 61, 'FCN-NACION': 0, 'PPN': 0, 'UR': 0, 'URNG-MAIZ WINAQ': 1, 'CREO': 5, 'BIEN': 27, 'VIVA': 13, 'MI FAMILIA': 4, 'CAMBIO': 0, 'VOS': 19}",0,27,276,0,Algún campo sin dato,0.Distrito Central,1.Guatemala,0089,presidente
1164,,"{'UNE': 12, 'AZUL': 3, 'VALOR UNIONISTA': 78, 'CABAL': 36, 'TODOS': 3, 'VAMOS': 1, 'PHG': 0, 'PR': 2, 'PIN': 0, 'ELEFANTE': 1, 'VICTORIA': 2, 'SEMILLA': 67, 'FCN-NACION': 2, 'PPN': 1, 'UR': 5, 'URNG-MAIZ WINAQ': 4, 'CREO': 9, 'BIEN': 26, 'VIVA': 6, 'MI FAMILIA': 4, 'CAMBIO': 0, 'VOS': 22}",0,14,298,0,Algún campo sin dato,0.Distrito Central,1.Guatemala,0089,presidente
1165,,"{'UNE': 10, 'AZUL': 2, 'VALOR UNIONISTA': 76, 'CABAL': 27, 'TODOS': 2, 'VAMOS': 7, 'PHG': 0, 'PR': 5, 'PIN': 2, 'ELEFANTE': 0, 'VICTORIA': 8, 'SEMILLA': 54, 'FCN-NACION': 2, 'PPN': 1, 'UR': 4, 'URNG-MAIZ WINAQ': 4, 'CREO': 5, 'BIEN': 26, 'VIVA': 10, 'MI FAMILIA': 4, 'CAMBIO': 0, 'VOS': 16}",3,21,289,0,Algún campo sin dato,0.Distrito Central,1.Guatemala,0089,presidente
1166,,"{'UNE': 10, 'AZUL': 1, 'VALOR UNIONISTA': 69, 'CABAL': 45, 'TODOS': 3, 'VAMOS': 5, 'PHG': 0, 'PR': 2, 'PIN': 1, 'ELEFANTE': 4, 'VICTORIA': 2, 'SEMILLA': 63, 'FCN-NACION': 3, 'PPN': 1, 'UR': 1, 'URNG-MAIZ WINAQ': 1, 'CREO': 10, 'BIEN': 22, 'VIVA': 8, 'MI FAMILIA': 4, 'CAMBIO': 0, 'VOS': 27}",0,23,305,0,Algún campo sin dato,0.Distrito Central,1.Guatemala,0089,presidente
1167,,"{'UNE': 16, 'AZUL': 5, 'VALOR UNIONISTA': 88, 'CABAL': 20, 'TODOS': 1, 'VAMOS': 9, 'PHG': 0, 'PR': 2, 'PIN': 1, 'ELEFANTE': 1, 'VICTORIA': 1, 'SEMILLA': 65, 'FCN-NACION': 0, 'PPN': 1, 'UR': 5, 'URNG-MAIZ WINAQ': 5, 'CREO': 6, 'BIEN': 11, 'VIVA': 9, 'MI FAMILIA': 3, 'CAMBIO': 1, 'VOS': 29}",1,20,300,0,Algún campo sin dato,0.Distrito Central,1.Guatemala,0089,presidente
1168,,"{'UNE': 9, 'AZUL': 8, 'VALOR UNIONISTA': 82, 'CABAL': 40, 'TODOS': 2, 'VAMOS': 4, 'PHG': 2, 'PR': 0, 'PIN': 0, 'ELEFANTE': 0, 'VICTORIA': 5, 'SEMILLA': 79, 'FCN-NACION': 0, 'PPN': 0, 'UR': 2, 'URNG-MAIZ WINAQ': 2, 'CREO': 2, 'BIEN': 23, 'VIVA': 4, 'MI FAMILIA': 4, 'CAMBIO': 1, 'VOS': 24}",0,24,317,0,Algún campo sin dato,0.Distrito Central,1.Guatemala,0089,presidente
1169,,"{'UNE': 10, 'AZUL': 4, 'VALOR UNIONISTA': 83, 'CABAL': 28, 'TODOS': 3, 'VAMOS': 3, 'PHG': 0, 'PR': 4, 'PIN': 1, 'ELEFANTE': 3, 'VICTORIA': 2, 'SEMILLA': 63, 'FCN-NACION': 2, 'PPN': 1, 'UR': 4, 'URNG-MAIZ WINAQ': 2, 'CREO': 6, 'BIEN': 16, 'VIVA': 10, 'MI FAMILIA': 8, 'CAMBIO': 0, 'VOS': 24}",1,23,301,0,Algún campo sin dato,0.Distrito Central,1.Guatemala,0089,presidente
1170,,"{'UNE': 8, 'AZUL': 2, 'VALOR UNIONISTA': 71, 'CABAL': 30, 'TODOS': 1, 'VAMOS': 3, 'PHG': 0, 'PR': 4, 'PIN': 1, 'ELEFANTE': 2, 'VICTORIA': 3, 'SEMILLA': 64, 'FCN-NACION': 1, 'PPN': 0, 'UR': 2, 'URNG-MAIZ WINAQ': 7, 'CREO': 8, 'BIEN': 24, 'VIVA': 4, 'MI FAMILIA': 5, 'CAMBIO': 0, 'VOS': 24}",1,30,295,0,Algún campo sin dato,0.Distrito Central,1.Guatemala,0089,presidente
1171,,"{'UNE': 18, 'AZUL': 6, 'VALOR UNIONISTA': 51, 'CABAL': 31, 'TODOS': 0, 'VAMOS': 2, 'PHG': 1, 'PR': 2, 'PIN': 1, 'ELEFANTE': 4, 'VICTORIA': 2, 'SEMILLA': 58, 'FCN-NACION': 3, 'PPN': 1, 'UR': 5, 'URNG-MAIZ WINAQ': 2, 'CREO': 7, 'BIEN': 25, 'VIVA': 11, 'MI FAMILIA': 8, 'CAMBIO': 0, 'VOS': 24}",0,33,295,0,Algún campo sin dato,0.Distrito Central,1.Guatemala,0089,presidente
1172,,"{'UNE': 5, 'AZUL': 2, 'VALOR UNIONISTA': 52, 'CABAL': 38, 'TODOS': 0, 'VAMOS': 4, 'PHG': 0, 'PR': 1, 'PIN': 0, 'ELEFANTE': 2, 'VICTORIA': 2, 'SEMILLA': 65, 'FCN-NACION': 0, 'PPN': 0, 'UR': 4, 'URNG-MAIZ WINAQ': 2, 'CREO': 6, 'BIEN': 24, 'VIVA': 9, 'MI FAMILIA': 2, 'CAMBIO': 0, 'VOS': 24}",1,19,262,0,Algún campo sin dato,0.Distrito Central,1.Guatemala,0089,presidente
1173,,"{'UNE': 7, 'AZUL': 3, 'VALOR UNIONISTA': 51, 'CABAL': 25, 'TODOS': 2, 'VAMOS': 2, 'PHG': 0, 'PR': 2, 'PIN': 0, 'ELEFANTE': 2, 'VICTORIA': 1, 'SEMILLA': 84, 'FCN-NACION': 0, 'PPN': 2, 'UR': 0, 'URNG-MAIZ WINAQ': 2, 'CREO': 4, 'BIEN': 26, 'VIVA': 9, 'MI FAMILIA': 2, 'CAMBIO': 0, 'VOS': 27}",0,28,279,0,,0.Distrito Central,1.Guatemala,0089,presidente
1174,,"{'UNE': 4, 'AZUL': 3, 'VALOR UNIONISTA': 69, 'CABAL': 30, 'TODOS': 0, 'VAMOS': 3, 'PHG': 0, 'PR': 2, 'PIN': 0, 'ELEFANTE': 1, 'VICTORIA': 1, 'SEMILLA': 64, 'FCN-NACION': 0, 'PPN': 1, 'UR': 2, 'URNG-MAIZ WINAQ': 3, 'CREO': 3, 'BIEN': 26, 'VIVA': 11, 'MI FAMILIA': 4, 'CAMBIO': 0, 'VOS': 32}",1,29,289,0,Sumas Asentadas sin cuadrar,0.Distrito Central,1.Guatemala,0089,presidente
1175,,"{'UNE': 5, 'AZUL': 8, 'VALOR UNIONISTA': 62, 'CABAL': 40, 'TODOS': 2, 'VAMOS': 6, 'PHG': 0, 'PR': 1, 'PIN': 0, 'ELEFANTE': 4, 'VICTORIA': 0, 'SEMILLA': 68, 'FCN-NACION': 1, 'PPN': 0, 'UR': 2, 'URNG-MAIZ WINAQ': 4, 'CREO': 10, 'BIEN': 23, 'VIVA': 8, 'MI FAMILIA': 5, 'CAMBIO': 0, 'VOS': 27}",0,20,296,0,Algún campo sin dato,0.Distrito Central,1.Guatemala,0089,presidente
1176,,"{'UNE': 13, 'AZUL': 1, 'VALOR UNIONISTA': 69, 'CABAL': 21, 'TODOS': 0, 'VAMOS': 4, 'PHG': 0, 'PR': 3, 'PIN': 0, 'ELEFANTE': 5, 'VICTORIA': 3, 'SEMILLA': 77, 'FCN-NACION': 1, 'PPN': 1, 'UR': 3, 'URNG-MAIZ WINAQ': 6, 'CREO': 10, 'BIEN': 26, 'VIVA': 8, 'MI FAMILIA': 3, 'CAMBIO': 0, 'VOS': 24}",0,13,291,0,Algún campo sin dato,0.Distrito Central,1.Guatemala,0089,presidente
1177,,"{'UNE': 6, 'AZUL': 4, 'VALOR UNIONISTA': 66, 'CABAL': 44, 'TODOS': 2, 'VAMOS': 6, 'PHG': 0, 'PR': 2, 'PIN': 1, 'ELEFANTE': 1, 'VICTORIA': 0, 'SEMILLA': 70, 'FCN-NACION': 0, 'PPN': 0, 'UR': 1, 'URNG-MAIZ WINAQ': 0, 'CREO': 6, 'BIEN': 28, 'VIVA': 6, 'MI FAMILIA': 3, 'CAMBIO': 0, 'VOS': 24}",0,19,289,0,Algún campo sin dato,0.Distrito Central,1.Guatemala,0089,presidente
1178,,"{'UNE': 8, 'AZUL': 5, 'VALOR UNIONISTA': 69, 'CABAL': 29, 'TODOS': 0, 'VAMOS': 7, 'PHG': 0, 'PR': 1, 'PIN': 0, 'ELEFANTE': 1, 'VICTORIA': 4, 'SEMILLA': 88, 'FCN-NACION': 0, 'PPN': 0, 'UR': 2, 'URNG-MAIZ WINAQ': 1, 'CREO': 5, 'BIEN': 20, 'VIVA': 8, 'MI FAMILIA': 3, 'CAMBIO': 1, 'VOS': 21}",0,18,291,0,Algún campo sin dato,0.Distrito Central,1.Guatemala,0089,presidente
1179,,"{'UNE': 10, 'AZUL': 6, 'VALOR UNIONISTA': 64, 'CABAL': 38, 'TODOS': 3, 'VAMOS': 3, 'PHG': 0, 'PR': 2, 'PIN': 1, 'ELEFANTE': 3, 'VICTORIA': 0, 'SEMILLA': 81, 'FCN-NACION': 1, 'PPN': 2, 'UR': 1, 'URNG-MAIZ WINAQ': 3, 'CREO': 7, 'BIEN': 27, 'VIVA': 6, 'MI FAMILIA': 0, 'CAMBIO': 0, 'VOS': 13}",0,25,296,0,Algún campo sin dato,0.Distrito Central,1.Guatemala,0089,presidente
1180,,"{'UNE': 7, 'AZUL': 3, 'VALOR UNIONISTA': 70, 'CABAL': 42, 'TODOS': 2, 'VAMOS': 5, 'PHG': 1, 'PR': 1, 'PIN': 0, 'ELEFANTE': 1, 'VICTORIA': 2, 'SEMILLA': 73, 'FCN-NACION': 0, 'PPN': 0, 'UR': 3, 'URNG-MAIZ WINAQ': 4, 'CREO': 9, 'BIEN': 24, 'VIVA': 8, 'MI FAMILIA': 0, 'CAMBIO': 0, 'VOS': 29}",2,17,303,0,Algún campo sin dato,0.Distrito Central,1.Guatemala,0089,presidente
1181,,"{'UNE': 7, 'AZUL': 3, 'VALOR UNIONISTA': 79, 'CABAL': 44, 'TODOS': 2, 'VAMOS': 8, 'PHG': 0, 'PR': 3, 'PIN': 0, 'ELEFANTE': 5, 'VICTORIA': 3, 'SEMILLA': 79, 'FCN-NACION': 0, 'PPN': 0, 'UR': 4, 'URNG-MAIZ WINAQ': 4, 'CREO': 9, 'BIEN': 14, 'VIVA': 1, 'MI FAMILIA': 2, 'CAMBIO': 0, 'VOS': 16}",0,24,307,0,Algún campo sin dato,0.Distrito Central,1.Guatemala,0089,presidente
1182,,"{'UNE': 14, 'AZUL': 2, 'VALOR UNIONISTA': 83, 'CABAL': 43, 'TODOS': 0, 'VAMOS': 7, 'PHG': 0, 'PR': 5, 'PIN': 4, 'ELEFANTE': 1, 'VICTORIA': 2, 'SEMILLA': 69, 'FCN-NACION': 1, 'PPN': 1, 'UR': 4, 'URNG-MAIZ WINAQ': 1, 'CREO': 8, 'BIEN': 22, 'VIVA': 7, 'MI FAMILIA': 6, 'CAMBIO': 0, 'VOS': 27}",0,22,329,0,Algún campo sin dato,0.Distrito Central,1.Guatemala,0089,presidente
1183,,"{'UNE': 5, 'AZUL': 5, 'VALOR UNIONISTA': 90, 'CABAL': 38, 'TODOS': 0, 'VAMOS': 2, 'PHG': 0, 'PR': 3, 'PIN': 0, 'ELEFANTE': 5, 'VICTORIA': 1, 'SEMILLA': 70, 'FCN-NACION': 1, 'PPN': 0, 'UR': 3, 'URNG-MAIZ WINAQ': 2, 'CREO': 9, 'BIEN': 14, 'VIVA': 8, 'MI FAMILIA': 4, 'CAMBIO': 0, 'VOS': 26}",0,18,304,0,Algún campo sin dato,0.Distrito Central,1.Guatemala,0089,presidente
1184,,"{'UNE': 8, 'AZUL': 6, 'VALOR UNIONISTA': 54, 'CABAL': 40, 'TODOS': 0, 'VAMOS': 9, 'PHG': 0, 'PR': 4, 'PIN': 0, 'ELEFANTE': 1, 'VICTORIA': 2, 'SEMILLA': 72, 'FCN-NACION': 1, 'PPN': 1, 'UR': 0, 'URNG-MAIZ WINAQ': 2, 'CREO': 9, 'BIEN': 20, 'VIVA': 6, 'MI FAMILIA': 5, 'CAMBIO': 0, 'VOS': 31}",1,16,288,0,Algún campo sin dato,0.Distrito Central,1.Guatemala,0089,presidente
1185,,"{'UNE': 9, 'AZUL': 5, 'VALOR UNIONISTA': 90, 'CABAL': 35, 'TODOS': 2, 'VAMOS': 3, 'PHG': 0, 'PR': 2, 'PIN': 1, 'ELEFANTE': 1, 'VICTORIA': 1, 'SEMILLA': 77, 'FCN-NACION': 0, 'PPN': 0, 'UR': 0, 'URNG-MAIZ WINAQ': 2, 'CREO': 9, 'BIEN': 26, 'VIVA': 1, 'MI FAMILIA': 2, 'CAMBIO': 0, 'VOS': 27}",0,14,307,0,Algún campo sin dato,0.Distrito Central,1.Guatemala,0089,presidente
1186,,"{'UNE': 10, 'AZUL': 9, 'VALOR UNIONISTA': 76, 'CABAL': 31, 'TODOS': 0, 'VAMOS': 5, 'PHG': 0, 'PR': 4, 'PIN': 1, 'ELEFANTE': 0, 'VICTORIA': 0, 'SEMILLA': 62, 'FCN-NACION': 0, 'PPN': 0, 'UR': 4, 'URNG-MAIZ WINAQ': 5, 'CREO': 12, 'BIEN': 27, 'VIVA': 8, 'MI FAMILIA': 1, 'CAMBIO': 0, 'VOS': 19}",0,22,296,0,Algún campo sin dato,0.Distrito Central,1.Guatemala,0089,presidente
1187,,"{'UNE': 11, 'AZUL': 2, 'VALOR UNIONISTA': 78, 'CABAL': 41, 'TODOS': 0, 'VAMOS': 2, 'PHG': 1, 'PR': 1, 'PIN': 0, 'ELEFANTE': 0, 'VICTORIA': 3, 'SEMILLA': 67, 'FCN-NACION': 0, 'PPN': 1, 'UR': 2, 'URNG-MAIZ WINAQ': 3, 'CREO': 6, 'BIEN': 20, 'VIVA': 5, 'MI FAMILIA': 0, 'CAMBIO': 0, 'VOS': 39}",0,17,299,0,Algún campo sin dato,0.Distrito Central,1.Guatemala,0089,presidente
1188,,"{'UNE': 8, 'AZUL': 7, 'VALOR UNIONISTA': 57, 'CABAL': 39, 'TODOS': 0, 'VAMOS': 7, 'PHG': 0, 'PR': 3, 'PIN': 1, 'ELEFANTE': 3, 'VICTORIA': 2, 'SEMILLA': 66, 'FCN-NACION': 0, 'PPN': 0, 'UR': 5, 'URNG-MAIZ WINAQ': 1, 'CREO': 7, 'BIEN': 25, 'VIVA': 10, 'MI FAMILIA': 7, 'CAMBIO': 1, 'VOS': 27}",0,12,288,0,Algún campo sin dato,0.Distrito Central,1.Guatemala,0089,presidente
1189,,"{'UNE': 8, 'AZUL': 4, 'VALOR UNIONISTA': 53, 'CABAL': 38, 'TODOS': 0, 'VAMOS': 6, 'PHG': 0, 'PR': 1, 'PIN': 1, 'ELEFANTE': 2, 'VICTORIA': 2, 'SEMILLA': 67, 'FCN-NACION': 2, 'PPN': 0, 'UR': 1, 'URNG-MAIZ WINAQ': 3, 'CREO': 3, 'BIEN': 22, 'VIVA': 9, 'MI FAMILIA': 4, 'CAMBIO': 1, 'VOS': 16}",0,21,264,0,Algún campo sin dato,0.Distrito Central,1.Guatemala,0089,presidente
1190,,"{'UNE': 5, 'AZUL': 3, 'VALOR UNIONISTA': 63, 'CABAL': 29, 'TODOS': 1, 'VAMOS': 4, 'PHG': 0, 'PR': 4, 'PIN': 1, 'ELEFANTE': 3, 'VICTORIA': 0, 'SEMILLA': 62, 'FCN-NACION': 2, 'PPN': 1, 'UR': 2, 'URNG-MAIZ WINAQ': 3, 'CREO': 9, 'BIEN': 18, 'VIVA': 7, 'MI FAMILIA': 3, 'CAMBIO': 0, 'VOS': 30}",1,19,270,0,Algún campo sin dato,0.Distrito Central,1.Guatemala,0089,presidente
1191,,"{'UNE': 3, 'AZUL': 3, 'VALOR UNIONISTA': 66, 'CABAL': 24, 'TODOS': 0, 'VAMOS': 2, 'PHG': 1, 'PR': 0, 'PIN': 0, 'ELEFANTE': 3, 'VICTORIA': 1, 'SEMILLA': 106, 'FCN-NACION': 2, 'PPN': 1, 'UR': 5, 'URNG-MAIZ WINAQ': 2, 'CREO': 4, 'BIEN': 20, 'VIVA': 5, 'MI FAMILIA': 2, 'CAMBIO': 1, 'VOS': 28}",1,13,293,0,Algún campo sin dato,0.Distrito Central,1.Guatemala,0089,presidente
1192,,"{'UNE': 10, 'AZUL': 1, 'VALOR UNIONISTA': 46, 'CABAL': 20, 'TODOS': 0, 'VAMOS': 3, 'PHG': 0, 'PR': 5, 'PIN': 1, 'ELEFANTE': 1, 'VICTORIA': 1, 'SEMILLA': 97, 'FCN-NACION': 0, 'PPN': 0, 'UR': 3, 'URNG-MAIZ WINAQ': 2, 'CREO': 1, 'BIEN': 25, 'VIVA': 6, 'MI FAMILIA': 1, 'CAMBIO': 0, 'VOS': 21}",0,17,261,0,Algún campo sin dato,0.Distrito Central,1.Guatemala,0089,presidente
1193,,"{'UNE': 3, 'AZUL': 3, 'VALOR UNIONISTA': 57, 'CABAL': 16, 'TODOS': 0, 'VAMOS': 3, 'PHG': 1, 'PR': 0, 'PIN': 0, 'ELEFANTE': 3, 'VICTORIA': 4, 'SEMILLA': 127, 'FCN-NACION': 0, 'PPN': 1, 'UR': 0, 'URNG-MAIZ WINAQ': 0, 'CREO': 2, 'BIEN': 22, 'VIVA': 3, 'MI FAMILIA': 1, 'CAMBIO': 0, 'VOS': 19}",0,6,271,0,Algún campo sin dato,0.Distrito Central,1.Guatemala,0089,presidente
1194,,"{'UNE': 2, 'AZUL': 5, 'VALOR UNIONISTA': 49, 'CABAL': 18, 'TODOS': 0, 'VAMOS': 1, 'PHG': 0, 'PR': 1, 'PIN': 2, 'ELEFANTE': 0, 'VICTORIA': 2, 'SEMILLA': 124, 'FCN-NACION': 0, 'PPN': 0, 'UR': 1, 'URNG-MAIZ WINAQ': 0, 'CREO': 2, 'BIEN': 17, 'VIVA': 5, 'MI FAMILIA': 0, 'CAMBIO': 0, 'VOS': 23}",0,12,264,1,Algún campo sin dato,0.Distrito Central,1.Guatemala,0089,presidente
1195,,"{'UNE': 4, 'AZUL': 2, 'VALOR UNIONISTA': 45, 'CABAL': 19, 'TODOS': 0, 'VAMOS': 3, 'PHG': 0, 'PR': 0, 'PIN': 0, 'ELEFANTE': 0, 'VICTORIA': 0, 'SEMILLA': 153, 'FCN-NACION': 2, 'PPN': 1, 'UR': 2, 'URNG-MAIZ WINAQ': 0, 'CREO': 2, 'BIEN': 26, 'VIVA': 1, 'MI FAMILIA': 5, 'CAMBIO': 1, 'VOS': 18}",0,11,295,0,Algún campo sin dato,0.Distrito Central,1.Guatemala,0089,presidente
1196,,"{'UNE': 3, 'AZUL': 1, 'VALOR UNIONISTA': 40, 'CABAL': 16, 'TODOS': 0, 'VAMOS': 1, 'PHG': 0, 'PR': 0, 'PIN': 1, 'ELEFANTE': 2, 'VICTORIA': 2, 'SEMILLA': 130, 'FCN-NACION': 1, 'PPN': 0, 'UR': 0, 'URNG-MAIZ WINAQ': 1, 'CREO': 10, 'BIEN': 21, 'VIVA': 0, 'MI FAMILIA': 0, 'CAMBIO': 0, 'VOS': 14}",0,12,255,1,Algún campo sin dato,0.Distrito Central,1.Guatemala,0089,presidente
1197,,"{'UNE': 7, 'AZUL': 2, 'VALOR UNIONISTA': 48, 'CABAL': 10, 'TODOS': 0, 'VAMOS': 2, 'PHG': 0, 'PR': 1, 'PIN': 1, 'ELEFANTE': 2, 'VICTORIA': 0, 'SEMILLA': 141, 'FCN-NACION': 1, 'PPN': 0, 'UR': 2, 'URNG-MAIZ WINAQ': 0, 'CREO': 3, 'BIEN': 23, 'VIVA': 4, 'MI FAMILIA': 0, 'CAMBIO': 0, 'VOS': 14}",1,6,268,0,Algún campo sin dato,0.Distrito Central,1.Guatemala,0089,presidente
1198,,"{'UNE': 9, 'AZUL': 5, 'VALOR UNIONISTA': 30, 'CABAL': 17, 'TODOS': 0, 'VAMOS': 6, 'PHG': 0, 'PR': 1, 'PIN': 0, 'ELEFANTE': 0, 'VICTORIA': 0, 'SEMILLA': 93, 'FCN-NACION': 0, 'PPN': 0, 'UR': 0, 'URNG-MAIZ WINAQ': 4, 'CREO': 2, 'BIEN': 12, 'VIVA': 6, 'MI FAMILIA': 2, 'CAMBIO': 0, 'VOS': 9}",0,14,210,0,Algún campo sin dato,0.Distrito Central,1.Guatemala,0089,presidente
1199,,"{'UNE': 3, 'AZUL': 1, 'VALOR UNIONISTA': 48, 'CABAL': 20, 'TODOS': 0, 'VAMOS': 4, 'PHG': 0, 'PR': 3, 'PIN': 0, 'ELEFANTE': 2, 'VICTORIA': 1, 'SEMILLA': 129, 'FCN-NACION': 0, 'PPN': 2, 'UR': 0, 'URNG-MAIZ WINAQ': 1, 'CREO': 5, 'BIEN': 19, 'VIVA': 3, 'MI FAMILIA': 0, 'CAMBIO': 0, 'VOS': 10}",1,4,256,0,Algún campo sin dato,0.Distrito Central,1.Guatemala,0089,presidente
1200,,"{'UNE': 6, 'AZUL': 4, 'VALOR UNIONISTA': 41, 'CABAL': 13, 'TODOS': 0, 'VAMOS': 1, 'PHG': 0, 'PR': 0, 'PIN': 0, 'ELEFANTE': 0, 'VICTORIA': 0, 'SEMILLA': 86, 'FCN-NACION': 0, 'PPN': 0, 'UR': 1, 'URNG-MAIZ WINAQ': 2, 'CREO': 1, 'BIEN': 15, 'VIVA': 0, 'MI FAMILIA': 2, 'CAMBIO': 1, 'VOS': 12}",0,3,188,0,Algún campo sin dato,0.Distrito Central,1.Guatemala,0089,presidente
1201,,"{'UNE': 2, 'AZUL': 2, 'VALOR UNIONISTA': 27, 'CABAL': 17, 'TODOS': 0, 'VAMOS': 1, 'PHG': 1, 'PR': 0, 'PIN': 0, 'ELEFANTE': 0, 'VICTORIA': 1, 'SEMILLA': 73, 'FCN-NACION': 0, 'PPN': 0, 'UR': 0, 'URNG-MAIZ WINAQ': 1, 'CREO': 2, 'BIEN': 15, 'VIVA': 2, 'MI FAMILIA': 1, 'CAMBIO': 0, 'VOS': 11}",0,4,160,0,Algún campo sin dato,0.Distrito Central,1.Guatemala,0089,presidente
1202,,"{'UNE': 10, 'AZUL': 2, 'VALOR UNIONISTA': 79, 'CABAL': 30, 'TODOS': 3, 'VAMOS': 6, 'PHG': 0, 'PR': 3, 'PIN': 0, 'ELEFANTE': 5, 'VICTORIA': 3, 'SEMILLA': 57, 'FCN-NACION': 0, 'PPN': 1, 'UR': 0, 'URNG-MAIZ WINAQ': 3, 'CREO': 7, 'BIEN': 19, 'VIVA': 4, 'MI FAMILIA': 3, 'CAMBIO': 1, 'VOS': 24}",2,30,292,0,Algún campo sin dato,0.Distrito Central,1.Guatemala,0090,presidente
1203,,"{'UNE': 14, 'AZUL': 4, 'VALOR UNIONISTA': 68, 'CABAL': 27, 'TODOS': 0, 'VAMOS': 11, 'PHG': 0, 'PR': 3, 'PIN': 1, 'ELEFANTE': 6, 'VICTORIA': 1, 'SEMILLA': 48, 'FCN-NACION': 1, 'PPN': 1, 'UR': 2, 'URNG-MAIZ WINAQ': 2, 'CREO': 5, 'BIEN': 20, 'VIVA': 3, 'MI FAMILIA': 2, 'CAMBIO': 1, 'VOS': 16}",1,22,259,0,Algún campo sin dato,0.Distrito Central,1.Guatemala,0090,presidente
1204,,"{'UNE': 10, 'AZUL': 2, 'VALOR UNIONISTA': 73, 'CABAL': 20, 'TODOS': 1, 'VAMOS': 4, 'PHG': 0, 'PR': 7, 'PIN': 0, 'ELEFANTE': 4, 'VICTORIA': 6, 'SEMILLA': 53, 'FCN-NACION': 0, 'PPN': 1, 'UR': 5, 'URNG-MAIZ WINAQ': 3, 'CREO': 11, 'BIEN': 19, 'VIVA': 7, 'MI FAMILIA': 6, 'CAMBIO': 1, 'VOS': 28}",0,33,294,0,Algún campo sin dato,0.Distrito Central,1.Guatemala,0090,presidente
1205,,"{'UNE': 8, 'AZUL': 2, 'VALOR UNIONISTA': 82, 'CABAL': 23, 'TODOS': 0, 'VAMOS': 10, 'PHG': 1, 'PR': 6, 'PIN': 1, 'ELEFANTE': 7, 'VICTORIA': 1, 'SEMILLA': 49, 'FCN-NACION': 1, 'PPN': 1, 'UR': 5, 'URNG-MAIZ WINAQ': 4, 'CREO': 4, 'BIEN': 25, 'VIVA': 5, 'MI FAMILIA': 4, 'CAMBIO': 1, 'VOS': 27}",0,25,292,0,Algún campo sin dato,0.Distrito Central,1.Guatemala,0090,presidente
1206,,"{'UNE': 12, 'AZUL': 3, 'VALOR UNIONISTA': 57, 'CABAL': 22, 'TODOS': 1, 'VAMOS': 5, 'PHG': 0, 'PR': 4, 'PIN': 4, 'ELEFANTE': 5, 'VICTORIA': 3, 'SEMILLA': 55, 'FCN-NACION': 1, 'PPN': 0, 'UR': 1, 'URNG-MAIZ WINAQ': 0, 'CREO': 7, 'BIEN': 18, 'VIVA': 4, 'MI FAMILIA': 8, 'CAMBIO': 0, 'VOS': 29}",1,43,283,0,Algún campo sin dato,0.Distrito Central,1.Guatemala,0090,presidente
1207,,"{'UNE': 7, 'AZUL': 6, 'VALOR UNIONISTA': 82, 'CABAL': 20, 'TODOS': 2, 'VAMOS': 8, 'PHG': 0, 'PR': 3, 'PIN': 0, 'ELEFANTE': 0, 'VICTORIA': 4, 'SEMILLA': 59, 'FCN-NACION': 0, 'PPN': 0, 'UR': 4, 'URNG-MAIZ WINAQ': 4, 'CREO': 3, 'BIEN': 17, 'VIVA': 1, 'MI FAMILIA': 9, 'CAMBIO': 1, 'VOS': 20}",2,31,283,0,Algún campo sin dato,0.Distrito Central,1.Guatemala,0090,presidente
1208,,"{'UNE': 13, 'AZUL': 4, 'VALOR UNIONISTA': 98, 'CABAL': 22, 'TODOS': 1, 'VAMOS': 9, 'PHG': 0, 'PR': 4, 'PIN': 1, 'ELEFANTE': 3, 'VICTORIA': 2, 'SEMILLA': 39, 'FCN-NACION': 0, 'PPN': 0, 'UR': 2, 'URNG-MAIZ WINAQ': 3, 'CREO': 4, 'BIEN': 15, 'VIVA': 7, 'MI FAMILIA': 5, 'CAMBIO': 0, 'VOS': 24}",1,38,295,0,Algún campo sin dato,0.Distrito Central,1.Guatemala,0090,presidente
1209,,"{'UNE': 9, 'AZUL': 2, 'VALOR UNIONISTA': 91, 'CABAL': 33, 'TODOS': 1, 'VAMOS': 6, 'PHG': 0, 'PR': 4, 'PIN': 0, 'ELEFANTE': 7, 'VICTORIA': 3, 'SEMILLA': 57, 'FCN-NACION': 0, 'PPN': 2, 'UR': 3, 'URNG-MAIZ WINAQ': 1, 'CREO': 3, 'BIEN': 18, 'VIVA': 4, 'MI FAMILIA': 6, 'CAMBIO': 0, 'VOS': 20}",0,17,287,0,Algún campo sin dato,0.Distrito Central,1.Guatemala,0090,presidente
1210,,"{'UNE': 17, 'AZUL': 6, 'VALOR UNIONISTA': 71, 'CABAL': 29, 'TODOS': 3, 'VAMOS': 11, 'PHG': 0, 'PR': 3, 'PIN': 1, 'ELEFANTE': 7, 'VICTORIA': 3, 'SEMILLA': 47, 'FCN-NACION': 2, 'PPN': 1, 'UR': 2, 'URNG-MAIZ WINAQ': 3, 'CREO': 5, 'BIEN': 6, 'VIVA': 6, 'MI FAMILIA': 4, 'CAMBIO': 1, 'VOS': 23}",0,29,280,0,Algún campo sin dato,0.Distrito Central,1.Guatemala,0090,presidente
1211,,"{'UNE': 11, 'AZUL': 2, 'VALOR UNIONISTA': 48, 'CABAL': 16, 'TODOS': 0, 'VAMOS': 6, 'PHG': 0, 'PR': 0, 'PIN': 1, 'ELEFANTE': 4, 'VICTORIA': 1, 'SEMILLA': 80, 'FCN-NACION': 1, 'PPN': 0, 'UR': 1, 'URNG-MAIZ WINAQ': 1, 'CREO': 5, 'BIEN': 17, 'VIVA': 7, 'MI FAMILIA': 1, 'CAMBIO': 0, 'VOS': 30}",0,19,251,150,Algún campo sin dato,0.Distrito Central,1.Guatemala,0090,presidente
1212,,"{'UNE': 10, 'AZUL': 5, 'VALOR UNIONISTA': 52, 'CABAL': 21, 'TODOS': 2, 'VAMOS': 2, 'PHG': 1, 'PR': 2, 'PIN': 0, 'ELEFANTE': 4, 'VICTORIA': 5, 'SEMILLA': 75, 'FCN-NACION': 1, 'PPN': 0, 'UR': 1, 'URNG-MAIZ WINAQ': 2, 'CREO': 3, 'BIEN': 17, 'VIVA': 2, 'MI FAMILIA': 7, 'CAMBIO': 0, 'VOS': 20}",1,33,266,0,,0.Distrito Central,1.Guatemala,0090,presidente
1213,,"{'UNE': 15, 'AZUL': 3, 'VALOR UNIONISTA': 67, 'CABAL': 29, 'TODOS': 0, 'VAMOS': 3, 'PHG': 1, 'PR': 3, 'PIN': 2, 'ELEFANTE': 3, 'VICTORIA': 0, 'SEMILLA': 64, 'FCN-NACION': 2, 'PPN': 1, 'UR': 1, 'URNG-MAIZ WINAQ': 1, 'CREO': 8, 'BIEN': 20, 'VIVA': 3, 'MI FAMILIA': 9, 'CAMBIO': 0, 'VOS': 22}",2,23,282,0,Algún campo sin dato,0.Distrito Central,1.Guatemala,0091,presidente
1214,,"{'UNE': 13, 'AZUL': 6, 'VALOR UNIONISTA': 74, 'CABAL': 25, 'TODOS': 3, 'VAMOS': 8, 'PHG': 0, 'PR': 2, 'PIN': 0, 'ELEFANTE': 5, 'VICTORIA': 1, 'SEMILLA': 67, 'FCN-NACION': 2, 'PPN': 0, 'UR': 1, 'URNG-MAIZ WINAQ': 2, 'CREO': 1, 'BIEN': 14, 'VIVA': 5, 'MI FAMILIA': 5, 'CAMBIO': 1, 'VOS': 31}",1,22,289,111,Algún campo sin dato,0.Distrito Central,1.Guatemala,0091,presidente
1215,,"{'UNE': 8, 'AZUL': 2, 'VALOR UNIONISTA': 57, 'CABAL': 29, 'TODOS': 0, 'VAMOS': 7, 'PHG': 0, 'PR': 3, 'PIN': 0, 'ELEFANTE': 3, 'VICTORIA': 0, 'SEMILLA': 60, 'FCN-NACION': 0, 'PPN': 1, 'UR': 1, 'URNG-MAIZ WINAQ': 0, 'CREO': 7, 'BIEN': 26, 'VIVA': 8, 'MI FAMILIA': 9, 'CAMBIO': 1, 'VOS': 33}",0,19,274,0,Algún campo sin dato,0.Distrito Central,1.Guatemala,0091,presidente
1216,,"{'UNE': 14, 'AZUL': 3, 'VALOR UNIONISTA': 62, 'CABAL': 19, 'TODOS': 2, 'VAMOS': 3, 'PHG': 0, 'PR': 3, 'PIN': 0, 'ELEFANTE': 1, 'VICTORIA': 2, 'SEMILLA': 55, 'FCN-NACION': 0, 'PPN': 0, 'UR': 3, 'URNG-MAIZ WINAQ': 5, 'CREO': 7, 'BIEN': 25, 'VIVA': 2, 'MI FAMILIA': 8, 'CAMBIO': 1, 'VOS': 21}",1,26,263,0,Algún campo sin dato,0.Distrito Central,1.Guatemala,0091,presidente
1217,,"{'UNE': 8, 'AZUL': 3, 'VALOR UNIONISTA': 97, 'CABAL': 29, 'TODOS': 1, 'VAMOS': 2, 'PHG': 0, 'PR': 4, 'PIN': 1, 'ELEFANTE': 1, 'VICTORIA': 4, 'SEMILLA': 52, 'FCN-NACION': 2, 'PPN': 0, 'UR': 4, 'URNG-MAIZ WINAQ': 7, 'CREO': 6, 'BIEN': 22, 'VIVA': 3, 'MI FAMILIA': 5, 'CAMBIO': 0, 'VOS': 28}",0,16,295,0,Algún campo sin dato,0.Distrito Central,1.Guatemala,0091,presidente
1218,,"{'UNE': 12, 'AZUL': 5, 'VALOR UNIONISTA': 74, 'CABAL': 29, 'TODOS': 0, 'VAMOS': 10, 'PHG': 0, 'PR': 4, 'PIN': 0, 'ELEFANTE': 0, 'VICTORIA': 3, 'SEMILLA': 51, 'FCN-NACION': 0, 'PPN': 2, 'UR': 2, 'URNG-MAIZ WINAQ': 2, 'CREO': 5, 'BIEN': 19, 'VIVA': 2, 'MI FAMILIA': 2, 'CAMBIO': 0, 'VOS': 39}",0,33,294,1,Algún campo sin dato,0.Distrito Central,1.Guatemala,0091,presidente
1219,,"{'UNE': 12, 'AZUL': 3, 'VALOR UNIONISTA': 85, 'CABAL': 35, 'TODOS': 1, 'VAMOS': 3, 'PHG': 0, 'PR': 4, 'PIN': 0, 'ELEFANTE': 5, 'VICTORIA': 3, 'SEMILLA': 50, 'FCN-NACION': 1, 'PPN': 0, 'UR': 3, 'URNG-MAIZ WINAQ': 2, 'CREO': 12, 'BIEN': 24, 'VIVA': 5, 'MI FAMILIA': 1, 'CAMBIO': 0, 'VOS': 19}",0,29,297,0,Algún campo sin dato,0.Distrito Central,1.Guatemala,0091,presidente
1220,,"{'UNE': 14, 'AZUL': 4, 'VALOR UNIONISTA': 77, 'CABAL': 23, 'TODOS': 0, 'VAMOS': 4, 'PHG': 0, 'PR': 4, 'PIN': 2, 'ELEFANTE': 2, 'VICTORIA': 3, 'SEMILLA': 58, 'FCN-NACION': 0, 'PPN': 0, 'UR': 2, 'URNG-MAIZ WINAQ': 2, 'CREO': 2, 'BIEN': 26, 'VIVA': 7, 'MI FAMILIA': 3, 'CAMBIO': 0, 'VOS': 16}",0,22,271,0,Algún campo sin dato,0.Distrito Central,1.Guatemala,0091,presidente
1221,,"{'UNE': 16, 'AZUL': 6, 'VALOR UNIONISTA': 61, 'CABAL': 23, 'TODOS': 1, 'VAMOS': 10, 'PHG': 1, 'PR': 1, 'PIN': 0, 'ELEFANTE': 6, 'VICTORIA': 3, 'SEMILLA': 49, 'FCN-NACION': 1, 'PPN': 0, 'UR': 6, 'URNG-MAIZ WINAQ': 0, 'CREO': 11, 'BIEN': 15, 'VIVA': 7, 'MI FAMILIA': 3, 'CAMBIO': 0, 'VOS': 22}",0,18,260,0,Algún campo sin dato,0.Distrito Central,1.Guatemala,0091,presidente
1222,,"{'UNE': 8, 'AZUL': 8, 'VALOR UNIONISTA': 71, 'CABAL': 33, 'TODOS': 1, 'VAMOS': 4, 'PHG': 0, 'PR': 3, 'PIN': 0, 'ELEFANTE': 4, 'VICTORIA': 1, 'SEMILLA': 44, 'FCN-NACION': 1, 'PPN': 3, 'UR': 3, 'URNG-MAIZ WINAQ': 3, 'CREO': 10, 'BIEN': 23, 'VIVA': 7, 'MI FAMILIA': 4, 'CAMBIO': 0, 'VOS': 16}",1,18,266,0,Algún campo sin dato,0.Distrito Central,1.Guatemala,0091,presidente
1223,,"{'UNE': 9, 'AZUL': 5, 'VALOR UNIONISTA': 76, 'CABAL': 22, 'TODOS': 0, 'VAMOS': 10, 'PHG': 0, 'PR': 2, 'PIN': 0, 'ELEFANTE': 6, 'VICTORIA': 2, 'SEMILLA': 55, 'FCN-NACION': 1, 'PPN': 1, 'UR': 3, 'URNG-MAIZ WINAQ': 3, 'CREO': 5, 'BIEN': 12, 'VIVA': 7, 'MI FAMILIA': 4, 'CAMBIO': 0, 'VOS': 29}",1,22,275,0,Algún campo sin dato,0.Distrito Central,1.Guatemala,0091,presidente
1224,,"{'UNE': 7, 'AZUL': 3, 'VALOR UNIONISTA': 71, 'CABAL': 28, 'TODOS': 3, 'VAMOS': 8, 'PHG': 1, 'PR': 2, 'PIN': 1, 'ELEFANTE': 5, 'VICTORIA': 1, 'SEMILLA': 51, 'FCN-NACION': 0, 'PPN': 0, 'UR': 3, 'URNG-MAIZ WINAQ': 3, 'CREO': 7, 'BIEN': 19, 'VIVA': 6, 'MI FAMILIA': 7, 'CAMBIO': 1, 'VOS': 19}",1,11,258,0,Algún campo sin dato,0.Distrito Central,1.Guatemala,0091,presidente
1225,,"{'UNE': 13, 'AZUL': 3, 'VALOR UNIONISTA': 70, 'CABAL': 20, 'TODOS': 1, 'VAMOS': 4, 'PHG': 0, 'PR': 4, 'PIN': 0, 'ELEFANTE': 4, 'VICTORIA': 2, 'SEMILLA': 63, 'FCN-NACION': 0, 'PPN': 1, 'UR': 5, 'URNG-MAIZ WINAQ': 1, 'CREO': 4, 'BIEN': 15, 'VIVA': 9, 'MI FAMILIA': 4, 'CAMBIO': 0, 'VOS': 27}",0,18,268,0,Algún campo sin dato,0.Distrito Central,1.Guatemala,0091,presidente
1226,,"{'UNE': 20, 'AZUL': 9, 'VALOR UNIONISTA': 41, 'CABAL': 20, 'TODOS': 1, 'VAMOS': 5, 'PHG': 0, 'PR': 2, 'PIN': 1, 'ELEFANTE': 3, 'VICTORIA': 6, 'SEMILLA': 61, 'FCN-NACION': 1, 'PPN': 0, 'UR': 4, 'URNG-MAIZ WINAQ': 4, 'CREO': 6, 'BIEN': 21, 'VIVA': 7, 'MI FAMILIA': 4, 'CAMBIO': 0, 'VOS': 22}",1,20,259,2,Algún campo sin dato,0.Distrito Central,1.Guatemala,0091,presidente
1227,,"{'UNE': 4, 'AZUL': 0, 'VALOR UNIONISTA': 56, 'CABAL': 25, 'TODOS': 1, 'VAMOS': 1, 'PHG': 0, 'PR': 2, 'PIN': 1, 'ELEFANTE': 6, 'VICTORIA': 2, 'SEMILLA': 65, 'FCN-NACION': 2, 'PPN': 3, 'UR': 2, 'URNG-MAIZ WINAQ': 0, 'CREO': 7, 'BIEN': 9, 'VIVA': 3, 'MI FAMILIA': 6, 'CAMBIO': 0, 'VOS': 25}",0,20,240,0,Algún campo sin dato,0.Distrito Central,1.Guatemala,0091,presidente
1228,,"{'UNE': 12, 'AZUL': 1, 'VALOR UNIONISTA': 39, 'CABAL': 19, 'TODOS': 0, 'VAMOS': 1, 'PHG': 1, 'PR': 4, 'PIN': 1, 'ELEFANTE': 6, 'VICTORIA': 3, 'SEMILLA': 68, 'FCN-NACION': 0, 'PPN': 1, 'UR': 1, 'URNG-MAIZ WINAQ': 1, 'CREO': 5, 'BIEN': 22, 'VIVA': 7, 'MI FAMILIA': 2, 'CAMBIO': 0, 'VOS': 22}",0,30,246,0,,0.Distrito Central,1.Guatemala,0091,presidente
1229,,"{'UNE': 6, 'AZUL': 1, 'VALOR UNIONISTA': 34, 'CABAL': 14, 'TODOS': 0, 'VAMOS': 4, 'PHG': 0, 'PR': 1, 'PIN': 0, 'ELEFANTE': 2, 'VICTORIA': 2, 'SEMILLA': 90, 'FCN-NACION': 1, 'PPN': 1, 'UR': 3, 'URNG-MAIZ WINAQ': 2, 'CREO': 1, 'BIEN': 16, 'VIVA': 4, 'MI FAMILIA': 3, 'CAMBIO': 1, 'VOS': 20}",0,13,219,0,Algún campo sin dato,0.Distrito Central,1.Guatemala,0091,presidente
1230,,"{'UNE': 4, 'AZUL': 2, 'VALOR UNIONISTA': 36, 'CABAL': 12, 'TODOS': 0, 'VAMOS': 1, 'PHG': 0, 'PR': 4, 'PIN': 0, 'ELEFANTE': 2, 'VICTORIA': 4, 'SEMILLA': 140, 'FCN-NACION': 1, 'PPN': 0, 'UR': 1, 'URNG-MAIZ WINAQ': 1, 'CREO': 2, 'BIEN': 23, 'VIVA': 5, 'MI FAMILIA': 3, 'CAMBIO': 0, 'VOS': 20}",1,11,273,0,Algún campo sin dato,0.Distrito Central,1.Guatemala,0091,presidente
1231,,"{'UNE': 5, 'AZUL': 2, 'VALOR UNIONISTA': 29, 'CABAL': 16, 'TODOS': 0, 'VAMOS': 2, 'PHG': 0, 'PR': 1, 'PIN': 1, 'ELEFANTE': 0, 'VICTORIA': 2, 'SEMILLA': 143, 'FCN-NACION': 0, 'PPN': 0, 'UR': 3, 'URNG-MAIZ WINAQ': 1, 'CREO': 3, 'BIEN': 7, 'VIVA': 3, 'MI FAMILIA': 6, 'CAMBIO': 0, 'VOS': 18}",1,10,253,0,Algún campo sin dato,0.Distrito Central,1.Guatemala,0091,presidente
1232,,"{'UNE': 3, 'AZUL': 1, 'VALOR UNIONISTA': 26, 'CABAL': 13, 'TODOS': 1, 'VAMOS': 3, 'PHG': 0, 'PR': 1, 'PIN': 0, 'ELEFANTE': 0, 'VICTORIA': 1, 'SEMILLA': 93, 'FCN-NACION': 0, 'PPN': 0, 'UR': 0, 'URNG-MAIZ WINAQ': 1, 'CREO': 4, 'BIEN': 11, 'VIVA': 6, 'MI FAMILIA': 2, 'CAMBIO': 1, 'VOS': 14}",0,11,192,1,Algún campo sin dato,0.Distrito Central,1.Guatemala,0091,presidente
1233,,"{'UNE': 8, 'AZUL': 2, 'VALOR UNIONISTA': 24, 'CABAL': 17, 'TODOS': 0, 'VAMOS': 3, 'PHG': 0, 'PR': 0, 'PIN': 0, 'ELEFANTE': 5, 'VICTORIA': 3, 'SEMILLA': 106, 'FCN-NACION': 1, 'PPN': 0, 'UR': 1, 'URNG-MAIZ WINAQ': 2, 'CREO': 4, 'BIEN': 17, 'VIVA': 4, 'MI FAMILIA': 3, 'CAMBIO': 0, 'VOS': 17}",0,11,228,0,Algún campo sin dato,0.Distrito Central,1.Guatemala,0091,presidente
1234,,"{'UNE': 4, 'AZUL': 1, 'VALOR UNIONISTA': 13, 'CABAL': 12, 'TODOS': 0, 'VAMOS': 2, 'PHG': 0, 'PR': 1, 'PIN': 0, 'ELEFANTE': 1, 'VICTORIA': 1, 'SEMILLA': 61, 'FCN-NACION': 0, 'PPN': 0, 'UR': 1, 'URNG-MAIZ WINAQ': 0, 'CREO': 1, 'BIEN': 5, 'VIVA': 1, 'MI FAMILIA': 1, 'CAMBIO': 0, 'VOS': 12}",0,9,126,0,Algún campo sin dato,0.Distrito Central,1.Guatemala,0091,presidente
1235,,"{'UNE': 5, 'AZUL': 0, 'VALOR UNIONISTA': 19, 'CABAL': 17, 'TODOS': 0, 'VAMOS': 1, 'PHG': 0, 'PR': 1, 'PIN': 0, 'ELEFANTE': 0, 'VICTORIA': 1, 'SEMILLA': 46, 'FCN-NACION': 0, 'PPN': 0, 'UR': 1, 'URNG-MAIZ WINAQ': 0, 'CREO': 4, 'BIEN': 8, 'VIVA': 2, 'MI FAMILIA': 0, 'CAMBIO': 0, 'VOS': 9}",0,7,121,0,Algún campo sin dato,0.Distrito Central,1.Guatemala,0091,presidente
1236,,"{'UNE': 10, 'AZUL': 7, 'VALOR UNIONISTA': 35, 'CABAL': 27, 'TODOS': 1, 'VAMOS': 4, 'PHG': 0, 'PR': 8, 'PIN': 1, 'ELEFANTE': 3, 'VICTORIA': 3, 'SEMILLA': 75, 'FCN-NACION': 0, 'PPN': 1, 'UR': 6, 'URNG-MAIZ WINAQ': 5, 'CREO': 3, 'BIEN': 11, 'VIVA': 3, 'MI FAMILIA': 7, 'CAMBIO': 0, 'VOS': 32}",0,28,270,0,Algún campo sin dato,0.Distrito Central,1.Guatemala,0092,presidente
1237,,"{'UNE': 15, 'AZUL': 2, 'VALOR UNIONISTA': 44, 'CABAL': 19, 'TODOS': 0, 'VAMOS': 3, 'PHG': 0, 'PR': 7, 'PIN': 1, 'ELEFANTE': 7, 'VICTORIA': 4, 'SEMILLA': 69, 'FCN-NACION': 1, 'PPN': 1, 'UR': 0, 'URNG-MAIZ WINAQ': 5, 'CREO': 4, 'BIEN': 16, 'VIVA': 7, 'MI FAMILIA': 5, 'CAMBIO': 0, 'VOS': 35}",0,14,259,12,Algún campo sin dato,0.Distrito Central,1.Guatemala,0092,presidente
1238,,"{'UNE': 12, 'AZUL': 4, 'VALOR UNIONISTA': 43, 'CABAL': 18, 'TODOS': 0, 'VAMOS': 7, 'PHG': 1, 'PR': 5, 'PIN': 0, 'ELEFANTE': 6, 'VICTORIA': 6, 'SEMILLA': 78, 'FCN-NACION': 0, 'PPN': 1, 'UR': 2, 'URNG-MAIZ WINAQ': 5, 'CREO': 3, 'BIEN': 10, 'VIVA': 6, 'MI FAMILIA': 6, 'CAMBIO': 0, 'VOS': 39}",1,32,285,1,Algún campo sin dato,0.Distrito Central,1.Guatemala,0092,presidente
1239,,"{'UNE': 13, 'AZUL': 7, 'VALOR UNIONISTA': 39, 'CABAL': 20, 'TODOS': 1, 'VAMOS': 3, 'PHG': 0, 'PR': 2, 'PIN': 0, 'ELEFANTE': 5, 'VICTORIA': 1, 'SEMILLA': 74, 'FCN-NACION': 1, 'PPN': 1, 'UR': 6, 'URNG-MAIZ WINAQ': 4, 'CREO': 7, 'BIEN': 25, 'VIVA': 8, 'MI FAMILIA': 4, 'CAMBIO': 1, 'VOS': 37}",0,22,281,0,,0.Distrito Central,1.Guatemala,0092,presidente
1240,,"{'UNE': 15, 'AZUL': 4, 'VALOR UNIONISTA': 42, 'CABAL': 19, 'TODOS': 0, 'VAMOS': 1, 'PHG': 0, 'PR': 8, 'PIN': 2, 'ELEFANTE': 5, 'VICTORIA': 5, 'SEMILLA': 73, 'FCN-NACION': 1, 'PPN': 0, 'UR': 4, 'URNG-MAIZ WINAQ': 2, 'CREO': 6, 'BIEN': 24, 'VIVA': 9, 'MI FAMILIA': 4, 'CAMBIO': 0, 'VOS': 33}",2,30,289,0,Algún campo sin dato,0.Distrito Central,1.Guatemala,0092,presidente
1241,,"{'UNE': 16, 'AZUL': 4, 'VALOR UNIONISTA': 33, 'CABAL': 16, 'TODOS': 0, 'VAMOS': 9, 'PHG': 0, 'PR': 3, 'PIN': 2, 'ELEFANTE': 4, 'VICTORIA': 5, 'SEMILLA': 74, 'FCN-NACION': 1, 'PPN': 0, 'UR': 4, 'URNG-MAIZ WINAQ': 2, 'CREO': 4, 'BIEN': 13, 'VIVA': 10, 'MI FAMILIA': 3, 'CAMBIO': 0, 'VOS': 37}",1,30,271,0,Algún campo sin dato,0.Distrito Central,1.Guatemala,0092,presidente
1242,,"{'UNE': 13, 'AZUL': 4, 'VALOR UNIONISTA': 36, 'CABAL': 25, 'TODOS': 0, 'VAMOS': 1, 'PHG': 0, 'PR': 5, 'PIN': 0, 'ELEFANTE': 4, 'VICTORIA': 3, 'SEMILLA': 68, 'FCN-NACION': 0, 'PPN': 0, 'UR': 2, 'URNG-MAIZ WINAQ': 4, 'CREO': 5, 'BIEN': 25, 'VIVA': 4, 'MI FAMILIA': 7, 'CAMBIO': 0, 'VOS': 30}",0,23,259,0,Algún campo sin dato,0.Distrito Central,1.Guatemala,0092,presidente
1243,,"{'UNE': 9, 'AZUL': 4, 'VALOR UNIONISTA': 28, 'CABAL': 24, 'TODOS': 0, 'VAMOS': 0, 'PHG': 0, 'PR': 3, 'PIN': 2, 'ELEFANTE': 2, 'VICTORIA': 4, 'SEMILLA': 83, 'FCN-NACION': 2, 'PPN': 1, 'UR': 4, 'URNG-MAIZ WINAQ': 0, 'CREO': 5, 'BIEN': 24, 'VIVA': 2, 'MI FAMILIA': 10, 'CAMBIO': 0, 'VOS': 27}",0,18,252,0,Algún campo sin dato,0.Distrito Central,1.Guatemala,0092,presidente
1244,,"{'UNE': 13, 'AZUL': 3, 'VALOR UNIONISTA': 18, 'CABAL': 7, 'TODOS': 1, 'VAMOS': 1, 'PHG': 1, 'PR': 3, 'PIN': 1, 'ELEFANTE': 3, 'VICTORIA': 2, 'SEMILLA': 100, 'FCN-NACION': 1, 'PPN': 0, 'UR': 2, 'URNG-MAIZ WINAQ': 4, 'CREO': 5, 'BIEN': 15, 'VIVA': 12, 'MI FAMILIA': 3, 'CAMBIO': 0, 'VOS': 36}",0,20,251,0,Algún campo sin dato,0.Distrito Central,1.Guatemala,0092,presidente
1245,,"{'UNE': 6, 'AZUL': 3, 'VALOR UNIONISTA': 38, 'CABAL': 21, 'TODOS': 1, 'VAMOS': 6, 'PHG': 0, 'PR': 3, 'PIN': 1, 'ELEFANTE': 2, 'VICTORIA': 5, 'SEMILLA': 73, 'FCN-NACION': 1, 'PPN': 0, 'UR': 3, 'URNG-MAIZ WINAQ': 1, 'CREO': 3, 'BIEN': 24, 'VIVA': 14, 'MI FAMILIA': 5, 'CAMBIO': 0, 'VOS': 31}",3,32,276,0,Algún campo sin dato,0.Distrito Central,1.Guatemala,0092,presidente
1246,,"{'UNE': 6, 'AZUL': 1, 'VALOR UNIONISTA': 38, 'CABAL': 16, 'TODOS': 0, 'VAMOS': 1, 'PHG': 0, 'PR': 2, 'PIN': 0, 'ELEFANTE': 3, 'VICTORIA': 5, 'SEMILLA': 85, 'FCN-NACION': 0, 'PPN': 1, 'UR': 2, 'URNG-MAIZ WINAQ': 5, 'CREO': 6, 'BIEN': 24, 'VIVA': 5, 'MI FAMILIA': 7, 'CAMBIO': 0, 'VOS': 31}",0,26,264,0,Algún campo sin dato,0.Distrito Central,1.Guatemala,0092,presidente
1247,,"{'UNE': 7, 'AZUL': 3, 'VALOR UNIONISTA': 37, 'CABAL': 17, 'TODOS': 0, 'VAMOS': 3, 'PHG': 0, 'PR': 7, 'PIN': 0, 'ELEFANTE': 4, 'VICTORIA': 2, 'SEMILLA': 83, 'FCN-NACION': 0, 'PPN': 0, 'UR': 4, 'URNG-MAIZ WINAQ': 2, 'CREO': 5, 'BIEN': 16, 'VIVA': 5, 'MI FAMILIA': 1, 'CAMBIO': 0, 'VOS': 20}",1,30,247,0,Algún campo sin dato,0.Distrito Central,1.Guatemala,0092,presidente
1248,,"{'UNE': 11, 'AZUL': 10, 'VALOR UNIONISTA': 34, 'CABAL': 17, 'TODOS': 0, 'VAMOS': 2, 'PHG': 0, 'PR': 4, 'PIN': 0, 'ELEFANTE': 7, 'VICTORIA': 8, 'SEMILLA': 79, 'FCN-NACION': 1, 'PPN': 0, 'UR': 5, 'URNG-MAIZ WINAQ': 5, 'CREO': 8, 'BIEN': 16, 'VIVA': 11, 'MI FAMILIA': 5, 'CAMBIO': 0, 'VOS': 23}",0,26,272,1,Algún campo sin dato,0.Distrito Central,1.Guatemala,0092,presidente
1249,,"{'UNE': 9, 'AZUL': 5, 'VALOR UNIONISTA': 33, 'CABAL': 27, 'TODOS': 1, 'VAMOS': 3, 'PHG': 0, 'PR': 2, 'PIN': 2, 'ELEFANTE': 4, 'VICTORIA': 2, 'SEMILLA': 85, 'FCN-NACION': 0, 'PPN': 1, 'UR': 4, 'URNG-MAIZ WINAQ': 2, 'CREO': 4, 'BIEN': 16, 'VIVA': 6, 'MI FAMILIA': 3, 'CAMBIO': 1, 'VOS': 29}",0,32,271,0,Algún campo sin dato,0.Distrito Central,1.Guatemala,0092,presidente
1250,,"{'UNE': 10, 'AZUL': 3, 'VALOR UNIONISTA': 45, 'CABAL': 24, 'TODOS': 0, 'VAMOS': 6, 'PHG': 2, 'PR': 0, 'PIN': 1, 'ELEFANTE': 0, 'VICTORIA': 1, 'SEMILLA': 75, 'FCN-NACION': 0, 'PPN': 0, 'UR': 5, 'URNG-MAIZ WINAQ': 2, 'CREO': 2, 'BIEN': 23, 'VIVA': 11, 'MI FAMILIA': 3, 'CAMBIO': 0, 'VOS': 33}",0,24,270,0,Sumas Asentadas sin cuadrar,0.Distrito Central,1.Guatemala,0092,presidente
1251,,"{'UNE': 18, 'AZUL': 3, 'VALOR UNIONISTA': 14, 'CABAL': 1, 'TODOS': 1, 'VAMOS': 10, 'PHG': 0, 'PR': 1, 'PIN': 1, 'ELEFANTE': 3, 'VICTORIA': 1, 'SEMILLA': 33, 'FCN-NACION': 1, 'PPN': 4, 'UR': 2, 'URNG-MAIZ WINAQ': 2, 'CREO': 3, 'BIEN': 5, 'VIVA': 10, 'MI FAMILIA': 3, 'CAMBIO': 1, 'VOS': 8}",4,41,170,1,,0.Distrito Central,1.Guatemala,0092,presidente
1252,,"{'UNE': 16, 'AZUL': 4, 'VALOR UNIONISTA': 40, 'CABAL': 20, 'TODOS': 0, 'VAMOS': 8, 'PHG': 0, 'PR': 3, 'PIN': 1, 'ELEFANTE': 4, 'VICTORIA': 3, 'SEMILLA': 70, 'FCN-NACION': 0, 'PPN': 2, 'UR': 6, 'URNG-MAIZ WINAQ': 6, 'CREO': 2, 'BIEN': 18, 'VIVA': 4, 'MI FAMILIA': 1, 'CAMBIO': 0, 'VOS': 29}",0,31,268,0,Algún campo sin dato,0.Distrito Central,1.Guatemala,0093,presidente
1253,,"{'UNE': 15, 'AZUL': 4, 'VALOR UNIONISTA': 46, 'CABAL': 23, 'TODOS': 0, 'VAMOS': 6, 'PHG': 0, 'PR': 4, 'PIN': 1, 'ELEFANTE': 4, 'VICTORIA': 4, 'SEMILLA': 72, 'FCN-NACION': 0, 'PPN': 0, 'UR': 1, 'URNG-MAIZ WINAQ': 1, 'CREO': 2, 'BIEN': 17, 'VIVA': 9, 'MI FAMILIA': 10, 'CAMBIO': 0, 'VOS': 30}",0,27,276,0,Algún campo sin dato,0.Distrito Central,1.Guatemala,0093,presidente
1254,,"{'UNE': 7, 'AZUL': 5, 'VALOR UNIONISTA': 35, 'CABAL': 22, 'TODOS': 0, 'VAMOS': 5, 'PHG': 0, 'PR': 3, 'PIN': 0, 'ELEFANTE': 7, 'VICTORIA': 5, 'SEMILLA': 79, 'FCN-NACION': 1, 'PPN': 0, 'UR': 2, 'URNG-MAIZ WINAQ': 2, 'CREO': 2, 'BIEN': 22, 'VIVA': 11, 'MI FAMILIA': 3, 'CAMBIO': 0, 'VOS': 34}",1,26,272,0,Algún campo sin dato,0.Distrito Central,1.Guatemala,0093,presidente
1255,,"{'UNE': 10, 'AZUL': 6, 'VALOR UNIONISTA': 40, 'CABAL': 14, 'TODOS': 0, 'VAMOS': 2, 'PHG': 0, 'PR': 6, 'PIN': 0, 'ELEFANTE': 1, 'VICTORIA': 7, 'SEMILLA': 77, 'FCN-NACION': 2, 'PPN': 0, 'UR': 1, 'URNG-MAIZ WINAQ': 3, 'CREO': 1, 'BIEN': 21, 'VIVA': 9, 'MI FAMILIA': 3, 'CAMBIO': 0, 'VOS': 22}",0,24,249,0,Algún campo sin dato,0.Distrito Central,1.Guatemala,0093,presidente
1256,,"{'UNE': 9, 'AZUL': 2, 'VALOR UNIONISTA': 32, 'CABAL': 22, 'TODOS': 5, 'VAMOS': 4, 'PHG': 1, 'PR': 1, 'PIN': 0, 'ELEFANTE': 4, 'VICTORIA': 5, 'SEMILLA': 65, 'FCN-NACION': 2, 'PPN': 3, 'UR': 3, 'URNG-MAIZ WINAQ': 3, 'CREO': 5, 'BIEN': 15, 'VIVA': 5, 'MI FAMILIA': 2, 'CAMBIO': 0, 'VOS': 33}",0,24,245,0,Algún campo sin dato,0.Distrito Central,1.Guatemala,0093,presidente
1257,,"{'UNE': 9, 'AZUL': 3, 'VALOR UNIONISTA': 14, 'CABAL': 12, 'TODOS': 1, 'VAMOS': 1, 'PHG': 0, 'PR': 0, 'PIN': 0, 'ELEFANTE': 4, 'VICTORIA': 3, 'SEMILLA': 75, 'FCN-NACION': 2, 'PPN': 1, 'UR': 0, 'URNG-MAIZ WINAQ': 1, 'CREO': 2, 'BIEN': 21, 'VIVA': 5, 'MI FAMILIA': 2, 'CAMBIO': 0, 'VOS': 31}",0,36,223,0,Algún campo sin dato,0.Distrito Central,1.Guatemala,0093,presidente
1258,,"{'UNE': 6, 'AZUL': 0, 'VALOR UNIONISTA': 10, 'CABAL': 13, 'TODOS': 0, 'VAMOS': 4, 'PHG': 0, 'PR': 0, 'PIN': 0, 'ELEFANTE': 2, 'VICTORIA': 1, 'SEMILLA': 123, 'FCN-NACION': 0, 'PPN': 0, 'UR': 3, 'URNG-MAIZ WINAQ': 2, 'CREO': 3, 'BIEN': 12, 'VIVA': 6, 'MI FAMILIA': 4, 'CAMBIO': 0, 'VOS': 21}",0,13,223,0,Algún campo sin dato,0.Distrito Central,1.Guatemala,0093,presidente
1259,,"{'UNE': 10, 'AZUL': 2, 'VALOR UNIONISTA': 16, 'CABAL': 11, 'TODOS': 0, 'VAMOS': 2, 'PHG': 0, 'PR': 2, 'PIN': 0, 'ELEFANTE': 1, 'VICTORIA': 4, 'SEMILLA': 153, 'FCN-NACION': 1, 'PPN': 0, 'UR': 0, 'URNG-MAIZ WINAQ': 2, 'CREO': 3, 'BIEN': 21, 'VIVA': 3, 'MI FAMILIA': 3, 'CAMBIO': 0, 'VOS': 23}",0,6,263,0,Algún campo sin dato,0.Distrito Central,1.Guatemala,0093,presidente
1260,,"{'UNE': 5, 'AZUL': 1, 'VALOR UNIONISTA': 19, 'CABAL': 6, 'TODOS': 1, 'VAMOS': 5, 'PHG': 0, 'PR': 1, 'PIN': 0, 'ELEFANTE': 2, 'VICTORIA': 2, 'SEMILLA': 145, 'FCN-NACION': 0, 'PPN': 0, 'UR': 5, 'URNG-MAIZ WINAQ': 1, 'CREO': 2, 'BIEN': 9, 'VIVA': 1, 'MI FAMILIA': 2, 'CAMBIO': 0, 'VOS': 15}",0,17,239,0,Algún campo sin dato,0.Distrito Central,1.Guatemala,0093,presidente
1261,,"{'UNE': 11, 'AZUL': 1, 'VALOR UNIONISTA': 6, 'CABAL': 7, 'TODOS': 0, 'VAMOS': 0, 'PHG': 0, 'PR': 1, 'PIN': 0, 'ELEFANTE': 3, 'VICTORIA': 1, 'SEMILLA': 102, 'FCN-NACION': 0, 'PPN': 2, 'UR': 2, 'URNG-MAIZ WINAQ': 0, 'CREO': 1, 'BIEN': 18, 'VIVA': 6, 'MI FAMILIA': 2, 'CAMBIO': 0, 'VOS': 10}",0,18,191,0,Algún campo sin dato,0.Distrito Central,1.Guatemala,0093,presidente
1262,,"{'UNE': 10, 'AZUL': 2, 'VALOR UNIONISTA': 13, 'CABAL': 11, 'TODOS': 0, 'VAMOS': 5, 'PHG': 0, 'PR': 0, 'PIN': 1, 'ELEFANTE': 4, 'VICTORIA': 0, 'SEMILLA': 122, 'FCN-NACION': 2, 'PPN': 0, 'UR': 2, 'URNG-MAIZ WINAQ': 1, 'CREO': 5, 'BIEN': 9, 'VIVA': 4, 'MI FAMILIA': 2, 'CAMBIO': 0, 'VOS': 13}",0,7,213,0,Algún campo sin dato,0.Distrito Central,1.Guatemala,0093,presidente
1263,,"{'UNE': 9, 'AZUL': 1, 'VALOR UNIONISTA': 13, 'CABAL': 11, 'TODOS': 0, 'VAMOS': 2, 'PHG': 0, 'PR': 1, 'PIN': 0, 'ELEFANTE': 2, 'VICTORIA': 2, 'SEMILLA': 85, 'FCN-NACION': 1, 'PPN': 0, 'UR': 2, 'URNG-MAIZ WINAQ': 1, 'CREO': 2, 'BIEN': 8, 'VIVA': 6, 'MI FAMILIA': 1, 'CAMBIO': 0, 'VOS': 9}",1,8,165,219,Algún campo sin dato,0.Distrito Central,1.Guatemala,0093,presidente
1264,,"{'UNE': 14, 'AZUL': 6, 'VALOR UNIONISTA': 17, 'CABAL': 12, 'TODOS': 0, 'VAMOS': 6, 'PHG': 1, 'PR': 5, 'PIN': 2, 'ELEFANTE': 4, 'VICTORIA': 4, 'SEMILLA': 39, 'FCN-NACION': 2, 'PPN': 1, 'UR': 3, 'URNG-MAIZ WINAQ': 5, 'CREO': 5, 'BIEN': 11, 'VIVA': 7, 'MI FAMILIA': 6, 'CAMBIO': 0, 'VOS': 13}",1,28,192,0,Algún campo sin dato,0.Distrito Central,1.Guatemala,0094,presidente
1265,,"{'UNE': 25, 'AZUL': 1, 'VALOR UNIONISTA': 25, 'CABAL': 7, 'TODOS': 1, 'VAMOS': 4, 'PHG': 0, 'PR': 3, 'PIN': 1, 'ELEFANTE': 2, 'VICTORIA': 5, 'SEMILLA': 56, 'FCN-NACION': 3, 'PPN': 0, 'UR': 5, 'URNG-MAIZ WINAQ': 3, 'CREO': 5, 'BIEN': 9, 'VIVA': 11, 'MI FAMILIA': 4, 'CAMBIO': 0, 'VOS': 12}",0,37,219,2,Algún campo sin dato,0.Distrito Central,1.Guatemala,0094,presidente
1266,,"{'UNE': 22, 'AZUL': 3, 'VALOR UNIONISTA': 13, 'CABAL': 12, 'TODOS': 0, 'VAMOS': 2, 'PHG': 0, 'PR': 3, 'PIN': 1, 'ELEFANTE': 2, 'VICTORIA': 5, 'SEMILLA': 52, 'FCN-NACION': 0, 'PPN': 1, 'UR': 6, 'URNG-MAIZ WINAQ': 4, 'CREO': 5, 'BIEN': 12, 'VIVA': 12, 'MI FAMILIA': 4, 'CAMBIO': 2, 'VOS': 20}",1,26,208,0,Algún campo sin dato,0.Distrito Central,1.Guatemala,0094,presidente
1267,,"{'UNE': 20, 'AZUL': 2, 'VALOR UNIONISTA': 17, 'CABAL': 9, 'TODOS': 0, 'VAMOS': 1, 'PHG': 0, 'PR': 4, 'PIN': 0, 'ELEFANTE': 3, 'VICTORIA': 6, 'SEMILLA': 53, 'FCN-NACION': 1, 'PPN': 1, 'UR': 4, 'URNG-MAIZ WINAQ': 11, 'CREO': 3, 'BIEN': 13, 'VIVA': 17, 'MI FAMILIA': 5, 'CAMBIO': 1, 'VOS': 18}",0,28,217,0,Algún campo sin dato,0.Distrito Central,1.Guatemala,0094,presidente
1268,,"{'UNE': 20, 'AZUL': 4, 'VALOR UNIONISTA': 29, 'CABAL': 7, 'TODOS': 1, 'VAMOS': 5, 'PHG': 0, 'PR': 4, 'PIN': 1, 'ELEFANTE': 0, 'VICTORIA': 4, 'SEMILLA': 43, 'FCN-NACION': 0, 'PPN': 0, 'UR': 5, 'URNG-MAIZ WINAQ': 4, 'CREO': 3, 'BIEN': 15, 'VIVA': 6, 'MI FAMILIA': 3, 'CAMBIO': 0, 'VOS': 24}",1,31,210,0,Algún campo sin dato,0.Distrito Central,1.Guatemala,0094,presidente
1269,,"{'UNE': 11, 'AZUL': 2, 'VALOR UNIONISTA': 20, 'CABAL': 3, 'TODOS': 1, 'VAMOS': 5, 'PHG': 1, 'PR': 1, 'PIN': 1, 'ELEFANTE': 1, 'VICTORIA': 7, 'SEMILLA': 44, 'FCN-NACION': 0, 'PPN': 0, 'UR': 4, 'URNG-MAIZ WINAQ': 1, 'CREO': 1, 'BIEN': 9, 'VIVA': 16, 'MI FAMILIA': 6, 'CAMBIO': 0, 'VOS': 17}",0,36,187,0,Algún campo sin dato,0.Distrito Central,1.Guatemala,0094,presidente
1270,,"{'UNE': 15, 'AZUL': 1, 'VALOR UNIONISTA': 15, 'CABAL': 6, 'TODOS': 0, 'VAMOS': 1, 'PHG': 0, 'PR': 0, 'PIN': 1, 'ELEFANTE': 1, 'VICTORIA': 8, 'SEMILLA': 61, 'FCN-NACION': 0, 'PPN': 0, 'UR': 1, 'URNG-MAIZ WINAQ': 5, 'CREO': 2, 'BIEN': 9, 'VIVA': 15, 'MI FAMILIA': 1, 'CAMBIO': 0, 'VOS': 20}",0,19,181,0,Algún campo sin dato,0.Distrito Central,1.Guatemala,0094,presidente
1271,,"{'UNE': 21, 'AZUL': 1, 'VALOR UNIONISTA': 11, 'CABAL': 9, 'TODOS': 0, 'VAMOS': 3, 'PHG': 0, 'PR': 2, 'PIN': 1, 'ELEFANTE': 1, 'VICTORIA': 8, 'SEMILLA': 45, 'FCN-NACION': 2, 'PPN': 3, 'UR': 1, 'URNG-MAIZ WINAQ': 6, 'CREO': 5, 'BIEN': 14, 'VIVA': 12, 'MI FAMILIA': 4, 'CAMBIO': 1, 'VOS': 13}",2,28,193,0,Algún campo sin dato,0.Distrito Central,1.Guatemala,0094,presidente
1272,,"{'UNE': 18, 'AZUL': 1, 'VALOR UNIONISTA': 20, 'CABAL': 13, 'TODOS': 0, 'VAMOS': 5, 'PHG': 1, 'PR': 1, 'PIN': 0, 'ELEFANTE': 3, 'VICTORIA': 0, 'SEMILLA': 48, 'FCN-NACION': 0, 'PPN': 0, 'UR': 4, 'URNG-MAIZ WINAQ': 5, 'CREO': 1, 'BIEN': 9, 'VIVA': 12, 'MI FAMILIA': 2, 'CAMBIO': 0, 'VOS': 25}",0,20,188,0,Algún campo sin dato,0.Distrito Central,1.Guatemala,0094,presidente
1273,,"{'UNE': 13, 'AZUL': 1, 'VALOR UNIONISTA': 33, 'CABAL': 15, 'TODOS': 2, 'VAMOS': 2, 'PHG': 0, 'PR': 0, 'PIN': 2, 'ELEFANTE': 5, 'VICTORIA': 4, 'SEMILLA': 56, 'FCN-NACION': 0, 'PPN': 2, 'UR': 3, 'URNG-MAIZ WINAQ': 4, 'CREO': 7, 'BIEN': 16, 'VIVA': 8, 'MI FAMILIA': 4, 'CAMBIO': 0, 'VOS': 17}",1,27,222,180,Sumas Asentadas sin cuadrar,0.Distrito Central,1.Guatemala,0094,presidente
1274,,"{'UNE': 23, 'AZUL': 6, 'VALOR UNIONISTA': 20, 'CABAL': 11, 'TODOS': 0, 'VAMOS': 2, 'PHG': 0, 'PR': 0, 'PIN': 0, 'ELEFANTE': 1, 'VICTORIA': 4, 'SEMILLA': 56, 'FCN-NACION': 0, 'PPN': 2, 'UR': 2, 'URNG-MAIZ WINAQ': 4, 'CREO': 2, 'BIEN': 4, 'VIVA': 13, 'MI FAMILIA': 2, 'CAMBIO': 0, 'VOS': 25}",2,26,205,0,Algún campo sin dato,0.Distrito Central,1.Guatemala,0094,presidente
1275,,"{'UNE': 17, 'AZUL': 2, 'VALOR UNIONISTA': 16, 'CABAL': 12, 'TODOS': 1, 'VAMOS': 4, 'PHG': 0, 'PR': 2, 'PIN': 0, 'ELEFANTE': 2, 'VICTORIA': 5, 'SEMILLA': 45, 'FCN-NACION': 0, 'PPN': 0, 'UR': 1, 'URNG-MAIZ WINAQ': 2, 'CREO': 4, 'BIEN': 10, 'VIVA': 14, 'MI FAMILIA': 4, 'CAMBIO': 0, 'VOS': 22}",2,24,189,0,Algún campo sin dato,0.Distrito Central,1.Guatemala,0094,presidente
1276,,"{'UNE': 21, 'AZUL': 3, 'VALOR UNIONISTA': 26, 'CABAL': 7, 'TODOS': 0, 'VAMOS': 7, 'PHG': 1, 'PR': 3, 'PIN': 0, 'ELEFANTE': 2, 'VICTORIA': 3, 'SEMILLA': 47, 'FCN-NACION': 1, 'PPN': 2, 'UR': 1, 'URNG-MAIZ WINAQ': 5, 'CREO': 3, 'BIEN': 13, 'VIVA': 12, 'MI FAMILIA': 6, 'CAMBIO': 2, 'VOS': 24}",1,24,214,0,Algún campo sin dato,0.Distrito Central,1.Guatemala,0094,presidente
1277,,"{'UNE': 26, 'AZUL': 8, 'VALOR UNIONISTA': 15, 'CABAL': 12, 'TODOS': 0, 'VAMOS': 2, 'PHG': 0, 'PR': 3, 'PIN': 0, 'ELEFANTE': 0, 'VICTORIA': 5, 'SEMILLA': 42, 'FCN-NACION': 1, 'PPN': 1, 'UR': 2, 'URNG-MAIZ WINAQ': 5, 'CREO': 2, 'BIEN': 12, 'VIVA': 16, 'MI FAMILIA': 3, 'CAMBIO': 0, 'VOS': 17}",0,27,199,0,Algún campo sin dato,0.Distrito Central,1.Guatemala,0095,presidente
1278,,"{'UNE': 25, 'AZUL': 4, 'VALOR UNIONISTA': 12, 'CABAL': 12, 'TODOS': 0, 'VAMOS': 2, 'PHG': 0, 'PR': 3, 'PIN': 1, 'ELEFANTE': 2, 'VICTORIA': 8, 'SEMILLA': 59, 'FCN-NACION': 0, 'PPN': 1, 'UR': 3, 'URNG-MAIZ WINAQ': 1, 'CREO': 4, 'BIEN': 10, 'VIVA': 7, 'MI FAMILIA': 2, 'CAMBIO': 0, 'VOS': 11}",0,31,198,0,Algún campo sin dato,0.Distrito Central,1.Guatemala,0095,presidente
1279,,"{'UNE': 25, 'AZUL': 1, 'VALOR UNIONISTA': 18, 'CABAL': 12, 'TODOS': 0, 'VAMOS': 3, 'PHG': 0, 'PR': 4, 'PIN': 1, 'ELEFANTE': 3, 'VICTORIA': 2, 'SEMILLA': 41, 'FCN-NACION': 3, 'PPN': 0, 'UR': 1, 'URNG-MAIZ WINAQ': 5, 'CREO': 1, 'BIEN': 6, 'VIVA': 12, 'MI FAMILIA': 0, 'CAMBIO': 0, 'VOS': 20}",0,23,181,0,Algún campo sin dato,0.Distrito Central,1.Guatemala,0095,presidente
1280,,"{'UNE': 19, 'AZUL': 2, 'VALOR UNIONISTA': 12, 'CABAL': 4, 'TODOS': 0, 'VAMOS': 1, 'PHG': 0, 'PR': 1, 'PIN': 0, 'ELEFANTE': 4, 'VICTORIA': 4, 'SEMILLA': 69, 'FCN-NACION': 2, 'PPN': 0, 'UR': 2, 'URNG-MAIZ WINAQ': 2, 'CREO': 6, 'BIEN': 7, 'VIVA': 12, 'MI FAMILIA': 5, 'CAMBIO': 0, 'VOS': 20}",0,25,197,0,Algún campo sin dato,0.Distrito Central,1.Guatemala,0095,presidente
1281,,"{'UNE': 14, 'AZUL': 0, 'VALOR UNIONISTA': 11, 'CABAL': 6, 'TODOS': 2, 'VAMOS': 2, 'PHG': 1, 'PR': 2, 'PIN': 1, 'ELEFANTE': 3, 'VICTORIA': 1, 'SEMILLA': 88, 'FCN-NACION': 2, 'PPN': 0, 'UR': 0, 'URNG-MAIZ WINAQ': 0, 'CREO': 2, 'BIEN': 13, 'VIVA': 5, 'MI FAMILIA': 3, 'CAMBIO': 0, 'VOS': 14}",0,19,189,0,Algún campo sin dato,0.Distrito Central,1.Guatemala,0095,presidente
1282,,"{'UNE': 8, 'AZUL': 1, 'VALOR UNIONISTA': 13, 'CABAL': 5, 'TODOS': 0, 'VAMOS': 0, 'PHG': 0, 'PR': 1, 'PIN': 0, 'ELEFANTE': 2, 'VICTORIA': 5, 'SEMILLA': 103, 'FCN-NACION': 1, 'PPN': 1, 'UR': 3, 'URNG-MAIZ WINAQ': 0, 'CREO': 1, 'BIEN': 9, 'VIVA': 3, 'MI FAMILIA': 0, 'CAMBIO': 0, 'VOS': 13}",0,14,183,0,Algún campo sin dato,0.Distrito Central,1.Guatemala,0095,presidente
1283,,"{'UNE': 9, 'AZUL': 1, 'VALOR UNIONISTA': 5, 'CABAL': 7, 'TODOS': 0, 'VAMOS': 1, 'PHG': 0, 'PR': 0, 'PIN': 0, 'ELEFANTE': 0, 'VICTORIA': 2, 'SEMILLA': 89, 'FCN-NACION': 0, 'PPN': 0, 'UR': 1, 'URNG-MAIZ WINAQ': 3, 'CREO': 1, 'BIEN': 8, 'VIVA': 5, 'MI FAMILIA': 1, 'CAMBIO': 0, 'VOS': 14}",1,24,172,0,Algún campo sin dato,0.Distrito Central,1.Guatemala,0095,presidente
1284,,"{'UNE': 6, 'AZUL': 0, 'VALOR UNIONISTA': 7, 'CABAL': 6, 'TODOS': 0, 'VAMOS': 1, 'PHG': 0, 'PR': 0, 'PIN': 0, 'ELEFANTE': 0, 'VICTORIA': 4, 'SEMILLA': 56, 'FCN-NACION': 1, 'PPN': 0, 'UR': 2, 'URNG-MAIZ WINAQ': 2, 'CREO': 4, 'BIEN': 8, 'VIVA': 3, 'MI FAMILIA': 1, 'CAMBIO': 0, 'VOS': 11}",1,15,128,0,Algún campo sin dato,0.Distrito Central,1.Guatemala,0095,presidente
1285,,"{'UNE': 7, 'AZUL': 0, 'VALOR UNIONISTA': 2, 'CABAL': 4, 'TODOS': 0, 'VAMOS': 0, 'PHG': 0, 'PR': 1, 'PIN': 0, 'ELEFANTE': 0, 'VICTORIA': 2, 'SEMILLA': 33, 'FCN-NACION': 0, 'PPN': 0, 'UR': 3, 'URNG-MAIZ WINAQ': 1, 'CREO': 0, 'BIEN': 0, 'VIVA': 4, 'MI FAMILIA': 0, 'CAMBIO': 1, 'VOS': 3}",0,8,69,0,Algún campo sin dato,0.Distrito Central,1.Guatemala,0095,presidente
1286,,"{'UNE': 6, 'AZUL': 0, 'VALOR UNIONISTA': 4, 'CABAL': 6, 'TODOS': 0, 'VAMOS': 0, 'PHG': 0, 'PR': 0, 'PIN': 1, 'ELEFANTE': 1, 'VICTORIA': 0, 'SEMILLA': 32, 'FCN-NACION': 0, 'PPN': 0, 'UR': 0, 'URNG-MAIZ WINAQ': 0, 'CREO': 1, 'BIEN': 2, 'VIVA': 0, 'MI FAMILIA': 0, 'CAMBIO': 1, 'VOS': 5}",0,5,64,0,Algún campo sin dato,0.Distrito Central,1.Guatemala,0095,presidente
1287,,"{'UNE': 14, 'AZUL': 7, 'VALOR UNIONISTA': 22, 'CABAL': 10, 'TODOS': 1, 'VAMOS': 3, 'PHG': 0, 'PR': 4, 'PIN': 0, 'ELEFANTE': 3, 'VICTORIA': 7, 'SEMILLA': 56, 'FCN-NACION': 1, 'PPN': 1, 'UR': 7, 'URNG-MAIZ WINAQ': 8, 'CREO': 3, 'BIEN': 13, 'VIVA': 16, 'MI FAMILIA': 2, 'CAMBIO': 0, 'VOS': 18}",2,34,232,0,Algún campo sin dato,0.Distrito Central,1.Guatemala,0096,presidente
1288,,"{'UNE': 16, 'AZUL': 3, 'VALOR UNIONISTA': 29, 'CABAL': 13, 'TODOS': 0, 'VAMOS': 3, 'PHG': 1, 'PR': 5, 'PIN': 1, 'ELEFANTE': 2, 'VICTORIA': 1, 'SEMILLA': 47, 'FCN-NACION': 0, 'PPN': 1, 'UR': 3, 'URNG-MAIZ WINAQ': 6, 'CREO': 5, 'BIEN': 15, 'VIVA': 15, 'MI FAMILIA': 6, 'CAMBIO': 1, 'VOS': 21}",3,44,241,0,Algún campo sin dato,0.Distrito Central,1.Guatemala,0096,presidente
1289,,"{'UNE': 17, 'AZUL': 3, 'VALOR UNIONISTA': 26, 'CABAL': 25, 'TODOS': 0, 'VAMOS': 5, 'PHG': 3, 'PR': 1, 'PIN': 1, 'ELEFANTE': 4, 'VICTORIA': 9, 'SEMILLA': 53, 'FCN-NACION': 1, 'PPN': 2, 'UR': 3, 'URNG-MAIZ WINAQ': 8, 'CREO': 3, 'BIEN': 15, 'VIVA': 20, 'MI FAMILIA': 6, 'CAMBIO': 0, 'VOS': 16}",3,23,247,0,Algún campo sin dato,0.Distrito Central,1.Guatemala,0096,presidente
1290,,"{'UNE': 12, 'AZUL': 4, 'VALOR UNIONISTA': 20, 'CABAL': 15, 'TODOS': 0, 'VAMOS': 1, 'PHG': 0, 'PR': 3, 'PIN': 0, 'ELEFANTE': 3, 'VICTORIA': 6, 'SEMILLA': 68, 'FCN-NACION': 0, 'PPN': 1, 'UR': 6, 'URNG-MAIZ WINAQ': 9, 'CREO': 7, 'BIEN': 11, 'VIVA': 14, 'MI FAMILIA': 5, 'CAMBIO': 0, 'VOS': 21}",0,36,242,0,Algún campo sin dato,0.Distrito Central,1.Guatemala,0096,presidente
1291,,"{'UNE': 17, 'AZUL': 7, 'VALOR UNIONISTA': 26, 'CABAL': 11, 'TODOS': 0, 'VAMOS': 5, 'PHG': 1, 'PR': 3, 'PIN': 0, 'ELEFANTE': 3, 'VICTORIA': 7, 'SEMILLA': 50, 'FCN-NACION': 0, 'PPN': 1, 'UR': 4, 'URNG-MAIZ WINAQ': 7, 'CREO': 2, 'BIEN': 11, 'VIVA': 19, 'MI FAMILIA': 8, 'CAMBIO': 1, 'VOS': 16}",2,17,218,0,Algún campo sin dato,0.Distrito Central,1.Guatemala,0096,presidente
1292,,"{'UNE': 17, 'AZUL': 0, 'VALOR UNIONISTA': 28, 'CABAL': 11, 'TODOS': 1, 'VAMOS': 6, 'PHG': 0, 'PR': 5, 'PIN': 1, 'ELEFANTE': 4, 'VICTORIA': 5, 'SEMILLA': 66, 'FCN-NACION': 0, 'PPN': 0, 'UR': 7, 'URNG-MAIZ WINAQ': 6, 'CREO': 7, 'BIEN': 16, 'VIVA': 15, 'MI FAMILIA': 5, 'CAMBIO': 0, 'VOS': 19}",0,32,251,0,Algún campo sin dato,0.Distrito Central,1.Guatemala,0096,presidente
1293,,"{'UNE': 8, 'AZUL': 0, 'VALOR UNIONISTA': 12, 'CABAL': 11, 'TODOS': 1, 'VAMOS': 3, 'PHG': 0, 'PR': 0, 'PIN': 0, 'ELEFANTE': 1, 'VICTORIA': 3, 'SEMILLA': 64, 'FCN-NACION': 0, 'PPN': 1, 'UR': 4, 'URNG-MAIZ WINAQ': 3, 'CREO': 2, 'BIEN': 15, 'VIVA': 5, 'MI FAMILIA': 2, 'CAMBIO': 1, 'VOS': 26}",0,32,194,0,Algún campo sin dato,0.Distrito Central,1.Guatemala,0096,presidente
1294,,"{'UNE': 11, 'AZUL': 4, 'VALOR UNIONISTA': 23, 'CABAL': 15, 'TODOS': 0, 'VAMOS': 4, 'PHG': 1, 'PR': 2, 'PIN': 0, 'ELEFANTE': 3, 'VICTORIA': 5, 'SEMILLA': 69, 'FCN-NACION': 0, 'PPN': 0, 'UR': 5, 'URNG-MAIZ WINAQ': 1, 'CREO': 5, 'BIEN': 15, 'VIVA': 14, 'MI FAMILIA': 2, 'CAMBIO': 0, 'VOS': 19}",0,32,230,0,Algún campo sin dato,0.Distrito Central,1.Guatemala,0096,presidente
1295,,"{'UNE': 8, 'AZUL': 3, 'VALOR UNIONISTA': 26, 'CABAL': 10, 'TODOS': 0, 'VAMOS': 1, 'PHG': 0, 'PR': 3, 'PIN': 1, 'ELEFANTE': 2, 'VICTORIA': 2, 'SEMILLA': 64, 'FCN-NACION': 1, 'PPN': 0, 'UR': 3, 'URNG-MAIZ WINAQ': 3, 'CREO': 2, 'BIEN': 26, 'VIVA': 13, 'MI FAMILIA': 2, 'CAMBIO': 0, 'VOS': 20}",1,29,220,30,Sumas Asentadas sin cuadrar,0.Distrito Central,1.Guatemala,0096,presidente
1296,,"{'UNE': 7, 'AZUL': 3, 'VALOR UNIONISTA': 24, 'CABAL': 11, 'TODOS': 2, 'VAMOS': 5, 'PHG': 0, 'PR': 4, 'PIN': 1, 'ELEFANTE': 3, 'VICTORIA': 3, 'SEMILLA': 56, 'FCN-NACION': 0, 'PPN': 0, 'UR': 3, 'URNG-MAIZ WINAQ': 5, 'CREO': 0, 'BIEN': 20, 'VIVA': 16, 'MI FAMILIA': 4, 'CAMBIO': 0, 'VOS': 21}",0,26,214,0,Algún campo sin dato,0.Distrito Central,1.Guatemala,0096,presidente
1297,,"{'UNE': 13, 'AZUL': 5, 'VALOR UNIONISTA': 23, 'CABAL': 5, 'TODOS': 0, 'VAMOS': 4, 'PHG': 0, 'PR': 1, 'PIN': 0, 'ELEFANTE': 3, 'VICTORIA': 2, 'SEMILLA': 58, 'FCN-NACION': 0, 'PPN': 2, 'UR': 3, 'URNG-MAIZ WINAQ': 2, 'CREO': 0, 'BIEN': 9, 'VIVA': 11, 'MI FAMILIA': 2, 'CAMBIO': 0, 'VOS': 37}",2,39,221,0,Algún campo sin dato,0.Distrito Central,1.Guatemala,0096,presidente
1298,,"{'UNE': 19, 'AZUL': 1, 'VALOR UNIONISTA': 20, 'CABAL': 10, 'TODOS': 2, 'VAMOS': 3, 'PHG': 0, 'PR': 2, 'PIN': 0, 'ELEFANTE': 4, 'VICTORIA': 5, 'SEMILLA': 65, 'FCN-NACION': 0, 'PPN': 1, 'UR': 2, 'URNG-MAIZ WINAQ': 3, 'CREO': 4, 'BIEN': 22, 'VIVA': 13, 'MI FAMILIA': 6, 'CAMBIO': 1, 'VOS': 21}",0,32,236,0,Algún campo sin dato,0.Distrito Central,1.Guatemala,0096,presidente
1299,,"{'UNE': 18, 'AZUL': 6, 'VALOR UNIONISTA': 17, 'CABAL': 10, 'TODOS': 0, 'VAMOS': 5, 'PHG': 0, 'PR': 2, 'PIN': 0, 'ELEFANTE': 3, 'VICTORIA': 6, 'SEMILLA': 52, 'FCN-NACION': 0, 'PPN': 2, 'UR': 2, 'URNG-MAIZ WINAQ': 4, 'CREO': 2, 'BIEN': 19, 'VIVA': 13, 'MI FAMILIA': 7, 'CAMBIO': 0, 'VOS': 18}",1,30,217,0,Sumas Asentadas sin cuadrar,0.Distrito Central,1.Guatemala,0096,presidente
1300,,"{'UNE': 13, 'AZUL': 2, 'VALOR UNIONISTA': 24, 'CABAL': 11, 'TODOS': 0, 'VAMOS': 1, 'PHG': 0, 'PR': 1, 'PIN': 1, 'ELEFANTE': 4, 'VICTORIA': 3, 'SEMILLA': 55, 'FCN-NACION': 0, 'PPN': 3, 'UR': 3, 'URNG-MAIZ WINAQ': 4, 'CREO': 1, 'BIEN': 14, 'VIVA': 15, 'MI FAMILIA': 5, 'CAMBIO': 1, 'VOS': 15}",2,39,217,0,Algún campo sin dato,0.Distrito Central,1.Guatemala,0096,presidente
1301,,"{'UNE': 13, 'AZUL': 4, 'VALOR UNIONISTA': 19, 'CABAL': 4, 'TODOS': 1, 'VAMOS': 5, 'PHG': 0, 'PR': 2, 'PIN': 0, 'ELEFANTE': 0, 'VICTORIA': 4, 'SEMILLA': 50, 'FCN-NACION': 0, 'PPN': 0, 'UR': 3, 'URNG-MAIZ WINAQ': 3, 'CREO': 3, 'BIEN': 10, 'VIVA': 8, 'MI FAMILIA': 3, 'CAMBIO': 0, 'VOS': 11}",1,34,178,0,Algún campo sin dato,0.Distrito Central,1.Guatemala,0096,presidente
1302,,"{'UNE': 10, 'AZUL': 3, 'VALOR UNIONISTA': 25, 'CABAL': 9, 'TODOS': 0, 'VAMOS': 3, 'PHG': 2, 'PR': 2, 'PIN': 1, 'ELEFANTE': 3, 'VICTORIA': 1, 'SEMILLA': 72, 'FCN-NACION': 0, 'PPN': 1, 'UR': 0, 'URNG-MAIZ WINAQ': 5, 'CREO': 5, 'BIEN': 11, 'VIVA': 13, 'MI FAMILIA': 0, 'CAMBIO': 0, 'VOS': 18}",1,29,214,0,Algún campo sin dato,0.Distrito Central,1.Guatemala,0097,presidente
1303,,"{'UNE': 9, 'AZUL': 1, 'VALOR UNIONISTA': 12, 'CABAL': 6, 'TODOS': 1, 'VAMOS': 0, 'PHG': 1, 'PR': 0, 'PIN': 1, 'ELEFANTE': 0, 'VICTORIA': 4, 'SEMILLA': 74, 'FCN-NACION': 1, 'PPN': 1, 'UR': 0, 'URNG-MAIZ WINAQ': 4, 'CREO': 0, 'BIEN': 16, 'VIVA': 4, 'MI FAMILIA': 2, 'CAMBIO': 0, 'VOS': 15}",1,12,165,0,Algún campo sin dato,0.Distrito Central,1.Guatemala,0097,presidente
1304,,"{'UNE': 0, 'AZUL': 0, 'VALOR UNIONISTA': 0, 'CABAL': 0, 'TODOS': 0, 'VAMOS': 0, 'PHG': 0, 'PR': 0, 'PIN': 0, 'ELEFANTE': 0, 'VICTORIA': 0, 'SEMILLA': 0, 'FCN-NACION': 0, 'PPN': 0, 'UR': 0, 'URNG-MAIZ WINAQ': 0, 'CREO': 0, 'BIEN': 0, 'VIVA': 0, 'MI FAMILIA': 0, 'CAMBIO': 0, 'VOS': 0}",0,0,0,0,Acta ilegible,0.Distrito Central,1.Guatemala,0097,presidente
1305,,"{'UNE': 9, 'AZUL': 3, 'VALOR UNIONISTA': 6, 'CABAL': 8, 'TODOS': 0, 'VAMOS': 0, 'PHG': 0, 'PR': 0, 'PIN': 0, 'ELEFANTE': 2, 'VICTORIA': 4, 'SEMILLA': 89, 'FCN-NACION': 0, 'PPN': 2, 'UR': 2, 'URNG-MAIZ WINAQ': 2, 'CREO': 3, 'BIEN': 10, 'VIVA': 6, 'MI FAMILIA': 1, 'CAMBIO': 0, 'VOS': 6}",0,13,166,0,Algún campo sin dato,0.Distrito Central,1.Guatemala,0097,presidente
1306,,"{'UNE': 3, 'AZUL': 1, 'VALOR UNIONISTA': 7, 'CABAL': 3, 'TODOS': 0, 'VAMOS': 3, 'PHG': 0, 'PR': 0, 'PIN': 0, 'ELEFANTE': 0, 'VICTORIA': 0, 'SEMILLA': 65, 'FCN-NACION': 0, 'PPN': 0, 'UR': 0, 'URNG-MAIZ WINAQ': 1, 'CREO': 2, 'BIEN': 7, 'VIVA': 9, 'MI FAMILIA': 0, 'CAMBIO': 0, 'VOS': 8}",1,15,125,0,Algún campo sin dato,0.Distrito Central,1.Guatemala,0098,presidente
1307,,"{'UNE': 3, 'AZUL': 1, 'VALOR UNIONISTA': 4, 'CABAL': 4, 'TODOS': 0, 'VAMOS': 2, 'PHG': 1, 'PR': 0, 'PIN': 0, 'ELEFANTE': 1, 'VICTORIA': 0, 'SEMILLA': 43, 'FCN-NACION': 0, 'PPN': 0, 'UR': 1, 'URNG-MAIZ WINAQ': 1, 'CREO': 2, 'BIEN': 4, 'VIVA': 1, 'MI FAMILIA': 0, 'CAMBIO': 0, 'VOS': 4}",0,7,79,0,Algún campo sin dato,0.Distrito Central,1.Guatemala,0098,presidente
1308,,"{'UNE': 5, 'AZUL': 1, 'VALOR UNIONISTA': 0, 'CABAL': 3, 'TODOS': 0, 'VAMOS': 1, 'PHG': 0, 'PR': 1, 'PIN': 0, 'ELEFANTE': 1, 'VICTORIA': 1, 'SEMILLA': 37, 'FCN-NACION': 0, 'PPN': 0, 'UR': 0, 'URNG-MAIZ WINAQ': 1, 'CREO': 1, 'BIEN': 2, 'VIVA': 3, 'MI FAMILIA': 0, 'CAMBIO': 0, 'VOS': 3}",0,7,67,0,Algún campo sin dato,0.Distrito Central,1.Guatemala,0098,presidente
1309,,"{'UNE': 28, 'AZUL': 1, 'VALOR UNIONISTA': 24, 'CABAL': 7, 'TODOS': 1, 'VAMOS': 5, 'PHG': 0, 'PR': 1, 'PIN': 0, 'ELEFANTE': 4, 'VICTORIA': 4, 'SEMILLA': 50, 'FCN-NACION': 2, 'PPN': 0, 'UR': 3, 'URNG-MAIZ WINAQ': 2, 'CREO': 7, 'BIEN': 8, 'VIVA': 12, 'MI FAMILIA': 5, 'CAMBIO': 0, 'VOS': 21}",2,38,225,0,Algún campo sin dato,0.Distrito Central,1.Guatemala,0099,presidente
1310,,"{'UNE': 32, 'AZUL': 4, 'VALOR UNIONISTA': 19, 'CABAL': 9, 'TODOS': 0, 'VAMOS': 6, 'PHG': 1, 'PR': 2, 'PIN': 0, 'ELEFANTE': 1, 'VICTORIA': 3, 'SEMILLA': 41, 'FCN-NACION': 0, 'PPN': 1, 'UR': 2, 'URNG-MAIZ WINAQ': 7, 'CREO': 9, 'BIEN': 7, 'VIVA': 13, 'MI FAMILIA': 3, 'CAMBIO': 2, 'VOS': 20}",2,36,220,0,Algún campo sin dato,0.Distrito Central,1.Guatemala,0099,presidente
1311,,"{'UNE': 26, 'AZUL': 5, 'VALOR UNIONISTA': 13, 'CABAL': 7, 'TODOS': 1, 'VAMOS': 3, 'PHG': 0, 'PR': 1, 'PIN': 1, 'ELEFANTE': 4, 'VICTORIA': 9, 'SEMILLA': 40, 'FCN-NACION': 0, 'PPN': 2, 'UR': 3, 'URNG-MAIZ WINAQ': 1, 'CREO': 3, 'BIEN': 11, 'VIVA': 10, 'MI FAMILIA': 5, 'CAMBIO': 0, 'VOS': 19}",0,42,206,0,Algún campo sin dato,0.Distrito Central,1.Guatemala,0099,presidente
1312,,"{'UNE': 28, 'AZUL': 2, 'VALOR UNIONISTA': 17, 'CABAL': 13, 'TODOS': 2, 'VAMOS': 4, 'PHG': 0, 'PR': 2, 'PIN': 0, 'ELEFANTE': 3, 'VICTORIA': 5, 'SEMILLA': 44, 'FCN-NACION': 0, 'PPN': 3, 'UR': 3, 'URNG-MAIZ WINAQ': 4, 'CREO': 3, 'BIEN': 9, 'VIVA': 10, 'MI FAMILIA': 5, 'CAMBIO': 0, 'VOS': 17}",1,45,220,0,Algún campo sin dato,0.Distrito Central,1.Guatemala,0099,presidente
1313,,"{'UNE': 23, 'AZUL': 1, 'VALOR UNIONISTA': 21, 'CABAL': 9, 'TODOS': 1, 'VAMOS': 6, 'PHG': 0, 'PR': 5, 'PIN': 0, 'ELEFANTE': 3, 'VICTORIA': 3, 'SEMILLA': 51, 'FCN-NACION': 0, 'PPN': 1, 'UR': 6, 'URNG-MAIZ WINAQ': 1, 'CREO': 7, 'BIEN': 10, 'VIVA': 15, 'MI FAMILIA': 4, 'CAMBIO': 0, 'VOS': 18}",0,43,228,0,Algún campo sin dato,0.Distrito Central,1.Guatemala,0099,presidente
1314,,"{'UNE': 22, 'AZUL': 1, 'VALOR UNIONISTA': 27, 'CABAL': 12, 'TODOS': 2, 'VAMOS': 4, 'PHG': 0, 'PR': 7, 'PIN': 0, 'ELEFANTE': 4, 'VICTORIA': 5, 'SEMILLA': 34, 'FCN-NACION': 1, 'PPN': 5, 'UR': 0, 'URNG-MAIZ WINAQ': 6, 'CREO': 5, 'BIEN': 14, 'VIVA': 16, 'MI FAMILIA': 5, 'CAMBIO': 2, 'VOS': 10}",1,44,227,0,Algún campo sin dato,0.Distrito Central,1.Guatemala,0099,presidente
1315,,"{'UNE': 21, 'AZUL': 0, 'VALOR UNIONISTA': 27, 'CABAL': 12, 'TODOS': 0, 'VAMOS': 4, 'PHG': 0, 'PR': 2, 'PIN': 2, 'ELEFANTE': 1, 'VICTORIA': 4, 'SEMILLA': 66, 'FCN-NACION': 0, 'PPN': 2, 'UR': 1, 'URNG-MAIZ WINAQ': 4, 'CREO': 1, 'BIEN': 8, 'VIVA': 7, 'MI FAMILIA': 7, 'CAMBIO': 0, 'VOS': 17}",0,38,224,0,Algún campo sin dato,0.Distrito Central,1.Guatemala,0099,presidente
1316,,"{'UNE': 16, 'AZUL': 0, 'VALOR UNIONISTA': 13, 'CABAL': 8, 'TODOS': 0, 'VAMOS': 4, 'PHG': 1, 'PR': 0, 'PIN': 0, 'ELEFANTE': 1, 'VICTORIA': 3, 'SEMILLA': 70, 'FCN-NACION': 0, 'PPN': 0, 'UR': 1, 'URNG-MAIZ WINAQ': 5, 'CREO': 2, 'BIEN': 17, 'VIVA': 7, 'MI FAMILIA': 3, 'CAMBIO': 0, 'VOS': 22}",2,25,200,0,Algún campo sin dato,0.Distrito Central,1.Guatemala,0099,presidente
1317,,"{'UNE': 24, 'AZUL': 0, 'VALOR UNIONISTA': 15, 'CABAL': 11, 'TODOS': 0, 'VAMOS': 5, 'PHG': 1, 'PR': 3, 'PIN': 0, 'ELEFANTE': 1, 'VICTORIA': 3, 'SEMILLA': 52, 'FCN-NACION': 1, 'PPN': 1, 'UR': 2, 'URNG-MAIZ WINAQ': 8, 'CREO': 4, 'BIEN': 12, 'VIVA': 9, 'MI FAMILIA': 2, 'CAMBIO': 1, 'VOS': 13}",0,35,203,0,Algún campo sin dato,0.Distrito Central,1.Guatemala,0099,presidente
1318,,"{'UNE': 29, 'AZUL': 0, 'VALOR UNIONISTA': 17, 'CABAL': 11, 'TODOS': 0, 'VAMOS': 3, 'PHG': 1, 'PR': 2, 'PIN': 2, 'ELEFANTE': 2, 'VICTORIA': 6, 'SEMILLA': 44, 'FCN-NACION': 2, 'PPN': 1, 'UR': 2, 'URNG-MAIZ WINAQ': 3, 'CREO': 3, 'BIEN': 7, 'VIVA': 13, 'MI FAMILIA': 2, 'CAMBIO': 0, 'VOS': 17}",2,44,213,0,Algún campo sin dato,0.Distrito Central,1.Guatemala,0099,presidente
1319,,"{'UNE': 25, 'AZUL': 0, 'VALOR UNIONISTA': 19, 'CABAL': 7, 'TODOS': 0, 'VAMOS': 4, 'PHG': 1, 'PR': 4, 'PIN': 3, 'ELEFANTE': 2, 'VICTORIA': 9, 'SEMILLA': 64, 'FCN-NACION': 0, 'PPN': 1, 'UR': 2, 'URNG-MAIZ WINAQ': 7, 'CREO': 3, 'BIEN': 12, 'VIVA': 3, 'MI FAMILIA': 2, 'CAMBIO': 0, 'VOS': 13}",1,42,224,0,Algún campo sin dato,0.Distrito Central,1.Guatemala,0100,presidente
1320,,"{'UNE': 32, 'AZUL': 4, 'VALOR UNIONISTA': 15, 'CABAL': 14, 'TODOS': 0, 'VAMOS': 3, 'PHG': 0, 'PR': 3, 'PIN': 0, 'ELEFANTE': 1, 'VICTORIA': 7, 'SEMILLA': 52, 'FCN-NACION': 0, 'PPN': 2, 'UR': 1, 'URNG-MAIZ WINAQ': 5, 'CREO': 6, 'BIEN': 11, 'VIVA': 16, 'MI FAMILIA': 6, 'CAMBIO': 1, 'VOS': 15}",0,32,226,0,Algún campo sin dato,0.Distrito Central,1.Guatemala,0100,presidente
1321,,"{'UNE': 26, 'AZUL': 1, 'VALOR UNIONISTA': 19, 'CABAL': 17, 'TODOS': 1, 'VAMOS': 4, 'PHG': 0, 'PR': 3, 'PIN': 0, 'ELEFANTE': 2, 'VICTORIA': 2, 'SEMILLA': 51, 'FCN-NACION': 3, 'PPN': 0, 'UR': 3, 'URNG-MAIZ WINAQ': 3, 'CREO': 2, 'BIEN': 12, 'VIVA': 15, 'MI FAMILIA': 4, 'CAMBIO': 0, 'VOS': 19}",2,17,206,16,Algún campo sin dato,0.Distrito Central,1.Guatemala,0100,presidente
1322,,"{'UNE': 30, 'AZUL': 2, 'VALOR UNIONISTA': 24, 'CABAL': 5, 'TODOS': 1, 'VAMOS': 1, 'PHG': 0, 'PR': 4, 'PIN': 1, 'ELEFANTE': 3, 'VICTORIA': 3, 'SEMILLA': 44, 'FCN-NACION': 0, 'PPN': 0, 'UR': 0, 'URNG-MAIZ WINAQ': 0, 'CREO': 5, 'BIEN': 6, 'VIVA': 13, 'MI FAMILIA': 5, 'CAMBIO': 0, 'VOS': 22}",0,36,205,0,Algún campo sin dato,0.Distrito Central,1.Guatemala,0100,presidente
1323,,"{'UNE': 20, 'AZUL': 1, 'VALOR UNIONISTA': 21, 'CABAL': 11, 'TODOS': 0, 'VAMOS': 2, 'PHG': 0, 'PR': 3, 'PIN': 2, 'ELEFANTE': 2, 'VICTORIA': 4, 'SEMILLA': 52, 'FCN-NACION': 1, 'PPN': 2, 'UR': 3, 'URNG-MAIZ WINAQ': 5, 'CREO': 3, 'BIEN': 5, 'VIVA': 9, 'MI FAMILIA': 6, 'CAMBIO': 0, 'VOS': 17}",2,34,205,195,Algún campo sin dato,0.Distrito Central,1.Guatemala,0100,presidente
1324,,"{'UNE': 19, 'AZUL': 3, 'VALOR UNIONISTA': 20, 'CABAL': 10, 'TODOS': 0, 'VAMOS': 3, 'PHG': 0, 'PR': 2, 'PIN': 1, 'ELEFANTE': 2, 'VICTORIA': 2, 'SEMILLA': 35, 'FCN-NACION': 2, 'PPN': 0, 'UR': 2, 'URNG-MAIZ WINAQ': 6, 'CREO': 4, 'BIEN': 9, 'VIVA': 12, 'MI FAMILIA': 4, 'CAMBIO': 0, 'VOS': 14}",1,38,189,210,,0.Distrito Central,1.Guatemala,0100,presidente
1325,,"{'UNE': 30, 'AZUL': 0, 'VALOR UNIONISTA': 21, 'CABAL': 15, 'TODOS': 1, 'VAMOS': 3, 'PHG': 0, 'PR': 2, 'PIN': 0, 'ELEFANTE': 1, 'VICTORIA': 2, 'SEMILLA': 38, 'FCN-NACION': 0, 'PPN': 1, 'UR': 2, 'URNG-MAIZ WINAQ': 4, 'CREO': 1, 'BIEN': 5, 'VIVA': 3, 'MI FAMILIA': 2, 'CAMBIO': 0, 'VOS': 14}",1,34,180,224,Algún campo sin dato,0.Distrito Central,1.Guatemala,0100,presidente
1326,,"{'UNE': 27, 'AZUL': 1, 'VALOR UNIONISTA': 8, 'CABAL': 5, 'TODOS': 0, 'VAMOS': 0, 'PHG': 0, 'PR': 1, 'PIN': 0, 'ELEFANTE': 1, 'VICTORIA': 2, 'SEMILLA': 58, 'FCN-NACION': 0, 'PPN': 0, 'UR': 0, 'URNG-MAIZ WINAQ': 4, 'CREO': 1, 'BIEN': 7, 'VIVA': 8, 'MI FAMILIA': 3, 'CAMBIO': 1, 'VOS': 13}",0,22,162,0,Algún campo sin dato,0.Distrito Central,1.Guatemala,0100,presidente
1327,,"{'UNE': 16, 'AZUL': 0, 'VALOR UNIONISTA': 17, 'CABAL': 6, 'TODOS': 0, 'VAMOS': 1, 'PHG': 1, 'PR': 1, 'PIN': 0, 'ELEFANTE': 1, 'VICTORIA': 2, 'SEMILLA': 85, 'FCN-NACION': 1, 'PPN': 0, 'UR': 1, 'URNG-MAIZ WINAQ': 1, 'CREO': 2, 'BIEN': 9, 'VIVA': 4, 'MI FAMILIA': 0, 'CAMBIO': 1, 'VOS': 10}",1,21,181,0,Algún campo sin dato,0.Distrito Central,1.Guatemala,0100,presidente
1328,,"{'UNE': 13, 'AZUL': 1, 'VALOR UNIONISTA': 5, 'CABAL': 9, 'TODOS': 0, 'VAMOS': 1, 'PHG': 0, 'PR': 0, 'PIN': 0, 'ELEFANTE': 0, 'VICTORIA': 2, 'SEMILLA': 102, 'FCN-NACION': 0, 'PPN': 1, 'UR': 1, 'URNG-MAIZ WINAQ': 4, 'CREO': 1, 'BIEN': 14, 'VIVA': 0, 'MI FAMILIA': 0, 'CAMBIO': 1, 'VOS': 12}",0,16,183,0,Algún campo sin dato,0.Distrito Central,1.Guatemala,0100,presidente
1329,,"{'UNE': 9, 'AZUL': 0, 'VALOR UNIONISTA': 4, 'CABAL': 4, 'TODOS': 0, 'VAMOS': 1, 'PHG': 0, 'PR': 1, 'PIN': 1, 'ELEFANTE': 1, 'VICTORIA': 0, 'SEMILLA': 97, 'FCN-NACION': 0, 'PPN': 0, 'UR': 1, 'URNG-MAIZ WINAQ': 0, 'CREO': 0, 'BIEN': 10, 'VIVA': 6, 'MI FAMILIA': 0, 'CAMBIO': 0, 'VOS': 16}",0,14,165,0,Algún campo sin dato,0.Distrito Central,1.Guatemala,0101,presidente
1330,,"{'UNE': 9, 'AZUL': 4, 'VALOR UNIONISTA': 7, 'CABAL': 9, 'TODOS': 1, 'VAMOS': 2, 'PHG': 0, 'PR': 0, 'PIN': 0, 'ELEFANTE': 3, 'VICTORIA': 1, 'SEMILLA': 76, 'FCN-NACION': 1, 'PPN': 0, 'UR': 0, 'URNG-MAIZ WINAQ': 1, 'CREO': 2, 'BIEN': 7, 'VIVA': 5, 'MI FAMILIA': 1, 'CAMBIO': 1, 'VOS': 8}",0,10,148,0,Algún campo sin dato,0.Distrito Central,1.Guatemala,0101,presidente
1331,,"{'UNE': 14, 'AZUL': 1, 'VALOR UNIONISTA': 9, 'CABAL': 3, 'TODOS': 0, 'VAMOS': 0, 'PHG': 0, 'PR': 2, 'PIN': 0, 'ELEFANTE': 0, 'VICTORIA': 3, 'SEMILLA': 54, 'FCN-NACION': 1, 'PPN': 3, 'UR': 1, 'URNG-MAIZ WINAQ': 1, 'CREO': 3, 'BIEN': 6, 'VIVA': 5, 'MI FAMILIA': 0, 'CAMBIO': 0, 'VOS': 3}",1,19,129,0,Algún campo sin dato,0.Distrito Central,1.Guatemala,0101,presidente
1332,,"{'UNE': 6, 'AZUL': 1, 'VALOR UNIONISTA': 8, 'CABAL': 5, 'TODOS': 0, 'VAMOS': 2, 'PHG': 0, 'PR': 1, 'PIN': 0, 'ELEFANTE': 3, 'VICTORIA': 3, 'SEMILLA': 60, 'FCN-NACION': 3, 'PPN': 0, 'UR': 0, 'URNG-MAIZ WINAQ': 1, 'CREO': 1, 'BIEN': 3, 'VIVA': 7, 'MI FAMILIA': 0, 'CAMBIO': 0, 'VOS': 6}",1,13,124,0,Algún campo sin dato,0.Distrito Central,1.Guatemala,0101,presidente
1333,,"{'UNE': 14, 'AZUL': 5, 'VALOR UNIONISTA': 33, 'CABAL': 18, 'TODOS': 0, 'VAMOS': 0, 'PHG': 0, 'PR': 2, 'PIN': 0, 'ELEFANTE': 4, 'VICTORIA': 7, 'SEMILLA': 78, 'FCN-NACION': 3, 'PPN': 2, 'UR': 3, 'URNG-MAIZ WINAQ': 3, 'CREO': 2, 'BIEN': 16, 'VIVA': 13, 'MI FAMILIA': 3, 'CAMBIO': 0, 'VOS': 27}",2,36,271,0,Algún campo sin dato,0.Distrito Central,1.Guatemala,0102,presidente
1334,,"{'UNE': 15, 'AZUL': 3, 'VALOR UNIONISTA': 33, 'CABAL': 15, 'TODOS': 1, 'VAMOS': 9, 'PHG': 0, 'PR': 4, 'PIN': 0, 'ELEFANTE': 2, 'VICTORIA': 10, 'SEMILLA': 56, 'FCN-NACION': 2, 'PPN': 4, 'UR': 5, 'URNG-MAIZ WINAQ': 8, 'CREO': 5, 'BIEN': 13, 'VIVA': 14, 'MI FAMILIA': 10, 'CAMBIO': 1, 'VOS': 27}",0,38,275,2,Algún campo sin dato,0.Distrito Central,1.Guatemala,0102,presidente
1335,,"{'UNE': 10, 'AZUL': 10, 'VALOR UNIONISTA': 42, 'CABAL': 22, 'TODOS': 0, 'VAMOS': 4, 'PHG': 2, 'PR': 6, 'PIN': 0, 'ELEFANTE': 3, 'VICTORIA': 5, 'SEMILLA': 79, 'FCN-NACION': 1, 'PPN': 1, 'UR': 6, 'URNG-MAIZ WINAQ': 4, 'CREO': 4, 'BIEN': 10, 'VIVA': 15, 'MI FAMILIA': 10, 'CAMBIO': 0, 'VOS': 22}",0,29,285,0,Algún campo sin dato,0.Distrito Central,1.Guatemala,0102,presidente
1336,,"{'UNE': 21, 'AZUL': 5, 'VALOR UNIONISTA': 31, 'CABAL': 17, 'TODOS': 1, 'VAMOS': 1, 'PHG': 0, 'PR': 2, 'PIN': 0, 'ELEFANTE': 3, 'VICTORIA': 11, 'SEMILLA': 59, 'FCN-NACION': 0, 'PPN': 0, 'UR': 13, 'URNG-MAIZ WINAQ': 5, 'CREO': 1, 'BIEN': 12, 'VIVA': 8, 'MI FAMILIA': 5, 'CAMBIO': 1, 'VOS': 28}",0,31,255,0,,0.Distrito Central,1.Guatemala,0102,presidente
1337,,"{'UNE': 15, 'AZUL': 6, 'VALOR UNIONISTA': 36, 'CABAL': 22, 'TODOS': 2, 'VAMOS': 5, 'PHG': 1, 'PR': 2, 'PIN': 1, 'ELEFANTE': 5, 'VICTORIA': 5, 'SEMILLA': 61, 'FCN-NACION': 0, 'PPN': 5, 'UR': 5, 'URNG-MAIZ WINAQ': 1, 'CREO': 5, 'BIEN': 20, 'VIVA': 9, 'MI FAMILIA': 6, 'CAMBIO': 0, 'VOS': 32}",2,26,272,1,Algún campo sin dato,0.Distrito Central,1.Guatemala,0102,presidente
1338,,"{'UNE': 11, 'AZUL': 5, 'VALOR UNIONISTA': 38, 'CABAL': 30, 'TODOS': 4, 'VAMOS': 7, 'PHG': 0, 'PR': 3, 'PIN': 2, 'ELEFANTE': 1, 'VICTORIA': 4, 'SEMILLA': 53, 'FCN-NACION': 2, 'PPN': 1, 'UR': 5, 'URNG-MAIZ WINAQ': 6, 'CREO': 3, 'BIEN': 9, 'VIVA': 9, 'MI FAMILIA': 7, 'CAMBIO': 0, 'VOS': 27}",0,37,264,1,Algún campo sin dato,0.Distrito Central,1.Guatemala,0102,presidente
1339,,"{'UNE': 12, 'AZUL': 5, 'VALOR UNIONISTA': 39, 'CABAL': 10, 'TODOS': 0, 'VAMOS': 3, 'PHG': 0, 'PR': 5, 'PIN': 2, 'ELEFANTE': 3, 'VICTORIA': 6, 'SEMILLA': 69, 'FCN-NACION': 2, 'PPN': 1, 'UR': 4, 'URNG-MAIZ WINAQ': 6, 'CREO': 7, 'BIEN': 19, 'VIVA': 13, 'MI FAMILIA': 8, 'CAMBIO': 0, 'VOS': 27}",2,25,268,0,Algún campo sin dato,0.Distrito Central,1.Guatemala,0102,presidente
1340,,"{'UNE': 11, 'AZUL': 1, 'VALOR UNIONISTA': 45, 'CABAL': 16, 'TODOS': 0, 'VAMOS': 8, 'PHG': 1, 'PR': 2, 'PIN': 0, 'ELEFANTE': 2, 'VICTORIA': 4, 'SEMILLA': 78, 'FCN-NACION': 0, 'PPN': 1, 'UR': 4, 'URNG-MAIZ WINAQ': 4, 'CREO': 1, 'BIEN': 17, 'VIVA': 14, 'MI FAMILIA': 5, 'CAMBIO': 0, 'VOS': 26}",1,28,269,0,Algún campo sin dato,0.Distrito Central,1.Guatemala,0102,presidente
1341,,"{'UNE': 8, 'AZUL': 4, 'VALOR UNIONISTA': 22, 'CABAL': 14, 'TODOS': 0, 'VAMOS': 3, 'PHG': 0, 'PR': 3, 'PIN': 1, 'ELEFANTE': 1, 'VICTORIA': 6, 'SEMILLA': 84, 'FCN-NACION': 0, 'PPN': 0, 'UR': 2, 'URNG-MAIZ WINAQ': 5, 'CREO': 3, 'BIEN': 15, 'VIVA': 11, 'MI FAMILIA': 1, 'CAMBIO': 0, 'VOS': 34}",0,26,243,0,Algún campo sin dato,0.Distrito Central,1.Guatemala,0102,presidente
1342,,"{'UNE': 10, 'AZUL': 7, 'VALOR UNIONISTA': 28, 'CABAL': 12, 'TODOS': 0, 'VAMOS': 5, 'PHG': 0, 'PR': 5, 'PIN': 0, 'ELEFANTE': 0, 'VICTORIA': 7, 'SEMILLA': 84, 'FCN-NACION': 2, 'PPN': 0, 'UR': 3, 'URNG-MAIZ WINAQ': 8, 'CREO': 2, 'BIEN': 13, 'VIVA': 11, 'MI FAMILIA': 4, 'CAMBIO': 0, 'VOS': 17}",1,20,239,0,Algún campo sin dato,0.Distrito Central,1.Guatemala,0102,presidente
1343,,"{'UNE': 19, 'AZUL': 5, 'VALOR UNIONISTA': 40, 'CABAL': 20, 'TODOS': 0, 'VAMOS': 7, 'PHG': 0, 'PR': 2, 'PIN': 1, 'ELEFANTE': 2, 'VICTORIA': 6, 'SEMILLA': 58, 'FCN-NACION': 1, 'PPN': 1, 'UR': 1, 'URNG-MAIZ WINAQ': 5, 'CREO': 6, 'BIEN': 13, 'VIVA': 17, 'MI FAMILIA': 7, 'CAMBIO': 1, 'VOS': 32}",2,25,271,0,,0.Distrito Central,1.Guatemala,0102,presidente
1344,,"{'UNE': 10, 'AZUL': 2, 'VALOR UNIONISTA': 31, 'CABAL': 17, 'TODOS': 0, 'VAMOS': 3, 'PHG': 0, 'PR': 2, 'PIN': 0, 'ELEFANTE': 3, 'VICTORIA': 6, 'SEMILLA': 67, 'FCN-NACION': 0, 'PPN': 0, 'UR': 8, 'URNG-MAIZ WINAQ': 11, 'CREO': 3, 'BIEN': 15, 'VIVA': 12, 'MI FAMILIA': 10, 'CAMBIO': 0, 'VOS': 23}",0,37,260,0,Algún campo sin dato,0.Distrito Central,1.Guatemala,0102,presidente
1345,,"{'UNE': 14, 'AZUL': 2, 'VALOR UNIONISTA': 27, 'CABAL': 20, 'TODOS': 2, 'VAMOS': 7, 'PHG': 0, 'PR': 4, 'PIN': 1, 'ELEFANTE': 3, 'VICTORIA': 8, 'SEMILLA': 76, 'FCN-NACION': 2, 'PPN': 1, 'UR': 1, 'URNG-MAIZ WINAQ': 9, 'CREO': 2, 'BIEN': 17, 'VIVA': 6, 'MI FAMILIA': 2, 'CAMBIO': 0, 'VOS': 28}",0,30,262,0,Algún campo sin dato,0.Distrito Central,1.Guatemala,0102,presidente
1346,,"{'UNE': 5, 'AZUL': 2, 'VALOR UNIONISTA': 31, 'CABAL': 13, 'TODOS': 1, 'VAMOS': 3, 'PHG': 0, 'PR': 4, 'PIN': 0, 'ELEFANTE': 1, 'VICTORIA': 10, 'SEMILLA': 99, 'FCN-NACION': 1, 'PPN': 1, 'UR': 3, 'URNG-MAIZ WINAQ': 6, 'CREO': 4, 'BIEN': 15, 'VIVA': 11, 'MI FAMILIA': 5, 'CAMBIO': 0, 'VOS': 25}",0,25,265,1,Algún campo sin dato,0.Distrito Central,1.Guatemala,0102,presidente
1347,,"{'UNE': 13, 'AZUL': 5, 'VALOR UNIONISTA': 28, 'CABAL': 12, 'TODOS': 1, 'VAMOS': 3, 'PHG': 1, 'PR': 2, 'PIN': 0, 'ELEFANTE': 2, 'VICTORIA': 5, 'SEMILLA': 73, 'FCN-NACION': 1, 'PPN': 0, 'UR': 7, 'URNG-MAIZ WINAQ': 7, 'CREO': 1, 'BIEN': 18, 'VIVA': 15, 'MI FAMILIA': 7, 'CAMBIO': 0, 'VOS': 27}",0,24,252,0,Algún campo sin dato,0.Distrito Central,1.Guatemala,0102,presidente
1348,,"{'UNE': 23, 'AZUL': 7, 'VALOR UNIONISTA': 21, 'CABAL': 17, 'TODOS': 0, 'VAMOS': 3, 'PHG': 0, 'PR': 2, 'PIN': 1, 'ELEFANTE': 4, 'VICTORIA': 5, 'SEMILLA': 70, 'FCN-NACION': 2, 'PPN': 3, 'UR': 4, 'URNG-MAIZ WINAQ': 5, 'CREO': 3, 'BIEN': 16, 'VIVA': 11, 'MI FAMILIA': 11, 'CAMBIO': 0, 'VOS': 24}",0,29,261,2,Algún campo sin dato,0.Distrito Central,1.Guatemala,0102,presidente
1349,,"{'UNE': 11, 'AZUL': 3, 'VALOR UNIONISTA': 39, 'CABAL': 18, 'TODOS': 0, 'VAMOS': 7, 'PHG': 1, 'PR': 4, 'PIN': 0, 'ELEFANTE': 1, 'VICTORIA': 4, 'SEMILLA': 80, 'FCN-NACION': 3, 'PPN': 2, 'UR': 2, 'URNG-MAIZ WINAQ': 3, 'CREO': 5, 'BIEN': 14, 'VIVA': 9, 'MI FAMILIA': 3, 'CAMBIO': 0, 'VOS': 29}",3,25,266,0,Algún campo sin dato,0.Distrito Central,1.Guatemala,0102,presidente
1350,,"{'UNE': 17, 'AZUL': 2, 'VALOR UNIONISTA': 32, 'CABAL': 9, 'TODOS': 0, 'VAMOS': 8, 'PHG': 0, 'PR': 1, 'PIN': 1, 'ELEFANTE': 4, 'VICTORIA': 9, 'SEMILLA': 60, 'FCN-NACION': 0, 'PPN': 0, 'UR': 9, 'URNG-MAIZ WINAQ': 5, 'CREO': 2, 'BIEN': 12, 'VIVA': 13, 'MI FAMILIA': 4, 'CAMBIO': 0, 'VOS': 22}",0,27,237,0,Algún campo sin dato,0.Distrito Central,1.Guatemala,0102,presidente
1351,,"{'UNE': 11, 'AZUL': 3, 'VALOR UNIONISTA': 26, 'CABAL': 24, 'TODOS': 0, 'VAMOS': 3, 'PHG': 1, 'PR': 2, 'PIN': 0, 'ELEFANTE': 6, 'VICTORIA': 7, 'SEMILLA': 77, 'FCN-NACION': 0, 'PPN': 0, 'UR': 5, 'URNG-MAIZ WINAQ': 4, 'CREO': 3, 'BIEN': 15, 'VIVA': 12, 'MI FAMILIA': 1, 'CAMBIO': 0, 'VOS': 19}",1,24,244,0,Algún campo sin dato,0.Distrito Central,1.Guatemala,0102,presidente
1352,,"{'UNE': 15, 'AZUL': 7, 'VALOR UNIONISTA': 30, 'CABAL': 16, 'TODOS': 0, 'VAMOS': 3, 'PHG': 0, 'PR': 8, 'PIN': 1, 'ELEFANTE': 4, 'VICTORIA': 5, 'SEMILLA': 71, 'FCN-NACION': 0, 'PPN': 0, 'UR': 7, 'URNG-MAIZ WINAQ': 6, 'CREO': 2, 'BIEN': 13, 'VIVA': 12, 'MI FAMILIA': 3, 'CAMBIO': 0, 'VOS': 31}",2,23,259,0,Algún campo sin dato,0.Distrito Central,1.Guatemala,0102,presidente
1353,,"{'UNE': 18, 'AZUL': 5, 'VALOR UNIONISTA': 35, 'CABAL': 14, 'TODOS': 0, 'VAMOS': 3, 'PHG': 1, 'PR': 3, 'PIN': 0, 'ELEFANTE': 0, 'VICTORIA': 6, 'SEMILLA': 70, 'FCN-NACION': 1, 'PPN': 2, 'UR': 5, 'URNG-MAIZ WINAQ': 4, 'CREO': 1, 'BIEN': 18, 'VIVA': 14, 'MI FAMILIA': 1, 'CAMBIO': 0, 'VOS': 27}",1,19,248,0,Algún campo sin dato,0.Distrito Central,1.Guatemala,0102,presidente
1354,,"{'UNE': 13, 'AZUL': 8, 'VALOR UNIONISTA': 31, 'CABAL': 11, 'TODOS': 1, 'VAMOS': 1, 'PHG': 0, 'PR': 0, 'PIN': 0, 'ELEFANTE': 2, 'VICTORIA': 2, 'SEMILLA': 75, 'FCN-NACION': 0, 'PPN': 2, 'UR': 7, 'URNG-MAIZ WINAQ': 2, 'CREO': 3, 'BIEN': 16, 'VIVA': 10, 'MI FAMILIA': 4, 'CAMBIO': 0, 'VOS': 27}",0,26,241,0,Algún campo sin dato,0.Distrito Central,1.Guatemala,0102,presidente
1355,,"{'UNE': 13, 'AZUL': 3, 'VALOR UNIONISTA': 28, 'CABAL': 10, 'TODOS': 1, 'VAMOS': 2, 'PHG': 1, 'PR': 1, 'PIN': 0, 'ELEFANTE': 1, 'VICTORIA': 2, 'SEMILLA': 105, 'FCN-NACION': 1, 'PPN': 2, 'UR': 3, 'URNG-MAIZ WINAQ': 1, 'CREO': 1, 'BIEN': 22, 'VIVA': 8, 'MI FAMILIA': 2, 'CAMBIO': 0, 'VOS': 19}",0,23,249,0,Algún campo sin dato,0.Distrito Central,1.Guatemala,0102,presidente
1356,,"{'UNE': 6, 'AZUL': 3, 'VALOR UNIONISTA': 16, 'CABAL': 7, 'TODOS': 1, 'VAMOS': 1, 'PHG': 0, 'PR': 1, 'PIN': 0, 'ELEFANTE': 1, 'VICTORIA': 7, 'SEMILLA': 134, 'FCN-NACION': 1, 'PPN': 1, 'UR': 1, 'URNG-MAIZ WINAQ': 0, 'CREO': 0, 'BIEN': 12, 'VIVA': 6, 'MI FAMILIA': 2, 'CAMBIO': 0, 'VOS': 19}",0,12,231,0,Algún campo sin dato,0.Distrito Central,1.Guatemala,0102,presidente
1357,,"{'UNE': 5, 'AZUL': 0, 'VALOR UNIONISTA': 14, 'CABAL': 8, 'TODOS': 0, 'VAMOS': 0, 'PHG': 0, 'PR': 0, 'PIN': 0, 'ELEFANTE': 0, 'VICTORIA': 4, 'SEMILLA': 141, 'FCN-NACION': 0, 'PPN': 0, 'UR': 1, 'URNG-MAIZ WINAQ': 3, 'CREO': 1, 'BIEN': 11, 'VIVA': 6, 'MI FAMILIA': 2, 'CAMBIO': 1, 'VOS': 16}",1,23,237,0,Algún campo sin dato,0.Distrito Central,1.Guatemala,0102,presidente
1358,,"{'UNE': 5, 'AZUL': 1, 'VALOR UNIONISTA': 12, 'CABAL': 10, 'TODOS': 0, 'VAMOS': 1, 'PHG': 0, 'PR': 2, 'PIN': 0, 'ELEFANTE': 0, 'VICTORIA': 3, 'SEMILLA': 150, 'FCN-NACION': 0, 'PPN': 0, 'UR': 3, 'URNG-MAIZ WINAQ': 1, 'CREO': 3, 'BIEN': 10, 'VIVA': 4, 'MI FAMILIA': 2, 'CAMBIO': 0, 'VOS': 16}",0,21,244,0,Algún campo sin dato,0.Distrito Central,1.Guatemala,0102,presidente
1359,,"{'UNE': 5, 'AZUL': 0, 'VALOR UNIONISTA': 15, 'CABAL': 10, 'TODOS': 1, 'VAMOS': 3, 'PHG': 0, 'PR': 2, 'PIN': 0, 'ELEFANTE': 1, 'VICTORIA': 4, 'SEMILLA': 118, 'FCN-NACION': 2, 'PPN': 0, 'UR': 4, 'URNG-MAIZ WINAQ': 0, 'CREO': 2, 'BIEN': 20, 'VIVA': 4, 'MI FAMILIA': 1, 'CAMBIO': 0, 'VOS': 16}",1,17,226,0,Algún campo sin dato,0.Distrito Central,1.Guatemala,0102,presidente
1360,,"{'UNE': 7, 'AZUL': 2, 'VALOR UNIONISTA': 13, 'CABAL': 3, 'TODOS': 1, 'VAMOS': 2, 'PHG': 0, 'PR': 0, 'PIN': 0, 'ELEFANTE': 0, 'VICTORIA': 3, 'SEMILLA': 63, 'FCN-NACION': 1, 'PPN': 1, 'UR': 1, 'URNG-MAIZ WINAQ': 3, 'CREO': 1, 'BIEN': 9, 'VIVA': 6, 'MI FAMILIA': 1, 'CAMBIO': 0, 'VOS': 11}",0,32,160,0,Algún campo sin dato,0.Distrito Central,1.Guatemala,0102,presidente
1361,,"{'UNE': 4, 'AZUL': 2, 'VALOR UNIONISTA': 7, 'CABAL': 7, 'TODOS': 0, 'VAMOS': 0, 'PHG': 1, 'PR': 1, 'PIN': 2, 'ELEFANTE': 1, 'VICTORIA': 5, 'SEMILLA': 88, 'FCN-NACION': 2, 'PPN': 1, 'UR': 0, 'URNG-MAIZ WINAQ': 3, 'CREO': 3, 'BIEN': 2, 'VIVA': 2, 'MI FAMILIA': 1, 'CAMBIO': 1, 'VOS': 6}",0,8,147,0,Algún campo sin dato,0.Distrito Central,1.Guatemala,0102,presidente
1362,,"{'UNE': 1, 'AZUL': 1, 'VALOR UNIONISTA': 8, 'CABAL': 2, 'TODOS': 1, 'VAMOS': 2, 'PHG': 0, 'PR': 0, 'PIN': 0, 'ELEFANTE': 1, 'VICTORIA': 4, 'SEMILLA': 38, 'FCN-NACION': 0, 'PPN': 1, 'UR': 1, 'URNG-MAIZ WINAQ': 2, 'CREO': 0, 'BIEN': 6, 'VIVA': 3, 'MI FAMILIA': 1, 'CAMBIO': 0, 'VOS': 10}",4,13,99,0,Algún campo sin dato,0.Distrito Central,1.Guatemala,0102,presidente
1363,,"{'UNE': 39, 'AZUL': 1, 'VALOR UNIONISTA': 32, 'CABAL': 11, 'TODOS': 1, 'VAMOS': 3, 'PHG': 0, 'PR': 8, 'PIN': 1, 'ELEFANTE': 1, 'VICTORIA': 13, 'SEMILLA': 33, 'FCN-NACION': 1, 'PPN': 1, 'UR': 3, 'URNG-MAIZ WINAQ': 7, 'CREO': 2, 'BIEN': 9, 'VIVA': 20, 'MI FAMILIA': 3, 'CAMBIO': 0, 'VOS': 18}",0,23,230,13,Algún campo sin dato,0.Distrito Central,1.Guatemala,0103,presidente
1364,,"{'UNE': 36, 'AZUL': 3, 'VALOR UNIONISTA': 26, 'CABAL': 13, 'TODOS': 1, 'VAMOS': 3, 'PHG': 0, 'PR': 3, 'PIN': 1, 'ELEFANTE': 4, 'VICTORIA': 8, 'SEMILLA': 47, 'FCN-NACION': 0, 'PPN': 2, 'UR': 3, 'URNG-MAIZ WINAQ': 2, 'CREO': 4, 'BIEN': 6, 'VIVA': 22, 'MI FAMILIA': 3, 'CAMBIO': 0, 'VOS': 15}",1,32,235,0,Sumas Asentadas sin cuadrar,0.Distrito Central,1.Guatemala,0103,presidente
1365,,"{'UNE': 31, 'AZUL': 1, 'VALOR UNIONISTA': 24, 'CABAL': 11, 'TODOS': 0, 'VAMOS': 2, 'PHG': 0, 'PR': 0, 'PIN': 0, 'ELEFANTE': 2, 'VICTORIA': 10, 'SEMILLA': 34, 'FCN-NACION': 0, 'PPN': 2, 'UR': 3, 'URNG-MAIZ WINAQ': 3, 'CREO': 5, 'BIEN': 9, 'VIVA': 28, 'MI FAMILIA': 5, 'CAMBIO': 0, 'VOS': 14}",0,34,218,3,Algún campo sin dato,0.Distrito Central,1.Guatemala,0103,presidente
1366,,"{'UNE': 31, 'AZUL': 3, 'VALOR UNIONISTA': 24, 'CABAL': 8, 'TODOS': 1, 'VAMOS': 4, 'PHG': 0, 'PR': 5, 'PIN': 0, 'ELEFANTE': 3, 'VICTORIA': 14, 'SEMILLA': 43, 'FCN-NACION': 0, 'PPN': 0, 'UR': 2, 'URNG-MAIZ WINAQ': 3, 'CREO': 3, 'BIEN': 16, 'VIVA': 29, 'MI FAMILIA': 5, 'CAMBIO': 0, 'VOS': 16}",1,30,241,0,Algún campo sin dato,0.Distrito Central,1.Guatemala,0103,presidente
1367,,"{'UNE': 43, 'AZUL': 2, 'VALOR UNIONISTA': 16, 'CABAL': 11, 'TODOS': 1, 'VAMOS': 4, 'PHG': 1, 'PR': 6, 'PIN': 0, 'ELEFANTE': 3, 'VICTORIA': 4, 'SEMILLA': 55, 'FCN-NACION': 0, 'PPN': 1, 'UR': 2, 'URNG-MAIZ WINAQ': 3, 'CREO': 3, 'BIEN': 13, 'VIVA': 14, 'MI FAMILIA': 2, 'CAMBIO': 0, 'VOS': 21}",1,27,233,0,Algún campo sin dato,0.Distrito Central,1.Guatemala,0103,presidente
1368,,"{'UNE': 36, 'AZUL': 1, 'VALOR UNIONISTA': 25, 'CABAL': 14, 'TODOS': 1, 'VAMOS': 6, 'PHG': 0, 'PR': 1, 'PIN': 1, 'ELEFANTE': 5, 'VICTORIA': 12, 'SEMILLA': 40, 'FCN-NACION': 1, 'PPN': 1, 'UR': 2, 'URNG-MAIZ WINAQ': 5, 'CREO': 3, 'BIEN': 6, 'VIVA': 10, 'MI FAMILIA': 7, 'CAMBIO': 0, 'VOS': 11}",2,34,224,0,Algún campo sin dato,0.Distrito Central,1.Guatemala,0103,presidente
1369,,"{'UNE': 43, 'AZUL': 3, 'VALOR UNIONISTA': 23, 'CABAL': 11, 'TODOS': 0, 'VAMOS': 6, 'PHG': 0, 'PR': 7, 'PIN': 0, 'ELEFANTE': 2, 'VICTORIA': 3, 'SEMILLA': 50, 'FCN-NACION': 1, 'PPN': 1, 'UR': 5, 'URNG-MAIZ WINAQ': 4, 'CREO': 4, 'BIEN': 14, 'VIVA': 22, 'MI FAMILIA': 5, 'CAMBIO': 0, 'VOS': 27}",0,36,267,0,Algún campo sin dato,0.Distrito Central,1.Guatemala,0103,presidente
1370,,"{'UNE': 35, 'AZUL': 4, 'VALOR UNIONISTA': 19, 'CABAL': 17, 'TODOS': 0, 'VAMOS': 4, 'PHG': 1, 'PR': 3, 'PIN': 3, 'ELEFANTE': 4, 'VICTORIA': 10, 'SEMILLA': 41, 'FCN-NACION': 0, 'PPN': 2, 'UR': 2, 'URNG-MAIZ WINAQ': 5, 'CREO': 4, 'BIEN': 5, 'VIVA': 13, 'MI FAMILIA': 6, 'CAMBIO': 0, 'VOS': 14}",2,39,233,0,Algún campo sin dato,0.Distrito Central,1.Guatemala,0103,presidente
1371,,"{'UNE': 35, 'AZUL': 3, 'VALOR UNIONISTA': 34, 'CABAL': 16, 'TODOS': 1, 'VAMOS': 4, 'PHG': 0, 'PR': 5, 'PIN': 1, 'ELEFANTE': 0, 'VICTORIA': 5, 'SEMILLA': 51, 'FCN-NACION': 0, 'PPN': 3, 'UR': 9, 'URNG-MAIZ WINAQ': 8, 'CREO': 4, 'BIEN': 5, 'VIVA': 17, 'MI FAMILIA': 2, 'CAMBIO': 0, 'VOS': 11}",1,27,242,0,Sumas Asentadas sin cuadrar,0.Distrito Central,1.Guatemala,0103,presidente
1372,,"{'UNE': 39, 'AZUL': 4, 'VALOR UNIONISTA': 24, 'CABAL': 13, 'TODOS': 1, 'VAMOS': 2, 'PHG': 0, 'PR': 5, 'PIN': 0, 'ELEFANTE': 2, 'VICTORIA': 3, 'SEMILLA': 50, 'FCN-NACION': 0, 'PPN': 0, 'UR': 6, 'URNG-MAIZ WINAQ': 4, 'CREO': 3, 'BIEN': 5, 'VIVA': 14, 'MI FAMILIA': 2, 'CAMBIO': 0, 'VOS': 26}",0,29,232,0,Algún campo sin dato,0.Distrito Central,1.Guatemala,0103,presidente
1373,,"{'UNE': 35, 'AZUL': 2, 'VALOR UNIONISTA': 22, 'CABAL': 15, 'TODOS': 0, 'VAMOS': 4, 'PHG': 0, 'PR': 2, 'PIN': 0, 'ELEFANTE': 0, 'VICTORIA': 5, 'SEMILLA': 42, 'FCN-NACION': 3, 'PPN': 2, 'UR': 8, 'URNG-MAIZ WINAQ': 4, 'CREO': 3, 'BIEN': 5, 'VIVA': 15, 'MI FAMILIA': 2, 'CAMBIO': 1, 'VOS': 16}",0,38,224,0,Algún campo sin dato,0.Distrito Central,1.Guatemala,0103,presidente
1374,,"{'UNE': 18, 'AZUL': 1, 'VALOR UNIONISTA': 19, 'CABAL': 7, 'TODOS': 1, 'VAMOS': 7, 'PHG': 0, 'PR': 2, 'PIN': 0, 'ELEFANTE': 2, 'VICTORIA': 10, 'SEMILLA': 60, 'FCN-NACION': 0, 'PPN': 2, 'UR': 1, 'URNG-MAIZ WINAQ': 0, 'CREO': 2, 'BIEN': 11, 'VIVA': 17, 'MI FAMILIA': 1, 'CAMBIO': 0, 'VOS': 24}",1,25,211,0,Algún campo sin dato,0.Distrito Central,1.Guatemala,0103,presidente
1375,,"{'UNE': 21, 'AZUL': 6, 'VALOR UNIONISTA': 19, 'CABAL': 8, 'TODOS': 1, 'VAMOS': 2, 'PHG': 0, 'PR': 1, 'PIN': 0, 'ELEFANTE': 1, 'VICTORIA': 12, 'SEMILLA': 54, 'FCN-NACION': 1, 'PPN': 0, 'UR': 3, 'URNG-MAIZ WINAQ': 4, 'CREO': 1, 'BIEN': 8, 'VIVA': 10, 'MI FAMILIA': 3, 'CAMBIO': 0, 'VOS': 26}",1,30,212,0,Algún campo sin dato,0.Distrito Central,1.Guatemala,0103,presidente
1376,,"{'UNE': 44, 'AZUL': 2, 'VALOR UNIONISTA': 17, 'CABAL': 9, 'TODOS': 0, 'VAMOS': 1, 'PHG': 1, 'PR': 1, 'PIN': 1, 'ELEFANTE': 0, 'VICTORIA': 10, 'SEMILLA': 44, 'FCN-NACION': 0, 'PPN': 0, 'UR': 3, 'URNG-MAIZ WINAQ': 8, 'CREO': 2, 'BIEN': 4, 'VIVA': 14, 'MI FAMILIA': 3, 'CAMBIO': 0, 'VOS': 15}",3,35,217,189,Sumas Asentadas sin cuadrar,0.Distrito Central,1.Guatemala,0103,presidente
1377,,"{'UNE': 30, 'AZUL': 6, 'VALOR UNIONISTA': 35, 'CABAL': 7, 'TODOS': 1, 'VAMOS': 3, 'PHG': 1, 'PR': 2, 'PIN': 0, 'ELEFANTE': 2, 'VICTORIA': 6, 'SEMILLA': 43, 'FCN-NACION': 0, 'PPN': 0, 'UR': 2, 'URNG-MAIZ WINAQ': 3, 'CREO': 0, 'BIEN': 11, 'VIVA': 12, 'MI FAMILIA': 6, 'CAMBIO': 0, 'VOS': 21}",13,22,226,0,Algún campo sin dato,0.Distrito Central,1.Guatemala,0103,presidente
1378,,"{'UNE': 47, 'AZUL': 3, 'VALOR UNIONISTA': 25, 'CABAL': 6, 'TODOS': 1, 'VAMOS': 6, 'PHG': 1, 'PR': 4, 'PIN': 0, 'ELEFANTE': 4, 'VICTORIA': 9, 'SEMILLA': 45, 'FCN-NACION': 1, 'PPN': 0, 'UR': 6, 'URNG-MAIZ WINAQ': 4, 'CREO': 6, 'BIEN': 10, 'VIVA': 15, 'MI FAMILIA': 3, 'CAMBIO': 1, 'VOS': 15}",1,21,234,0,Algún campo sin dato,0.Distrito Central,1.Guatemala,0103,presidente
1379,,"{'UNE': 24, 'AZUL': 1, 'VALOR UNIONISTA': 20, 'CABAL': 10, 'TODOS': 4, 'VAMOS': 3, 'PHG': 0, 'PR': 4, 'PIN': 1, 'ELEFANTE': 2, 'VICTORIA': 9, 'SEMILLA': 45, 'FCN-NACION': 0, 'PPN': 2, 'UR': 4, 'URNG-MAIZ WINAQ': 4, 'CREO': 3, 'BIEN': 11, 'VIVA': 17, 'MI FAMILIA': 7, 'CAMBIO': 0, 'VOS': 17}",1,37,226,3,Algún campo sin dato,0.Distrito Central,1.Guatemala,0103,presidente
1380,,"{'UNE': 30, 'AZUL': 2, 'VALOR UNIONISTA': 17, 'CABAL': 12, 'TODOS': 2, 'VAMOS': 4, 'PHG': 1, 'PR': 6, 'PIN': 1, 'ELEFANTE': 2, 'VICTORIA': 8, 'SEMILLA': 44, 'FCN-NACION': 0, 'PPN': 0, 'UR': 4, 'URNG-MAIZ WINAQ': 9, 'CREO': 4, 'BIEN': 3, 'VIVA': 23, 'MI FAMILIA': 1, 'CAMBIO': 0, 'VOS': 8}",3,1,185,27,Algún campo sin dato,0.Distrito Central,1.Guatemala,0103,presidente
1381,,"{'UNE': 23, 'AZUL': 7, 'VALOR UNIONISTA': 24, 'CABAL': 8, 'TODOS': 0, 'VAMOS': 6, 'PHG': 0, 'PR': 2, 'PIN': 0, 'ELEFANTE': 0, 'VICTORIA': 11, 'SEMILLA': 69, 'FCN-NACION': 0, 'PPN': 0, 'UR': 5, 'URNG-MAIZ WINAQ': 8, 'CREO': 4, 'BIEN': 5, 'VIVA': 16, 'MI FAMILIA': 2, 'CAMBIO': 1, 'VOS': 7}",1,21,220,0,Algún campo sin dato,0.Distrito Central,1.Guatemala,0103,presidente
1382,,"{'UNE': 34, 'AZUL': 0, 'VALOR UNIONISTA': 24, 'CABAL': 11, 'TODOS': 2, 'VAMOS': 3, 'PHG': 1, 'PR': 4, 'PIN': 0, 'ELEFANTE': 1, 'VICTORIA': 6, 'SEMILLA': 44, 'FCN-NACION': 0, 'PPN': 1, 'UR': 4, 'URNG-MAIZ WINAQ': 3, 'CREO': 5, 'BIEN': 10, 'VIVA': 14, 'MI FAMILIA': 7, 'CAMBIO': 1, 'VOS': 11}",1,34,221,0,,0.Distrito Central,1.Guatemala,0103,presidente
1383,,"{'UNE': 30, 'AZUL': 0, 'VALOR UNIONISTA': 21, 'CABAL': 11, 'TODOS': 0, 'VAMOS': 2, 'PHG': 0, 'PR': 4, 'PIN': 0, 'ELEFANTE': 0, 'VICTORIA': 4, 'SEMILLA': 43, 'FCN-NACION': 1, 'PPN': 0, 'UR': 5, 'URNG-MAIZ WINAQ': 6, 'CREO': 4, 'BIEN': 12, 'VIVA': 21, 'MI FAMILIA': 5, 'CAMBIO': 0, 'VOS': 18}",3,41,231,0,Algún campo sin dato,0.Distrito Central,1.Guatemala,0103,presidente
1384,,"{'UNE': 27, 'AZUL': 4, 'VALOR UNIONISTA': 21, 'CABAL': 12, 'TODOS': 2, 'VAMOS': 4, 'PHG': 0, 'PR': 0, 'PIN': 1, 'ELEFANTE': 1, 'VICTORIA': 8, 'SEMILLA': 58, 'FCN-NACION': 0, 'PPN': 0, 'UR': 3, 'URNG-MAIZ WINAQ': 2, 'CREO': 0, 'BIEN': 5, 'VIVA': 16, 'MI FAMILIA': 4, 'CAMBIO': 0, 'VOS': 15}",1,35,219,0,Algún campo sin dato,0.Distrito Central,1.Guatemala,0103,presidente
1385,,"{'UNE': 21, 'AZUL': 4, 'VALOR UNIONISTA': 36, 'CABAL': 14, 'TODOS': 1, 'VAMOS': 4, 'PHG': 2, 'PR': 3, 'PIN': 1, 'ELEFANTE': 2, 'VICTORIA': 13, 'SEMILLA': 44, 'FCN-NACION': 1, 'PPN': 2, 'UR': 2, 'URNG-MAIZ WINAQ': 5, 'CREO': 1, 'BIEN': 11, 'VIVA': 16, 'MI FAMILIA': 4, 'CAMBIO': 0, 'VOS': 16}",0,35,238,0,Algún campo sin dato,0.Distrito Central,1.Guatemala,0103,presidente
1386,,"{'UNE': 33, 'AZUL': 0, 'VALOR UNIONISTA': 28, 'CABAL': 12, 'TODOS': 1, 'VAMOS': 0, 'PHG': 0, 'PR': 3, 'PIN': 0, 'ELEFANTE': 3, 'VICTORIA': 13, 'SEMILLA': 62, 'FCN-NACION': 0, 'PPN': 0, 'UR': 2, 'URNG-MAIZ WINAQ': 0, 'CREO': 7, 'BIEN': 7, 'VIVA': 20, 'MI FAMILIA': 2, 'CAMBIO': 0, 'VOS': 13}",0,24,230,0,Sumas Asentadas sin cuadrar,0.Distrito Central,1.Guatemala,0103,presidente
1387,,"{'UNE': 27, 'AZUL': 1, 'VALOR UNIONISTA': 23, 'CABAL': 7, 'TODOS': 3, 'VAMOS': 3, 'PHG': 1, 'PR': 2, 'PIN': 0, 'ELEFANTE': 1, 'VICTORIA': 7, 'SEMILLA': 51, 'FCN-NACION': 2, 'PPN': 1, 'UR': 4, 'URNG-MAIZ WINAQ': 2, 'CREO': 4, 'BIEN': 9, 'VIVA': 15, 'MI FAMILIA': 3, 'CAMBIO': 0, 'VOS': 16}",5,20,207,0,Algún campo sin dato,0.Distrito Central,1.Guatemala,0104,presidente
1388,,"{'UNE': 30, 'AZUL': 1, 'VALOR UNIONISTA': 26, 'CABAL': 7, 'TODOS': 3, 'VAMOS': 5, 'PHG': 1, 'PR': 4, 'PIN': 2, 'ELEFANTE': 3, 'VICTORIA': 7, 'SEMILLA': 41, 'FCN-NACION': 0, 'PPN': 1, 'UR': 4, 'URNG-MAIZ WINAQ': 5, 'CREO': 4, 'BIEN': 7, 'VIVA': 27, 'MI FAMILIA': 2, 'CAMBIO': 0, 'VOS': 9}",1,25,215,0,Algún campo sin dato,0.Distrito Central,1.Guatemala,0104,presidente
1389,,"{'UNE': 26, 'AZUL': 0, 'VALOR UNIONISTA': 23, 'CABAL': 10, 'TODOS': 0, 'VAMOS': 3, 'PHG': 0, 'PR': 2, 'PIN': 0, 'ELEFANTE': 2, 'VICTORIA': 8, 'SEMILLA': 48, 'FCN-NACION': 0, 'PPN': 0, 'UR': 0, 'URNG-MAIZ WINAQ': 4, 'CREO': 5, 'BIEN': 3, 'VIVA': 10, 'MI FAMILIA': 3, 'CAMBIO': 0, 'VOS': 17}",0,23,187,0,Algún campo sin dato,0.Distrito Central,1.Guatemala,0104,presidente
1390,,"{'UNE': 29, 'AZUL': 1, 'VALOR UNIONISTA': 16, 'CABAL': 5, 'TODOS': 0, 'VAMOS': 3, 'PHG': 0, 'PR': 3, 'PIN': 1, 'ELEFANTE': 2, 'VICTORIA': 6, 'SEMILLA': 59, 'FCN-NACION': 0, 'PPN': 2, 'UR': 3, 'URNG-MAIZ WINAQ': 4, 'CREO': 2, 'BIEN': 5, 'VIVA': 15, 'MI FAMILIA': 1, 'CAMBIO': 0, 'VOS': 15}",192,37,401,0,Sumas Asentadas sin cuadrar,0.Distrito Central,1.Guatemala,0104,presidente
1391,,"{'UNE': 29, 'AZUL': 1, 'VALOR UNIONISTA': 16, 'CABAL': 7, 'TODOS': 0, 'VAMOS': 5, 'PHG': 0, 'PR': 4, 'PIN': 0, 'ELEFANTE': 0, 'VICTORIA': 3, 'SEMILLA': 35, 'FCN-NACION': 3, 'PPN': 1, 'UR': 4, 'URNG-MAIZ WINAQ': 3, 'CREO': 5, 'BIEN': 8, 'VIVA': 11, 'MI FAMILIA': 4, 'CAMBIO': 1, 'VOS': 19}",2,28,189,0,Algún campo sin dato,0.Distrito Central,1.Guatemala,0104,presidente
1392,,"{'UNE': 31, 'AZUL': 3, 'VALOR UNIONISTA': 20, 'CABAL': 9, 'TODOS': 1, 'VAMOS': 7, 'PHG': 1, 'PR': 5, 'PIN': 0, 'ELEFANTE': 0, 'VICTORIA': 4, 'SEMILLA': 49, 'FCN-NACION': 1, 'PPN': 1, 'UR': 2, 'URNG-MAIZ WINAQ': 4, 'CREO': 1, 'BIEN': 5, 'VIVA': 11, 'MI FAMILIA': 3, 'CAMBIO': 0, 'VOS': 13}",2,21,194,0,,0.Distrito Central,1.Guatemala,0104,presidente
1393,,"{'UNE': 25, 'AZUL': 2, 'VALOR UNIONISTA': 18, 'CABAL': 8, 'TODOS': 0, 'VAMOS': 4, 'PHG': 0, 'PR': 2, 'PIN': 0, 'ELEFANTE': 2, 'VICTORIA': 5, 'SEMILLA': 43, 'FCN-NACION': 1, 'PPN': 0, 'UR': 1, 'URNG-MAIZ WINAQ': 4, 'CREO': 0, 'BIEN': 13, 'VIVA': 15, 'MI FAMILIA': 3, 'CAMBIO': 0, 'VOS': 17}",4,26,193,0,Algún campo sin dato,0.Distrito Central,1.Guatemala,0104,presidente
1394,,"{'UNE': 33, 'AZUL': 0, 'VALOR UNIONISTA': 23, 'CABAL': 6, 'TODOS': 2, 'VAMOS': 6, 'PHG': 0, 'PR': 1, 'PIN': 2, 'ELEFANTE': 0, 'VICTORIA': 10, 'SEMILLA': 27, 'FCN-NACION': 0, 'PPN': 1, 'UR': 4, 'URNG-MAIZ WINAQ': 6, 'CREO': 4, 'BIEN': 4, 'VIVA': 18, 'MI FAMILIA': 3, 'CAMBIO': 1, 'VOS': 8}",1,28,188,0,,0.Distrito Central,1.Guatemala,0104,presidente
1395,,"{'UNE': 23, 'AZUL': 3, 'VALOR UNIONISTA': 29, 'CABAL': 6, 'TODOS': 0, 'VAMOS': 2, 'PHG': 0, 'PR': 1, 'PIN': 1, 'ELEFANTE': 3, 'VICTORIA': 8, 'SEMILLA': 44, 'FCN-NACION': 1, 'PPN': 1, 'UR': 0, 'URNG-MAIZ WINAQ': 0, 'CREO': 0, 'BIEN': 12, 'VIVA': 10, 'MI FAMILIA': 0, 'CAMBIO': 0, 'VOS': 13}",207,36,400,1,Sumas Asentadas sin cuadrar,0.Distrito Central,1.Guatemala,0104,presidente
1396,,"{'UNE': 16, 'AZUL': 2, 'VALOR UNIONISTA': 16, 'CABAL': 3, 'TODOS': 1, 'VAMOS': 3, 'PHG': 0, 'PR': 1, 'PIN': 2, 'ELEFANTE': 3, 'VICTORIA': 3, 'SEMILLA': 55, 'FCN-NACION': 0, 'PPN': 0, 'UR': 1, 'URNG-MAIZ WINAQ': 7, 'CREO': 1, 'BIEN': 8, 'VIVA': 14, 'MI FAMILIA': 3, 'CAMBIO': 1, 'VOS': 12}",6,24,182,0,Algún campo sin dato,0.Distrito Central,1.Guatemala,0104,presidente
1397,,"{'UNE': 26, 'AZUL': 2, 'VALOR UNIONISTA': 16, 'CABAL': 8, 'TODOS': 0, 'VAMOS': 3, 'PHG': 0, 'PR': 1, 'PIN': 0, 'ELEFANTE': 2, 'VICTORIA': 7, 'SEMILLA': 70, 'FCN-NACION': 0, 'PPN': 0, 'UR': 1, 'URNG-MAIZ WINAQ': 6, 'CREO': 0, 'BIEN': 5, 'VIVA': 6, 'MI FAMILIA': 1, 'CAMBIO': 0, 'VOS': 13}",0,10,177,1,Algún campo sin dato,0.Distrito Central,1.Guatemala,0104,presidente
1398,,"{'UNE': 24, 'AZUL': 2, 'VALOR UNIONISTA': 14, 'CABAL': 13, 'TODOS': 2, 'VAMOS': 2, 'PHG': 0, 'PR': 2, 'PIN': 0, 'ELEFANTE': 0, 'VICTORIA': 3, 'SEMILLA': 73, 'FCN-NACION': 1, 'PPN': 1, 'UR': 2, 'URNG-MAIZ WINAQ': 3, 'CREO': 2, 'BIEN': 9, 'VIVA': 10, 'MI FAMILIA': 3, 'CAMBIO': 0, 'VOS': 17}",1,13,197,0,Algún campo sin dato,0.Distrito Central,1.Guatemala,0104,presidente
1399,,"{'UNE': 9, 'AZUL': 2, 'VALOR UNIONISTA': 13, 'CABAL': 9, 'TODOS': 0, 'VAMOS': 3, 'PHG': 0, 'PR': 1, 'PIN': 0, 'ELEFANTE': 0, 'VICTORIA': 1, 'SEMILLA': 100, 'FCN-NACION': 3, 'PPN': 1, 'UR': 0, 'URNG-MAIZ WINAQ': 0, 'CREO': 0, 'BIEN': 6, 'VIVA': 11, 'MI FAMILIA': 0, 'CAMBIO': 0, 'VOS': 17}",1,11,188,0,Algún campo sin dato,0.Distrito Central,1.Guatemala,0104,presidente
1400,,"{'UNE': 8, 'AZUL': 2, 'VALOR UNIONISTA': 11, 'CABAL': 5, 'TODOS': 1, 'VAMOS': 3, 'PHG': 0, 'PR': 1, 'PIN': 0, 'ELEFANTE': 2, 'VICTORIA': 6, 'SEMILLA': 101, 'FCN-NACION': 1, 'PPN': 0, 'UR': 2, 'URNG-MAIZ WINAQ': 3, 'CREO': 2, 'BIEN': 8, 'VIVA': 7, 'MI FAMILIA': 2, 'CAMBIO': 0, 'VOS': 15}",0,16,196,0,Algún campo sin dato,0.Distrito Central,1.Guatemala,0104,presidente
1401,,"{'UNE': 14, 'AZUL': 2, 'VALOR UNIONISTA': 9, 'CABAL': 6, 'TODOS': 0, 'VAMOS': 2, 'PHG': 0, 'PR': 0, 'PIN': 0, 'ELEFANTE': 1, 'VICTORIA': 7, 'SEMILLA': 85, 'FCN-NACION': 3, 'PPN': 0, 'UR': 1, 'URNG-MAIZ WINAQ': 1, 'CREO': 2, 'BIEN': 3, 'VIVA': 16, 'MI FAMILIA': 1, 'CAMBIO': 1, 'VOS': 7}",1,9,171,1,Algún campo sin dato,0.Distrito Central,1.Guatemala,0104,presidente
1402,,"{'UNE': 13, 'AZUL': 1, 'VALOR UNIONISTA': 8, 'CABAL': 5, 'TODOS': 0, 'VAMOS': 3, 'PHG': 1, 'PR': 1, 'PIN': 1, 'ELEFANTE': 0, 'VICTORIA': 5, 'SEMILLA': 86, 'FCN-NACION': 2, 'PPN': 3, 'UR': 1, 'URNG-MAIZ WINAQ': 1, 'CREO': 0, 'BIEN': 7, 'VIVA': 9, 'MI FAMILIA': 0, 'CAMBIO': 0, 'VOS': 8}",0,14,169,0,Algún campo sin dato,0.Distrito Central,1.Guatemala,0104,presidente
1403,,"{'UNE': 8, 'AZUL': 1, 'VALOR UNIONISTA': 11, 'CABAL': 6, 'TODOS': 1, 'VAMOS': 3, 'PHG': 0, 'PR': 0, 'PIN': 2, 'ELEFANTE': 0, 'VICTORIA': 6, 'SEMILLA': 91, 'FCN-NACION': 0, 'PPN': 0, 'UR': 2, 'URNG-MAIZ WINAQ': 2, 'CREO': 0, 'BIEN': 14, 'VIVA': 6, 'MI FAMILIA': 2, 'CAMBIO': 0, 'VOS': 18}",0,13,186,1,Algún campo sin dato,0.Distrito Central,1.Guatemala,0104,presidente
1404,,"{'UNE': 9, 'AZUL': 1, 'VALOR UNIONISTA': 5, 'CABAL': 4, 'TODOS': 1, 'VAMOS': 1, 'PHG': 0, 'PR': 2, 'PIN': 0, 'ELEFANTE': 1, 'VICTORIA': 5, 'SEMILLA': 53, 'FCN-NACION': 0, 'PPN': 0, 'UR': 2, 'URNG-MAIZ WINAQ': 0, 'CREO': 2, 'BIEN': 5, 'VIVA': 8, 'MI FAMILIA': 1, 'CAMBIO': 0, 'VOS': 8}",1,19,128,0,Algún campo sin dato,0.Distrito Central,1.Guatemala,0104,presidente
1405,,"{'UNE': 19, 'AZUL': 0, 'VALOR UNIONISTA': 11, 'CABAL': 1, 'TODOS': 0, 'VAMOS': 3, 'PHG': 0, 'PR': 2, 'PIN': 0, 'ELEFANTE': 0, 'VICTORIA': 3, 'SEMILLA': 45, 'FCN-NACION': 1, 'PPN': 1, 'UR': 0, 'URNG-MAIZ WINAQ': 2, 'CREO': 2, 'BIEN': 5, 'VIVA': 14, 'MI FAMILIA': 2, 'CAMBIO': 0, 'VOS': 7}",0,9,127,0,Algún campo sin dato,0.Distrito Central,1.Guatemala,0104,presidente
1406,,"{'UNE': 14, 'AZUL': 3, 'VALOR UNIONISTA': 14, 'CABAL': 5, 'TODOS': 0, 'VAMOS': 4, 'PHG': 0, 'PR': 3, 'PIN': 2, 'ELEFANTE': 1, 'VICTORIA': 3, 'SEMILLA': 58, 'FCN-NACION': 0, 'PPN': 1, 'UR': 1, 'URNG-MAIZ WINAQ': 0, 'CREO': 1, 'BIEN': 5, 'VIVA': 3, 'MI FAMILIA': 0, 'CAMBIO': 1, 'VOS': 11}",1,17,148,0,Algún campo sin dato,0.Distrito Central,1.Guatemala,0104,presidente
1407,,"{'UNE': 12, 'AZUL': 2, 'VALOR UNIONISTA': 13, 'CABAL': 5, 'TODOS': 0, 'VAMOS': 1, 'PHG': 0, 'PR': 2, 'PIN': 1, 'ELEFANTE': 0, 'VICTORIA': 3, 'SEMILLA': 56, 'FCN-NACION': 0, 'PPN': 1, 'UR': 0, 'URNG-MAIZ WINAQ': 1, 'CREO': 4, 'BIEN': 2, 'VIVA': 0, 'MI FAMILIA': 0, 'CAMBIO': 0, 'VOS': 5}",0,16,124,0,Algún campo sin dato,0.Distrito Central,1.Guatemala,0104,presidente
1408,,"{'UNE': 14, 'AZUL': 1, 'VALOR UNIONISTA': 9, 'CABAL': 7, 'TODOS': 1, 'VAMOS': 1, 'PHG': 0, 'PR': 0, 'PIN': 0, 'ELEFANTE': 1, 'VICTORIA': 1, 'SEMILLA': 34, 'FCN-NACION': 0, 'PPN': 0, 'UR': 1, 'URNG-MAIZ WINAQ': 0, 'CREO': 5, 'BIEN': 2, 'VIVA': 5, 'MI FAMILIA': 1, 'CAMBIO': 0, 'VOS': 1}",1,8,93,0,Algún campo sin dato,0.Distrito Central,1.Guatemala,0104,presidente
1409,,"{'UNE': 23, 'AZUL': 10, 'VALOR UNIONISTA': 19, 'CABAL': 18, 'TODOS': 0, 'VAMOS': 6, 'PHG': 1, 'PR': 4, 'PIN': 2, 'ELEFANTE': 2, 'VICTORIA': 8, 'SEMILLA': 56, 'FCN-NACION': 0, 'PPN': 0, 'UR': 6, 'URNG-MAIZ WINAQ': 4, 'CREO': 3, 'BIEN': 12, 'VIVA': 13, 'MI FAMILIA': 2, 'CAMBIO': 2, 'VOS': 22}",3,41,257,0,Algún campo sin dato,0.Distrito Central,1.Guatemala,0105,presidente
1410,,"{'UNE': 20, 'AZUL': 5, 'VALOR UNIONISTA': 36, 'CABAL': 21, 'TODOS': 0, 'VAMOS': 9, 'PHG': 0, 'PR': 5, 'PIN': 0, 'ELEFANTE': 4, 'VICTORIA': 8, 'SEMILLA': 63, 'FCN-NACION': 0, 'PPN': 1, 'UR': 3, 'URNG-MAIZ WINAQ': 3, 'CREO': 2, 'BIEN': 6, 'VIVA': 9, 'MI FAMILIA': 5, 'CAMBIO': 0, 'VOS': 33}",0,27,260,0,Algún campo sin dato,0.Distrito Central,1.Guatemala,0105,presidente
1411,,"{'UNE': 28, 'AZUL': 5, 'VALOR UNIONISTA': 27, 'CABAL': 14, 'TODOS': 1, 'VAMOS': 6, 'PHG': 0, 'PR': 5, 'PIN': 0, 'ELEFANTE': 2, 'VICTORIA': 5, 'SEMILLA': 55, 'FCN-NACION': 0, 'PPN': 1, 'UR': 4, 'URNG-MAIZ WINAQ': 6, 'CREO': 3, 'BIEN': 12, 'VIVA': 4, 'MI FAMILIA': 8, 'CAMBIO': 1, 'VOS': 24}",0,42,253,0,Algún campo sin dato,0.Distrito Central,1.Guatemala,0105,presidente
1412,,"{'UNE': 32, 'AZUL': 1, 'VALOR UNIONISTA': 27, 'CABAL': 15, 'TODOS': 2, 'VAMOS': 3, 'PHG': 0, 'PR': 6, 'PIN': 1, 'ELEFANTE': 4, 'VICTORIA': 10, 'SEMILLA': 63, 'FCN-NACION': 1, 'PPN': 1, 'UR': 1, 'URNG-MAIZ WINAQ': 6, 'CREO': 3, 'BIEN': 11, 'VIVA': 8, 'MI FAMILIA': 8, 'CAMBIO': 0, 'VOS': 11}",0,38,252,0,Algún campo sin dato,0.Distrito Central,1.Guatemala,0105,presidente
1413,,"{'UNE': 21, 'AZUL': 3, 'VALOR UNIONISTA': 28, 'CABAL': 19, 'TODOS': 1, 'VAMOS': 2, 'PHG': 0, 'PR': 2, 'PIN': 0, 'ELEFANTE': 1, 'VICTORIA': 9, 'SEMILLA': 50, 'FCN-NACION': 0, 'PPN': 0, 'UR': 8, 'URNG-MAIZ WINAQ': 5, 'CREO': 5, 'BIEN': 10, 'VIVA': 13, 'MI FAMILIA': 8, 'CAMBIO': 0, 'VOS': 13}",4,33,235,0,Sumas Asentadas sin cuadrar,0.Distrito Central,1.Guatemala,0105,presidente
1414,,"{'UNE': 27, 'AZUL': 3, 'VALOR UNIONISTA': 32, 'CABAL': 14, 'TODOS': 1, 'VAMOS': 11, 'PHG': 1, 'PR': 4, 'PIN': 1, 'ELEFANTE': 4, 'VICTORIA': 8, 'SEMILLA': 43, 'FCN-NACION': 4, 'PPN': 1, 'UR': 2, 'URNG-MAIZ WINAQ': 7, 'CREO': 4, 'BIEN': 15, 'VIVA': 17, 'MI FAMILIA': 6, 'CAMBIO': 0, 'VOS': 21}",5,34,265,0,Algún campo sin dato,0.Distrito Central,1.Guatemala,0105,presidente
1415,,"{'UNE': 20, 'AZUL': 7, 'VALOR UNIONISTA': 33, 'CABAL': 17, 'TODOS': 0, 'VAMOS': 2, 'PHG': 0, 'PR': 4, 'PIN': 2, 'ELEFANTE': 3, 'VICTORIA': 9, 'SEMILLA': 68, 'FCN-NACION': 1, 'PPN': 2, 'UR': 5, 'URNG-MAIZ WINAQ': 5, 'CREO': 7, 'BIEN': 17, 'VIVA': 14, 'MI FAMILIA': 9, 'CAMBIO': 0, 'VOS': 20}",3,36,284,0,Algún campo sin dato,0.Distrito Central,1.Guatemala,0105,presidente
1416,,"{'UNE': 8, 'AZUL': 6, 'VALOR UNIONISTA': 31, 'CABAL': 17, 'TODOS': 1, 'VAMOS': 2, 'PHG': 0, 'PR': 2, 'PIN': 0, 'ELEFANTE': 7, 'VICTORIA': 2, 'SEMILLA': 46, 'FCN-NACION': 2, 'PPN': 3, 'UR': 2, 'URNG-MAIZ WINAQ': 6, 'CREO': 2, 'BIEN': 10, 'VIVA': 16, 'MI FAMILIA': 4, 'CAMBIO': 0, 'VOS': 23}",3,32,225,0,Sumas Asentadas sin cuadrar,0.Distrito Central,1.Guatemala,0105,presidente
1417,,"{'UNE': 17, 'AZUL': 0, 'VALOR UNIONISTA': 38, 'CABAL': 19, 'TODOS': 0, 'VAMOS': 0, 'PHG': 0, 'PR': 4, 'PIN': 0, 'ELEFANTE': 8, 'VICTORIA': 6, 'SEMILLA': 69, 'FCN-NACION': 1, 'PPN': 3, 'UR': 5, 'URNG-MAIZ WINAQ': 2, 'CREO': 1, 'BIEN': 10, 'VIVA': 11, 'MI FAMILIA': 1, 'CAMBIO': 0, 'VOS': 21}",0,35,251,0,Algún campo sin dato,0.Distrito Central,1.Guatemala,0105,presidente
1418,,"{'UNE': 16, 'AZUL': 6, 'VALOR UNIONISTA': 38, 'CABAL': 14, 'TODOS': 1, 'VAMOS': 1, 'PHG': 0, 'PR': 4, 'PIN': 1, 'ELEFANTE': 6, 'VICTORIA': 7, 'SEMILLA': 58, 'FCN-NACION': 0, 'PPN': 0, 'UR': 4, 'URNG-MAIZ WINAQ': 5, 'CREO': 2, 'BIEN': 10, 'VIVA': 15, 'MI FAMILIA': 5, 'CAMBIO': 1, 'VOS': 25}",1,36,256,0,Algún campo sin dato,0.Distrito Central,1.Guatemala,0105,presidente
1419,,"{'UNE': 19, 'AZUL': 6, 'VALOR UNIONISTA': 27, 'CABAL': 18, 'TODOS': 1, 'VAMOS': 1, 'PHG': 1, 'PR': 3, 'PIN': 0, 'ELEFANTE': 5, 'VICTORIA': 2, 'SEMILLA': 69, 'FCN-NACION': 3, 'PPN': 2, 'UR': 2, 'URNG-MAIZ WINAQ': 2, 'CREO': 6, 'BIEN': 12, 'VIVA': 6, 'MI FAMILIA': 5, 'CAMBIO': 1, 'VOS': 24}",0,35,250,0,Algún campo sin dato,0.Distrito Central,1.Guatemala,0105,presidente
1420,,"{'UNE': 14, 'AZUL': 2, 'VALOR UNIONISTA': 17, 'CABAL': 12, 'TODOS': 1, 'VAMOS': 5, 'PHG': 0, 'PR': 1, 'PIN': 0, 'ELEFANTE': 2, 'VICTORIA': 3, 'SEMILLA': 80, 'FCN-NACION': 0, 'PPN': 1, 'UR': 3, 'URNG-MAIZ WINAQ': 3, 'CREO': 1, 'BIEN': 17, 'VIVA': 11, 'MI FAMILIA': 2, 'CAMBIO': 0, 'VOS': 26}",0,19,220,0,Algún campo sin dato,0.Distrito Central,1.Guatemala,0105,presidente
1421,,"{'UNE': 19, 'AZUL': 6, 'VALOR UNIONISTA': 24, 'CABAL': 8, 'TODOS': 0, 'VAMOS': 0, 'PHG': 1, 'PR': 4, 'PIN': 1, 'ELEFANTE': 7, 'VICTORIA': 4, 'SEMILLA': 75, 'FCN-NACION': 0, 'PPN': 2, 'UR': 2, 'URNG-MAIZ WINAQ': 1, 'CREO': 3, 'BIEN': 18, 'VIVA': 8, 'MI FAMILIA': 2, 'CAMBIO': 0, 'VOS': 25}",1,19,230,0,Algún campo sin dato,0.Distrito Central,1.Guatemala,0105,presidente
1422,,"{'UNE': 20, 'AZUL': 5, 'VALOR UNIONISTA': 34, 'CABAL': 14, 'TODOS': 1, 'VAMOS': 1, 'PHG': 1, 'PR': 2, 'PIN': 2, 'ELEFANTE': 3, 'VICTORIA': 3, 'SEMILLA': 54, 'FCN-NACION': 3, 'PPN': 4, 'UR': 6, 'URNG-MAIZ WINAQ': 3, 'CREO': 10, 'BIEN': 9, 'VIVA': 10, 'MI FAMILIA': 3, 'CAMBIO': 0, 'VOS': 14}",0,31,233,0,Sumas Asentadas sin cuadrar,0.Distrito Central,1.Guatemala,0105,presidente
1423,,"{'UNE': 19, 'AZUL': 5, 'VALOR UNIONISTA': 33, 'CABAL': 14, 'TODOS': 0, 'VAMOS': 3, 'PHG': 1, 'PR': 2, 'PIN': 0, 'ELEFANTE': 2, 'VICTORIA': 6, 'SEMILLA': 53, 'FCN-NACION': 1, 'PPN': 1, 'UR': 3, 'URNG-MAIZ WINAQ': 2, 'CREO': 6, 'BIEN': 10, 'VIVA': 9, 'MI FAMILIA': 7, 'CAMBIO': 0, 'VOS': 24}",0,36,237,0,Sumas Asentadas sin cuadrar,0.Distrito Central,1.Guatemala,0105,presidente
1424,,"{'UNE': 20, 'AZUL': 4, 'VALOR UNIONISTA': 21, 'CABAL': 12, 'TODOS': 0, 'VAMOS': 4, 'PHG': 1, 'PR': 3, 'PIN': 1, 'ELEFANTE': 5, 'VICTORIA': 3, 'SEMILLA': 76, 'FCN-NACION': 1, 'PPN': 1, 'UR': 8, 'URNG-MAIZ WINAQ': 6, 'CREO': 3, 'BIEN': 13, 'VIVA': 12, 'MI FAMILIA': 3, 'CAMBIO': 1, 'VOS': 17}",3,32,250,0,Algún campo sin dato,0.Distrito Central,1.Guatemala,0105,presidente
1425,,"{'UNE': 15, 'AZUL': 3, 'VALOR UNIONISTA': 31, 'CABAL': 22, 'TODOS': 1, 'VAMOS': 6, 'PHG': 0, 'PR': 4, 'PIN': 0, 'ELEFANTE': 2, 'VICTORIA': 7, 'SEMILLA': 51, 'FCN-NACION': 0, 'PPN': 3, 'UR': 2, 'URNG-MAIZ WINAQ': 5, 'CREO': 3, 'BIEN': 17, 'VIVA': 13, 'MI FAMILIA': 3, 'CAMBIO': 1, 'VOS': 18}",1,28,236,1,Sumas Asentadas sin cuadrar,0.Distrito Central,1.Guatemala,0105,presidente
1426,,"{'UNE': 17, 'AZUL': 3, 'VALOR UNIONISTA': 31, 'CABAL': 11, 'TODOS': 0, 'VAMOS': 2, 'PHG': 1, 'PR': 5, 'PIN': 0, 'ELEFANTE': 4, 'VICTORIA': 10, 'SEMILLA': 65, 'FCN-NACION': 0, 'PPN': 1, 'UR': 4, 'URNG-MAIZ WINAQ': 2, 'CREO': 2, 'BIEN': 21, 'VIVA': 7, 'MI FAMILIA': 4, 'CAMBIO': 1, 'VOS': 19}",0,27,237,0,Algún campo sin dato,0.Distrito Central,1.Guatemala,0105,presidente
1427,,"{'UNE': 25, 'AZUL': 5, 'VALOR UNIONISTA': 32, 'CABAL': 14, 'TODOS': 1, 'VAMOS': 3, 'PHG': 0, 'PR': 2, 'PIN': 0, 'ELEFANTE': 4, 'VICTORIA': 4, 'SEMILLA': 70, 'FCN-NACION': 2, 'PPN': 1, 'UR': 4, 'URNG-MAIZ WINAQ': 6, 'CREO': 6, 'BIEN': 19, 'VIVA': 7, 'MI FAMILIA': 5, 'CAMBIO': 1, 'VOS': 29}",4,35,279,0,Sumas Asentadas sin cuadrar,0.Distrito Central,1.Guatemala,0106,presidente
1428,,"{'UNE': 21, 'AZUL': 5, 'VALOR UNIONISTA': 37, 'CABAL': 12, 'TODOS': 0, 'VAMOS': 3, 'PHG': 1, 'PR': 0, 'PIN': 1, 'ELEFANTE': 3, 'VICTORIA': 9, 'SEMILLA': 66, 'FCN-NACION': 1, 'PPN': 2, 'UR': 6, 'URNG-MAIZ WINAQ': 0, 'CREO': 1, 'BIEN': 17, 'VIVA': 27, 'MI FAMILIA': 3, 'CAMBIO': 1, 'VOS': 26}",2,18,262,12,Sumas Asentadas sin cuadrar,0.Distrito Central,1.Guatemala,0106,presidente
1429,,"{'UNE': 18, 'AZUL': 2, 'VALOR UNIONISTA': 27, 'CABAL': 13, 'TODOS': 1, 'VAMOS': 7, 'PHG': 0, 'PR': 4, 'PIN': 0, 'ELEFANTE': 2, 'VICTORIA': 3, 'SEMILLA': 77, 'FCN-NACION': 0, 'PPN': 6, 'UR': 6, 'URNG-MAIZ WINAQ': 2, 'CREO': 7, 'BIEN': 10, 'VIVA': 8, 'MI FAMILIA': 3, 'CAMBIO': 0, 'VOS': 24}",1,0,221,0,Sumas Asentadas sin cuadrar,0.Distrito Central,1.Guatemala,0106,presidente
1430,,"{'UNE': 11, 'AZUL': 5, 'VALOR UNIONISTA': 29, 'CABAL': 12, 'TODOS': 1, 'VAMOS': 4, 'PHG': 1, 'PR': 3, 'PIN': 0, 'ELEFANTE': 2, 'VICTORIA': 7, 'SEMILLA': 73, 'FCN-NACION': 0, 'PPN': 0, 'UR': 2, 'URNG-MAIZ WINAQ': 6, 'CREO': 1, 'BIEN': 15, 'VIVA': 9, 'MI FAMILIA': 3, 'CAMBIO': 0, 'VOS': 16}",2,34,236,0,Algún campo sin dato,0.Distrito Central,1.Guatemala,0106,presidente
1431,,"{'UNE': 18, 'AZUL': 7, 'VALOR UNIONISTA': 26, 'CABAL': 18, 'TODOS': 0, 'VAMOS': 2, 'PHG': 1, 'PR': 6, 'PIN': 0, 'ELEFANTE': 2, 'VICTORIA': 10, 'SEMILLA': 68, 'FCN-NACION': 3, 'PPN': 1, 'UR': 4, 'URNG-MAIZ WINAQ': 6, 'CREO': 3, 'BIEN': 16, 'VIVA': 14, 'MI FAMILIA': 4, 'CAMBIO': 0, 'VOS': 23}",1,35,268,0,Algún campo sin dato,0.Distrito Central,1.Guatemala,0106,presidente
1432,,"{'UNE': 25, 'AZUL': 6, 'VALOR UNIONISTA': 30, 'CABAL': 12, 'TODOS': 1, 'VAMOS': 2, 'PHG': 0, 'PR': 8, 'PIN': 0, 'ELEFANTE': 3, 'VICTORIA': 4, 'SEMILLA': 69, 'FCN-NACION': 0, 'PPN': 0, 'UR': 7, 'URNG-MAIZ WINAQ': 2, 'CREO': 4, 'BIEN': 11, 'VIVA': 14, 'MI FAMILIA': 5, 'CAMBIO': 0, 'VOS': 14}",0,26,243,0,Sumas Asentadas sin cuadrar,0.Distrito Central,1.Guatemala,0106,presidente
1433,,"{'UNE': 22, 'AZUL': 2, 'VALOR UNIONISTA': 23, 'CABAL': 17, 'TODOS': 1, 'VAMOS': 3, 'PHG': 1, 'PR': 5, 'PIN': 1, 'ELEFANTE': 2, 'VICTORIA': 6, 'SEMILLA': 57, 'FCN-NACION': 1, 'PPN': 1, 'UR': 4, 'URNG-MAIZ WINAQ': 6, 'CREO': 1, 'BIEN': 13, 'VIVA': 15, 'MI FAMILIA': 12, 'CAMBIO': 1, 'VOS': 12}",0,41,247,0,Sumas Asentadas sin cuadrar,0.Distrito Central,1.Guatemala,0106,presidente
1434,,"{'UNE': 19, 'AZUL': 2, 'VALOR UNIONISTA': 36, 'CABAL': 17, 'TODOS': 1, 'VAMOS': 10, 'PHG': 1, 'PR': 2, 'PIN': 0, 'ELEFANTE': 1, 'VICTORIA': 4, 'SEMILLA': 70, 'FCN-NACION': 1, 'PPN': 0, 'UR': 6, 'URNG-MAIZ WINAQ': 6, 'CREO': 5, 'BIEN': 8, 'VIVA': 7, 'MI FAMILIA': 2, 'CAMBIO': 0, 'VOS': 24}",2,41,265,0,Algún campo sin dato,0.Distrito Central,1.Guatemala,0106,presidente
1435,,"{'UNE': 13, 'AZUL': 4, 'VALOR UNIONISTA': 26, 'CABAL': 9, 'TODOS': 1, 'VAMOS': 2, 'PHG': 1, 'PR': 4, 'PIN': 0, 'ELEFANTE': 2, 'VICTORIA': 5, 'SEMILLA': 72, 'FCN-NACION': 0, 'PPN': 2, 'UR': 4, 'URNG-MAIZ WINAQ': 3, 'CREO': 0, 'BIEN': 18, 'VIVA': 16, 'MI FAMILIA': 3, 'CAMBIO': 1, 'VOS': 28}",2,30,246,0,Sumas Asentadas sin cuadrar,0.Distrito Central,1.Guatemala,0106,presidente
1436,,"{'UNE': 19, 'AZUL': 3, 'VALOR UNIONISTA': 36, 'CABAL': 14, 'TODOS': 0, 'VAMOS': 6, 'PHG': 0, 'PR': 6, 'PIN': 1, 'ELEFANTE': 6, 'VICTORIA': 5, 'SEMILLA': 59, 'FCN-NACION': 0, 'PPN': 0, 'UR': 7, 'URNG-MAIZ WINAQ': 4, 'CREO': 2, 'BIEN': 11, 'VIVA': 8, 'MI FAMILIA': 5, 'CAMBIO': 0, 'VOS': 18}",0,30,240,6,Sumas Asentadas sin cuadrar,0.Distrito Central,1.Guatemala,0106,presidente
1437,,"{'UNE': 22, 'AZUL': 4, 'VALOR UNIONISTA': 26, 'CABAL': 7, 'TODOS': 2, 'VAMOS': 6, 'PHG': 0, 'PR': 3, 'PIN': 1, 'ELEFANTE': 3, 'VICTORIA': 7, 'SEMILLA': 58, 'FCN-NACION': 0, 'PPN': 0, 'UR': 3, 'URNG-MAIZ WINAQ': 9, 'CREO': 3, 'BIEN': 9, 'VIVA': 13, 'MI FAMILIA': 1, 'CAMBIO': 0, 'VOS': 22}",153,48,400,0,Algún campo sin dato,0.Distrito Central,1.Guatemala,0106,presidente
1438,,"{'UNE': 29, 'AZUL': 2, 'VALOR UNIONISTA': 27, 'CABAL': 12, 'TODOS': 0, 'VAMOS': 7, 'PHG': 0, 'PR': 0, 'PIN': 0, 'ELEFANTE': 2, 'VICTORIA': 7, 'SEMILLA': 57, 'FCN-NACION': 1, 'PPN': 0, 'UR': 4, 'URNG-MAIZ WINAQ': 5, 'CREO': 2, 'BIEN': 11, 'VIVA': 15, 'MI FAMILIA': 4, 'CAMBIO': 0, 'VOS': 16}",0,25,226,0,Algún campo sin dato,0.Distrito Central,1.Guatemala,0106,presidente
1439,,"{'UNE': 21, 'AZUL': 2, 'VALOR UNIONISTA': 32, 'CABAL': 13, 'TODOS': 0, 'VAMOS': 9, 'PHG': 2, 'PR': 3, 'PIN': 0, 'ELEFANTE': 1, 'VICTORIA': 5, 'SEMILLA': 50, 'FCN-NACION': 0, 'PPN': 2, 'UR': 2, 'URNG-MAIZ WINAQ': 1, 'CREO': 2, 'BIEN': 11, 'VIVA': 13, 'MI FAMILIA': 1, 'CAMBIO': 0, 'VOS': 18}",0,28,216,0,Algún campo sin dato,0.Distrito Central,1.Guatemala,0106,presidente
1440,,"{'UNE': 20, 'AZUL': 2, 'VALOR UNIONISTA': 18, 'CABAL': 11, 'TODOS': 3, 'VAMOS': 5, 'PHG': 1, 'PR': 2, 'PIN': 0, 'ELEFANTE': 2, 'VICTORIA': 11, 'SEMILLA': 66, 'FCN-NACION': 1, 'PPN': 3, 'UR': 4, 'URNG-MAIZ WINAQ': 2, 'CREO': 1, 'BIEN': 9, 'VIVA': 17, 'MI FAMILIA': 7, 'CAMBIO': 1, 'VOS': 25}",1,21,233,0,Algún campo sin dato,0.Distrito Central,1.Guatemala,0106,presidente
1441,,"{'UNE': 23, 'AZUL': 0, 'VALOR UNIONISTA': 24, 'CABAL': 17, 'TODOS': 1, 'VAMOS': 4, 'PHG': 0, 'PR': 2, 'PIN': 0, 'ELEFANTE': 2, 'VICTORIA': 4, 'SEMILLA': 69, 'FCN-NACION': 0, 'PPN': 1, 'UR': 3, 'URNG-MAIZ WINAQ': 4, 'CREO': 4, 'BIEN': 11, 'VIVA': 13, 'MI FAMILIA': 4, 'CAMBIO': 0, 'VOS': 24}",0,19,229,0,Sumas Asentadas sin cuadrar,0.Distrito Central,1.Guatemala,0106,presidente
1442,,"{'UNE': 16, 'AZUL': 3, 'VALOR UNIONISTA': 10, 'CABAL': 10, 'TODOS': 0, 'VAMOS': 2, 'PHG': 2, 'PR': 1, 'PIN': 0, 'ELEFANTE': 3, 'VICTORIA': 6, 'SEMILLA': 83, 'FCN-NACION': 0, 'PPN': 1, 'UR': 3, 'URNG-MAIZ WINAQ': 4, 'CREO': 1, 'BIEN': 10, 'VIVA': 7, 'MI FAMILIA': 2, 'CAMBIO': 0, 'VOS': 19}",0,20,203,0,Sumas Asentadas sin cuadrar,0.Distrito Central,1.Guatemala,0106,presidente
1443,,"{'UNE': 7, 'AZUL': 3, 'VALOR UNIONISTA': 16, 'CABAL': 9, 'TODOS': 0, 'VAMOS': 1, 'PHG': 0, 'PR': 2, 'PIN': 0, 'ELEFANTE': 0, 'VICTORIA': 2, 'SEMILLA': 112, 'FCN-NACION': 0, 'PPN': 0, 'UR': 4, 'URNG-MAIZ WINAQ': 1, 'CREO': 2, 'BIEN': 10, 'VIVA': 3, 'MI FAMILIA': 0, 'CAMBIO': 0, 'VOS': 25}",0,19,216,182,Algún campo sin dato,0.Distrito Central,1.Guatemala,0106,presidente
1444,,"{'UNE': 8, 'AZUL': 3, 'VALOR UNIONISTA': 12, 'CABAL': 7, 'TODOS': 0, 'VAMOS': 1, 'PHG': 1, 'PR': 4, 'PIN': 0, 'ELEFANTE': 3, 'VICTORIA': 7, 'SEMILLA': 125, 'FCN-NACION': 0, 'PPN': 0, 'UR': 0, 'URNG-MAIZ WINAQ': 3, 'CREO': 1, 'BIEN': 17, 'VIVA': 11, 'MI FAMILIA': 3, 'CAMBIO': 1, 'VOS': 22}",0,24,253,0,Algún campo sin dato,0.Distrito Central,1.Guatemala,0106,presidente
1445,,"{'UNE': 9, 'AZUL': 0, 'VALOR UNIONISTA': 15, 'CABAL': 7, 'TODOS': 1, 'VAMOS': 1, 'PHG': 0, 'PR': 0, 'PIN': 0, 'ELEFANTE': 2, 'VICTORIA': 7, 'SEMILLA': 97, 'FCN-NACION': 0, 'PPN': 0, 'UR': 3, 'URNG-MAIZ WINAQ': 2, 'CREO': 1, 'BIEN': 7, 'VIVA': 4, 'MI FAMILIA': 1, 'CAMBIO': 1, 'VOS': 18}",0,15,191,0,Algún campo sin dato,0.Distrito Central,1.Guatemala,0106,presidente
1446,,"{'UNE': 11, 'AZUL': 1, 'VALOR UNIONISTA': 14, 'CABAL': 8, 'TODOS': 1, 'VAMOS': 2, 'PHG': 0, 'PR': 0, 'PIN': 1, 'ELEFANTE': 4, 'VICTORIA': 5, 'SEMILLA': 132, 'FCN-NACION': 0, 'PPN': 1, 'UR': 0, 'URNG-MAIZ WINAQ': 0, 'CREO': 1, 'BIEN': 10, 'VIVA': 7, 'MI FAMILIA': 2, 'CAMBIO': 1, 'VOS': 8}",0,17,226,0,Algún campo sin dato,0.Distrito Central,1.Guatemala,0106,presidente
1447,,"{'UNE': 5, 'AZUL': 0, 'VALOR UNIONISTA': 7, 'CABAL': 9, 'TODOS': 0, 'VAMOS': 0, 'PHG': 0, 'PR': 1, 'PIN': 0, 'ELEFANTE': 0, 'VICTORIA': 3, 'SEMILLA': 136, 'FCN-NACION': 0, 'PPN': 0, 'UR': 1, 'URNG-MAIZ WINAQ': 4, 'CREO': 3, 'BIEN': 9, 'VIVA': 4, 'MI FAMILIA': 1, 'CAMBIO': 1, 'VOS': 14}",183,18,399,0,Algún campo sin dato,0.Distrito Central,1.Guatemala,0106,presidente
1448,,"{'UNE': 5, 'AZUL': 1, 'VALOR UNIONISTA': 10, 'CABAL': 2, 'TODOS': 0, 'VAMOS': 3, 'PHG': 1, 'PR': 1, 'PIN': 1, 'ELEFANTE': 2, 'VICTORIA': 1, 'SEMILLA': 63, 'FCN-NACION': 1, 'PPN': 3, 'UR': 1, 'URNG-MAIZ WINAQ': 1, 'CREO': 4, 'BIEN': 11, 'VIVA': 10, 'MI FAMILIA': 1, 'CAMBIO': 0, 'VOS': 7}",1,18,148,0,Sumas Asentadas sin cuadrar,0.Distrito Central,1.Guatemala,0106,presidente
1449,,"{'UNE': 17, 'AZUL': 4, 'VALOR UNIONISTA': 14, 'CABAL': 8, 'TODOS': 0, 'VAMOS': 1, 'PHG': 0, 'PR': 0, 'PIN': 0, 'ELEFANTE': 1, 'VICTORIA': 3, 'SEMILLA': 78, 'FCN-NACION': 1, 'PPN': 0, 'UR': 3, 'URNG-MAIZ WINAQ': 3, 'CREO': 3, 'BIEN': 11, 'VIVA': 15, 'MI FAMILIA': 5, 'CAMBIO': 2, 'VOS': 6}",0,18,193,0,Algún campo sin dato,0.Distrito Central,1.Guatemala,0106,presidente
1450,,"{'UNE': 12, 'AZUL': 1, 'VALOR UNIONISTA': 6, 'CABAL': 8, 'TODOS': 0, 'VAMOS': 0, 'PHG': 0, 'PR': 1, 'PIN': 0, 'ELEFANTE': 2, 'VICTORIA': 1, 'SEMILLA': 71, 'FCN-NACION': 0, 'PPN': 1, 'UR': 2, 'URNG-MAIZ WINAQ': 2, 'CREO': 0, 'BIEN': 11, 'VIVA': 8, 'MI FAMILIA': 1, 'CAMBIO': 0, 'VOS': 14}",0,13,154,0,Algún campo sin dato,0.Distrito Central,1.Guatemala,0106,presidente
1451,,"{'UNE': 12, 'AZUL': 0, 'VALOR UNIONISTA': 14, 'CABAL': 8, 'TODOS': 0, 'VAMOS': 1, 'PHG': 0, 'PR': 0, 'PIN': 0, 'ELEFANTE': 0, 'VICTORIA': 2, 'SEMILLA': 55, 'FCN-NACION': 1, 'PPN': 2, 'UR': 1, 'URNG-MAIZ WINAQ': 1, 'CREO': 2, 'BIEN': 4, 'VIVA': 1, 'MI FAMILIA': 0, 'CAMBIO': 0, 'VOS': 5}",0,14,123,0,Algún campo sin dato,0.Distrito Central,1.Guatemala,0106,presidente
1452,,"{'UNE': 17, 'AZUL': 4, 'VALOR UNIONISTA': 29, 'CABAL': 10, 'TODOS': 0, 'VAMOS': 3, 'PHG': 0, 'PR': 6, 'PIN': 0, 'ELEFANTE': 2, 'VICTORIA': 1, 'SEMILLA': 45, 'FCN-NACION': 0, 'PPN': 1, 'UR': 5, 'URNG-MAIZ WINAQ': 6, 'CREO': 10, 'BIEN': 9, 'VIVA': 16, 'MI FAMILIA': 4, 'CAMBIO': 0, 'VOS': 22}",0,24,214,0,Algún campo sin dato,0.Distrito Central,1.Guatemala,0107,presidente
1453,,"{'UNE': 19, 'AZUL': 0, 'VALOR UNIONISTA': 16, 'CABAL': 16, 'TODOS': 0, 'VAMOS': 8, 'PHG': 0, 'PR': 7, 'PIN': 2, 'ELEFANTE': 3, 'VICTORIA': 5, 'SEMILLA': 46, 'FCN-NACION': 0, 'PPN': 1, 'UR': 8, 'URNG-MAIZ WINAQ': 6, 'CREO': 4, 'BIEN': 8, 'VIVA': 13, 'MI FAMILIA': 5, 'CAMBIO': 0, 'VOS': 13}",0,41,221,0,Algún campo sin dato,0.Distrito Central,1.Guatemala,0107,presidente
1454,,"{'UNE': 19, 'AZUL': 4, 'VALOR UNIONISTA': 20, 'CABAL': 15, 'TODOS': 1, 'VAMOS': 5, 'PHG': 0, 'PR': 7, 'PIN': 0, 'ELEFANTE': 6, 'VICTORIA': 4, 'SEMILLA': 55, 'FCN-NACION': 0, 'PPN': 1, 'UR': 5, 'URNG-MAIZ WINAQ': 4, 'CREO': 4, 'BIEN': 5, 'VIVA': 16, 'MI FAMILIA': 7, 'CAMBIO': 2, 'VOS': 17}",1,21,219,0,Algún campo sin dato,0.Distrito Central,1.Guatemala,0107,presidente
1455,,"{'UNE': 17, 'AZUL': 8, 'VALOR UNIONISTA': 24, 'CABAL': 9, 'TODOS': 1, 'VAMOS': 3, 'PHG': 0, 'PR': 6, 'PIN': 2, 'ELEFANTE': 3, 'VICTORIA': 9, 'SEMILLA': 50, 'FCN-NACION': 2, 'PPN': 1, 'UR': 7, 'URNG-MAIZ WINAQ': 2, 'CREO': 2, 'BIEN': 17, 'VIVA': 12, 'MI FAMILIA': 8, 'CAMBIO': 0, 'VOS': 15}",1,27,226,0,Algún campo sin dato,0.Distrito Central,1.Guatemala,0107,presidente
1456,,"{'UNE': 16, 'AZUL': 4, 'VALOR UNIONISTA': 22, 'CABAL': 13, 'TODOS': 0, 'VAMOS': 4, 'PHG': 0, 'PR': 4, 'PIN': 2, 'ELEFANTE': 3, 'VICTORIA': 9, 'SEMILLA': 52, 'FCN-NACION': 0, 'PPN': 1, 'UR': 4, 'URNG-MAIZ WINAQ': 3, 'CREO': 5, 'BIEN': 12, 'VIVA': 9, 'MI FAMILIA': 5, 'CAMBIO': 0, 'VOS': 21}",2,36,227,0,Algún campo sin dato,0.Distrito Central,1.Guatemala,0107,presidente
1457,,"{'UNE': 7, 'AZUL': 3, 'VALOR UNIONISTA': 26, 'CABAL': 8, 'TODOS': 0, 'VAMOS': 4, 'PHG': 0, 'PR': 4, 'PIN': 0, 'ELEFANTE': 4, 'VICTORIA': 6, 'SEMILLA': 59, 'FCN-NACION': 1, 'PPN': 1, 'UR': 2, 'URNG-MAIZ WINAQ': 2, 'CREO': 3, 'BIEN': 9, 'VIVA': 17, 'MI FAMILIA': 1, 'CAMBIO': 0, 'VOS': 18}",0,30,205,0,Algún campo sin dato,0.Distrito Central,1.Guatemala,0107,presidente
1458,,"{'UNE': 13, 'AZUL': 2, 'VALOR UNIONISTA': 28, 'CABAL': 10, 'TODOS': 0, 'VAMOS': 5, 'PHG': 1, 'PR': 4, 'PIN': 2, 'ELEFANTE': 0, 'VICTORIA': 5, 'SEMILLA': 50, 'FCN-NACION': 0, 'PPN': 2, 'UR': 1, 'URNG-MAIZ WINAQ': 1, 'CREO': 6, 'BIEN': 13, 'VIVA': 8, 'MI FAMILIA': 3, 'CAMBIO': 0, 'VOS': 18}",1,26,199,0,Algún campo sin dato,0.Distrito Central,1.Guatemala,0107,presidente
1459,,"{'UNE': 20, 'AZUL': 1, 'VALOR UNIONISTA': 24, 'CABAL': 8, 'TODOS': 0, 'VAMOS': 3, 'PHG': 0, 'PR': 3, 'PIN': 0, 'ELEFANTE': 3, 'VICTORIA': 3, 'SEMILLA': 63, 'FCN-NACION': 1, 'PPN': 2, 'UR': 6, 'URNG-MAIZ WINAQ': 5, 'CREO': 2, 'BIEN': 13, 'VIVA': 12, 'MI FAMILIA': 0, 'CAMBIO': 0, 'VOS': 25}",1,29,224,0,Algún campo sin dato,0.Distrito Central,1.Guatemala,0107,presidente
1460,,"{'UNE': 9, 'AZUL': 2, 'VALOR UNIONISTA': 16, 'CABAL': 9, 'TODOS': 2, 'VAMOS': 4, 'PHG': 1, 'PR': 4, 'PIN': 0, 'ELEFANTE': 2, 'VICTORIA': 9, 'SEMILLA': 69, 'FCN-NACION': 2, 'PPN': 0, 'UR': 2, 'URNG-MAIZ WINAQ': 5, 'CREO': 1, 'BIEN': 14, 'VIVA': 18, 'MI FAMILIA': 5, 'CAMBIO': 0, 'VOS': 20}",1,32,227,0,Algún campo sin dato,0.Distrito Central,1.Guatemala,0107,presidente
1461,,"{'UNE': 17, 'AZUL': 3, 'VALOR UNIONISTA': 25, 'CABAL': 12, 'TODOS': 0, 'VAMOS': 7, 'PHG': 0, 'PR': 4, 'PIN': 0, 'ELEFANTE': 3, 'VICTORIA': 3, 'SEMILLA': 48, 'FCN-NACION': 1, 'PPN': 0, 'UR': 6, 'URNG-MAIZ WINAQ': 8, 'CREO': 4, 'BIEN': 12, 'VIVA': 11, 'MI FAMILIA': 5, 'CAMBIO': 0, 'VOS': 23}",1,33,226,0,Algún campo sin dato,0.Distrito Central,1.Guatemala,0107,presidente
1462,,"{'UNE': 17, 'AZUL': 2, 'VALOR UNIONISTA': 28, 'CABAL': 12, 'TODOS': 1, 'VAMOS': 3, 'PHG': 1, 'PR': 10, 'PIN': 0, 'ELEFANTE': 2, 'VICTORIA': 2, 'SEMILLA': 51, 'FCN-NACION': 0, 'PPN': 0, 'UR': 4, 'URNG-MAIZ WINAQ': 6, 'CREO': 5, 'BIEN': 13, 'VIVA': 17, 'MI FAMILIA': 5, 'CAMBIO': 0, 'VOS': 21}",1,30,231,0,Algún campo sin dato,0.Distrito Central,1.Guatemala,0107,presidente
1463,,"{'UNE': 22, 'AZUL': 2, 'VALOR UNIONISTA': 25, 'CABAL': 13, 'TODOS': 0, 'VAMOS': 5, 'PHG': 0, 'PR': 6, 'PIN': 0, 'ELEFANTE': 2, 'VICTORIA': 4, 'SEMILLA': 56, 'FCN-NACION': 3, 'PPN': 0, 'UR': 5, 'URNG-MAIZ WINAQ': 4, 'CREO': 1, 'BIEN': 7, 'VIVA': 12, 'MI FAMILIA': 3, 'CAMBIO': 0, 'VOS': 19}",0,29,218,0,Algún campo sin dato,0.Distrito Central,1.Guatemala,0107,presidente
1464,,"{'UNE': 17, 'AZUL': 2, 'VALOR UNIONISTA': 17, 'CABAL': 17, 'TODOS': 0, 'VAMOS': 6, 'PHG': 1, 'PR': 5, 'PIN': 0, 'ELEFANTE': 5, 'VICTORIA': 1, 'SEMILLA': 55, 'FCN-NACION': 1, 'PPN': 1, 'UR': 6, 'URNG-MAIZ WINAQ': 1, 'CREO': 2, 'BIEN': 5, 'VIVA': 22, 'MI FAMILIA': 3, 'CAMBIO': 0, 'VOS': 16}",0,18,201,3,Sumas Asentadas sin cuadrar,0.Distrito Central,1.Guatemala,0107,presidente
1465,,"{'UNE': 12, 'AZUL': 2, 'VALOR UNIONISTA': 21, 'CABAL': 14, 'TODOS': 1, 'VAMOS': 5, 'PHG': 1, 'PR': 4, 'PIN': 0, 'ELEFANTE': 5, 'VICTORIA': 5, 'SEMILLA': 45, 'FCN-NACION': 0, 'PPN': 1, 'UR': 9, 'URNG-MAIZ WINAQ': 0, 'CREO': 7, 'BIEN': 8, 'VIVA': 15, 'MI FAMILIA': 5, 'CAMBIO': 0, 'VOS': 20}",2,25,207,0,Algún campo sin dato,0.Distrito Central,1.Guatemala,0107,presidente
1466,,"{'UNE': 10, 'AZUL': 0, 'VALOR UNIONISTA': 18, 'CABAL': 13, 'TODOS': 0, 'VAMOS': 4, 'PHG': 0, 'PR': 2, 'PIN': 0, 'ELEFANTE': 6, 'VICTORIA': 5, 'SEMILLA': 48, 'FCN-NACION': 1, 'PPN': 2, 'UR': 7, 'URNG-MAIZ WINAQ': 2, 'CREO': 2, 'BIEN': 2, 'VIVA': 13, 'MI FAMILIA': 2, 'CAMBIO': 1, 'VOS': 18}",2,18,176,0,Algún campo sin dato,0.Distrito Central,1.Guatemala,0107,presidente
1467,,"{'UNE': 7, 'AZUL': 3, 'VALOR UNIONISTA': 15, 'CABAL': 10, 'TODOS': 2, 'VAMOS': 0, 'PHG': 0, 'PR': 0, 'PIN': 0, 'ELEFANTE': 3, 'VICTORIA': 4, 'SEMILLA': 68, 'FCN-NACION': 0, 'PPN': 0, 'UR': 1, 'URNG-MAIZ WINAQ': 2, 'CREO': 2, 'BIEN': 14, 'VIVA': 5, 'MI FAMILIA': 1, 'CAMBIO': 0, 'VOS': 22}",0,20,179,0,Algún campo sin dato,0.Distrito Central,1.Guatemala,0107,presidente
1468,,"{'UNE': 8, 'AZUL': 0, 'VALOR UNIONISTA': 15, 'CABAL': 13, 'TODOS': 0, 'VAMOS': 2, 'PHG': 0, 'PR': 2, 'PIN': 1, 'ELEFANTE': 5, 'VICTORIA': 2, 'SEMILLA': 96, 'FCN-NACION': 1, 'PPN': 0, 'UR': 2, 'URNG-MAIZ WINAQ': 0, 'CREO': 2, 'BIEN': 5, 'VIVA': 5, 'MI FAMILIA': 0, 'CAMBIO': 0, 'VOS': 15}",1,15,190,0,Algún campo sin dato,0.Distrito Central,1.Guatemala,0107,presidente
1469,,"{'UNE': 5, 'AZUL': 2, 'VALOR UNIONISTA': 10, 'CABAL': 12, 'TODOS': 1, 'VAMOS': 4, 'PHG': 0, 'PR': 1, 'PIN': 0, 'ELEFANTE': 3, 'VICTORIA': 2, 'SEMILLA': 106, 'FCN-NACION': 0, 'PPN': 0, 'UR': 3, 'URNG-MAIZ WINAQ': 3, 'CREO': 3, 'BIEN': 7, 'VIVA': 6, 'MI FAMILIA': 1, 'CAMBIO': 0, 'VOS': 15}",0,11,195,0,Algún campo sin dato,0.Distrito Central,1.Guatemala,0107,presidente
1470,,"{'UNE': 6, 'AZUL': 0, 'VALOR UNIONISTA': 4, 'CABAL': 7, 'TODOS': 0, 'VAMOS': 1, 'PHG': 0, 'PR': 3, 'PIN': 0, 'ELEFANTE': 1, 'VICTORIA': 2, 'SEMILLA': 82, 'FCN-NACION': 0, 'PPN': 1, 'UR': 1, 'URNG-MAIZ WINAQ': 2, 'CREO': 1, 'BIEN': 8, 'VIVA': 10, 'MI FAMILIA': 1, 'CAMBIO': 0, 'VOS': 14}",1,10,155,0,Algún campo sin dato,0.Distrito Central,1.Guatemala,0107,presidente
1471,,"{'UNE': 6, 'AZUL': 1, 'VALOR UNIONISTA': 12, 'CABAL': 4, 'TODOS': 1, 'VAMOS': 0, 'PHG': 0, 'PR': 0, 'PIN': 0, 'ELEFANTE': 1, 'VICTORIA': 4, 'SEMILLA': 51, 'FCN-NACION': 0, 'PPN': 0, 'UR': 2, 'URNG-MAIZ WINAQ': 1, 'CREO': 1, 'BIEN': 2, 'VIVA': 2, 'MI FAMILIA': 0, 'CAMBIO': 0, 'VOS': 9}",0,6,103,0,Algún campo sin dato,0.Distrito Central,1.Guatemala,0107,presidente
1472,,"{'UNE': 6, 'AZUL': 1, 'VALOR UNIONISTA': 7, 'CABAL': 4, 'TODOS': 0, 'VAMOS': 0, 'PHG': 0, 'PR': 1, 'PIN': 0, 'ELEFANTE': 1, 'VICTORIA': 2, 'SEMILLA': 46, 'FCN-NACION': 0, 'PPN': 0, 'UR': 1, 'URNG-MAIZ WINAQ': 0, 'CREO': 1, 'BIEN': 4, 'VIVA': 3, 'MI FAMILIA': 1, 'CAMBIO': 0, 'VOS': 7}",0,6,91,5,Algún campo sin dato,0.Distrito Central,1.Guatemala,0107,presidente
1473,,"{'UNE': 10, 'AZUL': 3, 'VALOR UNIONISTA': 24, 'CABAL': 22, 'TODOS': 0, 'VAMOS': 5, 'PHG': 0, 'PR': 3, 'PIN': 1, 'ELEFANTE': 2, 'VICTORIA': 7, 'SEMILLA': 57, 'FCN-NACION': 2, 'PPN': 2, 'UR': 5, 'URNG-MAIZ WINAQ': 2, 'CREO': 10, 'BIEN': 10, 'VIVA': 10, 'MI FAMILIA': 7, 'CAMBIO': 0, 'VOS': 20}",2,31,235,0,Algún campo sin dato,0.Distrito Central,1.Guatemala,0108,presidente
1474,,"{'UNE': 11, 'AZUL': 4, 'VALOR UNIONISTA': 29, 'CABAL': 13, 'TODOS': 2, 'VAMOS': 5, 'PHG': 0, 'PR': 4, 'PIN': 2, 'ELEFANTE': 2, 'VICTORIA': 7, 'SEMILLA': 47, 'FCN-NACION': 1, 'PPN': 1, 'UR': 5, 'URNG-MAIZ WINAQ': 5, 'CREO': 13, 'BIEN': 12, 'VIVA': 9, 'MI FAMILIA': 6, 'CAMBIO': 1, 'VOS': 21}",1,39,240,1,Algún campo sin dato,0.Distrito Central,1.Guatemala,0108,presidente
1475,,"{'UNE': 21, 'AZUL': 4, 'VALOR UNIONISTA': 24, 'CABAL': 9, 'TODOS': 1, 'VAMOS': 5, 'PHG': 0, 'PR': 4, 'PIN': 1, 'ELEFANTE': 0, 'VICTORIA': 8, 'SEMILLA': 61, 'FCN-NACION': 2, 'PPN': 1, 'UR': 6, 'URNG-MAIZ WINAQ': 7, 'CREO': 6, 'BIEN': 11, 'VIVA': 11, 'MI FAMILIA': 1, 'CAMBIO': 0, 'VOS': 21}",4,26,234,0,Algún campo sin dato,0.Distrito Central,1.Guatemala,0108,presidente
1476,,"{'UNE': 15, 'AZUL': 2, 'VALOR UNIONISTA': 42, 'CABAL': 14, 'TODOS': 0, 'VAMOS': 5, 'PHG': 0, 'PR': 2, 'PIN': 2, 'ELEFANTE': 1, 'VICTORIA': 5, 'SEMILLA': 55, 'FCN-NACION': 1, 'PPN': 0, 'UR': 2, 'URNG-MAIZ WINAQ': 10, 'CREO': 2, 'BIEN': 12, 'VIVA': 20, 'MI FAMILIA': 5, 'CAMBIO': 0, 'VOS': 26}",1,27,249,0,Algún campo sin dato,0.Distrito Central,1.Guatemala,0108,presidente
1477,,"{'UNE': 11, 'AZUL': 5, 'VALOR UNIONISTA': 34, 'CABAL': 18, 'TODOS': 0, 'VAMOS': 3, 'PHG': 0, 'PR': 2, 'PIN': 1, 'ELEFANTE': 1, 'VICTORIA': 5, 'SEMILLA': 69, 'FCN-NACION': 1, 'PPN': 0, 'UR': 3, 'URNG-MAIZ WINAQ': 5, 'CREO': 6, 'BIEN': 7, 'VIVA': 15, 'MI FAMILIA': 10, 'CAMBIO': 0, 'VOS': 21}",2,23,242,0,Algún campo sin dato,0.Distrito Central,1.Guatemala,0108,presidente
1478,,"{'UNE': 11, 'AZUL': 4, 'VALOR UNIONISTA': 20, 'CABAL': 11, 'TODOS': 1, 'VAMOS': 11, 'PHG': 0, 'PR': 2, 'PIN': 1, 'ELEFANTE': 4, 'VICTORIA': 3, 'SEMILLA': 71, 'FCN-NACION': 1, 'PPN': 2, 'UR': 3, 'URNG-MAIZ WINAQ': 4, 'CREO': 3, 'BIEN': 2, 'VIVA': 13, 'MI FAMILIA': 6, 'CAMBIO': 1, 'VOS': 11}",3,31,219,0,Algún campo sin dato,0.Distrito Central,1.Guatemala,0108,presidente
1479,,"{'UNE': 5, 'AZUL': 1, 'VALOR UNIONISTA': 18, 'CABAL': 10, 'TODOS': 1, 'VAMOS': 3, 'PHG': 1, 'PR': 1, 'PIN': 0, 'ELEFANTE': 0, 'VICTORIA': 4, 'SEMILLA': 80, 'FCN-NACION': 0, 'PPN': 0, 'UR': 6, 'URNG-MAIZ WINAQ': 4, 'CREO': 3, 'BIEN': 13, 'VIVA': 10, 'MI FAMILIA': 2, 'CAMBIO': 0, 'VOS': 26}",0,29,217,0,Algún campo sin dato,0.Distrito Central,1.Guatemala,0108,presidente
1480,,"{'UNE': 11, 'AZUL': 3, 'VALOR UNIONISTA': 23, 'CABAL': 15, 'TODOS': 1, 'VAMOS': 1, 'PHG': 1, 'PR': 4, 'PIN': 0, 'ELEFANTE': 1, 'VICTORIA': 6, 'SEMILLA': 64, 'FCN-NACION': 1, 'PPN': 2, 'UR': 4, 'URNG-MAIZ WINAQ': 5, 'CREO': 7, 'BIEN': 16, 'VIVA': 13, 'MI FAMILIA': 8, 'CAMBIO': 0, 'VOS': 21}",0,29,236,0,Algún campo sin dato,0.Distrito Central,1.Guatemala,0109,presidente
1481,,"{'UNE': 10, 'AZUL': 2, 'VALOR UNIONISTA': 25, 'CABAL': 16, 'TODOS': 0, 'VAMOS': 2, 'PHG': 0, 'PR': 2, 'PIN': 0, 'ELEFANTE': 1, 'VICTORIA': 7, 'SEMILLA': 65, 'FCN-NACION': 0, 'PPN': 0, 'UR': 4, 'URNG-MAIZ WINAQ': 2, 'CREO': 2, 'BIEN': 13, 'VIVA': 10, 'MI FAMILIA': 8, 'CAMBIO': 0, 'VOS': 25}",1,28,223,177,Algún campo sin dato,0.Distrito Central,1.Guatemala,0109,presidente
1482,,"{'UNE': 9, 'AZUL': 5, 'VALOR UNIONISTA': 26, 'CABAL': 17, 'TODOS': 0, 'VAMOS': 5, 'PHG': 0, 'PR': 2, 'PIN': 0, 'ELEFANTE': 1, 'VICTORIA': 7, 'SEMILLA': 69, 'FCN-NACION': 1, 'PPN': 0, 'UR': 5, 'URNG-MAIZ WINAQ': 4, 'CREO': 10, 'BIEN': 13, 'VIVA': 12, 'MI FAMILIA': 2, 'CAMBIO': 0, 'VOS': 26}",0,31,245,0,Algún campo sin dato,0.Distrito Central,1.Guatemala,0109,presidente
1483,,"{'UNE': 9, 'AZUL': 1, 'VALOR UNIONISTA': 29, 'CABAL': 12, 'TODOS': 0, 'VAMOS': 7, 'PHG': 0, 'PR': 2, 'PIN': 0, 'ELEFANTE': 1, 'VICTORIA': 3, 'SEMILLA': 70, 'FCN-NACION': 0, 'PPN': 3, 'UR': 6, 'URNG-MAIZ WINAQ': 5, 'CREO': 7, 'BIEN': 6, 'VIVA': 10, 'MI FAMILIA': 6, 'CAMBIO': 0, 'VOS': 21}",2,34,234,0,Algún campo sin dato,0.Distrito Central,1.Guatemala,0109,presidente
1484,,"{'UNE': 18, 'AZUL': 5, 'VALOR UNIONISTA': 31, 'CABAL': 10, 'TODOS': 1, 'VAMOS': 5, 'PHG': 0, 'PR': 8, 'PIN': 1, 'ELEFANTE': 3, 'VICTORIA': 5, 'SEMILLA': 80, 'FCN-NACION': 1, 'PPN': 1, 'UR': 4, 'URNG-MAIZ WINAQ': 2, 'CREO': 3, 'BIEN': 7, 'VIVA': 16, 'MI FAMILIA': 4, 'CAMBIO': 0, 'VOS': 21}",0,30,256,0,Algún campo sin dato,0.Distrito Central,1.Guatemala,0109,presidente
1485,,"{'UNE': 13, 'AZUL': 5, 'VALOR UNIONISTA': 23, 'CABAL': 14, 'TODOS': 2, 'VAMOS': 4, 'PHG': 0, 'PR': 3, 'PIN': 1, 'ELEFANTE': 0, 'VICTORIA': 7, 'SEMILLA': 64, 'FCN-NACION': 0, 'PPN': 3, 'UR': 2, 'URNG-MAIZ WINAQ': 4, 'CREO': 9, 'BIEN': 10, 'VIVA': 12, 'MI FAMILIA': 5, 'CAMBIO': 0, 'VOS': 25}",0,20,226,174,Algún campo sin dato,0.Distrito Central,1.Guatemala,0109,presidente
1486,,"{'UNE': 11, 'AZUL': 5, 'VALOR UNIONISTA': 15, 'CABAL': 13, 'TODOS': 0, 'VAMOS': 2, 'PHG': 0, 'PR': 3, 'PIN': 1, 'ELEFANTE': 1, 'VICTORIA': 5, 'SEMILLA': 71, 'FCN-NACION': 0, 'PPN': 1, 'UR': 3, 'URNG-MAIZ WINAQ': 3, 'CREO': 10, 'BIEN': 9, 'VIVA': 11, 'MI FAMILIA': 3, 'CAMBIO': 0, 'VOS': 23}",2,32,224,0,Algún campo sin dato,0.Distrito Central,1.Guatemala,0109,presidente
1487,,"{'UNE': 15, 'AZUL': 2, 'VALOR UNIONISTA': 26, 'CABAL': 7, 'TODOS': 2, 'VAMOS': 3, 'PHG': 0, 'PR': 2, 'PIN': 0, 'ELEFANTE': 2, 'VICTORIA': 10, 'SEMILLA': 67, 'FCN-NACION': 0, 'PPN': 0, 'UR': 5, 'URNG-MAIZ WINAQ': 5, 'CREO': 6, 'BIEN': 9, 'VIVA': 18, 'MI FAMILIA': 3, 'CAMBIO': 0, 'VOS': 17}",0,28,227,0,Algún campo sin dato,0.Distrito Central,1.Guatemala,0109,presidente
1488,,"{'UNE': 14, 'AZUL': 4, 'VALOR UNIONISTA': 23, 'CABAL': 19, 'TODOS': 2, 'VAMOS': 3, 'PHG': 1, 'PR': 2, 'PIN': 0, 'ELEFANTE': 4, 'VICTORIA': 3, 'SEMILLA': 56, 'FCN-NACION': 3, 'PPN': 1, 'UR': 4, 'URNG-MAIZ WINAQ': 2, 'CREO': 1, 'BIEN': 6, 'VIVA': 11, 'MI FAMILIA': 6, 'CAMBIO': 0, 'VOS': 18}",0,30,213,0,,0.Distrito Central,1.Guatemala,0110,presidente
1489,,"{'UNE': 9, 'AZUL': 2, 'VALOR UNIONISTA': 27, 'CABAL': 11, 'TODOS': 0, 'VAMOS': 3, 'PHG': 0, 'PR': 2, 'PIN': 0, 'ELEFANTE': 2, 'VICTORIA': 5, 'SEMILLA': 64, 'FCN-NACION': 0, 'PPN': 1, 'UR': 1, 'URNG-MAIZ WINAQ': 3, 'CREO': 5, 'BIEN': 14, 'VIVA': 7, 'MI FAMILIA': 7, 'CAMBIO': 0, 'VOS': 10}",3,27,203,0,Algún campo sin dato,0.Distrito Central,1.Guatemala,0110,presidente
1490,,"{'UNE': 11, 'AZUL': 3, 'VALOR UNIONISTA': 9, 'CABAL': 13, 'TODOS': 0, 'VAMOS': 4, 'PHG': 1, 'PR': 3, 'PIN': 1, 'ELEFANTE': 0, 'VICTORIA': 5, 'SEMILLA': 84, 'FCN-NACION': 0, 'PPN': 5, 'UR': 4, 'URNG-MAIZ WINAQ': 6, 'CREO': 5, 'BIEN': 9, 'VIVA': 7, 'MI FAMILIA': 3, 'CAMBIO': 0, 'VOS': 26}",0,25,224,0,Algún campo sin dato,0.Distrito Central,1.Guatemala,0110,presidente
1491,,"{'UNE': 7, 'AZUL': 0, 'VALOR UNIONISTA': 9, 'CABAL': 12, 'TODOS': 0, 'VAMOS': 0, 'PHG': 0, 'PR': 2, 'PIN': 0, 'ELEFANTE': 5, 'VICTORIA': 4, 'SEMILLA': 94, 'FCN-NACION': 2, 'PPN': 0, 'UR': 2, 'URNG-MAIZ WINAQ': 3, 'CREO': 1, 'BIEN': 13, 'VIVA': 10, 'MI FAMILIA': 1, 'CAMBIO': 0, 'VOS': 14}",0,20,199,0,Algún campo sin dato,0.Distrito Central,1.Guatemala,0110,presidente
1492,,"{'UNE': 4, 'AZUL': 1, 'VALOR UNIONISTA': 11, 'CABAL': 2, 'TODOS': 0, 'VAMOS': 4, 'PHG': 2, 'PR': 0, 'PIN': 1, 'ELEFANTE': 2, 'VICTORIA': 1, 'SEMILLA': 105, 'FCN-NACION': 0, 'PPN': 0, 'UR': 1, 'URNG-MAIZ WINAQ': 1, 'CREO': 2, 'BIEN': 8, 'VIVA': 2, 'MI FAMILIA': 3, 'CAMBIO': 0, 'VOS': 21}",0,20,191,0,Algún campo sin dato,0.Distrito Central,1.Guatemala,0110,presidente
1493,,"{'UNE': 3, 'AZUL': 0, 'VALOR UNIONISTA': 6, 'CABAL': 10, 'TODOS': 0, 'VAMOS': 2, 'PHG': 0, 'PR': 0, 'PIN': 0, 'ELEFANTE': 1, 'VICTORIA': 3, 'SEMILLA': 121, 'FCN-NACION': 1, 'PPN': 0, 'UR': 0, 'URNG-MAIZ WINAQ': 0, 'CREO': 5, 'BIEN': 5, 'VIVA': 8, 'MI FAMILIA': 0, 'CAMBIO': 1, 'VOS': 22}",0,19,207,0,Algún campo sin dato,0.Distrito Central,1.Guatemala,0110,presidente
1494,,"{'UNE': 4, 'AZUL': 1, 'VALOR UNIONISTA': 8, 'CABAL': 5, 'TODOS': 1, 'VAMOS': 1, 'PHG': 0, 'PR': 0, 'PIN': 0, 'ELEFANTE': 0, 'VICTORIA': 3, 'SEMILLA': 79, 'FCN-NACION': 0, 'PPN': 0, 'UR': 3, 'URNG-MAIZ WINAQ': 1, 'CREO': 1, 'BIEN': 4, 'VIVA': 4, 'MI FAMILIA': 0, 'CAMBIO': 0, 'VOS': 16}",0,18,149,0,Algún campo sin dato,0.Distrito Central,1.Guatemala,0110,presidente
1495,,"{'UNE': 10, 'AZUL': 1, 'VALOR UNIONISTA': 11, 'CABAL': 5, 'TODOS': 1, 'VAMOS': 3, 'PHG': 0, 'PR': 2, 'PIN': 0, 'ELEFANTE': 1, 'VICTORIA': 0, 'SEMILLA': 74, 'FCN-NACION': 0, 'PPN': 2, 'UR': 2, 'URNG-MAIZ WINAQ': 0, 'CREO': 1, 'BIEN': 2, 'VIVA': 6, 'MI FAMILIA': 0, 'CAMBIO': 0, 'VOS': 11}",1,16,149,0,Algún campo sin dato,0.Distrito Central,1.Guatemala,0110,presidente
1496,,"{'UNE': 5, 'AZUL': 0, 'VALOR UNIONISTA': 5, 'CABAL': 11, 'TODOS': 0, 'VAMOS': 2, 'PHG': 0, 'PR': 0, 'PIN': 0, 'ELEFANTE': 2, 'VICTORIA': 1, 'SEMILLA': 77, 'FCN-NACION': 0, 'PPN': 0, 'UR': 0, 'URNG-MAIZ WINAQ': 1, 'CREO': 1, 'BIEN': 3, 'VIVA': 7, 'MI FAMILIA': 4, 'CAMBIO': 0, 'VOS': 14}",1,17,151,0,Algún campo sin dato,0.Distrito Central,1.Guatemala,0110,presidente
1497,,"{'UNE': 17, 'AZUL': 4, 'VALOR UNIONISTA': 23, 'CABAL': 16, 'TODOS': 1, 'VAMOS': 4, 'PHG': 0, 'PR': 1, 'PIN': 0, 'ELEFANTE': 2, 'VICTORIA': 10, 'SEMILLA': 48, 'FCN-NACION': 3, 'PPN': 1, 'UR': 5, 'URNG-MAIZ WINAQ': 3, 'CREO': 5, 'BIEN': 10, 'VIVA': 14, 'MI FAMILIA': 5, 'CAMBIO': 1, 'VOS': 16}",3,40,232,0,Algún campo sin dato,0.Distrito Central,1.Guatemala,0111,presidente
1498,,"{'UNE': 18, 'AZUL': 2, 'VALOR UNIONISTA': 25, 'CABAL': 15, 'TODOS': 2, 'VAMOS': 5, 'PHG': 0, 'PR': 4, 'PIN': 0, 'ELEFANTE': 2, 'VICTORIA': 4, 'SEMILLA': 62, 'FCN-NACION': 0, 'PPN': 1, 'UR': 5, 'URNG-MAIZ WINAQ': 4, 'CREO': 1, 'BIEN': 8, 'VIVA': 16, 'MI FAMILIA': 6, 'CAMBIO': 0, 'VOS': 21}",0,31,232,0,Algún campo sin dato,0.Distrito Central,1.Guatemala,0111,presidente
1499,,"{'UNE': 14, 'AZUL': 2, 'VALOR UNIONISTA': 29, 'CABAL': 13, 'TODOS': 0, 'VAMOS': 2, 'PHG': 0, 'PR': 4, 'PIN': 0, 'ELEFANTE': 5, 'VICTORIA': 8, 'SEMILLA': 50, 'FCN-NACION': 0, 'PPN': 1, 'UR': 4, 'URNG-MAIZ WINAQ': 10, 'CREO': 7, 'BIEN': 10, 'VIVA': 15, 'MI FAMILIA': 7, 'CAMBIO': 0, 'VOS': 20}",0,26,227,0,Algún campo sin dato,0.Distrito Central,1.Guatemala,0111,presidente
1500,,"{'UNE': 17, 'AZUL': 3, 'VALOR UNIONISTA': 18, 'CABAL': 13, 'TODOS': 3, 'VAMOS': 3, 'PHG': 0, 'PR': 2, 'PIN': 0, 'ELEFANTE': 5, 'VICTORIA': 3, 'SEMILLA': 57, 'FCN-NACION': 0, 'PPN': 0, 'UR': 4, 'URNG-MAIZ WINAQ': 6, 'CREO': 7, 'BIEN': 5, 'VIVA': 12, 'MI FAMILIA': 3, 'CAMBIO': 0, 'VOS': 22}",1,29,213,0,Algún campo sin dato,0.Distrito Central,1.Guatemala,0111,presidente
1501,,"{'UNE': 14, 'AZUL': 2, 'VALOR UNIONISTA': 5, 'CABAL': 5, 'TODOS': 0, 'VAMOS': 4, 'PHG': 1, 'PR': 1, 'PIN': 1, 'ELEFANTE': 2, 'VICTORIA': 5, 'SEMILLA': 71, 'FCN-NACION': 0, 'PPN': 1, 'UR': 5, 'URNG-MAIZ WINAQ': 4, 'CREO': 7, 'BIEN': 14, 'VIVA': 9, 'MI FAMILIA': 9, 'CAMBIO': 1, 'VOS': 26}",1,25,213,5,Sumas Asentadas sin cuadrar,0.Distrito Central,1.Guatemala,0111,presidente
1502,,"{'UNE': 12, 'AZUL': 0, 'VALOR UNIONISTA': 24, 'CABAL': 15, 'TODOS': 1, 'VAMOS': 5, 'PHG': 1, 'PR': 2, 'PIN': 0, 'ELEFANTE': 1, 'VICTORIA': 5, 'SEMILLA': 65, 'FCN-NACION': 0, 'PPN': 2, 'UR': 7, 'URNG-MAIZ WINAQ': 5, 'CREO': 5, 'BIEN': 15, 'VIVA': 12, 'MI FAMILIA': 8, 'CAMBIO': 0, 'VOS': 24}",1,32,242,0,Algún campo sin dato,0.Distrito Central,1.Guatemala,0111,presidente
1503,,"{'UNE': 13, 'AZUL': 4, 'VALOR UNIONISTA': 22, 'CABAL': 18, 'TODOS': 0, 'VAMOS': 2, 'PHG': 0, 'PR': 3, 'PIN': 0, 'ELEFANTE': 2, 'VICTORIA': 8, 'SEMILLA': 51, 'FCN-NACION': 1, 'PPN': 1, 'UR': 4, 'URNG-MAIZ WINAQ': 7, 'CREO': 3, 'BIEN': 7, 'VIVA': 13, 'MI FAMILIA': 8, 'CAMBIO': 2, 'VOS': 18}",0,33,220,1,,0.Distrito Central,1.Guatemala,0111,presidente
1504,,"{'UNE': 6, 'AZUL': 1, 'VALOR UNIONISTA': 16, 'CABAL': 9, 'TODOS': 0, 'VAMOS': 4, 'PHG': 0, 'PR': 6, 'PIN': 0, 'ELEFANTE': 6, 'VICTORIA': 2, 'SEMILLA': 62, 'FCN-NACION': 0, 'PPN': 1, 'UR': 3, 'URNG-MAIZ WINAQ': 2, 'CREO': 4, 'BIEN': 14, 'VIVA': 16, 'MI FAMILIA': 2, 'CAMBIO': 0, 'VOS': 16}",0,21,191,0,Algún campo sin dato,0.Distrito Central,1.Guatemala,0111,presidente
1505,,"{'UNE': 13, 'AZUL': 1, 'VALOR UNIONISTA': 18, 'CABAL': 19, 'TODOS': 0, 'VAMOS': 5, 'PHG': 0, 'PR': 3, 'PIN': 0, 'ELEFANTE': 5, 'VICTORIA': 6, 'SEMILLA': 52, 'FCN-NACION': 0, 'PPN': 0, 'UR': 5, 'URNG-MAIZ WINAQ': 0, 'CREO': 8, 'BIEN': 9, 'VIVA': 9, 'MI FAMILIA': 4, 'CAMBIO': 0, 'VOS': 19}",0,17,193,0,Algún campo sin dato,0.Distrito Central,1.Guatemala,0111,presidente
1506,,"{'UNE': 18, 'AZUL': 2, 'VALOR UNIONISTA': 25, 'CABAL': 10, 'TODOS': 0, 'VAMOS': 1, 'PHG': 0, 'PR': 3, 'PIN': 0, 'ELEFANTE': 5, 'VICTORIA': 10, 'SEMILLA': 45, 'FCN-NACION': 0, 'PPN': 0, 'UR': 2, 'URNG-MAIZ WINAQ': 6, 'CREO': 5, 'BIEN': 6, 'VIVA': 11, 'MI FAMILIA': 3, 'CAMBIO': 0, 'VOS': 24}",5,36,217,0,Algún campo sin dato,0.Distrito Central,1.Guatemala,0111,presidente
1507,,"{'UNE': 17, 'AZUL': 2, 'VALOR UNIONISTA': 25, 'CABAL': 11, 'TODOS': 0, 'VAMOS': 5, 'PHG': 1, 'PR': 3, 'PIN': 0, 'ELEFANTE': 0, 'VICTORIA': 6, 'SEMILLA': 57, 'FCN-NACION': 1, 'PPN': 1, 'UR': 5, 'URNG-MAIZ WINAQ': 3, 'CREO': 4, 'BIEN': 14, 'VIVA': 14, 'MI FAMILIA': 5, 'CAMBIO': 0, 'VOS': 16}",0,28,218,0,Algún campo sin dato,0.Distrito Central,1.Guatemala,0111,presidente
1508,,"{'UNE': 5, 'AZUL': 2, 'VALOR UNIONISTA': 31, 'CABAL': 15, 'TODOS': 0, 'VAMOS': 1, 'PHG': 1, 'PR': 5, 'PIN': 0, 'ELEFANTE': 2, 'VICTORIA': 1, 'SEMILLA': 59, 'FCN-NACION': 0, 'PPN': 2, 'UR': 2, 'URNG-MAIZ WINAQ': 7, 'CREO': 1, 'BIEN': 6, 'VIVA': 14, 'MI FAMILIA': 8, 'CAMBIO': 0, 'VOS': 30}",2,26,220,0,Algún campo sin dato,0.Distrito Central,1.Guatemala,0111,presidente
1509,,"{'UNE': 19, 'AZUL': 1, 'VALOR UNIONISTA': 20, 'CABAL': 11, 'TODOS': 2, 'VAMOS': 1, 'PHG': 0, 'PR': 5, 'PIN': 1, 'ELEFANTE': 1, 'VICTORIA': 4, 'SEMILLA': 65, 'FCN-NACION': 0, 'PPN': 0, 'UR': 1, 'URNG-MAIZ WINAQ': 6, 'CREO': 4, 'BIEN': 1, 'VIVA': 6, 'MI FAMILIA': 3, 'CAMBIO': 0, 'VOS': 22}",1,36,210,0,Sumas Asentadas sin cuadrar,0.Distrito Central,1.Guatemala,0111,presidente
1510,,"{'UNE': 8, 'AZUL': 3, 'VALOR UNIONISTA': 32, 'CABAL': 17, 'TODOS': 0, 'VAMOS': 1, 'PHG': 0, 'PR': 2, 'PIN': 1, 'ELEFANTE': 2, 'VICTORIA': 7, 'SEMILLA': 62, 'FCN-NACION': 0, 'PPN': 2, 'UR': 4, 'URNG-MAIZ WINAQ': 3, 'CREO': 13, 'BIEN': 9, 'VIVA': 14, 'MI FAMILIA': 0, 'CAMBIO': 1, 'VOS': 16}",1,22,220,3,Algún campo sin dato,0.Distrito Central,1.Guatemala,0111,presidente
1511,,"{'UNE': 13, 'AZUL': 2, 'VALOR UNIONISTA': 12, 'CABAL': 13, 'TODOS': 1, 'VAMOS': 4, 'PHG': 0, 'PR': 4, 'PIN': 0, 'ELEFANTE': 3, 'VICTORIA': 2, 'SEMILLA': 48, 'FCN-NACION': 0, 'PPN': 0, 'UR': 3, 'URNG-MAIZ WINAQ': 4, 'CREO': 9, 'BIEN': 8, 'VIVA': 9, 'MI FAMILIA': 4, 'CAMBIO': 0, 'VOS': 21}",0,46,206,194,Algún campo sin dato,0.Distrito Central,1.Guatemala,0111,presidente
1512,,"{'UNE': 15, 'AZUL': 0, 'VALOR UNIONISTA': 22, 'CABAL': 16, 'TODOS': 0, 'VAMOS': 3, 'PHG': 0, 'PR': 4, 'PIN': 0, 'ELEFANTE': 2, 'VICTORIA': 3, 'SEMILLA': 53, 'FCN-NACION': 0, 'PPN': 0, 'UR': 5, 'URNG-MAIZ WINAQ': 3, 'CREO': 4, 'BIEN': 13, 'VIVA': 12, 'MI FAMILIA': 6, 'CAMBIO': 1, 'VOS': 12}",0,31,205,0,Algún campo sin dato,0.Distrito Central,1.Guatemala,0111,presidente
1513,,"{'UNE': 19, 'AZUL': 2, 'VALOR UNIONISTA': 18, 'CABAL': 11, 'TODOS': 0, 'VAMOS': 4, 'PHG': 1, 'PR': 0, 'PIN': 0, 'ELEFANTE': 1, 'VICTORIA': 6, 'SEMILLA': 54, 'FCN-NACION': 0, 'PPN': 0, 'UR': 2, 'URNG-MAIZ WINAQ': 8, 'CREO': 5, 'BIEN': 9, 'VIVA': 7, 'MI FAMILIA': 8, 'CAMBIO': 0, 'VOS': 19}",4,25,203,0,Algún campo sin dato,0.Distrito Central,1.Guatemala,0111,presidente
1514,,"{'UNE': 15, 'AZUL': 6, 'VALOR UNIONISTA': 27, 'CABAL': 16, 'TODOS': 1, 'VAMOS': 3, 'PHG': 1, 'PR': 5, 'PIN': 0, 'ELEFANTE': 0, 'VICTORIA': 5, 'SEMILLA': 58, 'FCN-NACION': 0, 'PPN': 0, 'UR': 3, 'URNG-MAIZ WINAQ': 5, 'CREO': 2, 'BIEN': 12, 'VIVA': 5, 'MI FAMILIA': 2, 'CAMBIO': 1, 'VOS': 15}",1,26,209,0,Algún campo sin dato,0.Distrito Central,1.Guatemala,0111,presidente
1515,,"{'UNE': 23, 'AZUL': 2, 'VALOR UNIONISTA': 23, 'CABAL': 19, 'TODOS': 2, 'VAMOS': 1, 'PHG': 0, 'PR': 3, 'PIN': 0, 'ELEFANTE': 3, 'VICTORIA': 5, 'SEMILLA': 43, 'FCN-NACION': 3, 'PPN': 0, 'UR': 2, 'URNG-MAIZ WINAQ': 2, 'CREO': 6, 'BIEN': 12, 'VIVA': 7, 'MI FAMILIA': 4, 'CAMBIO': 0, 'VOS': 20}",0,28,208,0,Algún campo sin dato,0.Distrito Central,1.Guatemala,0111,presidente
1516,,"{'UNE': 9, 'AZUL': 1, 'VALOR UNIONISTA': 20, 'CABAL': 13, 'TODOS': 1, 'VAMOS': 5, 'PHG': 1, 'PR': 0, 'PIN': 0, 'ELEFANTE': 2, 'VICTORIA': 6, 'SEMILLA': 46, 'FCN-NACION': 0, 'PPN': 2, 'UR': 6, 'URNG-MAIZ WINAQ': 7, 'CREO': 6, 'BIEN': 7, 'VIVA': 8, 'MI FAMILIA': 2, 'CAMBIO': 1, 'VOS': 18}",0,21,182,0,Algún campo sin dato,0.Distrito Central,1.Guatemala,0111,presidente
1517,,"{'UNE': 6, 'AZUL': 1, 'VALOR UNIONISTA': 8, 'CABAL': 19, 'TODOS': 1, 'VAMOS': 3, 'PHG': 0, 'PR': 2, 'PIN': 0, 'ELEFANTE': 1, 'VICTORIA': 3, 'SEMILLA': 68, 'FCN-NACION': 0, 'PPN': 1, 'UR': 3, 'URNG-MAIZ WINAQ': 4, 'CREO': 3, 'BIEN': 11, 'VIVA': 10, 'MI FAMILIA': 2, 'CAMBIO': 0, 'VOS': 15}",3,26,190,0,Algún campo sin dato,0.Distrito Central,1.Guatemala,0111,presidente
1518,,"{'UNE': 5, 'AZUL': 0, 'VALOR UNIONISTA': 12, 'CABAL': 7, 'TODOS': 1, 'VAMOS': 1, 'PHG': 0, 'PR': 0, 'PIN': 0, 'ELEFANTE': 0, 'VICTORIA': 1, 'SEMILLA': 99, 'FCN-NACION': 2, 'PPN': 1, 'UR': 6, 'URNG-MAIZ WINAQ': 1, 'CREO': 2, 'BIEN': 11, 'VIVA': 3, 'MI FAMILIA': 1, 'CAMBIO': 0, 'VOS': 21}",0,21,195,0,Algún campo sin dato,0.Distrito Central,1.Guatemala,0111,presidente
1519,,"{'UNE': 6, 'AZUL': 1, 'VALOR UNIONISTA': 8, 'CABAL': 7, 'TODOS': 0, 'VAMOS': 1, 'PHG': 1, 'PR': 0, 'PIN': 0, 'ELEFANTE': 3, 'VICTORIA': 2, 'SEMILLA': 90, 'FCN-NACION': 0, 'PPN': 2, 'UR': 1, 'URNG-MAIZ WINAQ': 1, 'CREO': 3, 'BIEN': 10, 'VIVA': 8, 'MI FAMILIA': 1, 'CAMBIO': 0, 'VOS': 17}",0,12,174,0,Algún campo sin dato,0.Distrito Central,1.Guatemala,0111,presidente
1520,,"{'UNE': 3, 'AZUL': 0, 'VALOR UNIONISTA': 12, 'CABAL': 13, 'TODOS': 0, 'VAMOS': 2, 'PHG': 0, 'PR': 0, 'PIN': 0, 'ELEFANTE': 0, 'VICTORIA': 3, 'SEMILLA': 108, 'FCN-NACION': 1, 'PPN': 2, 'UR': 2, 'URNG-MAIZ WINAQ': 5, 'CREO': 3, 'BIEN': 4, 'VIVA': 3, 'MI FAMILIA': 1, 'CAMBIO': 0, 'VOS': 11}",0,22,195,0,Algún campo sin dato,0.Distrito Central,1.Guatemala,0111,presidente
1521,,"{'UNE': 5, 'AZUL': 0, 'VALOR UNIONISTA': 13, 'CABAL': 5, 'TODOS': 0, 'VAMOS': 0, 'PHG': 0, 'PR': 0, 'PIN': 0, 'ELEFANTE': 0, 'VICTORIA': 1, 'SEMILLA': 89, 'FCN-NACION': 0, 'PPN': 1, 'UR': 3, 'URNG-MAIZ WINAQ': 1, 'CREO': 3, 'BIEN': 8, 'VIVA': 6, 'MI FAMILIA': 2, 'CAMBIO': 0, 'VOS': 8}",2,16,163,0,Sumas Asentadas sin cuadrar,0.Distrito Central,1.Guatemala,0111,presidente
1522,,"{'UNE': 5, 'AZUL': 0, 'VALOR UNIONISTA': 10, 'CABAL': 7, 'TODOS': 0, 'VAMOS': 2, 'PHG': 1, 'PR': 0, 'PIN': 0, 'ELEFANTE': 1, 'VICTORIA': 2, 'SEMILLA': 57, 'FCN-NACION': 0, 'PPN': 2, 'UR': 1, 'URNG-MAIZ WINAQ': 0, 'CREO': 0, 'BIEN': 3, 'VIVA': 8, 'MI FAMILIA': 3, 'CAMBIO': 0, 'VOS': 8}",0,16,126,0,Algún campo sin dato,0.Distrito Central,1.Guatemala,0111,presidente
1523,,"{'UNE': 4, 'AZUL': 1, 'VALOR UNIONISTA': 7, 'CABAL': 2, 'TODOS': 0, 'VAMOS': 0, 'PHG': 0, 'PR': 0, 'PIN': 0, 'ELEFANTE': 0, 'VICTORIA': 1, 'SEMILLA': 43, 'FCN-NACION': 0, 'PPN': 0, 'UR': 0, 'URNG-MAIZ WINAQ': 0, 'CREO': 2, 'BIEN': 4, 'VIVA': 0, 'MI FAMILIA': 3, 'CAMBIO': 0, 'VOS': 4}",0,13,84,0,Algún campo sin dato,0.Distrito Central,1.Guatemala,0111,presidente
1524,,"{'UNE': 1, 'AZUL': 0, 'VALOR UNIONISTA': 5, 'CABAL': 4, 'TODOS': 1, 'VAMOS': 1, 'PHG': 0, 'PR': 2, 'PIN': 0, 'ELEFANTE': 3, 'VICTORIA': 0, 'SEMILLA': 34, 'FCN-NACION': 1, 'PPN': 1, 'UR': 2, 'URNG-MAIZ WINAQ': 0, 'CREO': 1, 'BIEN': 4, 'VIVA': 1, 'MI FAMILIA': 2, 'CAMBIO': 0, 'VOS': 4}",0,6,73,0,Algún campo sin dato,0.Distrito Central,1.Guatemala,0111,presidente
1525,,"{'UNE': 11, 'AZUL': 2, 'VALOR UNIONISTA': 33, 'CABAL': 23, 'TODOS': 0, 'VAMOS': 4, 'PHG': 0, 'PR': 3, 'PIN': 0, 'ELEFANTE': 6, 'VICTORIA': 2, 'SEMILLA': 82, 'FCN-NACION': 1, 'PPN': 0, 'UR': 3, 'URNG-MAIZ WINAQ': 3, 'CREO': 6, 'BIEN': 13, 'VIVA': 5, 'MI FAMILIA': 6, 'CAMBIO': 0, 'VOS': 38}",1,28,270,0,Sumas Asentadas sin cuadrar,0.Distrito Central,1.Guatemala,0112,presidente
1526,,"{'UNE': 7, 'AZUL': 1, 'VALOR UNIONISTA': 46, 'CABAL': 24, 'TODOS': 2, 'VAMOS': 6, 'PHG': 1, 'PR': 7, 'PIN': 0, 'ELEFANTE': 9, 'VICTORIA': 5, 'SEMILLA': 86, 'FCN-NACION': 0, 'PPN': 1, 'UR': 2, 'URNG-MAIZ WINAQ': 1, 'CREO': 6, 'BIEN': 18, 'VIVA': 7, 'MI FAMILIA': 2, 'CAMBIO': 1, 'VOS': 34}",0,35,301,0,Algún campo sin dato,0.Distrito Central,1.Guatemala,0112,presidente
1527,,"{'UNE': 10, 'AZUL': 6, 'VALOR UNIONISTA': 42, 'CABAL': 24, 'TODOS': 1, 'VAMOS': 6, 'PHG': 0, 'PR': 6, 'PIN': 2, 'ELEFANTE': 3, 'VICTORIA': 6, 'SEMILLA': 68, 'FCN-NACION': 1, 'PPN': 0, 'UR': 3, 'URNG-MAIZ WINAQ': 7, 'CREO': 5, 'BIEN': 16, 'VIVA': 10, 'MI FAMILIA': 8, 'CAMBIO': 0, 'VOS': 33}",4,33,294,0,Algún campo sin dato,0.Distrito Central,1.Guatemala,0112,presidente
1528,,"{'UNE': 11, 'AZUL': 2, 'VALOR UNIONISTA': 37, 'CABAL': 26, 'TODOS': 0, 'VAMOS': 6, 'PHG': 0, 'PR': 8, 'PIN': 0, 'ELEFANTE': 8, 'VICTORIA': 1, 'SEMILLA': 77, 'FCN-NACION': 0, 'PPN': 0, 'UR': 1, 'URNG-MAIZ WINAQ': 5, 'CREO': 5, 'BIEN': 21, 'VIVA': 4, 'MI FAMILIA': 5, 'CAMBIO': 1, 'VOS': 41}",1,34,294,0,Algún campo sin dato,0.Distrito Central,1.Guatemala,0112,presidente
1529,,"{'UNE': 9, 'AZUL': 3, 'VALOR UNIONISTA': 24, 'CABAL': 27, 'TODOS': 2, 'VAMOS': 8, 'PHG': 3, 'PR': 6, 'PIN': 2, 'ELEFANTE': 4, 'VICTORIA': 4, 'SEMILLA': 80, 'FCN-NACION': 0, 'PPN': 0, 'UR': 4, 'URNG-MAIZ WINAQ': 4, 'CREO': 4, 'BIEN': 21, 'VIVA': 9, 'MI FAMILIA': 3, 'CAMBIO': 0, 'VOS': 39}",1,32,289,0,Algún campo sin dato,0.Distrito Central,1.Guatemala,0112,presidente
1530,,"{'UNE': 9, 'AZUL': 2, 'VALOR UNIONISTA': 25, 'CABAL': 17, 'TODOS': 0, 'VAMOS': 2, 'PHG': 0, 'PR': 2, 'PIN': 1, 'ELEFANTE': 2, 'VICTORIA': 2, 'SEMILLA': 94, 'FCN-NACION': 1, 'PPN': 0, 'UR': 3, 'URNG-MAIZ WINAQ': 2, 'CREO': 6, 'BIEN': 22, 'VIVA': 10, 'MI FAMILIA': 6, 'CAMBIO': 0, 'VOS': 34}",0,27,267,0,Algún campo sin dato,0.Distrito Central,1.Guatemala,0112,presidente
1531,,"{'UNE': 12, 'AZUL': 1, 'VALOR UNIONISTA': 37, 'CABAL': 10, 'TODOS': 1, 'VAMOS': 6, 'PHG': 0, 'PR': 1, 'PIN': 0, 'ELEFANTE': 2, 'VICTORIA': 1, 'SEMILLA': 97, 'FCN-NACION': 1, 'PPN': 0, 'UR': 1, 'URNG-MAIZ WINAQ': 1, 'CREO': 3, 'BIEN': 19, 'VIVA': 2, 'MI FAMILIA': 1, 'CAMBIO': 0, 'VOS': 29}",3,23,251,0,Algún campo sin dato,0.Distrito Central,1.Guatemala,0112,presidente
1532,,"{'UNE': 6, 'AZUL': 2, 'VALOR UNIONISTA': 28, 'CABAL': 13, 'TODOS': 0, 'VAMOS': 4, 'PHG': 0, 'PR': 2, 'PIN': 0, 'ELEFANTE': 1, 'VICTORIA': 1, 'SEMILLA': 90, 'FCN-NACION': 0, 'PPN': 0, 'UR': 2, 'URNG-MAIZ WINAQ': 6, 'CREO': 2, 'BIEN': 21, 'VIVA': 4, 'MI FAMILIA': 5, 'CAMBIO': 0, 'VOS': 44}",2,33,266,134,Algún campo sin dato,0.Distrito Central,1.Guatemala,0112,presidente
1533,,"{'UNE': 8, 'AZUL': 2, 'VALOR UNIONISTA': 40, 'CABAL': 25, 'TODOS': 1, 'VAMOS': 3, 'PHG': 0, 'PR': 2, 'PIN': 0, 'ELEFANTE': 4, 'VICTORIA': 5, 'SEMILLA': 105, 'FCN-NACION': 2, 'PPN': 0, 'UR': 2, 'URNG-MAIZ WINAQ': 2, 'CREO': 4, 'BIEN': 25, 'VIVA': 12, 'MI FAMILIA': 5, 'CAMBIO': 0, 'VOS': 33}",0,32,312,0,Algún campo sin dato,0.Distrito Central,1.Guatemala,0112,presidente
1534,,"{'UNE': 7, 'AZUL': 3, 'VALOR UNIONISTA': 36, 'CABAL': 23, 'TODOS': 0, 'VAMOS': 1, 'PHG': 0, 'PR': 5, 'PIN': 0, 'ELEFANTE': 3, 'VICTORIA': 1, 'SEMILLA': 81, 'FCN-NACION': 0, 'PPN': 0, 'UR': 4, 'URNG-MAIZ WINAQ': 3, 'CREO': 4, 'BIEN': 21, 'VIVA': 8, 'MI FAMILIA': 7, 'CAMBIO': 0, 'VOS': 40}",0,25,272,0,Algún campo sin dato,0.Distrito Central,1.Guatemala,0112,presidente
1535,,"{'UNE': 10, 'AZUL': 3, 'VALOR UNIONISTA': 48, 'CABAL': 26, 'TODOS': 0, 'VAMOS': 1, 'PHG': 0, 'PR': 7, 'PIN': 0, 'ELEFANTE': 4, 'VICTORIA': 3, 'SEMILLA': 100, 'FCN-NACION': 3, 'PPN': 0, 'UR': 3, 'URNG-MAIZ WINAQ': 4, 'CREO': 1, 'BIEN': 14, 'VIVA': 5, 'MI FAMILIA': 6, 'CAMBIO': 0, 'VOS': 38}",1,17,294,0,Algún campo sin dato,0.Distrito Central,1.Guatemala,0112,presidente
1536,,"{'UNE': 4, 'AZUL': 1, 'VALOR UNIONISTA': 43, 'CABAL': 26, 'TODOS': 0, 'VAMOS': 4, 'PHG': 0, 'PR': 5, 'PIN': 0, 'ELEFANTE': 2, 'VICTORIA': 1, 'SEMILLA': 99, 'FCN-NACION': 2, 'PPN': 1, 'UR': 1, 'URNG-MAIZ WINAQ': 6, 'CREO': 7, 'BIEN': 16, 'VIVA': 5, 'MI FAMILIA': 6, 'CAMBIO': 0, 'VOS': 43}",0,13,285,12,Algún campo sin dato,0.Distrito Central,1.Guatemala,0112,presidente
1537,,"{'UNE': 6, 'AZUL': 5, 'VALOR UNIONISTA': 36, 'CABAL': 32, 'TODOS': 0, 'VAMOS': 5, 'PHG': 0, 'PR': 1, 'PIN': 0, 'ELEFANTE': 1, 'VICTORIA': 2, 'SEMILLA': 84, 'FCN-NACION': 0, 'PPN': 1, 'UR': 2, 'URNG-MAIZ WINAQ': 3, 'CREO': 5, 'BIEN': 14, 'VIVA': 5, 'MI FAMILIA': 5, 'CAMBIO': 0, 'VOS': 32}",0,32,271,0,Algún campo sin dato,0.Distrito Central,1.Guatemala,0112,presidente
1538,,"{'UNE': 5, 'AZUL': 5, 'VALOR UNIONISTA': 37, 'CABAL': 32, 'TODOS': 1, 'VAMOS': 8, 'PHG': 1, 'PR': 1, 'PIN': 0, 'ELEFANTE': 9, 'VICTORIA': 3, 'SEMILLA': 88, 'FCN-NACION': 1, 'PPN': 0, 'UR': 7, 'URNG-MAIZ WINAQ': 5, 'CREO': 5, 'BIEN': 12, 'VIVA': 7, 'MI FAMILIA': 6, 'CAMBIO': 0, 'VOS': 28}",2,23,286,0,Algún campo sin dato,0.Distrito Central,1.Guatemala,0112,presidente
1539,,"{'UNE': 11, 'AZUL': 1, 'VALOR UNIONISTA': 27, 'CABAL': 26, 'TODOS': 2, 'VAMOS': 6, 'PHG': 0, 'PR': 3, 'PIN': 0, 'ELEFANTE': 5, 'VICTORIA': 4, 'SEMILLA': 88, 'FCN-NACION': 1, 'PPN': 0, 'UR': 2, 'URNG-MAIZ WINAQ': 5, 'CREO': 8, 'BIEN': 13, 'VIVA': 10, 'MI FAMILIA': 7, 'CAMBIO': 0, 'VOS': 37}",0,29,285,0,Algún campo sin dato,0.Distrito Central,1.Guatemala,0112,presidente
1540,,"{'UNE': 8, 'AZUL': 0, 'VALOR UNIONISTA': 33, 'CABAL': 15, 'TODOS': 0, 'VAMOS': 2, 'PHG': 1, 'PR': 4, 'PIN': 0, 'ELEFANTE': 3, 'VICTORIA': 7, 'SEMILLA': 83, 'FCN-NACION': 2, 'PPN': 1, 'UR': 2, 'URNG-MAIZ WINAQ': 1, 'CREO': 2, 'BIEN': 11, 'VIVA': 8, 'MI FAMILIA': 3, 'CAMBIO': 0, 'VOS': 32}",1,30,249,0,Sumas Asentadas sin cuadrar,0.Distrito Central,1.Guatemala,0113,presidente
1541,,"{'UNE': 8, 'AZUL': 3, 'VALOR UNIONISTA': 29, 'CABAL': 11, 'TODOS': 0, 'VAMOS': 2, 'PHG': 0, 'PR': 1, 'PIN': 0, 'ELEFANTE': 3, 'VICTORIA': 3, 'SEMILLA': 110, 'FCN-NACION': 0, 'PPN': 0, 'UR': 4, 'URNG-MAIZ WINAQ': 1, 'CREO': 4, 'BIEN': 18, 'VIVA': 5, 'MI FAMILIA': 3, 'CAMBIO': 0, 'VOS': 30}",2,20,257,0,Algún campo sin dato,0.Distrito Central,1.Guatemala,0113,presidente
1542,,"{'UNE': 3, 'AZUL': 2, 'VALOR UNIONISTA': 14, 'CABAL': 14, 'TODOS': 0, 'VAMOS': 2, 'PHG': 0, 'PR': 2, 'PIN': 0, 'ELEFANTE': 5, 'VICTORIA': 3, 'SEMILLA': 158, 'FCN-NACION': 0, 'PPN': 6, 'UR': 2, 'URNG-MAIZ WINAQ': 0, 'CREO': 3, 'BIEN': 10, 'VIVA': 5, 'MI FAMILIA': 1, 'CAMBIO': 0, 'VOS': 22}",1,13,266,0,Sumas Asentadas sin cuadrar,0.Distrito Central,1.Guatemala,0113,presidente
1543,,"{'UNE': 6, 'AZUL': 1, 'VALOR UNIONISTA': 17, 'CABAL': 11, 'TODOS': 0, 'VAMOS': 2, 'PHG': 0, 'PR': 0, 'PIN': 0, 'ELEFANTE': 3, 'VICTORIA': 3, 'SEMILLA': 167, 'FCN-NACION': 1, 'PPN': 0, 'UR': 2, 'URNG-MAIZ WINAQ': 3, 'CREO': 3, 'BIEN': 14, 'VIVA': 2, 'MI FAMILIA': 1, 'CAMBIO': 0, 'VOS': 23}",1,19,279,2,Algún campo sin dato,0.Distrito Central,1.Guatemala,0113,presidente
1544,,"{'UNE': 6, 'AZUL': 0, 'VALOR UNIONISTA': 16, 'CABAL': 13, 'TODOS': 0, 'VAMOS': 2, 'PHG': 0, 'PR': 0, 'PIN': 1, 'ELEFANTE': 0, 'VICTORIA': 2, 'SEMILLA': 96, 'FCN-NACION': 1, 'PPN': 0, 'UR': 0, 'URNG-MAIZ WINAQ': 5, 'CREO': 3, 'BIEN': 5, 'VIVA': 2, 'MI FAMILIA': 1, 'CAMBIO': 0, 'VOS': 13}",0,11,177,0,Algún campo sin dato,0.Distrito Central,1.Guatemala,0113,presidente
1545,,"{'UNE': 5, 'AZUL': 1, 'VALOR UNIONISTA': 21, 'CABAL': 9, 'TODOS': 0, 'VAMOS': 1, 'PHG': 0, 'PR': 3, 'PIN': 0, 'ELEFANTE': 1, 'VICTORIA': 0, 'SEMILLA': 97, 'FCN-NACION': 0, 'PPN': 0, 'UR': 0, 'URNG-MAIZ WINAQ': 1, 'CREO': 0, 'BIEN': 5, 'VIVA': 3, 'MI FAMILIA': 3, 'CAMBIO': 0, 'VOS': 10}",1,20,181,0,Algún campo sin dato,0.Distrito Central,1.Guatemala,0113,presidente
1546,,"{'UNE': 29, 'AZUL': 4, 'VALOR UNIONISTA': 26, 'CABAL': 19, 'TODOS': 1, 'VAMOS': 3, 'PHG': 0, 'PR': 0, 'PIN': 0, 'ELEFANTE': 2, 'VICTORIA': 5, 'SEMILLA': 67, 'FCN-NACION': 0, 'PPN': 3, 'UR': 5, 'URNG-MAIZ WINAQ': 11, 'CREO': 7, 'BIEN': 16, 'VIVA': 21, 'MI FAMILIA': 6, 'CAMBIO': 0, 'VOS': 27}",2,25,279,0,Algún campo sin dato,0.Distrito Central,1.Guatemala,0114,presidente
1547,,"{'UNE': 20, 'AZUL': 3, 'VALOR UNIONISTA': 35, 'CABAL': 7, 'TODOS': 1, 'VAMOS': 10, 'PHG': 1, 'PR': 2, 'PIN': 0, 'ELEFANTE': 5, 'VICTORIA': 9, 'SEMILLA': 64, 'FCN-NACION': 3, 'PPN': 2, 'UR': 5, 'URNG-MAIZ WINAQ': 7, 'CREO': 2, 'BIEN': 19, 'VIVA': 11, 'MI FAMILIA': 5, 'CAMBIO': 0, 'VOS': 25}",1,39,276,120,Algún campo sin dato,0.Distrito Central,1.Guatemala,0114,presidente
1548,,"{'UNE': 18, 'AZUL': 0, 'VALOR UNIONISTA': 28, 'CABAL': 13, 'TODOS': 2, 'VAMOS': 4, 'PHG': 2, 'PR': 5, 'PIN': 1, 'ELEFANTE': 3, 'VICTORIA': 6, 'SEMILLA': 59, 'FCN-NACION': 0, 'PPN': 2, 'UR': 3, 'URNG-MAIZ WINAQ': 6, 'CREO': 5, 'BIEN': 17, 'VIVA': 19, 'MI FAMILIA': 12, 'CAMBIO': 0, 'VOS': 27}",3,31,266,0,Algún campo sin dato,0.Distrito Central,1.Guatemala,0114,presidente
1549,,"{'UNE': 24, 'AZUL': 4, 'VALOR UNIONISTA': 24, 'CABAL': 18, 'TODOS': 1, 'VAMOS': 3, 'PHG': 0, 'PR': 3, 'PIN': 2, 'ELEFANTE': 3, 'VICTORIA': 5, 'SEMILLA': 70, 'FCN-NACION': 1, 'PPN': 0, 'UR': 9, 'URNG-MAIZ WINAQ': 11, 'CREO': 4, 'BIEN': 8, 'VIVA': 14, 'MI FAMILIA': 7, 'CAMBIO': 0, 'VOS': 20}",1,42,274,127,Algún campo sin dato,0.Distrito Central,1.Guatemala,0114,presidente
1550,,"{'UNE': 22, 'AZUL': 3, 'VALOR UNIONISTA': 27, 'CABAL': 23, 'TODOS': 1, 'VAMOS': 6, 'PHG': 0, 'PR': 4, 'PIN': 2, 'ELEFANTE': 3, 'VICTORIA': 5, 'SEMILLA': 62, 'FCN-NACION': 1, 'PPN': 0, 'UR': 5, 'URNG-MAIZ WINAQ': 9, 'CREO': 6, 'BIEN': 12, 'VIVA': 14, 'MI FAMILIA': 2, 'CAMBIO': 1, 'VOS': 15}",1,47,271,0,Algún campo sin dato,0.Distrito Central,1.Guatemala,0114,presidente
1551,,"{'UNE': 23, 'AZUL': 4, 'VALOR UNIONISTA': 33, 'CABAL': 12, 'TODOS': 0, 'VAMOS': 6, 'PHG': 0, 'PR': 4, 'PIN': 1, 'ELEFANTE': 4, 'VICTORIA': 11, 'SEMILLA': 75, 'FCN-NACION': 1, 'PPN': 0, 'UR': 7, 'URNG-MAIZ WINAQ': 5, 'CREO': 5, 'BIEN': 19, 'VIVA': 13, 'MI FAMILIA': 8, 'CAMBIO': 1, 'VOS': 27}",1,32,292,0,Algún campo sin dato,0.Distrito Central,1.Guatemala,0114,presidente
1552,,"{'UNE': 18, 'AZUL': 4, 'VALOR UNIONISTA': 35, 'CABAL': 21, 'TODOS': 0, 'VAMOS': 4, 'PHG': 0, 'PR': 2, 'PIN': 1, 'ELEFANTE': 3, 'VICTORIA': 7, 'SEMILLA': 63, 'FCN-NACION': 0, 'PPN': 0, 'UR': 6, 'URNG-MAIZ WINAQ': 4, 'CREO': 7, 'BIEN': 8, 'VIVA': 9, 'MI FAMILIA': 1, 'CAMBIO': 1, 'VOS': 13}",0,38,245,0,Sumas Asentadas sin cuadrar,0.Distrito Central,1.Guatemala,0114,presidente
1553,,"{'UNE': 24, 'AZUL': 9, 'VALOR UNIONISTA': 39, 'CABAL': 14, 'TODOS': 2, 'VAMOS': 5, 'PHG': 0, 'PR': 2, 'PIN': 0, 'ELEFANTE': 5, 'VICTORIA': 12, 'SEMILLA': 57, 'FCN-NACION': 1, 'PPN': 2, 'UR': 7, 'URNG-MAIZ WINAQ': 4, 'CREO': 7, 'BIEN': 15, 'VIVA': 16, 'MI FAMILIA': 4, 'CAMBIO': 0, 'VOS': 27}",0,30,282,0,Algún campo sin dato,0.Distrito Central,1.Guatemala,0114,presidente
1554,,"{'UNE': 16, 'AZUL': 6, 'VALOR UNIONISTA': 20, 'CABAL': 21, 'TODOS': 0, 'VAMOS': 6, 'PHG': 0, 'PR': 5, 'PIN': 0, 'ELEFANTE': 4, 'VICTORIA': 9, 'SEMILLA': 66, 'FCN-NACION': 3, 'PPN': 1, 'UR': 6, 'URNG-MAIZ WINAQ': 9, 'CREO': 2, 'BIEN': 9, 'VIVA': 12, 'MI FAMILIA': 7, 'CAMBIO': 0, 'VOS': 24}",148,34,408,0,Sumas Asentadas sin cuadrar,0.Distrito Central,1.Guatemala,0114,presidente
1555,,"{'UNE': 12, 'AZUL': 1, 'VALOR UNIONISTA': 16, 'CABAL': 16, 'TODOS': 2, 'VAMOS': 3, 'PHG': 0, 'PR': 3, 'PIN': 0, 'ELEFANTE': 4, 'VICTORIA': 6, 'SEMILLA': 76, 'FCN-NACION': 1, 'PPN': 0, 'UR': 1, 'URNG-MAIZ WINAQ': 4, 'CREO': 2, 'BIEN': 13, 'VIVA': 13, 'MI FAMILIA': 2, 'CAMBIO': 0, 'VOS': 26}",0,33,234,0,Algún campo sin dato,0.Distrito Central,1.Guatemala,0114,presidente
1556,,"{'UNE': 10, 'AZUL': 0, 'VALOR UNIONISTA': 23, 'CABAL': 21, 'TODOS': 0, 'VAMOS': 2, 'PHG': 1, 'PR': 4, 'PIN': 0, 'ELEFANTE': 4, 'VICTORIA': 6, 'SEMILLA': 104, 'FCN-NACION': 0, 'PPN': 0, 'UR': 5, 'URNG-MAIZ WINAQ': 1, 'CREO': 3, 'BIEN': 21, 'VIVA': 8, 'MI FAMILIA': 4, 'CAMBIO': 0, 'VOS': 22}",0,20,259,0,Algún campo sin dato,0.Distrito Central,1.Guatemala,0114,presidente
1557,,"{'UNE': 21, 'AZUL': 2, 'VALOR UNIONISTA': 29, 'CABAL': 19, 'TODOS': 0, 'VAMOS': 1, 'PHG': 1, 'PR': 4, 'PIN': 0, 'ELEFANTE': 2, 'VICTORIA': 5, 'SEMILLA': 65, 'FCN-NACION': 1, 'PPN': 1, 'UR': 7, 'URNG-MAIZ WINAQ': 2, 'CREO': 1, 'BIEN': 17, 'VIVA': 12, 'MI FAMILIA': 6, 'CAMBIO': 0, 'VOS': 24}",2,27,249,0,Algún campo sin dato,0.Distrito Central,1.Guatemala,0114,presidente
1558,,"{'UNE': 14, 'AZUL': 3, 'VALOR UNIONISTA': 37, 'CABAL': 15, 'TODOS': 0, 'VAMOS': 3, 'PHG': 1, 'PR': 11, 'PIN': 0, 'ELEFANTE': 2, 'VICTORIA': 8, 'SEMILLA': 88, 'FCN-NACION': 0, 'PPN': 0, 'UR': 7, 'URNG-MAIZ WINAQ': 4, 'CREO': 3, 'BIEN': 16, 'VIVA': 12, 'MI FAMILIA': 7, 'CAMBIO': 1, 'VOS': 20}",0,22,274,0,Algún campo sin dato,0.Distrito Central,1.Guatemala,0114,presidente
1559,,"{'UNE': 11, 'AZUL': 5, 'VALOR UNIONISTA': 34, 'CABAL': 21, 'TODOS': 1, 'VAMOS': 4, 'PHG': 0, 'PR': 5, 'PIN': 1, 'ELEFANTE': 1, 'VICTORIA': 9, 'SEMILLA': 75, 'FCN-NACION': 1, 'PPN': 0, 'UR': 7, 'URNG-MAIZ WINAQ': 5, 'CREO': 3, 'BIEN': 13, 'VIVA': 10, 'MI FAMILIA': 2, 'CAMBIO': 0, 'VOS': 22}",0,32,262,0,Algún campo sin dato,0.Distrito Central,1.Guatemala,0114,presidente
1560,,"{'UNE': 12, 'AZUL': 2, 'VALOR UNIONISTA': 20, 'CABAL': 9, 'TODOS': 0, 'VAMOS': 4, 'PHG': 0, 'PR': 3, 'PIN': 1, 'ELEFANTE': 3, 'VICTORIA': 0, 'SEMILLA': 88, 'FCN-NACION': 0, 'PPN': 1, 'UR': 7, 'URNG-MAIZ WINAQ': 7, 'CREO': 3, 'BIEN': 18, 'VIVA': 15, 'MI FAMILIA': 5, 'CAMBIO': 0, 'VOS': 28}",2,17,245,0,Algún campo sin dato,0.Distrito Central,1.Guatemala,0114,presidente
1561,,"{'UNE': 17, 'AZUL': 2, 'VALOR UNIONISTA': 31, 'CABAL': 19, 'TODOS': 1, 'VAMOS': 7, 'PHG': 0, 'PR': 5, 'PIN': 1, 'ELEFANTE': 1, 'VICTORIA': 10, 'SEMILLA': 68, 'FCN-NACION': 0, 'PPN': 1, 'UR': 5, 'URNG-MAIZ WINAQ': 3, 'CREO': 1, 'BIEN': 19, 'VIVA': 12, 'MI FAMILIA': 1, 'CAMBIO': 0, 'VOS': 22}",1,37,264,0,Algún campo sin dato,0.Distrito Central,1.Guatemala,0114,presidente
1562,,"{'UNE': 23, 'AZUL': 6, 'VALOR UNIONISTA': 27, 'CABAL': 21, 'TODOS': 1, 'VAMOS': 5, 'PHG': 0, 'PR': 6, 'PIN': 1, 'ELEFANTE': 6, 'VICTORIA': 6, 'SEMILLA': 53, 'FCN-NACION': 0, 'PPN': 1, 'UR': 3, 'URNG-MAIZ WINAQ': 3, 'CREO': 2, 'BIEN': 17, 'VIVA': 15, 'MI FAMILIA': 1, 'CAMBIO': 0, 'VOS': 34}",0,38,269,0,Algún campo sin dato,0.Distrito Central,1.Guatemala,0114,presidente
1563,,"{'UNE': 23, 'AZUL': 7, 'VALOR UNIONISTA': 31, 'CABAL': 22, 'TODOS': 1, 'VAMOS': 2, 'PHG': 1, 'PR': 6, 'PIN': 0, 'ELEFANTE': 3, 'VICTORIA': 2, 'SEMILLA': 63, 'FCN-NACION': 2, 'PPN': 0, 'UR': 2, 'URNG-MAIZ WINAQ': 7, 'CREO': 1, 'BIEN': 15, 'VIVA': 8, 'MI FAMILIA': 7, 'CAMBIO': 1, 'VOS': 26}",0,40,270,131,Sumas Asentadas sin cuadrar,0.Distrito Central,1.Guatemala,0114,presidente
1564,,"{'UNE': 22, 'AZUL': 6, 'VALOR UNIONISTA': 26, 'CABAL': 24, 'TODOS': 76, 'VAMOS': 5, 'PHG': 10, 'PR': 24, 'PIN': 2, 'ELEFANTE': 3, 'VICTORIA': 14, 'SEMILLA': 4, 'FCN-NACION': 5, 'PPN': 1, 'UR': 1, 'URNG-MAIZ WINAQ': 1, 'CREO': 1, 'BIEN': 2, 'VIVA': 1, 'MI FAMILIA': 1, 'CAMBIO': 0, 'VOS': 0}",1,31,261,139,Algún campo sin dato,0.Distrito Central,1.Guatemala,0114,presidente
1565,,"{'UNE': 18, 'AZUL': 2, 'VALOR UNIONISTA': 34, 'CABAL': 19, 'TODOS': 0, 'VAMOS': 3, 'PHG': 1, 'PR': 4, 'PIN': 1, 'ELEFANTE': 3, 'VICTORIA': 4, 'SEMILLA': 75, 'FCN-NACION': 0, 'PPN': 3, 'UR': 3, 'URNG-MAIZ WINAQ': 4, 'CREO': 2, 'BIEN': 25, 'VIVA': 10, 'MI FAMILIA': 6, 'CAMBIO': 0, 'VOS': 31}",1,36,285,113,Algún campo sin dato,0.Distrito Central,1.Guatemala,0114,presidente
1566,,"{'UNE': 23, 'AZUL': 4, 'VALOR UNIONISTA': 37, 'CABAL': 23, 'TODOS': 1, 'VAMOS': 2, 'PHG': 0, 'PR': 1, 'PIN': 2, 'ELEFANTE': 7, 'VICTORIA': 6, 'SEMILLA': 68, 'FCN-NACION': 0, 'PPN': 1, 'UR': 7, 'URNG-MAIZ WINAQ': 7, 'CREO': 2, 'BIEN': 8, 'VIVA': 12, 'MI FAMILIA': 7, 'CAMBIO': 0, 'VOS': 21}",1,33,273,0,Algún campo sin dato,0.Distrito Central,1.Guatemala,0114,presidente
1567,,"{'UNE': 16, 'AZUL': 1, 'VALOR UNIONISTA': 33, 'CABAL': 17, 'TODOS': 1, 'VAMOS': 1, 'PHG': 1, 'PR': 2, 'PIN': 1, 'ELEFANTE': 3, 'VICTORIA': 5, 'SEMILLA': 74, 'FCN-NACION': 1, 'PPN': 1, 'UR': 2, 'URNG-MAIZ WINAQ': 3, 'CREO': 11, 'BIEN': 5, 'VIVA': 7, 'MI FAMILIA': 12, 'CAMBIO': 1, 'VOS': 31}",3,28,260,0,Sumas Asentadas sin cuadrar,0.Distrito Central,1.Guatemala,0114,presidente
1568,,"{'UNE': 17, 'AZUL': 8, 'VALOR UNIONISTA': 24, 'CABAL': 17, 'TODOS': 0, 'VAMOS': 3, 'PHG': 2, 'PR': 1, 'PIN': 0, 'ELEFANTE': 4, 'VICTORIA': 8, 'SEMILLA': 68, 'FCN-NACION': 0, 'PPN': 2, 'UR': 4, 'URNG-MAIZ WINAQ': 4, 'CREO': 9, 'BIEN': 11, 'VIVA': 10, 'MI FAMILIA': 7, 'CAMBIO': 0, 'VOS': 25}",0,34,258,0,Algún campo sin dato,0.Distrito Central,1.Guatemala,0114,presidente
1569,,"{'UNE': 21, 'AZUL': 4, 'VALOR UNIONISTA': 35, 'CABAL': 16, 'TODOS': 0, 'VAMOS': 6, 'PHG': 0, 'PR': 1, 'PIN': 0, 'ELEFANTE': 2, 'VICTORIA': 8, 'SEMILLA': 65, 'FCN-NACION': 1, 'PPN': 1, 'UR': 2, 'URNG-MAIZ WINAQ': 2, 'CREO': 6, 'BIEN': 12, 'VIVA': 13, 'MI FAMILIA': 4, 'CAMBIO': 0, 'VOS': 28}",2,30,259,0,Algún campo sin dato,0.Distrito Central,1.Guatemala,0114,presidente
1570,,"{'UNE': 15, 'AZUL': 2, 'VALOR UNIONISTA': 30, 'CABAL': 14, 'TODOS': 1, 'VAMOS': 5, 'PHG': 0, 'PR': 2, 'PIN': 2, 'ELEFANTE': 0, 'VICTORIA': 6, 'SEMILLA': 79, 'FCN-NACION': 0, 'PPN': 4, 'UR': 4, 'URNG-MAIZ WINAQ': 6, 'CREO': 1, 'BIEN': 11, 'VIVA': 12, 'MI FAMILIA': 6, 'CAMBIO': 0, 'VOS': 17}",7,29,253,154,Algún campo sin dato,0.Distrito Central,1.Guatemala,0114,presidente
1571,,"{'UNE': 21, 'AZUL': 4, 'VALOR UNIONISTA': 32, 'CABAL': 16, 'TODOS': 0, 'VAMOS': 8, 'PHG': 1, 'PR': 0, 'PIN': 0, 'ELEFANTE': 2, 'VICTORIA': 5, 'SEMILLA': 53, 'FCN-NACION': 1, 'PPN': 0, 'UR': 2, 'URNG-MAIZ WINAQ': 5, 'CREO': 4, 'BIEN': 6, 'VIVA': 16, 'MI FAMILIA': 7, 'CAMBIO': 0, 'VOS': 24}",3,20,230,0,Sumas Asentadas sin cuadrar,0.Distrito Central,1.Guatemala,0114,presidente
1572,,"{'UNE': 16, 'AZUL': 3, 'VALOR UNIONISTA': 16, 'CABAL': 17, 'TODOS': 0, 'VAMOS': 2, 'PHG': 0, 'PR': 3, 'PIN': 0, 'ELEFANTE': 6, 'VICTORIA': 5, 'SEMILLA': 68, 'FCN-NACION': 0, 'PPN': 1, 'UR': 3, 'URNG-MAIZ WINAQ': 5, 'CREO': 2, 'BIEN': 12, 'VIVA': 8, 'MI FAMILIA': 4, 'CAMBIO': 2, 'VOS': 14}",0,36,223,179,Algún campo sin dato,0.Distrito Central,1.Guatemala,0114,presidente
1573,,"{'UNE': 18, 'AZUL': 2, 'VALOR UNIONISTA': 25, 'CABAL': 14, 'TODOS': 0, 'VAMOS': 3, 'PHG': 0, 'PR': 3, 'PIN': 0, 'ELEFANTE': 2, 'VICTORIA': 6, 'SEMILLA': 63, 'FCN-NACION': 1, 'PPN': 1, 'UR': 1, 'URNG-MAIZ WINAQ': 2, 'CREO': 2, 'BIEN': 17, 'VIVA': 8, 'MI FAMILIA': 5, 'CAMBIO': 0, 'VOS': 34}",3,20,230,0,Algún campo sin dato,0.Distrito Central,1.Guatemala,0114,presidente
1574,,"{'UNE': 13, 'AZUL': 2, 'VALOR UNIONISTA': 15, 'CABAL': 9, 'TODOS': 0, 'VAMOS': 4, 'PHG': 0, 'PR': 3, 'PIN': 0, 'ELEFANTE': 4, 'VICTORIA': 0, 'SEMILLA': 94, 'FCN-NACION': 1, 'PPN': 0, 'UR': 3, 'URNG-MAIZ WINAQ': 4, 'CREO': 0, 'BIEN': 13, 'VIVA': 11, 'MI FAMILIA': 1, 'CAMBIO': 0, 'VOS': 11}",1,25,214,0,Algún campo sin dato,0.Distrito Central,1.Guatemala,0114,presidente
1575,,"{'UNE': 6, 'AZUL': 1, 'VALOR UNIONISTA': 15, 'CABAL': 13, 'TODOS': 1, 'VAMOS': 2, 'PHG': 0, 'PR': 0, 'PIN': 0, 'ELEFANTE': 1, 'VICTORIA': 5, 'SEMILLA': 118, 'FCN-NACION': 1, 'PPN': 0, 'UR': 1, 'URNG-MAIZ WINAQ': 1, 'CREO': 0, 'BIEN': 14, 'VIVA': 5, 'MI FAMILIA': 4, 'CAMBIO': 0, 'VOS': 22}",0,18,228,0,Algún campo sin dato,0.Distrito Central,1.Guatemala,0114,presidente
1576,,"{'UNE': 4, 'AZUL': 1, 'VALOR UNIONISTA': 16, 'CABAL': 11, 'TODOS': 2, 'VAMOS': 4, 'PHG': 0, 'PR': 1, 'PIN': 1, 'ELEFANTE': 3, 'VICTORIA': 3, 'SEMILLA': 131, 'FCN-NACION': 3, 'PPN': 0, 'UR': 3, 'URNG-MAIZ WINAQ': 1, 'CREO': 2, 'BIEN': 18, 'VIVA': 3, 'MI FAMILIA': 2, 'CAMBIO': 0, 'VOS': 21}",0,13,243,0,Algún campo sin dato,0.Distrito Central,1.Guatemala,0114,presidente
1577,,"{'UNE': 7, 'AZUL': 1, 'VALOR UNIONISTA': 13, 'CABAL': 9, 'TODOS': 0, 'VAMOS': 1, 'PHG': 0, 'PR': 1, 'PIN': 0, 'ELEFANTE': 2, 'VICTORIA': 4, 'SEMILLA': 150, 'FCN-NACION': 0, 'PPN': 0, 'UR': 2, 'URNG-MAIZ WINAQ': 2, 'CREO': 2, 'BIEN': 11, 'VIVA': 3, 'MI FAMILIA': 3, 'CAMBIO': 0, 'VOS': 13}",0,13,237,0,Algún campo sin dato,0.Distrito Central,1.Guatemala,0114,presidente
1578,,"{'UNE': 8, 'AZUL': 4, 'VALOR UNIONISTA': 15, 'CABAL': 10, 'TODOS': 0, 'VAMOS': 2, 'PHG': 1, 'PR': 1, 'PIN': 1, 'ELEFANTE': 0, 'VICTORIA': 8, 'SEMILLA': 129, 'FCN-NACION': 1, 'PPN': 0, 'UR': 1, 'URNG-MAIZ WINAQ': 2, 'CREO': 5, 'BIEN': 13, 'VIVA': 5, 'MI FAMILIA': 0, 'CAMBIO': 0, 'VOS': 21}",0,9,236,0,Algún campo sin dato,0.Distrito Central,1.Guatemala,0114,presidente
1579,,"{'UNE': 10, 'AZUL': 1, 'VALOR UNIONISTA': 16, 'CABAL': 9, 'TODOS': 1, 'VAMOS': 1, 'PHG': 0, 'PR': 0, 'PIN': 0, 'ELEFANTE': 1, 'VICTORIA': 3, 'SEMILLA': 116, 'FCN-NACION': 0, 'PPN': 1, 'UR': 1, 'URNG-MAIZ WINAQ': 1, 'CREO': 1, 'BIEN': 12, 'VIVA': 7, 'MI FAMILIA': 1, 'CAMBIO': 0, 'VOS': 19}",0,11,212,0,Algún campo sin dato,0.Distrito Central,1.Guatemala,0114,presidente
1580,,"{'UNE': 17, 'AZUL': 0, 'VALOR UNIONISTA': 11, 'CABAL': 5, 'TODOS': 0, 'VAMOS': 3, 'PHG': 0, 'PR': 1, 'PIN': 1, 'ELEFANTE': 1, 'VICTORIA': 4, 'SEMILLA': 63, 'FCN-NACION': 1, 'PPN': 0, 'UR': 2, 'URNG-MAIZ WINAQ': 3, 'CREO': 2, 'BIEN': 15, 'VIVA': 11, 'MI FAMILIA': 2, 'CAMBIO': 0, 'VOS': 9}",1,17,169,0,Algún campo sin dato,0.Distrito Central,1.Guatemala,0114,presidente
1581,,"{'UNE': 9, 'AZUL': 0, 'VALOR UNIONISTA': 13, 'CABAL': 8, 'TODOS': 0, 'VAMOS': 2, 'PHG': 0, 'PR': 1, 'PIN': 0, 'ELEFANTE': 3, 'VICTORIA': 2, 'SEMILLA': 110, 'FCN-NACION': 1, 'PPN': 1, 'UR': 3, 'URNG-MAIZ WINAQ': 2, 'CREO': 2, 'BIEN': 3, 'VIVA': 5, 'MI FAMILIA': 4, 'CAMBIO': 0, 'VOS': 9}",1,14,193,0,Algún campo sin dato,0.Distrito Central,1.Guatemala,0114,presidente
1582,,"{'UNE': 6, 'AZUL': 1, 'VALOR UNIONISTA': 8, 'CABAL': 12, 'TODOS': 0, 'VAMOS': 0, 'PHG': 0, 'PR': 0, 'PIN': 0, 'ELEFANTE': 2, 'VICTORIA': 4, 'SEMILLA': 49, 'FCN-NACION': 0, 'PPN': 0, 'UR': 0, 'URNG-MAIZ WINAQ': 3, 'CREO': 1, 'BIEN': 8, 'VIVA': 4, 'MI FAMILIA': 2, 'CAMBIO': 0, 'VOS': 4}",1,7,112,0,Algún campo sin dato,0.Distrito Central,1.Guatemala,0114,presidente
1583,,"{'UNE': 8, 'AZUL': 0, 'VALOR UNIONISTA': 10, 'CABAL': 9, 'TODOS': 0, 'VAMOS': 1, 'PHG': 0, 'PR': 0, 'PIN': 0, 'ELEFANTE': 0, 'VICTORIA': 3, 'SEMILLA': 34, 'FCN-NACION': 2, 'PPN': 0, 'UR': 0, 'URNG-MAIZ WINAQ': 2, 'CREO': 5, 'BIEN': 4, 'VIVA': 3, 'MI FAMILIA': 0, 'CAMBIO': 0, 'VOS': 7}",0,6,94,0,Algún campo sin dato,0.Distrito Central,1.Guatemala,0114,presidente
1584,,"{'UNE': 16, 'AZUL': 2, 'VALOR UNIONISTA': 19, 'CABAL': 14, 'TODOS': 0, 'VAMOS': 2, 'PHG': 1, 'PR': 4, 'PIN': 1, 'ELEFANTE': 3, 'VICTORIA': 6, 'SEMILLA': 59, 'FCN-NACION': 0, 'PPN': 0, 'UR': 4, 'URNG-MAIZ WINAQ': 7, 'CREO': 5, 'BIEN': 6, 'VIVA': 14, 'MI FAMILIA': 2, 'CAMBIO': 0, 'VOS': 21}",0,39,225,1,Algún campo sin dato,0.Distrito Central,1.Guatemala,0115,presidente
1585,,"{'UNE': 16, 'AZUL': 6, 'VALOR UNIONISTA': 21, 'CABAL': 11, 'TODOS': 1, 'VAMOS': 4, 'PHG': 1, 'PR': 2, 'PIN': 2, 'ELEFANTE': 1, 'VICTORIA': 9, 'SEMILLA': 65, 'FCN-NACION': 1, 'PPN': 0, 'UR': 2, 'URNG-MAIZ WINAQ': 4, 'CREO': 4, 'BIEN': 11, 'VIVA': 13, 'MI FAMILIA': 9, 'CAMBIO': 0, 'VOS': 18}",0,36,237,0,Algún campo sin dato,0.Distrito Central,1.Guatemala,0115,presidente
1586,,"{'UNE': 10, 'AZUL': 0, 'VALOR UNIONISTA': 31, 'CABAL': 14, 'TODOS': 0, 'VAMOS': 4, 'PHG': 0, 'PR': 3, 'PIN': 2, 'ELEFANTE': 3, 'VICTORIA': 8, 'SEMILLA': 68, 'FCN-NACION': 0, 'PPN': 2, 'UR': 6, 'URNG-MAIZ WINAQ': 6, 'CREO': 2, 'BIEN': 24, 'VIVA': 8, 'MI FAMILIA': 5, 'CAMBIO': 2, 'VOS': 27}",0,28,253,0,Algún campo sin dato,0.Distrito Central,1.Guatemala,0115,presidente
1587,,"{'UNE': 11, 'AZUL': 2, 'VALOR UNIONISTA': 20, 'CABAL': 10, 'TODOS': 3, 'VAMOS': 3, 'PHG': 0, 'PR': 3, 'PIN': 2, 'ELEFANTE': 2, 'VICTORIA': 2, 'SEMILLA': 68, 'FCN-NACION': 0, 'PPN': 0, 'UR': 7, 'URNG-MAIZ WINAQ': 4, 'CREO': 5, 'BIEN': 17, 'VIVA': 11, 'MI FAMILIA': 5, 'CAMBIO': 0, 'VOS': 28}",1,28,232,1,Algún campo sin dato,0.Distrito Central,1.Guatemala,0115,presidente
1588,,"{'UNE': 15, 'AZUL': 4, 'VALOR UNIONISTA': 9, 'CABAL': 9, 'TODOS': 1, 'VAMOS': 3, 'PHG': 0, 'PR': 3, 'PIN': 0, 'ELEFANTE': 1, 'VICTORIA': 1, 'SEMILLA': 78, 'FCN-NACION': 0, 'PPN': 2, 'UR': 2, 'URNG-MAIZ WINAQ': 4, 'CREO': 3, 'BIEN': 8, 'VIVA': 9, 'MI FAMILIA': 4, 'CAMBIO': 0, 'VOS': 19}",1,28,204,0,Algún campo sin dato,0.Distrito Central,1.Guatemala,0115,presidente
1589,,"{'UNE': 13, 'AZUL': 3, 'VALOR UNIONISTA': 22, 'CABAL': 11, 'TODOS': 0, 'VAMOS': 7, 'PHG': 1, 'PR': 3, 'PIN': 0, 'ELEFANTE': 2, 'VICTORIA': 4, 'SEMILLA': 76, 'FCN-NACION': 0, 'PPN': 1, 'UR': 3, 'URNG-MAIZ WINAQ': 4, 'CREO': 7, 'BIEN': 11, 'VIVA': 9, 'MI FAMILIA': 4, 'CAMBIO': 0, 'VOS': 26}",1,26,234,0,Algún campo sin dato,0.Distrito Central,1.Guatemala,0115,presidente
1590,,"{'UNE': 18, 'AZUL': 2, 'VALOR UNIONISTA': 19, 'CABAL': 14, 'TODOS': 0, 'VAMOS': 5, 'PHG': 1, 'PR': 5, 'PIN': 0, 'ELEFANTE': 1, 'VICTORIA': 1, 'SEMILLA': 71, 'FCN-NACION': 0, 'PPN': 1, 'UR': 8, 'URNG-MAIZ WINAQ': 2, 'CREO': 6, 'BIEN': 9, 'VIVA': 11, 'MI FAMILIA': 5, 'CAMBIO': 0, 'VOS': 22}",1,26,228,0,Algún campo sin dato,0.Distrito Central,1.Guatemala,0115,presidente
1591,,"{'UNE': 12, 'AZUL': 5, 'VALOR UNIONISTA': 26, 'CABAL': 16, 'TODOS': 0, 'VAMOS': 6, 'PHG': 2, 'PR': 2, 'PIN': 0, 'ELEFANTE': 4, 'VICTORIA': 3, 'SEMILLA': 74, 'FCN-NACION': 0, 'PPN': 0, 'UR': 4, 'URNG-MAIZ WINAQ': 7, 'CREO': 3, 'BIEN': 23, 'VIVA': 8, 'MI FAMILIA': 3, 'CAMBIO': 0, 'VOS': 19}",1,30,248,0,Algún campo sin dato,0.Distrito Central,1.Guatemala,0115,presidente
1592,,"{'UNE': 11, 'AZUL': 0, 'VALOR UNIONISTA': 20, 'CABAL': 15, 'TODOS': 0, 'VAMOS': 6, 'PHG': 0, 'PR': 5, 'PIN': 1, 'ELEFANTE': 2, 'VICTORIA': 5, 'SEMILLA': 72, 'FCN-NACION': 0, 'PPN': 0, 'UR': 6, 'URNG-MAIZ WINAQ': 7, 'CREO': 3, 'BIEN': 6, 'VIVA': 7, 'MI FAMILIA': 1, 'CAMBIO': 0, 'VOS': 27}",1,25,220,0,Algún campo sin dato,0.Distrito Central,1.Guatemala,0115,presidente
1593,,"{'UNE': 16, 'AZUL': 4, 'VALOR UNIONISTA': 25, 'CABAL': 8, 'TODOS': 1, 'VAMOS': 5, 'PHG': 1, 'PR': 2, 'PIN': 0, 'ELEFANTE': 1, 'VICTORIA': 3, 'SEMILLA': 63, 'FCN-NACION': 1, 'PPN': 1, 'UR': 3, 'URNG-MAIZ WINAQ': 6, 'CREO': 6, 'BIEN': 10, 'VIVA': 8, 'MI FAMILIA': 5, 'CAMBIO': 0, 'VOS': 24}",0,14,207,0,Algún campo sin dato,0.Distrito Central,1.Guatemala,0115,presidente
1594,,"{'UNE': 12, 'AZUL': 5, 'VALOR UNIONISTA': 12, 'CABAL': 17, 'TODOS': 0, 'VAMOS': 3, 'PHG': 0, 'PR': 1, 'PIN': 1, 'ELEFANTE': 1, 'VICTORIA': 5, 'SEMILLA': 88, 'FCN-NACION': 0, 'PPN': 0, 'UR': 2, 'URNG-MAIZ WINAQ': 2, 'CREO': 1, 'BIEN': 13, 'VIVA': 9, 'MI FAMILIA': 0, 'CAMBIO': 0, 'VOS': 21}",0,18,211,0,Sumas Asentadas sin cuadrar,0.Distrito Central,1.Guatemala,0115,presidente
1595,,"{'UNE': 8, 'AZUL': 0, 'VALOR UNIONISTA': 7, 'CABAL': 10, 'TODOS': 0, 'VAMOS': 3, 'PHG': 2, 'PR': 0, 'PIN': 0, 'ELEFANTE': 1, 'VICTORIA': 2, 'SEMILLA': 142, 'FCN-NACION': 0, 'PPN': 0, 'UR': 0, 'URNG-MAIZ WINAQ': 0, 'CREO': 3, 'BIEN': 6, 'VIVA': 2, 'MI FAMILIA': 1, 'CAMBIO': 0, 'VOS': 18}",0,10,215,0,Algún campo sin dato,0.Distrito Central,1.Guatemala,0115,presidente
1596,,"{'UNE': 6, 'AZUL': 1, 'VALOR UNIONISTA': 2, 'CABAL': 7, 'TODOS': 0, 'VAMOS': 3, 'PHG': 0, 'PR': 0, 'PIN': 0, 'ELEFANTE': 0, 'VICTORIA': 1, 'SEMILLA': 90, 'FCN-NACION': 0, 'PPN': 1, 'UR': 0, 'URNG-MAIZ WINAQ': 0, 'CREO': 0, 'BIEN': 8, 'VIVA': 3, 'MI FAMILIA': 1, 'CAMBIO': 0, 'VOS': 13}",0,10,146,0,Algún campo sin dato,0.Distrito Central,1.Guatemala,0115,presidente
1597,,"{'UNE': 5, 'AZUL': 3, 'VALOR UNIONISTA': 5, 'CABAL': 7, 'TODOS': 0, 'VAMOS': 1, 'PHG': 0, 'PR': 0, 'PIN': 0, 'ELEFANTE': 0, 'VICTORIA': 1, 'SEMILLA': 76, 'FCN-NACION': 0, 'PPN': 2, 'UR': 4, 'URNG-MAIZ WINAQ': 1, 'CREO': 1, 'BIEN': 3, 'VIVA': 1, 'MI FAMILIA': 2, 'CAMBIO': 0, 'VOS': 10}",0,13,135,0,Algún campo sin dato,0.Distrito Central,1.Guatemala,0115,presidente
1598,,"{'UNE': 8, 'AZUL': 3, 'VALOR UNIONISTA': 20, 'CABAL': 11, 'TODOS': 0, 'VAMOS': 5, 'PHG': 0, 'PR': 2, 'PIN': 1, 'ELEFANTE': 4, 'VICTORIA': 11, 'SEMILLA': 87, 'FCN-NACION': 3, 'PPN': 3, 'UR': 2, 'URNG-MAIZ WINAQ': 3, 'CREO': 2, 'BIEN': 13, 'VIVA': 17, 'MI FAMILIA': 10, 'CAMBIO': 1, 'VOS': 20}",0,27,253,0,Algún campo sin dato,0.Distrito Central,1.Guatemala,0116,presidente
1599,,"{'UNE': 15, 'AZUL': 5, 'VALOR UNIONISTA': 25, 'CABAL': 19, 'TODOS': 0, 'VAMOS': 4, 'PHG': 0, 'PR': 2, 'PIN': 2, 'ELEFANTE': 1, 'VICTORIA': 10, 'SEMILLA': 66, 'FCN-NACION': 2, 'PPN': 0, 'UR': 3, 'URNG-MAIZ WINAQ': 6, 'CREO': 3, 'BIEN': 12, 'VIVA': 17, 'MI FAMILIA': 5, 'CAMBIO': 0, 'VOS': 25}",0,41,263,0,Algún campo sin dato,0.Distrito Central,1.Guatemala,0116,presidente
1600,,"{'UNE': 11, 'AZUL': 3, 'VALOR UNIONISTA': 33, 'CABAL': 19, 'TODOS': 1, 'VAMOS': 2, 'PHG': 1, 'PR': 4, 'PIN': 0, 'ELEFANTE': 8, 'VICTORIA': 7, 'SEMILLA': 68, 'FCN-NACION': 2, 'PPN': 1, 'UR': 6, 'URNG-MAIZ WINAQ': 7, 'CREO': 4, 'BIEN': 16, 'VIVA': 13, 'MI FAMILIA': 3, 'CAMBIO': 1, 'VOS': 26}",0,21,257,0,Algún campo sin dato,0.Distrito Central,1.Guatemala,0116,presidente
1601,,"{'UNE': 16, 'AZUL': 1, 'VALOR UNIONISTA': 35, 'CABAL': 19, 'TODOS': 1, 'VAMOS': 3, 'PHG': 1, 'PR': 3, 'PIN': 0, 'ELEFANTE': 3, 'VICTORIA': 9, 'SEMILLA': 55, 'FCN-NACION': 1, 'PPN': 0, 'UR': 8, 'URNG-MAIZ WINAQ': 4, 'CREO': 4, 'BIEN': 11, 'VIVA': 21, 'MI FAMILIA': 9, 'CAMBIO': 1, 'VOS': 28}",0,34,267,0,Algún campo sin dato,0.Distrito Central,1.Guatemala,0116,presidente
1602,,"{'UNE': 11, 'AZUL': 4, 'VALOR UNIONISTA': 25, 'CABAL': 20, 'TODOS': 0, 'VAMOS': 1, 'PHG': 0, 'PR': 3, 'PIN': 0, 'ELEFANTE': 6, 'VICTORIA': 8, 'SEMILLA': 69, 'FCN-NACION': 2, 'PPN': 1, 'UR': 7, 'URNG-MAIZ WINAQ': 7, 'CREO': 4, 'BIEN': 15, 'VIVA': 19, 'MI FAMILIA': 6, 'CAMBIO': 3, 'VOS': 24}",0,21,256,0,Algún campo sin dato,0.Distrito Central,1.Guatemala,0116,presidente
1603,,"{'UNE': 21, 'AZUL': 3, 'VALOR UNIONISTA': 23, 'CABAL': 18, 'TODOS': 0, 'VAMOS': 5, 'PHG': 0, 'PR': 3, 'PIN': 2, 'ELEFANTE': 5, 'VICTORIA': 7, 'SEMILLA': 82, 'FCN-NACION': 2, 'PPN': 2, 'UR': 8, 'URNG-MAIZ WINAQ': 4, 'CREO': 4, 'BIEN': 12, 'VIVA': 19, 'MI FAMILIA': 4, 'CAMBIO': 1, 'VOS': 19}",0,40,284,0,Algún campo sin dato,0.Distrito Central,1.Guatemala,0116,presidente
1604,,"{'UNE': 13, 'AZUL': 4, 'VALOR UNIONISTA': 41, 'CABAL': 21, 'TODOS': 0, 'VAMOS': 6, 'PHG': 0, 'PR': 4, 'PIN': 1, 'ELEFANTE': 4, 'VICTORIA': 10, 'SEMILLA': 64, 'FCN-NACION': 0, 'PPN': 3, 'UR': 7, 'URNG-MAIZ WINAQ': 7, 'CREO': 0, 'BIEN': 13, 'VIVA': 11, 'MI FAMILIA': 6, 'CAMBIO': 3, 'VOS': 27}",0,35,280,0,Sumas Asentadas sin cuadrar,0.Distrito Central,1.Guatemala,0116,presidente
1605,,"{'UNE': 11, 'AZUL': 1, 'VALOR UNIONISTA': 28, 'CABAL': 9, 'TODOS': 1, 'VAMOS': 1, 'PHG': 0, 'PR': 6, 'PIN': 1, 'ELEFANTE': 7, 'VICTORIA': 12, 'SEMILLA': 71, 'FCN-NACION': 1, 'PPN': 2, 'UR': 3, 'URNG-MAIZ WINAQ': 6, 'CREO': 1, 'BIEN': 14, 'VIVA': 22, 'MI FAMILIA': 11, 'CAMBIO': 1, 'VOS': 38}",0,33,280,0,Sumas Asentadas sin cuadrar,0.Distrito Central,1.Guatemala,0116,presidente
1606,,"{'UNE': 8, 'AZUL': 3, 'VALOR UNIONISTA': 24, 'CABAL': 12, 'TODOS': 1, 'VAMOS': 3, 'PHG': 0, 'PR': 9, 'PIN': 1, 'ELEFANTE': 4, 'VICTORIA': 10, 'SEMILLA': 65, 'FCN-NACION': 3, 'PPN': 0, 'UR': 5, 'URNG-MAIZ WINAQ': 6, 'CREO': 2, 'BIEN': 19, 'VIVA': 21, 'MI FAMILIA': 8, 'CAMBIO': 2, 'VOS': 27}",3,34,270,0,Algún campo sin dato,0.Distrito Central,1.Guatemala,0116,presidente
1607,,"{'UNE': 15, 'AZUL': 2, 'VALOR UNIONISTA': 25, 'CABAL': 11, 'TODOS': 0, 'VAMOS': 4, 'PHG': 0, 'PR': 2, 'PIN': 1, 'ELEFANTE': 4, 'VICTORIA': 11, 'SEMILLA': 65, 'FCN-NACION': 0, 'PPN': 1, 'UR': 4, 'URNG-MAIZ WINAQ': 4, 'CREO': 3, 'BIEN': 14, 'VIVA': 19, 'MI FAMILIA': 4, 'CAMBIO': 0, 'VOS': 27}",3,36,255,0,Algún campo sin dato,0.Distrito Central,1.Guatemala,0116,presidente
1608,,"{'UNE': 8, 'AZUL': 1, 'VALOR UNIONISTA': 43, 'CABAL': 20, 'TODOS': 0, 'VAMOS': 3, 'PHG': 0, 'PR': 2, 'PIN': 1, 'ELEFANTE': 2, 'VICTORIA': 10, 'SEMILLA': 63, 'FCN-NACION': 2, 'PPN': 0, 'UR': 7, 'URNG-MAIZ WINAQ': 4, 'CREO': 3, 'BIEN': 14, 'VIVA': 14, 'MI FAMILIA': 6, 'CAMBIO': 1, 'VOS': 38}",0,28,270,0,Algún campo sin dato,0.Distrito Central,1.Guatemala,0116,presidente
1609,,"{'UNE': 8, 'AZUL': 4, 'VALOR UNIONISTA': 31, 'CABAL': 14, 'TODOS': 0, 'VAMOS': 5, 'PHG': 0, 'PR': 4, 'PIN': 1, 'ELEFANTE': 5, 'VICTORIA': 4, 'SEMILLA': 59, 'FCN-NACION': 3, 'PPN': 1, 'UR': 5, 'URNG-MAIZ WINAQ': 10, 'CREO': 8, 'BIEN': 17, 'VIVA': 23, 'MI FAMILIA': 1, 'CAMBIO': 0, 'VOS': 32}",2,23,260,0,Algún campo sin dato,0.Distrito Central,1.Guatemala,0116,presidente
1610,,"{'UNE': 7, 'AZUL': 2, 'VALOR UNIONISTA': 25, 'CABAL': 12, 'TODOS': 0, 'VAMOS': 1, 'PHG': 0, 'PR': 1, 'PIN': 1, 'ELEFANTE': 2, 'VICTORIA': 10, 'SEMILLA': 98, 'FCN-NACION': 1, 'PPN': 0, 'UR': 3, 'URNG-MAIZ WINAQ': 3, 'CREO': 0, 'BIEN': 14, 'VIVA': 13, 'MI FAMILIA': 5, 'CAMBIO': 1, 'VOS': 22}",0,29,250,0,Algún campo sin dato,0.Distrito Central,1.Guatemala,0116,presidente
1611,,"{'UNE': 14, 'AZUL': 4, 'VALOR UNIONISTA': 15, 'CABAL': 7, 'TODOS': 0, 'VAMOS': 1, 'PHG': 0, 'PR': 1, 'PIN': 0, 'ELEFANTE': 2, 'VICTORIA': 9, 'SEMILLA': 81, 'FCN-NACION': 1, 'PPN': 0, 'UR': 6, 'URNG-MAIZ WINAQ': 3, 'CREO': 1, 'BIEN': 24, 'VIVA': 13, 'MI FAMILIA': 5, 'CAMBIO': 0, 'VOS': 35}",0,19,241,0,Algún campo sin dato,0.Distrito Central,1.Guatemala,0116,presidente
1612,,"{'UNE': 17, 'AZUL': 3, 'VALOR UNIONISTA': 29, 'CABAL': 11, 'TODOS': 0, 'VAMOS': 2, 'PHG': 0, 'PR': 4, 'PIN': 1, 'ELEFANTE': 5, 'VICTORIA': 8, 'SEMILLA': 57, 'FCN-NACION': 0, 'PPN': 0, 'UR': 4, 'URNG-MAIZ WINAQ': 2, 'CREO': 2, 'BIEN': 12, 'VIVA': 16, 'MI FAMILIA': 4, 'CAMBIO': 0, 'VOS': 35}",0,22,234,0,Algún campo sin dato,0.Distrito Central,1.Guatemala,0116,presidente
1613,,"{'UNE': 15, 'AZUL': 4, 'VALOR UNIONISTA': 30, 'CABAL': 17, 'TODOS': 1, 'VAMOS': 2, 'PHG': 0, 'PR': 8, 'PIN': 0, 'ELEFANTE': 0, 'VICTORIA': 11, 'SEMILLA': 76, 'FCN-NACION': 1, 'PPN': 2, 'UR': 6, 'URNG-MAIZ WINAQ': 3, 'CREO': 3, 'BIEN': 14, 'VIVA': 9, 'MI FAMILIA': 3, 'CAMBIO': 0, 'VOS': 25}",1,28,259,4,Algún campo sin dato,0.Distrito Central,1.Guatemala,0116,presidente
1614,,"{'UNE': 9, 'AZUL': 3, 'VALOR UNIONISTA': 28, 'CABAL': 18, 'TODOS': 0, 'VAMOS': 4, 'PHG': 2, 'PR': 6, 'PIN': 0, 'ELEFANTE': 7, 'VICTORIA': 9, 'SEMILLA': 63, 'FCN-NACION': 1, 'PPN': 0, 'UR': 6, 'URNG-MAIZ WINAQ': 4, 'CREO': 3, 'BIEN': 15, 'VIVA': 20, 'MI FAMILIA': 2, 'CAMBIO': 0, 'VOS': 35}",0,41,276,0,Algún campo sin dato,0.Distrito Central,1.Guatemala,0116,presidente
1615,,"{'UNE': 8, 'AZUL': 6, 'VALOR UNIONISTA': 29, 'CABAL': 19, 'TODOS': 1, 'VAMOS': 3, 'PHG': 3, 'PR': 6, 'PIN': 0, 'ELEFANTE': 4, 'VICTORIA': 10, 'SEMILLA': 60, 'FCN-NACION': 2, 'PPN': 0, 'UR': 6, 'URNG-MAIZ WINAQ': 7, 'CREO': 1, 'BIEN': 13, 'VIVA': 10, 'MI FAMILIA': 3, 'CAMBIO': 0, 'VOS': 23}",2,44,260,0,Algún campo sin dato,0.Distrito Central,1.Guatemala,0116,presidente
1616,,"{'UNE': 8, 'AZUL': 3, 'VALOR UNIONISTA': 28, 'CABAL': 19, 'TODOS': 0, 'VAMOS': 3, 'PHG': 1, 'PR': 2, 'PIN': 0, 'ELEFANTE': 1, 'VICTORIA': 9, 'SEMILLA': 77, 'FCN-NACION': 1, 'PPN': 1, 'UR': 1, 'URNG-MAIZ WINAQ': 5, 'CREO': 1, 'BIEN': 14, 'VIVA': 17, 'MI FAMILIA': 6, 'CAMBIO': 1, 'VOS': 24}",0,25,247,0,Algún campo sin dato,0.Distrito Central,1.Guatemala,0116,presidente
1617,,"{'UNE': 13, 'AZUL': 4, 'VALOR UNIONISTA': 26, 'CABAL': 16, 'TODOS': 3, 'VAMOS': 5, 'PHG': 0, 'PR': 4, 'PIN': 1, 'ELEFANTE': 2, 'VICTORIA': 6, 'SEMILLA': 93, 'FCN-NACION': 1, 'PPN': 1, 'UR': 4, 'URNG-MAIZ WINAQ': 1, 'CREO': 2, 'BIEN': 20, 'VIVA': 10, 'MI FAMILIA': 2, 'CAMBIO': 0, 'VOS': 18}",1,21,254,0,Algún campo sin dato,0.Distrito Central,1.Guatemala,0116,presidente
1618,,"{'UNE': 6, 'AZUL': 2, 'VALOR UNIONISTA': 40, 'CABAL': 16, 'TODOS': 1, 'VAMOS': 8, 'PHG': 0, 'PR': 2, 'PIN': 0, 'ELEFANTE': 5, 'VICTORIA': 13, 'SEMILLA': 75, 'FCN-NACION': 0, 'PPN': 0, 'UR': 3, 'URNG-MAIZ WINAQ': 5, 'CREO': 2, 'BIEN': 13, 'VIVA': 7, 'MI FAMILIA': 8, 'CAMBIO': 0, 'VOS': 24}",0,31,261,0,Algún campo sin dato,0.Distrito Central,1.Guatemala,0116,presidente
1619,,"{'UNE': 11, 'AZUL': 3, 'VALOR UNIONISTA': 34, 'CABAL': 15, 'TODOS': 0, 'VAMOS': 1, 'PHG': 0, 'PR': 3, 'PIN': 0, 'ELEFANTE': 2, 'VICTORIA': 7, 'SEMILLA': 74, 'FCN-NACION': 3, 'PPN': 0, 'UR': 5, 'URNG-MAIZ WINAQ': 9, 'CREO': 4, 'BIEN': 13, 'VIVA': 17, 'MI FAMILIA': 5, 'CAMBIO': 0, 'VOS': 27}",2,21,256,0,Algún campo sin dato,0.Distrito Central,1.Guatemala,0116,presidente
1620,,"{'UNE': 10, 'AZUL': 2, 'VALOR UNIONISTA': 34, 'CABAL': 14, 'TODOS': 0, 'VAMOS': 7, 'PHG': 0, 'PR': 4, 'PIN': 0, 'ELEFANTE': 5, 'VICTORIA': 9, 'SEMILLA': 63, 'FCN-NACION': 1, 'PPN': 1, 'UR': 2, 'URNG-MAIZ WINAQ': 4, 'CREO': 4, 'BIEN': 12, 'VIVA': 22, 'MI FAMILIA': 7, 'CAMBIO': 0, 'VOS': 29}",1,32,263,0,Algún campo sin dato,0.Distrito Central,1.Guatemala,0116,presidente
1621,,"{'UNE': 10, 'AZUL': 3, 'VALOR UNIONISTA': 31, 'CABAL': 14, 'TODOS': 1, 'VAMOS': 4, 'PHG': 0, 'PR': 2, 'PIN': 0, 'ELEFANTE': 1, 'VICTORIA': 8, 'SEMILLA': 79, 'FCN-NACION': 0, 'PPN': 1, 'UR': 5, 'URNG-MAIZ WINAQ': 5, 'CREO': 4, 'BIEN': 15, 'VIVA': 18, 'MI FAMILIA': 5, 'CAMBIO': 1, 'VOS': 31}",1,27,266,0,Algún campo sin dato,0.Distrito Central,1.Guatemala,0116,presidente
1622,,"{'UNE': 9, 'AZUL': 5, 'VALOR UNIONISTA': 24, 'CABAL': 17, 'TODOS': 1, 'VAMOS': 1, 'PHG': 0, 'PR': 3, 'PIN': 1, 'ELEFANTE': 6, 'VICTORIA': 13, 'SEMILLA': 76, 'FCN-NACION': 0, 'PPN': 0, 'UR': 7, 'URNG-MAIZ WINAQ': 3, 'CREO': 2, 'BIEN': 19, 'VIVA': 22, 'MI FAMILIA': 5, 'CAMBIO': 1, 'VOS': 25}",1,33,274,0,Algún campo sin dato,0.Distrito Central,1.Guatemala,0116,presidente
1623,,"{'UNE': 20, 'AZUL': 1, 'VALOR UNIONISTA': 21, 'CABAL': 13, 'TODOS': 1, 'VAMOS': 2, 'PHG': 0, 'PR': 5, 'PIN': 1, 'ELEFANTE': 3, 'VICTORIA': 9, 'SEMILLA': 91, 'FCN-NACION': 1, 'PPN': 2, 'UR': 5, 'URNG-MAIZ WINAQ': 7, 'CREO': 10, 'BIEN': 19, 'VIVA': 9, 'MI FAMILIA': 6, 'CAMBIO': 1, 'VOS': 24}",0,25,276,0,Algún campo sin dato,0.Distrito Central,1.Guatemala,0116,presidente
1624,,"{'UNE': 11, 'AZUL': 5, 'VALOR UNIONISTA': 30, 'CABAL': 11, 'TODOS': 0, 'VAMOS': 7, 'PHG': 0, 'PR': 3, 'PIN': 1, 'ELEFANTE': 2, 'VICTORIA': 9, 'SEMILLA': 71, 'FCN-NACION': 0, 'PPN': 2, 'UR': 8, 'URNG-MAIZ WINAQ': 0, 'CREO': 2, 'BIEN': 18, 'VIVA': 14, 'MI FAMILIA': 3, 'CAMBIO': 0, 'VOS': 33}",0,28,258,0,Sumas Asentadas sin cuadrar,0.Distrito Central,1.Guatemala,0116,presidente
1625,,"{'UNE': 7, 'AZUL': 5, 'VALOR UNIONISTA': 41, 'CABAL': 14, 'TODOS': 1, 'VAMOS': 5, 'PHG': 0, 'PR': 7, 'PIN': 1, 'ELEFANTE': 1, 'VICTORIA': 9, 'SEMILLA': 79, 'FCN-NACION': 2, 'PPN': 0, 'UR': 4, 'URNG-MAIZ WINAQ': 3, 'CREO': 1, 'BIEN': 21, 'VIVA': 14, 'MI FAMILIA': 3, 'CAMBIO': 1, 'VOS': 28}",1,34,282,0,Algún campo sin dato,0.Distrito Central,1.Guatemala,0116,presidente
1626,,"{'UNE': 9, 'AZUL': 2, 'VALOR UNIONISTA': 36, 'CABAL': 13, 'TODOS': 1, 'VAMOS': 6, 'PHG': 0, 'PR': 5, 'PIN': 4, 'ELEFANTE': 6, 'VICTORIA': 5, 'SEMILLA': 81, 'FCN-NACION': 1, 'PPN': 0, 'UR': 1, 'URNG-MAIZ WINAQ': 2, 'CREO': 3, 'BIEN': 16, 'VIVA': 3, 'MI FAMILIA': 6, 'CAMBIO': 0, 'VOS': 29}",3,32,264,0,Algún campo sin dato,0.Distrito Central,1.Guatemala,0116,presidente
1627,,"{'UNE': 10, 'AZUL': 1, 'VALOR UNIONISTA': 28, 'CABAL': 18, 'TODOS': 1, 'VAMOS': 0, 'PHG': 1, 'PR': 4, 'PIN': 0, 'ELEFANTE': 4, 'VICTORIA': 9, 'SEMILLA': 68, 'FCN-NACION': 0, 'PPN': 0, 'UR': 12, 'URNG-MAIZ WINAQ': 4, 'CREO': 2, 'BIEN': 12, 'VIVA': 20, 'MI FAMILIA': 0, 'CAMBIO': 0, 'VOS': 23}",0,34,251,0,Algún campo sin dato,0.Distrito Central,1.Guatemala,0116,presidente
1628,,"{'UNE': 8, 'AZUL': 3, 'VALOR UNIONISTA': 31, 'CABAL': 10, 'TODOS': 0, 'VAMOS': 8, 'PHG': 1, 'PR': 5, 'PIN': 2, 'ELEFANTE': 3, 'VICTORIA': 11, 'SEMILLA': 51, 'FCN-NACION': 2, 'PPN': 4, 'UR': 7, 'URNG-MAIZ WINAQ': 0, 'CREO': 1, 'BIEN': 11, 'VIVA': 25, 'MI FAMILIA': 6, 'CAMBIO': 0, 'VOS': 26}",0,27,242,148,Sumas Asentadas sin cuadrar,0.Distrito Central,1.Guatemala,0117,presidente
1629,,"{'UNE': 13, 'AZUL': 8, 'VALOR UNIONISTA': 29, 'CABAL': 15, 'TODOS': 1, 'VAMOS': 4, 'PHG': 0, 'PR': 4, 'PIN': 0, 'ELEFANTE': 0, 'VICTORIA': 9, 'SEMILLA': 57, 'FCN-NACION': 0, 'PPN': 2, 'UR': 2, 'URNG-MAIZ WINAQ': 0, 'CREO': 3, 'BIEN': 10, 'VIVA': 24, 'MI FAMILIA': 10, 'CAMBIO': 0, 'VOS': 30}",2,37,260,0,,0.Distrito Central,1.Guatemala,0117,presidente
1630,,"{'UNE': 9, 'AZUL': 6, 'VALOR UNIONISTA': 35, 'CABAL': 11, 'TODOS': 1, 'VAMOS': 6, 'PHG': 0, 'PR': 4, 'PIN': 1, 'ELEFANTE': 3, 'VICTORIA': 7, 'SEMILLA': 59, 'FCN-NACION': 2, 'PPN': 0, 'UR': 5, 'URNG-MAIZ WINAQ': 7, 'CREO': 2, 'BIEN': 12, 'VIVA': 12, 'MI FAMILIA': 6, 'CAMBIO': 0, 'VOS': 27}",2,26,243,0,Algún campo sin dato,0.Distrito Central,1.Guatemala,0117,presidente
1631,,"{'UNE': 12, 'AZUL': 4, 'VALOR UNIONISTA': 38, 'CABAL': 10, 'TODOS': 1, 'VAMOS': 1, 'PHG': 1, 'PR': 5, 'PIN': 2, 'ELEFANTE': 3, 'VICTORIA': 12, 'SEMILLA': 62, 'FCN-NACION': 1, 'PPN': 2, 'UR': 5, 'URNG-MAIZ WINAQ': 5, 'CREO': 4, 'BIEN': 18, 'VIVA': 14, 'MI FAMILIA': 12, 'CAMBIO': 0, 'VOS': 31}",2,24,269,132,Algún campo sin dato,0.Distrito Central,1.Guatemala,0117,presidente
1632,,"{'UNE': 12, 'AZUL': 5, 'VALOR UNIONISTA': 41, 'CABAL': 9, 'TODOS': 1, 'VAMOS': 5, 'PHG': 1, 'PR': 6, 'PIN': 1, 'ELEFANTE': 1, 'VICTORIA': 8, 'SEMILLA': 56, 'FCN-NACION': 2, 'PPN': 0, 'UR': 3, 'URNG-MAIZ WINAQ': 7, 'CREO': 3, 'BIEN': 13, 'VIVA': 26, 'MI FAMILIA': 4, 'CAMBIO': 0, 'VOS': 20}",0,31,255,154,Algún campo sin dato,0.Distrito Central,1.Guatemala,0117,presidente
1633,,"{'UNE': 10, 'AZUL': 7, 'VALOR UNIONISTA': 32, 'CABAL': 16, 'TODOS': 0, 'VAMOS': 6, 'PHG': 0, 'PR': 5, 'PIN': 0, 'ELEFANTE': 3, 'VICTORIA': 6, 'SEMILLA': 61, 'FCN-NACION': 0, 'PPN': 1, 'UR': 1, 'URNG-MAIZ WINAQ': 2, 'CREO': 2, 'BIEN': 13, 'VIVA': 19, 'MI FAMILIA': 4, 'CAMBIO': 0, 'VOS': 23}",151,35,397,0,Algún campo sin dato,0.Distrito Central,1.Guatemala,0117,presidente
1634,,"{'UNE': 17, 'AZUL': 4, 'VALOR UNIONISTA': 32, 'CABAL': 17, 'TODOS': 1, 'VAMOS': 2, 'PHG': 0, 'PR': 5, 'PIN': 0, 'ELEFANTE': 5, 'VICTORIA': 16, 'SEMILLA': 55, 'FCN-NACION': 0, 'PPN': 1, 'UR': 4, 'URNG-MAIZ WINAQ': 2, 'CREO': 4, 'BIEN': 11, 'VIVA': 23, 'MI FAMILIA': 10, 'CAMBIO': 1, 'VOS': 20}",0,25,255,0,Algún campo sin dato,0.Distrito Central,1.Guatemala,0117,presidente
1635,,"{'UNE': 12, 'AZUL': 6, 'VALOR UNIONISTA': 31, 'CABAL': 6, 'TODOS': 1, 'VAMOS': 4, 'PHG': 0, 'PR': 3, 'PIN': 1, 'ELEFANTE': 3, 'VICTORIA': 12, 'SEMILLA': 67, 'FCN-NACION': 2, 'PPN': 1, 'UR': 6, 'URNG-MAIZ WINAQ': 3, 'CREO': 4, 'BIEN': 9, 'VIVA': 14, 'MI FAMILIA': 5, 'CAMBIO': 1, 'VOS': 23}",2,21,237,181,,0.Distrito Central,1.Guatemala,0117,presidente
1636,,"{'UNE': 18, 'AZUL': 2, 'VALOR UNIONISTA': 26, 'CABAL': 12, 'TODOS': 1, 'VAMOS': 3, 'PHG': 0, 'PR': 6, 'PIN': 1, 'ELEFANTE': 3, 'VICTORIA': 8, 'SEMILLA': 67, 'FCN-NACION': 0, 'PPN': 0, 'UR': 3, 'URNG-MAIZ WINAQ': 2, 'CREO': 2, 'BIEN': 12, 'VIVA': 13, 'MI FAMILIA': 4, 'CAMBIO': 0, 'VOS': 17}",0,28,228,0,Algún campo sin dato,0.Distrito Central,1.Guatemala,0117,presidente
1637,,"{'UNE': 14, 'AZUL': 4, 'VALOR UNIONISTA': 18, 'CABAL': 18, 'TODOS': 1, 'VAMOS': 3, 'PHG': 0, 'PR': 3, 'PIN': 0, 'ELEFANTE': 1, 'VICTORIA': 6, 'SEMILLA': 51, 'FCN-NACION': 1, 'PPN': 0, 'UR': 2, 'URNG-MAIZ WINAQ': 11, 'CREO': 0, 'BIEN': 7, 'VIVA': 16, 'MI FAMILIA': 3, 'CAMBIO': 0, 'VOS': 24}",1,30,214,0,Algún campo sin dato,0.Distrito Central,1.Guatemala,0117,presidente
1638,,"{'UNE': 9, 'AZUL': 6, 'VALOR UNIONISTA': 32, 'CABAL': 16, 'TODOS': 1, 'VAMOS': 1, 'PHG': 0, 'PR': 2, 'PIN': 0, 'ELEFANTE': 2, 'VICTORIA': 7, 'SEMILLA': 63, 'FCN-NACION': 1, 'PPN': 2, 'UR': 0, 'URNG-MAIZ WINAQ': 2, 'CREO': 2, 'BIEN': 12, 'VIVA': 20, 'MI FAMILIA': 2, 'CAMBIO': 0, 'VOS': 19}",1,27,227,0,Algún campo sin dato,0.Distrito Central,1.Guatemala,0117,presidente
1639,,"{'UNE': 12, 'AZUL': 2, 'VALOR UNIONISTA': 29, 'CABAL': 14, 'TODOS': 1, 'VAMOS': 1, 'PHG': 0, 'PR': 5, 'PIN': 0, 'ELEFANTE': 3, 'VICTORIA': 7, 'SEMILLA': 67, 'FCN-NACION': 2, 'PPN': 1, 'UR': 5, 'URNG-MAIZ WINAQ': 8, 'CREO': 4, 'BIEN': 11, 'VIVA': 13, 'MI FAMILIA': 7, 'CAMBIO': 0, 'VOS': 26}",0,27,245,0,Algún campo sin dato,0.Distrito Central,1.Guatemala,0117,presidente
1640,,"{'UNE': 11, 'AZUL': 6, 'VALOR UNIONISTA': 26, 'CABAL': 11, 'TODOS': 4, 'VAMOS': 0, 'PHG': 0, 'PR': 2, 'PIN': 0, 'ELEFANTE': 1, 'VICTORIA': 10, 'SEMILLA': 80, 'FCN-NACION': 0, 'PPN': 0, 'UR': 3, 'URNG-MAIZ WINAQ': 5, 'CREO': 2, 'BIEN': 10, 'VIVA': 24, 'MI FAMILIA': 3, 'CAMBIO': 0, 'VOS': 25}",2,18,243,0,Algún campo sin dato,0.Distrito Central,1.Guatemala,0117,presidente
1641,,"{'UNE': 8, 'AZUL': 5, 'VALOR UNIONISTA': 18, 'CABAL': 11, 'TODOS': 2, 'VAMOS': 1, 'PHG': 0, 'PR': 1, 'PIN': 1, 'ELEFANTE': 1, 'VICTORIA': 10, 'SEMILLA': 95, 'FCN-NACION': 2, 'PPN': 0, 'UR': 3, 'URNG-MAIZ WINAQ': 1, 'CREO': 0, 'BIEN': 17, 'VIVA': 11, 'MI FAMILIA': 3, 'CAMBIO': 2, 'VOS': 14}",1,19,226,0,Algún campo sin dato,0.Distrito Central,1.Guatemala,0117,presidente
1642,,"{'UNE': 6, 'AZUL': 4, 'VALOR UNIONISTA': 19, 'CABAL': 10, 'TODOS': 0, 'VAMOS': 2, 'PHG': 0, 'PR': 1, 'PIN': 1, 'ELEFANTE': 2, 'VICTORIA': 7, 'SEMILLA': 147, 'FCN-NACION': 0, 'PPN': 0, 'UR': 3, 'URNG-MAIZ WINAQ': 4, 'CREO': 1, 'BIEN': 17, 'VIVA': 6, 'MI FAMILIA': 2, 'CAMBIO': 1, 'VOS': 35}",0,8,276,0,Algún campo sin dato,0.Distrito Central,1.Guatemala,0117,presidente
1643,,"{'UNE': 2, 'AZUL': 1, 'VALOR UNIONISTA': 15, 'CABAL': 13, 'TODOS': 1, 'VAMOS': 2, 'PHG': 0, 'PR': 2, 'PIN': 1, 'ELEFANTE': 1, 'VICTORIA': 7, 'SEMILLA': 151, 'FCN-NACION': 0, 'PPN': 0, 'UR': 7, 'URNG-MAIZ WINAQ': 3, 'CREO': 3, 'BIEN': 23, 'VIVA': 1, 'MI FAMILIA': 2, 'CAMBIO': 2, 'VOS': 17}",132,14,400,0,Algún campo sin dato,0.Distrito Central,1.Guatemala,0117,presidente
1644,,"{'UNE': 6, 'AZUL': 2, 'VALOR UNIONISTA': 9, 'CABAL': 11, 'TODOS': 0, 'VAMOS': 2, 'PHG': 0, 'PR': 1, 'PIN': 1, 'ELEFANTE': 4, 'VICTORIA': 7, 'SEMILLA': 142, 'FCN-NACION': 1, 'PPN': 0, 'UR': 5, 'URNG-MAIZ WINAQ': 1, 'CREO': 1, 'BIEN': 5, 'VIVA': 10, 'MI FAMILIA': 0, 'CAMBIO': 1, 'VOS': 14}",0,18,241,0,,0.Distrito Central,1.Guatemala,0117,presidente
1645,,"{'UNE': 9, 'AZUL': 3, 'VALOR UNIONISTA': 12, 'CABAL': 9, 'TODOS': 1, 'VAMOS': 2, 'PHG': 0, 'PR': 4, 'PIN': 1, 'ELEFANTE': 3, 'VICTORIA': 9, 'SEMILLA': 77, 'FCN-NACION': 1, 'PPN': 1, 'UR': 0, 'URNG-MAIZ WINAQ': 2, 'CREO': 0, 'BIEN': 4, 'VIVA': 17, 'MI FAMILIA': 3, 'CAMBIO': 0, 'VOS': 12}",0,26,196,0,Algún campo sin dato,0.Distrito Central,1.Guatemala,0117,presidente
1646,,"{'UNE': 3, 'AZUL': 1, 'VALOR UNIONISTA': 22, 'CABAL': 9, 'TODOS': 0, 'VAMOS': 3, 'PHG': 0, 'PR': 3, 'PIN': 1, 'ELEFANTE': 1, 'VICTORIA': 9, 'SEMILLA': 84, 'FCN-NACION': 1, 'PPN': 1, 'UR': 1, 'URNG-MAIZ WINAQ': 6, 'CREO': 1, 'BIEN': 9, 'VIVA': 9, 'MI FAMILIA': 3, 'CAMBIO': 2, 'VOS': 22}",0,20,211,0,Algún campo sin dato,0.Distrito Central,1.Guatemala,0117,presidente
1647,,"{'UNE': 5, 'AZUL': 1, 'VALOR UNIONISTA': 12, 'CABAL': 4, 'TODOS': 0, 'VAMOS': 1, 'PHG': 1, 'PR': 1, 'PIN': 0, 'ELEFANTE': 2, 'VICTORIA': 5, 'SEMILLA': 51, 'FCN-NACION': 0, 'PPN': 0, 'UR': 2, 'URNG-MAIZ WINAQ': 1, 'CREO': 2, 'BIEN': 7, 'VIVA': 3, 'MI FAMILIA': 0, 'CAMBIO': 0, 'VOS': 4}",0,7,109,0,Algún campo sin dato,0.Distrito Central,1.Guatemala,0117,presidente
1648,,"{'UNE': 4, 'AZUL': 1, 'VALOR UNIONISTA': 8, 'CABAL': 7, 'TODOS': 0, 'VAMOS': 1, 'PHG': 0, 'PR': 0, 'PIN': 0, 'ELEFANTE': 1, 'VICTORIA': 6, 'SEMILLA': 37, 'FCN-NACION': 0, 'PPN': 0, 'UR': 2, 'URNG-MAIZ WINAQ': 1, 'CREO': 1, 'BIEN': 2, 'VIVA': 7, 'MI FAMILIA': 0, 'CAMBIO': 0, 'VOS': 4}",0,7,89,0,Algún campo sin dato,0.Distrito Central,1.Guatemala,0117,presidente
1649,,"{'UNE': 17, 'AZUL': 4, 'VALOR UNIONISTA': 27, 'CABAL': 17, 'TODOS': 1, 'VAMOS': 4, 'PHG': 0, 'PR': 5, 'PIN': 0, 'ELEFANTE': 4, 'VICTORIA': 4, 'SEMILLA': 72, 'FCN-NACION': 1, 'PPN': 0, 'UR': 6, 'URNG-MAIZ WINAQ': 5, 'CREO': 2, 'BIEN': 7, 'VIVA': 11, 'MI FAMILIA': 6, 'CAMBIO': 0, 'VOS': 50}",0,34,277,0,Sumas Asentadas sin cuadrar,0.Distrito Central,1.Guatemala,0118,presidente
1650,,"{'UNE': 11, 'AZUL': 10, 'VALOR UNIONISTA': 32, 'CABAL': 17, 'TODOS': 1, 'VAMOS': 1, 'PHG': 0, 'PR': 4, 'PIN': 0, 'ELEFANTE': 5, 'VICTORIA': 9, 'SEMILLA': 64, 'FCN-NACION': 3, 'PPN': 2, 'UR': 3, 'URNG-MAIZ WINAQ': 6, 'CREO': 1, 'BIEN': 11, 'VIVA': 8, 'MI FAMILIA': 6, 'CAMBIO': 0, 'VOS': 25}",0,37,256,0,Algún campo sin dato,0.Distrito Central,1.Guatemala,0118,presidente
1651,,"{'UNE': 17, 'AZUL': 0, 'VALOR UNIONISTA': 39, 'CABAL': 23, 'TODOS': 1, 'VAMOS': 2, 'PHG': 0, 'PR': 1, 'PIN': 1, 'ELEFANTE': 7, 'VICTORIA': 1, 'SEMILLA': 57, 'FCN-NACION': 1, 'PPN': 1, 'UR': 6, 'URNG-MAIZ WINAQ': 7, 'CREO': 3, 'BIEN': 16, 'VIVA': 14, 'MI FAMILIA': 10, 'CAMBIO': 0, 'VOS': 27}",1,35,270,0,Algún campo sin dato,0.Distrito Central,1.Guatemala,0118,presidente
1652,,"{'UNE': 15, 'AZUL': 7, 'VALOR UNIONISTA': 52, 'CABAL': 19, 'TODOS': 1, 'VAMOS': 3, 'PHG': 0, 'PR': 5, 'PIN': 0, 'ELEFANTE': 5, 'VICTORIA': 1, 'SEMILLA': 68, 'FCN-NACION': 0, 'PPN': 0, 'UR': 5, 'URNG-MAIZ WINAQ': 11, 'CREO': 3, 'BIEN': 7, 'VIVA': 10, 'MI FAMILIA': 8, 'CAMBIO': 1, 'VOS': 30}",0,35,286,1,Algún campo sin dato,0.Distrito Central,1.Guatemala,0118,presidente
1653,,"{'UNE': 12, 'AZUL': 7, 'VALOR UNIONISTA': 30, 'CABAL': 18, 'TODOS': 3, 'VAMOS': 3, 'PHG': 0, 'PR': 3, 'PIN': 1, 'ELEFANTE': 6, 'VICTORIA': 1, 'SEMILLA': 75, 'FCN-NACION': 0, 'PPN': 2, 'UR': 2, 'URNG-MAIZ WINAQ': 3, 'CREO': 9, 'BIEN': 15, 'VIVA': 7, 'MI FAMILIA': 6, 'CAMBIO': 0, 'VOS': 27}",0,28,258,10,Algún campo sin dato,0.Distrito Central,1.Guatemala,0118,presidente
1654,,"{'UNE': 8, 'AZUL': 7, 'VALOR UNIONISTA': 33, 'CABAL': 21, 'TODOS': 0, 'VAMOS': 5, 'PHG': 0, 'PR': 1, 'PIN': 0, 'ELEFANTE': 7, 'VICTORIA': 4, 'SEMILLA': 74, 'FCN-NACION': 1, 'PPN': 1, 'UR': 3, 'URNG-MAIZ WINAQ': 1, 'CREO': 7, 'BIEN': 16, 'VIVA': 8, 'MI FAMILIA': 8, 'CAMBIO': 1, 'VOS': 29}",0,32,267,0,Algún campo sin dato,0.Distrito Central,1.Guatemala,0118,presidente
1655,,"{'UNE': 18, 'AZUL': 2, 'VALOR UNIONISTA': 29, 'CABAL': 24, 'TODOS': 1, 'VAMOS': 4, 'PHG': 0, 'PR': 1, 'PIN': 1, 'ELEFANTE': 3, 'VICTORIA': 2, 'SEMILLA': 60, 'FCN-NACION': 0, 'PPN': 0, 'UR': 6, 'URNG-MAIZ WINAQ': 1, 'CREO': 7, 'BIEN': 30, 'VIVA': 7, 'MI FAMILIA': 1, 'CAMBIO': 0, 'VOS': 40}",1,32,270,0,Algún campo sin dato,0.Distrito Central,1.Guatemala,0118,presidente
1656,,"{'UNE': 15, 'AZUL': 7, 'VALOR UNIONISTA': 30, 'CABAL': 26, 'TODOS': 0, 'VAMOS': 3, 'PHG': 0, 'PR': 5, 'PIN': 0, 'ELEFANTE': 2, 'VICTORIA': 4, 'SEMILLA': 74, 'FCN-NACION': 0, 'PPN': 0, 'UR': 6, 'URNG-MAIZ WINAQ': 5, 'CREO': 6, 'BIEN': 16, 'VIVA': 9, 'MI FAMILIA': 5, 'CAMBIO': 0, 'VOS': 26}",0,34,273,0,Algún campo sin dato,0.Distrito Central,1.Guatemala,0118,presidente
1657,,"{'UNE': 10, 'AZUL': 4, 'VALOR UNIONISTA': 13, 'CABAL': 18, 'TODOS': 0, 'VAMOS': 4, 'PHG': 0, 'PR': 4, 'PIN': 0, 'ELEFANTE': 3, 'VICTORIA': 4, 'SEMILLA': 101, 'FCN-NACION': 1, 'PPN': 0, 'UR': 2, 'URNG-MAIZ WINAQ': 6, 'CREO': 5, 'BIEN': 12, 'VIVA': 12, 'MI FAMILIA': 0, 'CAMBIO': 0, 'VOS': 32}",0,24,255,0,Sumas Asentadas sin cuadrar,0.Distrito Central,1.Guatemala,0118,presidente
1658,,"{'UNE': 10, 'AZUL': 3, 'VALOR UNIONISTA': 23, 'CABAL': 11, 'TODOS': 0, 'VAMOS': 4, 'PHG': 1, 'PR': 1, 'PIN': 1, 'ELEFANTE': 4, 'VICTORIA': 2, 'SEMILLA': 101, 'FCN-NACION': 2, 'PPN': 0, 'UR': 3, 'URNG-MAIZ WINAQ': 1, 'CREO': 3, 'BIEN': 23, 'VIVA': 7, 'MI FAMILIA': 3, 'CAMBIO': 0, 'VOS': 31}",0,22,256,0,Algún campo sin dato,0.Distrito Central,1.Guatemala,0118,presidente
1659,,"{'UNE': 16, 'AZUL': 4, 'VALOR UNIONISTA': 28, 'CABAL': 16, 'TODOS': 0, 'VAMOS': 2, 'PHG': 0, 'PR': 4, 'PIN': 1, 'ELEFANTE': 5, 'VICTORIA': 3, 'SEMILLA': 63, 'FCN-NACION': 0, 'PPN': 0, 'UR': 1, 'URNG-MAIZ WINAQ': 4, 'CREO': 1, 'BIEN': 20, 'VIVA': 5, 'MI FAMILIA': 5, 'CAMBIO': 0, 'VOS': 27}",0,34,239,0,Algún campo sin dato,0.Distrito Central,1.Guatemala,0118,presidente
1660,,"{'UNE': 13, 'AZUL': 5, 'VALOR UNIONISTA': 30, 'CABAL': 25, 'TODOS': 4, 'VAMOS': 8, 'PHG': 1, 'PR': 3, 'PIN': 1, 'ELEFANTE': 3, 'VICTORIA': 4, 'SEMILLA': 72, 'FCN-NACION': 0, 'PPN': 0, 'UR': 1, 'URNG-MAIZ WINAQ': 5, 'CREO': 5, 'BIEN': 16, 'VIVA': 5, 'MI FAMILIA': 5, 'CAMBIO': 1, 'VOS': 30}",1,33,271,0,Algún campo sin dato,0.Distrito Central,1.Guatemala,0118,presidente
1661,,"{'UNE': 6, 'AZUL': 2, 'VALOR UNIONISTA': 34, 'CABAL': 17, 'TODOS': 2, 'VAMOS': 6, 'PHG': 0, 'PR': 2, 'PIN': 0, 'ELEFANTE': 1, 'VICTORIA': 5, 'SEMILLA': 80, 'FCN-NACION': 0, 'PPN': 0, 'UR': 1, 'URNG-MAIZ WINAQ': 5, 'CREO': 2, 'BIEN': 17, 'VIVA': 6, 'MI FAMILIA': 10, 'CAMBIO': 0, 'VOS': 40}",0,27,263,0,Algún campo sin dato,0.Distrito Central,1.Guatemala,0118,presidente
1662,,"{'UNE': 11, 'AZUL': 7, 'VALOR UNIONISTA': 24, 'CABAL': 13, 'TODOS': 0, 'VAMOS': 3, 'PHG': 0, 'PR': 2, 'PIN': 1, 'ELEFANTE': 7, 'VICTORIA': 6, 'SEMILLA': 78, 'FCN-NACION': 1, 'PPN': 1, 'UR': 7, 'URNG-MAIZ WINAQ': 3, 'CREO': 5, 'BIEN': 16, 'VIVA': 17, 'MI FAMILIA': 8, 'CAMBIO': 0, 'VOS': 29}",3,24,266,0,Algún campo sin dato,0.Distrito Central,1.Guatemala,0118,presidente
1663,,"{'UNE': 16, 'AZUL': 1, 'VALOR UNIONISTA': 41, 'CABAL': 16, 'TODOS': 0, 'VAMOS': 5, 'PHG': 1, 'PR': 2, 'PIN': 0, 'ELEFANTE': 8, 'VICTORIA': 2, 'SEMILLA': 78, 'FCN-NACION': 0, 'PPN': 0, 'UR': 9, 'URNG-MAIZ WINAQ': 4, 'CREO': 6, 'BIEN': 18, 'VIVA': 10, 'MI FAMILIA': 5, 'CAMBIO': 0, 'VOS': 20}",1,29,272,0,Algún campo sin dato,0.Distrito Central,1.Guatemala,0118,presidente
1664,,"{'UNE': 14, 'AZUL': 4, 'VALOR UNIONISTA': 28, 'CABAL': 15, 'TODOS': 1, 'VAMOS': 4, 'PHG': 1, 'PR': 1, 'PIN': 1, 'ELEFANTE': 6, 'VICTORIA': 1, 'SEMILLA': 82, 'FCN-NACION': 1, 'PPN': 0, 'UR': 1, 'URNG-MAIZ WINAQ': 0, 'CREO': 8, 'BIEN': 25, 'VIVA': 8, 'MI FAMILIA': 3, 'CAMBIO': 1, 'VOS': 30}",1,28,264,0,Algún campo sin dato,0.Distrito Central,1.Guatemala,0119,presidente
1665,,"{'UNE': 6, 'AZUL': 4, 'VALOR UNIONISTA': 34, 'CABAL': 13, 'TODOS': 0, 'VAMOS': 5, 'PHG': 1, 'PR': 1, 'PIN': 0, 'ELEFANTE': 6, 'VICTORIA': 2, 'SEMILLA': 70, 'FCN-NACION': 0, 'PPN': 2, 'UR': 1, 'URNG-MAIZ WINAQ': 4, 'CREO': 2, 'BIEN': 12, 'VIVA': 12, 'MI FAMILIA': 9, 'CAMBIO': 0, 'VOS': 21}",1,35,241,0,Algún campo sin dato,0.Distrito Central,1.Guatemala,0119,presidente
1666,,"{'UNE': 16, 'AZUL': 3, 'VALOR UNIONISTA': 29, 'CABAL': 16, 'TODOS': 0, 'VAMOS': 3, 'PHG': 0, 'PR': 1, 'PIN': 1, 'ELEFANTE': 3, 'VICTORIA': 3, 'SEMILLA': 75, 'FCN-NACION': 0, 'PPN': 2, 'UR': 5, 'URNG-MAIZ WINAQ': 2, 'CREO': 5, 'BIEN': 20, 'VIVA': 7, 'MI FAMILIA': 6, 'CAMBIO': 0, 'VOS': 28}",1,29,255,0,Algún campo sin dato,0.Distrito Central,1.Guatemala,0119,presidente
1667,,"{'UNE': 12, 'AZUL': 6, 'VALOR UNIONISTA': 32, 'CABAL': 19, 'TODOS': 1, 'VAMOS': 2, 'PHG': 0, 'PR': 1, 'PIN': 0, 'ELEFANTE': 6, 'VICTORIA': 2, 'SEMILLA': 72, 'FCN-NACION': 0, 'PPN': 0, 'UR': 1, 'URNG-MAIZ WINAQ': 6, 'CREO': 6, 'BIEN': 10, 'VIVA': 6, 'MI FAMILIA': 6, 'CAMBIO': 0, 'VOS': 35}",1,35,259,0,Algún campo sin dato,0.Distrito Central,1.Guatemala,0119,presidente
1668,,"{'UNE': 16, 'AZUL': 4, 'VALOR UNIONISTA': 21, 'CABAL': 19, 'TODOS': 0, 'VAMOS': 1, 'PHG': 0, 'PR': 1, 'PIN': 1, 'ELEFANTE': 6, 'VICTORIA': 2, 'SEMILLA': 76, 'FCN-NACION': 0, 'PPN': 4, 'UR': 2, 'URNG-MAIZ WINAQ': 2, 'CREO': 5, 'BIEN': 18, 'VIVA': 8, 'MI FAMILIA': 9, 'CAMBIO': 0, 'VOS': 24}",0,22,241,0,Algún campo sin dato,0.Distrito Central,1.Guatemala,0119,presidente
1669,,"{'UNE': 16, 'AZUL': 5, 'VALOR UNIONISTA': 30, 'CABAL': 16, 'TODOS': 1, 'VAMOS': 5, 'PHG': 0, 'PR': 2, 'PIN': 0, 'ELEFANTE': 5, 'VICTORIA': 5, 'SEMILLA': 62, 'FCN-NACION': 1, 'PPN': 0, 'UR': 1, 'URNG-MAIZ WINAQ': 2, 'CREO': 5, 'BIEN': 13, 'VIVA': 9, 'MI FAMILIA': 7, 'CAMBIO': 0, 'VOS': 36}",0,40,261,0,Algún campo sin dato,0.Distrito Central,1.Guatemala,0119,presidente
1670,,"{'UNE': 13, 'AZUL': 6, 'VALOR UNIONISTA': 32, 'CABAL': 15, 'TODOS': 2, 'VAMOS': 8, 'PHG': 0, 'PR': 1, 'PIN': 1, 'ELEFANTE': 5, 'VICTORIA': 2, 'SEMILLA': 63, 'FCN-NACION': 1, 'PPN': 0, 'UR': 2, 'URNG-MAIZ WINAQ': 4, 'CREO': 6, 'BIEN': 17, 'VIVA': 10, 'MI FAMILIA': 8, 'CAMBIO': 0, 'VOS': 20}",0,35,251,0,Algún campo sin dato,0.Distrito Central,1.Guatemala,0119,presidente
1671,,"{'UNE': 11, 'AZUL': 5, 'VALOR UNIONISTA': 26, 'CABAL': 12, 'TODOS': 1, 'VAMOS': 6, 'PHG': 1, 'PR': 0, 'PIN': 0, 'ELEFANTE': 2, 'VICTORIA': 3, 'SEMILLA': 85, 'FCN-NACION': 0, 'PPN': 1, 'UR': 4, 'URNG-MAIZ WINAQ': 3, 'CREO': 6, 'BIEN': 14, 'VIVA': 11, 'MI FAMILIA': 9, 'CAMBIO': 1, 'VOS': 26}",0,29,256,0,Algún campo sin dato,0.Distrito Central,1.Guatemala,0119,presidente
1672,,"{'UNE': 13, 'AZUL': 1, 'VALOR UNIONISTA': 28, 'CABAL': 20, 'TODOS': 0, 'VAMOS': 5, 'PHG': 1, 'PR': 0, 'PIN': 0, 'ELEFANTE': 4, 'VICTORIA': 0, 'SEMILLA': 72, 'FCN-NACION': 2, 'PPN': 2, 'UR': 3, 'URNG-MAIZ WINAQ': 4, 'CREO': 2, 'BIEN': 17, 'VIVA': 7, 'MI FAMILIA': 3, 'CAMBIO': 0, 'VOS': 24}",0,16,224,0,Algún campo sin dato,0.Distrito Central,1.Guatemala,0119,presidente
1673,,"{'UNE': 10, 'AZUL': 4, 'VALOR UNIONISTA': 20, 'CABAL': 13, 'TODOS': 0, 'VAMOS': 6, 'PHG': 1, 'PR': 1, 'PIN': 3, 'ELEFANTE': 5, 'VICTORIA': 3, 'SEMILLA': 69, 'FCN-NACION': 0, 'PPN': 0, 'UR': 3, 'URNG-MAIZ WINAQ': 3, 'CREO': 2, 'BIEN': 19, 'VIVA': 4, 'MI FAMILIA': 3, 'CAMBIO': 0, 'VOS': 19}",1,32,221,0,Algún campo sin dato,0.Distrito Central,1.Guatemala,0119,presidente
1674,,"{'UNE': 11, 'AZUL': 1, 'VALOR UNIONISTA': 23, 'CABAL': 15, 'TODOS': 0, 'VAMOS': 2, 'PHG': 0, 'PR': 1, 'PIN': 1, 'ELEFANTE': 6, 'VICTORIA': 2, 'SEMILLA': 116, 'FCN-NACION': 2, 'PPN': 0, 'UR': 2, 'URNG-MAIZ WINAQ': 3, 'CREO': 3, 'BIEN': 9, 'VIVA': 4, 'MI FAMILIA': 3, 'CAMBIO': 2, 'VOS': 23}",0,0,229,25,Algún campo sin dato,0.Distrito Central,1.Guatemala,0119,presidente
1675,,"{'UNE': 5, 'AZUL': 2, 'VALOR UNIONISTA': 10, 'CABAL': 9, 'TODOS': 1, 'VAMOS': 3, 'PHG': 0, 'PR': 1, 'PIN': 0, 'ELEFANTE': 4, 'VICTORIA': 4, 'SEMILLA': 129, 'FCN-NACION': 1, 'PPN': 0, 'UR': 2, 'URNG-MAIZ WINAQ': 1, 'CREO': 3, 'BIEN': 18, 'VIVA': 7, 'MI FAMILIA': 2, 'CAMBIO': 0, 'VOS': 20}",1,22,245,0,Algún campo sin dato,0.Distrito Central,1.Guatemala,0119,presidente
1676,,"{'UNE': 4, 'AZUL': 3, 'VALOR UNIONISTA': 19, 'CABAL': 8, 'TODOS': 0, 'VAMOS': 1, 'PHG': 0, 'PR': 1, 'PIN': 0, 'ELEFANTE': 0, 'VICTORIA': 0, 'SEMILLA': 168, 'FCN-NACION': 0, 'PPN': 0, 'UR': 0, 'URNG-MAIZ WINAQ': 2, 'CREO': 1, 'BIEN': 21, 'VIVA': 7, 'MI FAMILIA': 2, 'CAMBIO': 0, 'VOS': 26}",128,9,400,0,Algún campo sin dato,0.Distrito Central,1.Guatemala,0119,presidente
1677,,"{'UNE': 6, 'AZUL': 3, 'VALOR UNIONISTA': 10, 'CABAL': 10, 'TODOS': 0, 'VAMOS': 1, 'PHG': 0, 'PR': 0, 'PIN': 0, 'ELEFANTE': 3, 'VICTORIA': 2, 'SEMILLA': 116, 'FCN-NACION': 0, 'PPN': 1, 'UR': 1, 'URNG-MAIZ WINAQ': 0, 'CREO': 5, 'BIEN': 9, 'VIVA': 5, 'MI FAMILIA': 0, 'CAMBIO': 0, 'VOS': 16}",207,15,410,0,Sumas Asentadas sin cuadrar,0.Distrito Central,1.Guatemala,0119,presidente
1678,,"{'UNE': 11, 'AZUL': 2, 'VALOR UNIONISTA': 9, 'CABAL': 6, 'TODOS': 0, 'VAMOS': 1, 'PHG': 0, 'PR': 0, 'PIN': 1, 'ELEFANTE': 0, 'VICTORIA': 2, 'SEMILLA': 90, 'FCN-NACION': 0, 'PPN': 0, 'UR': 2, 'URNG-MAIZ WINAQ': 0, 'CREO': 3, 'BIEN': 10, 'VIVA': 9, 'MI FAMILIA': 1, 'CAMBIO': 1, 'VOS': 18}",1,17,184,0,Algún campo sin dato,0.Distrito Central,1.Guatemala,0119,presidente
1679,,"{'UNE': 7, 'AZUL': 1, 'VALOR UNIONISTA': 9, 'CABAL': 7, 'TODOS': 0, 'VAMOS': 1, 'PHG': 0, 'PR': 1, 'PIN': 0, 'ELEFANTE': 3, 'VICTORIA': 1, 'SEMILLA': 103, 'FCN-NACION': 0, 'PPN': 1, 'UR': 1, 'URNG-MAIZ WINAQ': 0, 'CREO': 1, 'BIEN': 6, 'VIVA': 1, 'MI FAMILIA': 2, 'CAMBIO': 0, 'VOS': 8}",0,14,167,0,Algún campo sin dato,0.Distrito Central,1.Guatemala,0119,presidente
1680,,"{'UNE': 26, 'AZUL': 3, 'VALOR UNIONISTA': 30, 'CABAL': 22, 'TODOS': 2, 'VAMOS': 8, 'PHG': 1, 'PR': 3, 'PIN': 1, 'ELEFANTE': 2, 'VICTORIA': 8, 'SEMILLA': 60, 'FCN-NACION': 2, 'PPN': 1, 'UR': 3, 'URNG-MAIZ WINAQ': 7, 'CREO': 2, 'BIEN': 9, 'VIVA': 15, 'MI FAMILIA': 3, 'CAMBIO': 2, 'VOS': 23}",2,29,264,1,Algún campo sin dato,0.Distrito Central,1.Guatemala,0120,presidente
1681,,"{'UNE': 26, 'AZUL': 6, 'VALOR UNIONISTA': 30, 'CABAL': 10, 'TODOS': 1, 'VAMOS': 2, 'PHG': 0, 'PR': 3, 'PIN': 0, 'ELEFANTE': 6, 'VICTORIA': 3, 'SEMILLA': 54, 'FCN-NACION': 1, 'PPN': 2, 'UR': 2, 'URNG-MAIZ WINAQ': 3, 'CREO': 3, 'BIEN': 11, 'VIVA': 15, 'MI FAMILIA': 6, 'CAMBIO': 0, 'VOS': 25}",2,40,251,0,Algún campo sin dato,0.Distrito Central,1.Guatemala,0120,presidente
1682,,"{'UNE': 18, 'AZUL': 2, 'VALOR UNIONISTA': 23, 'CABAL': 12, 'TODOS': 1, 'VAMOS': 2, 'PHG': 1, 'PR': 3, 'PIN': 0, 'ELEFANTE': 5, 'VICTORIA': 3, 'SEMILLA': 58, 'FCN-NACION': 2, 'PPN': 1, 'UR': 5, 'URNG-MAIZ WINAQ': 6, 'CREO': 3, 'BIEN': 17, 'VIVA': 17, 'MI FAMILIA': 7, 'CAMBIO': 1, 'VOS': 20}",1,33,241,0,Algún campo sin dato,0.Distrito Central,1.Guatemala,0120,presidente
1683,,"{'UNE': 19, 'AZUL': 3, 'VALOR UNIONISTA': 28, 'CABAL': 15, 'TODOS': 1, 'VAMOS': 4, 'PHG': 0, 'PR': 6, 'PIN': 0, 'ELEFANTE': 3, 'VICTORIA': 3, 'SEMILLA': 59, 'FCN-NACION': 2, 'PPN': 3, 'UR': 9, 'URNG-MAIZ WINAQ': 7, 'CREO': 5, 'BIEN': 9, 'VIVA': 15, 'MI FAMILIA': 7, 'CAMBIO': 1, 'VOS': 19}",1,28,247,0,Algún campo sin dato,0.Distrito Central,1.Guatemala,0120,presidente
1684,,"{'UNE': 15, 'AZUL': 4, 'VALOR UNIONISTA': 38, 'CABAL': 11, 'TODOS': 0, 'VAMOS': 8, 'PHG': 0, 'PR': 1, 'PIN': 1, 'ELEFANTE': 3, 'VICTORIA': 6, 'SEMILLA': 60, 'FCN-NACION': 1, 'PPN': 0, 'UR': 7, 'URNG-MAIZ WINAQ': 6, 'CREO': 7, 'BIEN': 9, 'VIVA': 16, 'MI FAMILIA': 3, 'CAMBIO': 0, 'VOS': 21}",0,31,248,0,Algún campo sin dato,0.Distrito Central,1.Guatemala,0120,presidente
1685,,"{'UNE': 23, 'AZUL': 5, 'VALOR UNIONISTA': 19, 'CABAL': 17, 'TODOS': 1, 'VAMOS': 10, 'PHG': 1, 'PR': 5, 'PIN': 4, 'ELEFANTE': 5, 'VICTORIA': 5, 'SEMILLA': 54, 'FCN-NACION': 0, 'PPN': 1, 'UR': 6, 'URNG-MAIZ WINAQ': 0, 'CREO': 4, 'BIEN': 17, 'VIVA': 6, 'MI FAMILIA': 5, 'CAMBIO': 1, 'VOS': 21}",2,25,237,0,Sumas Asentadas sin cuadrar,0.Distrito Central,1.Guatemala,0120,presidente
1686,,"{'UNE': 15, 'AZUL': 5, 'VALOR UNIONISTA': 20, 'CABAL': 8, 'TODOS': 2, 'VAMOS': 7, 'PHG': 1, 'PR': 1, 'PIN': 0, 'ELEFANTE': 8, 'VICTORIA': 2, 'SEMILLA': 56, 'FCN-NACION': 0, 'PPN': 0, 'UR': 7, 'URNG-MAIZ WINAQ': 7, 'CREO': 6, 'BIEN': 12, 'VIVA': 18, 'MI FAMILIA': 10, 'CAMBIO': 0, 'VOS': 22}",0,35,242,0,Algún campo sin dato,0.Distrito Central,1.Guatemala,0120,presidente
1687,,"{'UNE': 21, 'AZUL': 4, 'VALOR UNIONISTA': 20, 'CABAL': 23, 'TODOS': 0, 'VAMOS': 3, 'PHG': 0, 'PR': 1, 'PIN': 0, 'ELEFANTE': 4, 'VICTORIA': 8, 'SEMILLA': 39, 'FCN-NACION': 0, 'PPN': 0, 'UR': 3, 'URNG-MAIZ WINAQ': 8, 'CREO': 3, 'BIEN': 12, 'VIVA': 22, 'MI FAMILIA': 4, 'CAMBIO': 0, 'VOS': 26}",0,36,237,0,Sumas Asentadas sin cuadrar,0.Distrito Central,1.Guatemala,0120,presidente
1688,,"{'UNE': 24, 'AZUL': 4, 'VALOR UNIONISTA': 19, 'CABAL': 19, 'TODOS': 0, 'VAMOS': 7, 'PHG': 0, 'PR': 3, 'PIN': 1, 'ELEFANTE': 4, 'VICTORIA': 3, 'SEMILLA': 62, 'FCN-NACION': 0, 'PPN': 4, 'UR': 5, 'URNG-MAIZ WINAQ': 4, 'CREO': 2, 'BIEN': 5, 'VIVA': 14, 'MI FAMILIA': 0, 'CAMBIO': 0, 'VOS': 24}",1,26,231,0,Sumas Asentadas sin cuadrar,0.Distrito Central,1.Guatemala,0120,presidente
1689,,"{'UNE': 8, 'AZUL': 0, 'VALOR UNIONISTA': 11, 'CABAL': 7, 'TODOS': 0, 'VAMOS': 4, 'PHG': 0, 'PR': 1, 'PIN': 0, 'ELEFANTE': 4, 'VICTORIA': 3, 'SEMILLA': 86, 'FCN-NACION': 1, 'PPN': 1, 'UR': 2, 'URNG-MAIZ WINAQ': 5, 'CREO': 3, 'BIEN': 15, 'VIVA': 20, 'MI FAMILIA': 0, 'CAMBIO': 1, 'VOS': 22}",1,17,212,0,Algún campo sin dato,0.Distrito Central,1.Guatemala,0121,presidente
1690,,"{'UNE': 14, 'AZUL': 1, 'VALOR UNIONISTA': 22, 'CABAL': 15, 'TODOS': 0, 'VAMOS': 4, 'PHG': 0, 'PR': 2, 'PIN': 1, 'ELEFANTE': 3, 'VICTORIA': 1, 'SEMILLA': 59, 'FCN-NACION': 1, 'PPN': 1, 'UR': 7, 'URNG-MAIZ WINAQ': 1, 'CREO': 4, 'BIEN': 14, 'VIVA': 18, 'MI FAMILIA': 6, 'CAMBIO': 0, 'VOS': 17}",1,28,220,0,Algún campo sin dato,0.Distrito Central,1.Guatemala,0121,presidente
1691,,"{'UNE': 18, 'AZUL': 4, 'VALOR UNIONISTA': 18, 'CABAL': 15, 'TODOS': 1, 'VAMOS': 4, 'PHG': 1, 'PR': 2, 'PIN': 2, 'ELEFANTE': 3, 'VICTORIA': 5, 'SEMILLA': 57, 'FCN-NACION': 1, 'PPN': 2, 'UR': 5, 'URNG-MAIZ WINAQ': 4, 'CREO': 2, 'BIEN': 8, 'VIVA': 13, 'MI FAMILIA': 6, 'CAMBIO': 0, 'VOS': 30}",3,39,243,0,Algún campo sin dato,0.Distrito Central,1.Guatemala,0121,presidente
1692,,"{'UNE': 23, 'AZUL': 1, 'VALOR UNIONISTA': 27, 'CABAL': 10, 'TODOS': 0, 'VAMOS': 6, 'PHG': 0, 'PR': 5, 'PIN': 2, 'ELEFANTE': 1, 'VICTORIA': 6, 'SEMILLA': 57, 'FCN-NACION': 1, 'PPN': 0, 'UR': 4, 'URNG-MAIZ WINAQ': 4, 'CREO': 2, 'BIEN': 11, 'VIVA': 20, 'MI FAMILIA': 2, 'CAMBIO': 0, 'VOS': 31}",1,33,247,0,Algún campo sin dato,0.Distrito Central,1.Guatemala,0121,presidente
1693,,"{'UNE': 16, 'AZUL': 4, 'VALOR UNIONISTA': 23, 'CABAL': 11, 'TODOS': 1, 'VAMOS': 8, 'PHG': 0, 'PR': 3, 'PIN': 2, 'ELEFANTE': 6, 'VICTORIA': 5, 'SEMILLA': 65, 'FCN-NACION': 1, 'PPN': 0, 'UR': 6, 'URNG-MAIZ WINAQ': 7, 'CREO': 6, 'BIEN': 19, 'VIVA': 15, 'MI FAMILIA': 6, 'CAMBIO': 0, 'VOS': 26}",1,23,254,144,Algún campo sin dato,0.Distrito Central,1.Guatemala,0121,presidente
1694,,"{'UNE': 14, 'AZUL': 3, 'VALOR UNIONISTA': 32, 'CABAL': 11, 'TODOS': 0, 'VAMOS': 6, 'PHG': 0, 'PR': 3, 'PIN': 1, 'ELEFANTE': 5, 'VICTORIA': 8, 'SEMILLA': 71, 'FCN-NACION': 0, 'PPN': 0, 'UR': 5, 'URNG-MAIZ WINAQ': 4, 'CREO': 5, 'BIEN': 14, 'VIVA': 13, 'MI FAMILIA': 9, 'CAMBIO': 0, 'VOS': 23}",0,31,258,0,Algún campo sin dato,0.Distrito Central,1.Guatemala,0121,presidente
1695,,"{'UNE': 16, 'AZUL': 6, 'VALOR UNIONISTA': 28, 'CABAL': 12, 'TODOS': 0, 'VAMOS': 9, 'PHG': 0, 'PR': 0, 'PIN': 2, 'ELEFANTE': 7, 'VICTORIA': 11, 'SEMILLA': 63, 'FCN-NACION': 1, 'PPN': 2, 'UR': 6, 'URNG-MAIZ WINAQ': 5, 'CREO': 3, 'BIEN': 13, 'VIVA': 22, 'MI FAMILIA': 10, 'CAMBIO': 2, 'VOS': 26}",2,27,273,1,Algún campo sin dato,0.Distrito Central,1.Guatemala,0121,presidente
1696,,"{'UNE': 21, 'AZUL': 5, 'VALOR UNIONISTA': 27, 'CABAL': 5, 'TODOS': 0, 'VAMOS': 6, 'PHG': 0, 'PR': 4, 'PIN': 0, 'ELEFANTE': 1, 'VICTORIA': 2, 'SEMILLA': 73, 'FCN-NACION': 1, 'PPN': 1, 'UR': 2, 'URNG-MAIZ WINAQ': 6, 'CREO': 8, 'BIEN': 9, 'VIVA': 23, 'MI FAMILIA': 6, 'CAMBIO': 1, 'VOS': 23}",0,35,259,0,Algún campo sin dato,0.Distrito Central,1.Guatemala,0121,presidente
1697,,"{'UNE': 21, 'AZUL': 7, 'VALOR UNIONISTA': 30, 'CABAL': 11, 'TODOS': 1, 'VAMOS': 1, 'PHG': 0, 'PR': 3, 'PIN': 0, 'ELEFANTE': 2, 'VICTORIA': 2, 'SEMILLA': 57, 'FCN-NACION': 0, 'PPN': 1, 'UR': 8, 'URNG-MAIZ WINAQ': 5, 'CREO': 2, 'BIEN': 5, 'VIVA': 21, 'MI FAMILIA': 6, 'CAMBIO': 0, 'VOS': 30}",0,37,250,0,Algún campo sin dato,0.Distrito Central,1.Guatemala,0121,presidente
1698,,"{'UNE': 25, 'AZUL': 0, 'VALOR UNIONISTA': 23, 'CABAL': 13, 'TODOS': 0, 'VAMOS': 3, 'PHG': 0, 'PR': 2, 'PIN': 2, 'ELEFANTE': 4, 'VICTORIA': 3, 'SEMILLA': 66, 'FCN-NACION': 0, 'PPN': 1, 'UR': 7, 'URNG-MAIZ WINAQ': 7, 'CREO': 1, 'BIEN': 15, 'VIVA': 12, 'MI FAMILIA': 5, 'CAMBIO': 0, 'VOS': 16}",2,34,241,0,Algún campo sin dato,0.Distrito Central,1.Guatemala,0121,presidente
1699,,"{'UNE': 22, 'AZUL': 3, 'VALOR UNIONISTA': 28, 'CABAL': 9, 'TODOS': 1, 'VAMOS': 1, 'PHG': 1, 'PR': 2, 'PIN': 1, 'ELEFANTE': 5, 'VICTORIA': 0, 'SEMILLA': 73, 'FCN-NACION': 0, 'PPN': 1, 'UR': 3, 'URNG-MAIZ WINAQ': 9, 'CREO': 5, 'BIEN': 7, 'VIVA': 26, 'MI FAMILIA': 9, 'CAMBIO': 1, 'VOS': 14}",1,22,244,0,Algún campo sin dato,0.Distrito Central,1.Guatemala,0121,presidente
1700,,"{'UNE': 16, 'AZUL': 1, 'VALOR UNIONISTA': 18, 'CABAL': 20, 'TODOS': 1, 'VAMOS': 7, 'PHG': 0, 'PR': 1, 'PIN': 3, 'ELEFANTE': 6, 'VICTORIA': 4, 'SEMILLA': 45, 'FCN-NACION': 0, 'PPN': 5, 'UR': 2, 'URNG-MAIZ WINAQ': 8, 'CREO': 5, 'BIEN': 12, 'VIVA': 13, 'MI FAMILIA': 7, 'CAMBIO': 0, 'VOS': 19}",1,24,218,0,Algún campo sin dato,0.Distrito Central,1.Guatemala,0121,presidente
1701,,"{'UNE': 16, 'AZUL': 6, 'VALOR UNIONISTA': 25, 'CABAL': 13, 'TODOS': 1, 'VAMOS': 5, 'PHG': 0, 'PR': 1, 'PIN': 0, 'ELEFANTE': 5, 'VICTORIA': 1, 'SEMILLA': 60, 'FCN-NACION': 1, 'PPN': 0, 'UR': 8, 'URNG-MAIZ WINAQ': 2, 'CREO': 3, 'BIEN': 6, 'VIVA': 21, 'MI FAMILIA': 4, 'CAMBIO': 1, 'VOS': 14}",3,32,228,0,Algún campo sin dato,0.Distrito Central,1.Guatemala,0121,presidente
1702,,"{'UNE': 25, 'AZUL': 4, 'VALOR UNIONISTA': 24, 'CABAL': 9, 'TODOS': 0, 'VAMOS': 1, 'PHG': 0, 'PR': 1, 'PIN': 0, 'ELEFANTE': 2, 'VICTORIA': 1, 'SEMILLA': 67, 'FCN-NACION': 3, 'PPN': 0, 'UR': 5, 'URNG-MAIZ WINAQ': 4, 'CREO': 4, 'BIEN': 8, 'VIVA': 16, 'MI FAMILIA': 5, 'CAMBIO': 1, 'VOS': 21}",1,26,228,0,Algún campo sin dato,0.Distrito Central,1.Guatemala,0121,presidente
1703,,"{'UNE': 18, 'AZUL': 1, 'VALOR UNIONISTA': 17, 'CABAL': 14, 'TODOS': 0, 'VAMOS': 3, 'PHG': 0, 'PR': 5, 'PIN': 0, 'ELEFANTE': 2, 'VICTORIA': 3, 'SEMILLA': 56, 'FCN-NACION': 1, 'PPN': 1, 'UR': 6, 'URNG-MAIZ WINAQ': 5, 'CREO': 0, 'BIEN': 8, 'VIVA': 15, 'MI FAMILIA': 2, 'CAMBIO': 0, 'VOS': 17}",0,22,196,0,Algún campo sin dato,0.Distrito Central,1.Guatemala,0121,presidente
1704,,"{'UNE': 17, 'AZUL': 4, 'VALOR UNIONISTA': 19, 'CABAL': 10, 'TODOS': 2, 'VAMOS': 3, 'PHG': 0, 'PR': 1, 'PIN': 1, 'ELEFANTE': 3, 'VICTORIA': 5, 'SEMILLA': 57, 'FCN-NACION': 0, 'PPN': 0, 'UR': 6, 'URNG-MAIZ WINAQ': 2, 'CREO': 2, 'BIEN': 9, 'VIVA': 18, 'MI FAMILIA': 3, 'CAMBIO': 0, 'VOS': 18}",1,27,208,0,Algún campo sin dato,0.Distrito Central,1.Guatemala,0121,presidente
1705,,"{'UNE': 14, 'AZUL': 1, 'VALOR UNIONISTA': 18, 'CABAL': 6, 'TODOS': 1, 'VAMOS': 3, 'PHG': 0, 'PR': 0, 'PIN': 0, 'ELEFANTE': 1, 'VICTORIA': 5, 'SEMILLA': 88, 'FCN-NACION': 0, 'PPN': 2, 'UR': 4, 'URNG-MAIZ WINAQ': 1, 'CREO': 3, 'BIEN': 15, 'VIVA': 14, 'MI FAMILIA': 3, 'CAMBIO': 0, 'VOS': 23}",2,20,224,0,Sumas Asentadas sin cuadrar,0.Distrito Central,1.Guatemala,0121,presidente
1706,,"{'UNE': 14, 'AZUL': 1, 'VALOR UNIONISTA': 12, 'CABAL': 3, 'TODOS': 0, 'VAMOS': 1, 'PHG': 0, 'PR': 3, 'PIN': 1, 'ELEFANTE': 3, 'VICTORIA': 4, 'SEMILLA': 122, 'FCN-NACION': 0, 'PPN': 0, 'UR': 0, 'URNG-MAIZ WINAQ': 3, 'CREO': 2, 'BIEN': 10, 'VIVA': 10, 'MI FAMILIA': 3, 'CAMBIO': 2, 'VOS': 21}",1,16,232,0,Algún campo sin dato,0.Distrito Central,1.Guatemala,0121,presidente
1707,,"{'UNE': 4, 'AZUL': 1, 'VALOR UNIONISTA': 13, 'CABAL': 14, 'TODOS': 0, 'VAMOS': 4, 'PHG': 0, 'PR': 0, 'PIN': 0, 'ELEFANTE': 3, 'VICTORIA': 0, 'SEMILLA': 144, 'FCN-NACION': 0, 'PPN': 0, 'UR': 3, 'URNG-MAIZ WINAQ': 0, 'CREO': 2, 'BIEN': 15, 'VIVA': 10, 'MI FAMILIA': 4, 'CAMBIO': 0, 'VOS': 22}",1,12,252,0,Algún campo sin dato,0.Distrito Central,1.Guatemala,0122,presidente
1708,,"{'UNE': 13, 'AZUL': 1, 'VALOR UNIONISTA': 15, 'CABAL': 8, 'TODOS': 1, 'VAMOS': 0, 'PHG': 0, 'PR': 1, 'PIN': 0, 'ELEFANTE': 1, 'VICTORIA': 3, 'SEMILLA': 96, 'FCN-NACION': 1, 'PPN': 0, 'UR': 2, 'URNG-MAIZ WINAQ': 0, 'CREO': 7, 'BIEN': 10, 'VIVA': 10, 'MI FAMILIA': 1, 'CAMBIO': 0, 'VOS': 12}",0,13,195,1,Algún campo sin dato,0.Distrito Central,1.Guatemala,0122,presidente
1709,,"{'UNE': 9, 'AZUL': 1, 'VALOR UNIONISTA': 8, 'CABAL': 5, 'TODOS': 0, 'VAMOS': 1, 'PHG': 0, 'PR': 1, 'PIN': 3, 'ELEFANTE': 4, 'VICTORIA': 2, 'SEMILLA': 74, 'FCN-NACION': 2, 'PPN': 0, 'UR': 3, 'URNG-MAIZ WINAQ': 4, 'CREO': 2, 'BIEN': 7, 'VIVA': 9, 'MI FAMILIA': 3, 'CAMBIO': 0, 'VOS': 15}",0,14,167,0,Algún campo sin dato,0.Distrito Central,1.Guatemala,0122,presidente
1710,,"{'UNE': 6, 'AZUL': 1, 'VALOR UNIONISTA': 12, 'CABAL': 7, 'TODOS': 0, 'VAMOS': 0, 'PHG': 0, 'PR': 0, 'PIN': 0, 'ELEFANTE': 4, 'VICTORIA': 2, 'SEMILLA': 85, 'FCN-NACION': 0, 'PPN': 1, 'UR': 3, 'URNG-MAIZ WINAQ': 1, 'CREO': 1, 'BIEN': 8, 'VIVA': 5, 'MI FAMILIA': 0, 'CAMBIO': 1, 'VOS': 9}",1,9,156,0,Algún campo sin dato,0.Distrito Central,1.Guatemala,0122,presidente
1711,,"{'UNE': 11, 'AZUL': 2, 'VALOR UNIONISTA': 5, 'CABAL': 6, 'TODOS': 0, 'VAMOS': 0, 'PHG': 0, 'PR': 0, 'PIN': 0, 'ELEFANTE': 1, 'VICTORIA': 0, 'SEMILLA': 52, 'FCN-NACION': 0, 'PPN': 0, 'UR': 2, 'URNG-MAIZ WINAQ': 3, 'CREO': 1, 'BIEN': 7, 'VIVA': 6, 'MI FAMILIA': 2, 'CAMBIO': 0, 'VOS': 9}",0,7,114,0,Algún campo sin dato,0.Distrito Central,1.Guatemala,0122,presidente
1712,,"{'UNE': 20, 'AZUL': 4, 'VALOR UNIONISTA': 29, 'CABAL': 26, 'TODOS': 0, 'VAMOS': 7, 'PHG': 0, 'PR': 5, 'PIN': 1, 'ELEFANTE': 1, 'VICTORIA': 4, 'SEMILLA': 86, 'FCN-NACION': 1, 'PPN': 1, 'UR': 7, 'URNG-MAIZ WINAQ': 7, 'CREO': 10, 'BIEN': 15, 'VIVA': 9, 'MI FAMILIA': 4, 'CAMBIO': 0, 'VOS': 31}",0,23,291,0,Sumas Asentadas sin cuadrar,0.Distrito Central,1.Guatemala,0123,presidente
1713,,"{'UNE': 8, 'AZUL': 6, 'VALOR UNIONISTA': 29, 'CABAL': 23, 'TODOS': 2, 'VAMOS': 6, 'PHG': 0, 'PR': 5, 'PIN': 0, 'ELEFANTE': 3, 'VICTORIA': 1, 'SEMILLA': 79, 'FCN-NACION': 0, 'PPN': 0, 'UR': 3, 'URNG-MAIZ WINAQ': 2, 'CREO': 3, 'BIEN': 19, 'VIVA': 2, 'MI FAMILIA': 13, 'CAMBIO': 0, 'VOS': 43}",2,35,284,0,Sumas Asentadas sin cuadrar,0.Distrito Central,1.Guatemala,0123,presidente
1714,,"{'UNE': 6, 'AZUL': 7, 'VALOR UNIONISTA': 33, 'CABAL': 30, 'TODOS': 0, 'VAMOS': 4, 'PHG': 1, 'PR': 7, 'PIN': 0, 'ELEFANTE': 3, 'VICTORIA': 5, 'SEMILLA': 97, 'FCN-NACION': 0, 'PPN': 2, 'UR': 9, 'URNG-MAIZ WINAQ': 5, 'CREO': 2, 'BIEN': 10, 'VIVA': 1, 'MI FAMILIA': 9, 'CAMBIO': 1, 'VOS': 39}",1,27,299,1,Algún campo sin dato,0.Distrito Central,1.Guatemala,0123,presidente
1715,,"{'UNE': 15, 'AZUL': 2, 'VALOR UNIONISTA': 42, 'CABAL': 28, 'TODOS': 0, 'VAMOS': 7, 'PHG': 0, 'PR': 3, 'PIN': 1, 'ELEFANTE': 5, 'VICTORIA': 0, 'SEMILLA': 66, 'FCN-NACION': 1, 'PPN': 0, 'UR': 2, 'URNG-MAIZ WINAQ': 0, 'CREO': 5, 'BIEN': 17, 'VIVA': 8, 'MI FAMILIA': 4, 'CAMBIO': 0, 'VOS': 30}",2,33,271,0,Sumas Asentadas sin cuadrar,0.Distrito Central,1.Guatemala,0123,presidente
1716,,"{'UNE': 10, 'AZUL': 3, 'VALOR UNIONISTA': 29, 'CABAL': 23, 'TODOS': 2, 'VAMOS': 6, 'PHG': 0, 'PR': 5, 'PIN': 0, 'ELEFANTE': 7, 'VICTORIA': 6, 'SEMILLA': 74, 'FCN-NACION': 0, 'PPN': 0, 'UR': 2, 'URNG-MAIZ WINAQ': 2, 'CREO': 5, 'BIEN': 9, 'VIVA': 7, 'MI FAMILIA': 7, 'CAMBIO': 1, 'VOS': 43}",0,29,270,0,Sumas Asentadas sin cuadrar,0.Distrito Central,1.Guatemala,0123,presidente
1717,,"{'UNE': 4, 'AZUL': 3, 'VALOR UNIONISTA': 32, 'CABAL': 21, 'TODOS': 2, 'VAMOS': 6, 'PHG': 0, 'PR': 1, 'PIN': 0, 'ELEFANTE': 2, 'VICTORIA': 4, 'SEMILLA': 115, 'FCN-NACION': 1, 'PPN': 0, 'UR': 3, 'URNG-MAIZ WINAQ': 3, 'CREO': 5, 'BIEN': 19, 'VIVA': 7, 'MI FAMILIA': 0, 'CAMBIO': 0, 'VOS': 28}",0,13,269,0,Algún campo sin dato,0.Distrito Central,1.Guatemala,0123,presidente
1718,,"{'UNE': 6, 'AZUL': 4, 'VALOR UNIONISTA': 35, 'CABAL': 18, 'TODOS': 1, 'VAMOS': 5, 'PHG': 0, 'PR': 6, 'PIN': 2, 'ELEFANTE': 5, 'VICTORIA': 2, 'SEMILLA': 87, 'FCN-NACION': 1, 'PPN': 1, 'UR': 6, 'URNG-MAIZ WINAQ': 4, 'CREO': 4, 'BIEN': 12, 'VIVA': 6, 'MI FAMILIA': 5, 'CAMBIO': 0, 'VOS': 36}",0,30,276,0,Algún campo sin dato,0.Distrito Central,1.Guatemala,0123,presidente
1719,,"{'UNE': 11, 'AZUL': 0, 'VALOR UNIONISTA': 26, 'CABAL': 17, 'TODOS': 0, 'VAMOS': 5, 'PHG': 0, 'PR': 2, 'PIN': 3, 'ELEFANTE': 1, 'VICTORIA': 2, 'SEMILLA': 107, 'FCN-NACION': 2, 'PPN': 2, 'UR': 5, 'URNG-MAIZ WINAQ': 2, 'CREO': 9, 'BIEN': 11, 'VIVA': 3, 'MI FAMILIA': 6, 'CAMBIO': 0, 'VOS': 32}",0,26,272,26,Sumas Asentadas sin cuadrar,0.Distrito Central,1.Guatemala,0123,presidente
1720,,"{'UNE': 8, 'AZUL': 5, 'VALOR UNIONISTA': 30, 'CABAL': 20, 'TODOS': 0, 'VAMOS': 6, 'PHG': 0, 'PR': 5, 'PIN': 0, 'ELEFANTE': 2, 'VICTORIA': 2, 'SEMILLA': 87, 'FCN-NACION': 2, 'PPN': 0, 'UR': 2, 'URNG-MAIZ WINAQ': 3, 'CREO': 4, 'BIEN': 12, 'VIVA': 9, 'MI FAMILIA': 6, 'CAMBIO': 0, 'VOS': 38}",2,30,273,0,Algún campo sin dato,0.Distrito Central,1.Guatemala,0123,presidente
1721,,"{'UNE': 8, 'AZUL': 6, 'VALOR UNIONISTA': 29, 'CABAL': 23, 'TODOS': 0, 'VAMOS': 4, 'PHG': 1, 'PR': 4, 'PIN': 0, 'ELEFANTE': 2, 'VICTORIA': 2, 'SEMILLA': 89, 'FCN-NACION': 0, 'PPN': 0, 'UR': 4, 'URNG-MAIZ WINAQ': 5, 'CREO': 11, 'BIEN': 15, 'VIVA': 5, 'MI FAMILIA': 7, 'CAMBIO': 0, 'VOS': 36}",1,35,287,0,Algún campo sin dato,0.Distrito Central,1.Guatemala,0123,presidente
1722,,"{'UNE': 7, 'AZUL': 4, 'VALOR UNIONISTA': 43, 'CABAL': 17, 'TODOS': 1, 'VAMOS': 4, 'PHG': 0, 'PR': 1, 'PIN': 0, 'ELEFANTE': 4, 'VICTORIA': 3, 'SEMILLA': 103, 'FCN-NACION': 1, 'PPN': 0, 'UR': 5, 'URNG-MAIZ WINAQ': 1, 'CREO': 3, 'BIEN': 16, 'VIVA': 7, 'MI FAMILIA': 3, 'CAMBIO': 1, 'VOS': 40}",0,19,283,0,Algún campo sin dato,0.Distrito Central,1.Guatemala,0123,presidente
1723,,"{'UNE': 10, 'AZUL': 2, 'VALOR UNIONISTA': 34, 'CABAL': 17, 'TODOS': 0, 'VAMOS': 3, 'PHG': 1, 'PR': 1, 'PIN': 0, 'ELEFANTE': 7, 'VICTORIA': 3, 'SEMILLA': 91, 'FCN-NACION': 0, 'PPN': 0, 'UR': 3, 'URNG-MAIZ WINAQ': 5, 'CREO': 4, 'BIEN': 14, 'VIVA': 6, 'MI FAMILIA': 4, 'CAMBIO': 0, 'VOS': 44}",1,38,288,1,Algún campo sin dato,0.Distrito Central,1.Guatemala,0123,presidente
1724,,"{'UNE': 7, 'AZUL': 4, 'VALOR UNIONISTA': 43, 'CABAL': 17, 'TODOS': 0, 'VAMOS': 3, 'PHG': 1, 'PR': 7, 'PIN': 0, 'ELEFANTE': 1, 'VICTORIA': 5, 'SEMILLA': 82, 'FCN-NACION': 3, 'PPN': 0, 'UR': 2, 'URNG-MAIZ WINAQ': 5, 'CREO': 15, 'BIEN': 15, 'VIVA': 6, 'MI FAMILIA': 4, 'CAMBIO': 0, 'VOS': 34}",0,23,277,0,Algún campo sin dato,0.Distrito Central,1.Guatemala,0123,presidente
1725,,"{'UNE': 4, 'AZUL': 5, 'VALOR UNIONISTA': 35, 'CABAL': 19, 'TODOS': 0, 'VAMOS': 3, 'PHG': 0, 'PR': 4, 'PIN': 1, 'ELEFANTE': 1, 'VICTORIA': 5, 'SEMILLA': 100, 'FCN-NACION': 1, 'PPN': 0, 'UR': 4, 'URNG-MAIZ WINAQ': 3, 'CREO': 3, 'BIEN': 16, 'VIVA': 5, 'MI FAMILIA': 3, 'CAMBIO': 0, 'VOS': 31}",0,20,263,0,Sumas Asentadas sin cuadrar,0.Distrito Central,1.Guatemala,0123,presidente
1726,,"{'UNE': 41, 'AZUL': 12, 'VALOR UNIONISTA': 14, 'CABAL': 8, 'TODOS': 3, 'VAMOS': 4, 'PHG': 3, 'PR': 2, 'PIN': 1, 'ELEFANTE': 2, 'VICTORIA': 6, 'SEMILLA': 94, 'FCN-NACION': 0, 'PPN': 1, 'UR': 2, 'URNG-MAIZ WINAQ': 3, 'CREO': 8, 'BIEN': 13, 'VIVA': 6, 'MI FAMILIA': 3, 'CAMBIO': 1, 'VOS': 4}",0,17,248,0,Sumas Asentadas sin cuadrar,0.Distrito Central,1.Guatemala,0123,presidente
1727,,"{'UNE': 8, 'AZUL': 3, 'VALOR UNIONISTA': 29, 'CABAL': 19, 'TODOS': 1, 'VAMOS': 3, 'PHG': 0, 'PR': 3, 'PIN': 1, 'ELEFANTE': 3, 'VICTORIA': 4, 'SEMILLA': 88, 'FCN-NACION': 0, 'PPN': 0, 'UR': 5, 'URNG-MAIZ WINAQ': 1, 'CREO': 11, 'BIEN': 19, 'VIVA': 8, 'MI FAMILIA': 8, 'CAMBIO': 0, 'VOS': 22}",0,27,263,0,Algún campo sin dato,0.Distrito Central,1.Guatemala,0123,presidente
1728,,"{'UNE': 3, 'AZUL': 5, 'VALOR UNIONISTA': 23, 'CABAL': 14, 'TODOS': 0, 'VAMOS': 5, 'PHG': 0, 'PR': 3, 'PIN': 0, 'ELEFANTE': 1, 'VICTORIA': 0, 'SEMILLA': 128, 'FCN-NACION': 1, 'PPN': 0, 'UR': 1, 'URNG-MAIZ WINAQ': 8, 'CREO': 2, 'BIEN': 9, 'VIVA': 8, 'MI FAMILIA': 2, 'CAMBIO': 0, 'VOS': 23}",1,24,261,0,Algún campo sin dato,0.Distrito Central,1.Guatemala,0123,presidente
1729,,"{'UNE': 0, 'AZUL': 1, 'VALOR UNIONISTA': 25, 'CABAL': 19, 'TODOS': 0, 'VAMOS': 1, 'PHG': 0, 'PR': 1, 'PIN': 1, 'ELEFANTE': 1, 'VICTORIA': 3, 'SEMILLA': 187, 'FCN-NACION': 0, 'PPN': 1, 'UR': 1, 'URNG-MAIZ WINAQ': 2, 'CREO': 2, 'BIEN': 18, 'VIVA': 3, 'MI FAMILIA': 3, 'CAMBIO': 0, 'VOS': 19}",0,15,303,0,Algún campo sin dato,0.Distrito Central,1.Guatemala,0123,presidente
1730,,"{'UNE': 4, 'AZUL': 0, 'VALOR UNIONISTA': 8, 'CABAL': 8, 'TODOS': 1, 'VAMOS': 3, 'PHG': 0, 'PR': 1, 'PIN': 0, 'ELEFANTE': 3, 'VICTORIA': 1, 'SEMILLA': 86, 'FCN-NACION': 0, 'PPN': 0, 'UR': 3, 'URNG-MAIZ WINAQ': 3, 'CREO': 5, 'BIEN': 9, 'VIVA': 5, 'MI FAMILIA': 3, 'CAMBIO': 0, 'VOS': 8}",0,13,164,0,,0.Distrito Central,1.Guatemala,0123,presidente
1731,,"{'UNE': 2, 'AZUL': 2, 'VALOR UNIONISTA': 11, 'CABAL': 4, 'TODOS': 1, 'VAMOS': 0, 'PHG': 0, 'PR': 1, 'PIN': 0, 'ELEFANTE': 3, 'VICTORIA': 2, 'SEMILLA': 110, 'FCN-NACION': 0, 'PPN': 0, 'UR': 2, 'URNG-MAIZ WINAQ': 1, 'CREO': 4, 'BIEN': 2, 'VIVA': 2, 'MI FAMILIA': 1, 'CAMBIO': 0, 'VOS': 19}",0,11,178,0,Algún campo sin dato,0.Distrito Central,1.Guatemala,0123,presidente
1732,,"{'UNE': 27, 'AZUL': 5, 'VALOR UNIONISTA': 18, 'CABAL': 15, 'TODOS': 0, 'VAMOS': 5, 'PHG': 0, 'PR': 3, 'PIN': 0, 'ELEFANTE': 7, 'VICTORIA': 5, 'SEMILLA': 61, 'FCN-NACION': 1, 'PPN': 2, 'UR': 3, 'URNG-MAIZ WINAQ': 2, 'CREO': 1, 'BIEN': 13, 'VIVA': 13, 'MI FAMILIA': 7, 'CAMBIO': 0, 'VOS': 28}",1,35,252,0,Algún campo sin dato,0.Distrito Central,1.Guatemala,0124,presidente
1733,,"{'UNE': 31, 'AZUL': 5, 'VALOR UNIONISTA': 22, 'CABAL': 6, 'TODOS': 1, 'VAMOS': 3, 'PHG': 0, 'PR': 5, 'PIN': 0, 'ELEFANTE': 7, 'VICTORIA': 5, 'SEMILLA': 51, 'FCN-NACION': 0, 'PPN': 2, 'UR': 5, 'URNG-MAIZ WINAQ': 3, 'CREO': 7, 'BIEN': 14, 'VIVA': 11, 'MI FAMILIA': 7, 'CAMBIO': 0, 'VOS': 32}",2,33,252,0,Sumas Asentadas sin cuadrar,0.Distrito Central,1.Guatemala,0124,presidente
1734,,"{'UNE': 31, 'AZUL': 1, 'VALOR UNIONISTA': 28, 'CABAL': 14, 'TODOS': 0, 'VAMOS': 4, 'PHG': 1, 'PR': 2, 'PIN': 1, 'ELEFANTE': 8, 'VICTORIA': 7, 'SEMILLA': 53, 'FCN-NACION': 0, 'PPN': 1, 'UR': 4, 'URNG-MAIZ WINAQ': 5, 'CREO': 7, 'BIEN': 10, 'VIVA': 18, 'MI FAMILIA': 7, 'CAMBIO': 0, 'VOS': 15}",1,43,261,0,Sumas Asentadas sin cuadrar,0.Distrito Central,1.Guatemala,0124,presidente
1735,,"{'UNE': 26, 'AZUL': 3, 'VALOR UNIONISTA': 23, 'CABAL': 10, 'TODOS': 1, 'VAMOS': 5, 'PHG': 0, 'PR': 3, 'PIN': 1, 'ELEFANTE': 7, 'VICTORIA': 7, 'SEMILLA': 50, 'FCN-NACION': 1, 'PPN': 0, 'UR': 7, 'URNG-MAIZ WINAQ': 5, 'CREO': 3, 'BIEN': 8, 'VIVA': 21, 'MI FAMILIA': 6, 'CAMBIO': 0, 'VOS': 25}",2,39,253,0,Algún campo sin dato,0.Distrito Central,1.Guatemala,0124,presidente
1736,,"{'UNE': 29, 'AZUL': 3, 'VALOR UNIONISTA': 25, 'CABAL': 16, 'TODOS': 0, 'VAMOS': 4, 'PHG': 0, 'PR': 2, 'PIN': 0, 'ELEFANTE': 5, 'VICTORIA': 4, 'SEMILLA': 49, 'FCN-NACION': 3, 'PPN': 1, 'UR': 8, 'URNG-MAIZ WINAQ': 5, 'CREO': 4, 'BIEN': 8, 'VIVA': 18, 'MI FAMILIA': 4, 'CAMBIO': 0, 'VOS': 26}",2,36,252,0,,0.Distrito Central,1.Guatemala,0124,presidente
1737,,"{'UNE': 25, 'AZUL': 6, 'VALOR UNIONISTA': 33, 'CABAL': 19, 'TODOS': 0, 'VAMOS': 6, 'PHG': 33, 'PR': 2, 'PIN': 1, 'ELEFANTE': 3, 'VICTORIA': 1, 'SEMILLA': 63, 'FCN-NACION': 0, 'PPN': 1, 'UR': 3, 'URNG-MAIZ WINAQ': 2, 'CREO': 7, 'BIEN': 12, 'VIVA': 17, 'MI FAMILIA': 7, 'CAMBIO': 1, 'VOS': 25}",1,29,297,0,Sumas Asentadas sin cuadrar,0.Distrito Central,1.Guatemala,0124,presidente
1738,,"{'UNE': 20, 'AZUL': 4, 'VALOR UNIONISTA': 28, 'CABAL': 9, 'TODOS': 0, 'VAMOS': 5, 'PHG': 2, 'PR': 5, 'PIN': 1, 'ELEFANTE': 10, 'VICTORIA': 9, 'SEMILLA': 69, 'FCN-NACION': 3, 'PPN': 0, 'UR': 5, 'URNG-MAIZ WINAQ': 5, 'CREO': 6, 'BIEN': 10, 'VIVA': 21, 'MI FAMILIA': 2, 'CAMBIO': 0, 'VOS': 22}",2,24,262,0,Algún campo sin dato,0.Distrito Central,1.Guatemala,0124,presidente
1739,,"{'UNE': 21, 'AZUL': 5, 'VALOR UNIONISTA': 22, 'CABAL': 11, 'TODOS': 1, 'VAMOS': 11, 'PHG': 0, 'PR': 1, 'PIN': 1, 'ELEFANTE': 7, 'VICTORIA': 4, 'SEMILLA': 53, 'FCN-NACION': 0, 'PPN': 2, 'UR': 3, 'URNG-MAIZ WINAQ': 12, 'CREO': 10, 'BIEN': 7, 'VIVA': 20, 'MI FAMILIA': 7, 'CAMBIO': 1, 'VOS': 18}",4,34,255,0,Algún campo sin dato,0.Distrito Central,1.Guatemala,0124,presidente
1740,,"{'UNE': 19, 'AZUL': 3, 'VALOR UNIONISTA': 24, 'CABAL': 15, 'TODOS': 1, 'VAMOS': 6, 'PHG': 1, 'PR': 2, 'PIN': 2, 'ELEFANTE': 2, 'VICTORIA': 3, 'SEMILLA': 65, 'FCN-NACION': 0, 'PPN': 0, 'UR': 11, 'URNG-MAIZ WINAQ': 5, 'CREO': 4, 'BIEN': 15, 'VIVA': 11, 'MI FAMILIA': 6, 'CAMBIO': 0, 'VOS': 18}",3,45,261,139,Algún campo sin dato,0.Distrito Central,1.Guatemala,0124,presidente
1741,,"{'UNE': 13, 'AZUL': 1, 'VALOR UNIONISTA': 29, 'CABAL': 15, 'TODOS': 3, 'VAMOS': 2, 'PHG': 0, 'PR': 3, 'PIN': 0, 'ELEFANTE': 2, 'VICTORIA': 4, 'SEMILLA': 62, 'FCN-NACION': 1, 'PPN': 0, 'UR': 4, 'URNG-MAIZ WINAQ': 8, 'CREO': 4, 'BIEN': 12, 'VIVA': 24, 'MI FAMILIA': 4, 'CAMBIO': 0, 'VOS': 29}",4,37,261,0,Algún campo sin dato,0.Distrito Central,1.Guatemala,0124,presidente
1742,,"{'UNE': 19, 'AZUL': 4, 'VALOR UNIONISTA': 25, 'CABAL': 16, 'TODOS': 0, 'VAMOS': 5, 'PHG': 1, 'PR': 4, 'PIN': 1, 'ELEFANTE': 5, 'VICTORIA': 5, 'SEMILLA': 62, 'FCN-NACION': 0, 'PPN': 1, 'UR': 5, 'URNG-MAIZ WINAQ': 4, 'CREO': 3, 'BIEN': 12, 'VIVA': 11, 'MI FAMILIA': 5, 'CAMBIO': 0, 'VOS': 32}",0,44,264,0,Algún campo sin dato,0.Distrito Central,1.Guatemala,0125,presidente
1743,,"{'UNE': 18, 'AZUL': 7, 'VALOR UNIONISTA': 27, 'CABAL': 17, 'TODOS': 3, 'VAMOS': 3, 'PHG': 0, 'PR': 1, 'PIN': 3, 'ELEFANTE': 5, 'VICTORIA': 7, 'SEMILLA': 40, 'FCN-NACION': 2, 'PPN': 1, 'UR': 6, 'URNG-MAIZ WINAQ': 4, 'CREO': 3, 'BIEN': 12, 'VIVA': 11, 'MI FAMILIA': 5, 'CAMBIO': 1, 'VOS': 22}",1,36,235,0,Algún campo sin dato,0.Distrito Central,1.Guatemala,0125,presidente
1744,,"{'UNE': 22, 'AZUL': 6, 'VALOR UNIONISTA': 15, 'CABAL': 10, 'TODOS': 0, 'VAMOS': 2, 'PHG': 0, 'PR': 1, 'PIN': 0, 'ELEFANTE': 2, 'VICTORIA': 2, 'SEMILLA': 77, 'FCN-NACION': 0, 'PPN': 1, 'UR': 6, 'URNG-MAIZ WINAQ': 6, 'CREO': 3, 'BIEN': 14, 'VIVA': 22, 'MI FAMILIA': 3, 'CAMBIO': 0, 'VOS': 27}",2,37,258,0,Algún campo sin dato,0.Distrito Central,1.Guatemala,0125,presidente
1745,,"{'UNE': 25, 'AZUL': 4, 'VALOR UNIONISTA': 17, 'CABAL': 14, 'TODOS': 1, 'VAMOS': 4, 'PHG': 2, 'PR': 4, 'PIN': 0, 'ELEFANTE': 3, 'VICTORIA': 4, 'SEMILLA': 63, 'FCN-NACION': 4, 'PPN': 1, 'UR': 4, 'URNG-MAIZ WINAQ': 4, 'CREO': 4, 'BIEN': 12, 'VIVA': 12, 'MI FAMILIA': 6, 'CAMBIO': 1, 'VOS': 25}",1,37,252,0,Algún campo sin dato,0.Distrito Central,1.Guatemala,0125,presidente
1746,,"{'UNE': 19, 'AZUL': 2, 'VALOR UNIONISTA': 14, 'CABAL': 17, 'TODOS': 0, 'VAMOS': 2, 'PHG': 0, 'PR': 2, 'PIN': 1, 'ELEFANTE': 3, 'VICTORIA': 2, 'SEMILLA': 65, 'FCN-NACION': 0, 'PPN': 1, 'UR': 1, 'URNG-MAIZ WINAQ': 5, 'CREO': 0, 'BIEN': 10, 'VIVA': 17, 'MI FAMILIA': 3, 'CAMBIO': 0, 'VOS': 33}",1,30,228,0,Algún campo sin dato,0.Distrito Central,1.Guatemala,0125,presidente
1747,,"{'UNE': 7, 'AZUL': 2, 'VALOR UNIONISTA': 11, 'CABAL': 5, 'TODOS': 1, 'VAMOS': 2, 'PHG': 0, 'PR': 2, 'PIN': 0, 'ELEFANTE': 3, 'VICTORIA': 3, 'SEMILLA': 127, 'FCN-NACION': 1, 'PPN': 0, 'UR': 1, 'URNG-MAIZ WINAQ': 2, 'CREO': 1, 'BIEN': 15, 'VIVA': 9, 'MI FAMILIA': 2, 'CAMBIO': 0, 'VOS': 16}",0,21,231,0,Algún campo sin dato,0.Distrito Central,1.Guatemala,0125,presidente
1748,,"{'UNE': 11, 'AZUL': 2, 'VALOR UNIONISTA': 11, 'CABAL': 5, 'TODOS': 2, 'VAMOS': 1, 'PHG': 0, 'PR': 0, 'PIN': 0, 'ELEFANTE': 4, 'VICTORIA': 3, 'SEMILLA': 83, 'FCN-NACION': 1, 'PPN': 0, 'UR': 2, 'URNG-MAIZ WINAQ': 6, 'CREO': 1, 'BIEN': 16, 'VIVA': 12, 'MI FAMILIA': 1, 'CAMBIO': 0, 'VOS': 28}",1,23,213,0,Algún campo sin dato,0.Distrito Central,1.Guatemala,0125,presidente
1749,,"{'UNE': 18, 'AZUL': 3, 'VALOR UNIONISTA': 19, 'CABAL': 7, 'TODOS': 0, 'VAMOS': 4, 'PHG': 0, 'PR': 1, 'PIN': 0, 'ELEFANTE': 4, 'VICTORIA': 3, 'SEMILLA': 98, 'FCN-NACION': 0, 'PPN': 1, 'UR': 1, 'URNG-MAIZ WINAQ': 3, 'CREO': 1, 'BIEN': 13, 'VIVA': 13, 'MI FAMILIA': 2, 'CAMBIO': 0, 'VOS': 29}",0,28,248,0,Algún campo sin dato,0.Distrito Central,1.Guatemala,0125,presidente
1750,,"{'UNE': 27, 'AZUL': 3, 'VALOR UNIONISTA': 20, 'CABAL': 8, 'TODOS': 1, 'VAMOS': 3, 'PHG': 0, 'PR': 1, 'PIN': 1, 'ELEFANTE': 5, 'VICTORIA': 6, 'SEMILLA': 48, 'FCN-NACION': 0, 'PPN': 0, 'UR': 4, 'URNG-MAIZ WINAQ': 1, 'CREO': 7, 'BIEN': 9, 'VIVA': 22, 'MI FAMILIA': 7, 'CAMBIO': 0, 'VOS': 16}",4,33,226,2,Algún campo sin dato,0.Distrito Central,1.Guatemala,0125,presidente
1751,,"{'UNE': 14, 'AZUL': 5, 'VALOR UNIONISTA': 17, 'CABAL': 12, 'TODOS': 1, 'VAMOS': 8, 'PHG': 0, 'PR': 3, 'PIN': 1, 'ELEFANTE': 4, 'VICTORIA': 8, 'SEMILLA': 67, 'FCN-NACION': 0, 'PPN': 2, 'UR': 2, 'URNG-MAIZ WINAQ': 3, 'CREO': 6, 'BIEN': 14, 'VIVA': 16, 'MI FAMILIA': 4, 'CAMBIO': 0, 'VOS': 19}",0,33,239,0,Algún campo sin dato,0.Distrito Central,1.Guatemala,0125,presidente
1752,,"{'UNE': 22, 'AZUL': 0, 'VALOR UNIONISTA': 21, 'CABAL': 15, 'TODOS': 0, 'VAMOS': 3, 'PHG': 0, 'PR': 0, 'PIN': 0, 'ELEFANTE': 7, 'VICTORIA': 7, 'SEMILLA': 62, 'FCN-NACION': 2, 'PPN': 4, 'UR': 4, 'URNG-MAIZ WINAQ': 3, 'CREO': 6, 'BIEN': 13, 'VIVA': 17, 'MI FAMILIA': 4, 'CAMBIO': 0, 'VOS': 31}",1,44,266,0,Algún campo sin dato,0.Distrito Central,1.Guatemala,0125,presidente
1753,,"{'UNE': 19, 'AZUL': 4, 'VALOR UNIONISTA': 22, 'CABAL': 13, 'TODOS': 1, 'VAMOS': 5, 'PHG': 0, 'PR': 3, 'PIN': 2, 'ELEFANTE': 4, 'VICTORIA': 5, 'SEMILLA': 68, 'FCN-NACION': 0, 'PPN': 1, 'UR': 4, 'URNG-MAIZ WINAQ': 0, 'CREO': 3, 'BIEN': 10, 'VIVA': 17, 'MI FAMILIA': 7, 'CAMBIO': 0, 'VOS': 25}",0,25,238,0,Algún campo sin dato,0.Distrito Central,1.Guatemala,0125,presidente
1754,,"{'UNE': 17, 'AZUL': 0, 'VALOR UNIONISTA': 20, 'CABAL': 8, 'TODOS': 0, 'VAMOS': 3, 'PHG': 0, 'PR': 3, 'PIN': 0, 'ELEFANTE': 1, 'VICTORIA': 5, 'SEMILLA': 60, 'FCN-NACION': 2, 'PPN': 0, 'UR': 5, 'URNG-MAIZ WINAQ': 6, 'CREO': 2, 'BIEN': 14, 'VIVA': 20, 'MI FAMILIA': 3, 'CAMBIO': 0, 'VOS': 32}",1,34,236,0,Algún campo sin dato,0.Distrito Central,1.Guatemala,0125,presidente
1755,,"{'UNE': 19, 'AZUL': 2, 'VALOR UNIONISTA': 23, 'CABAL': 9, 'TODOS': 1, 'VAMOS': 4, 'PHG': 0, 'PR': 1, 'PIN': 0, 'ELEFANTE': 4, 'VICTORIA': 1, 'SEMILLA': 68, 'FCN-NACION': 0, 'PPN': 1, 'UR': 0, 'URNG-MAIZ WINAQ': 2, 'CREO': 3, 'BIEN': 14, 'VIVA': 16, 'MI FAMILIA': 4, 'CAMBIO': 0, 'VOS': 29}",0,29,230,0,Sumas Asentadas sin cuadrar,0.Distrito Central,1.Guatemala,0125,presidente
1756,,"{'UNE': 21, 'AZUL': 2, 'VALOR UNIONISTA': 19, 'CABAL': 10, 'TODOS': 0, 'VAMOS': 5, 'PHG': 0, 'PR': 2, 'PIN': 1, 'ELEFANTE': 6, 'VICTORIA': 11, 'SEMILLA': 74, 'FCN-NACION': 2, 'PPN': 0, 'UR': 6, 'URNG-MAIZ WINAQ': 3, 'CREO': 3, 'BIEN': 16, 'VIVA': 9, 'MI FAMILIA': 5, 'CAMBIO': 1, 'VOS': 29}",0,27,252,0,Algún campo sin dato,0.Distrito Central,1.Guatemala,0125,presidente
1757,,"{'UNE': 22, 'AZUL': 6, 'VALOR UNIONISTA': 11, 'CABAL': 14, 'TODOS': 1, 'VAMOS': 5, 'PHG': 0, 'PR': 1, 'PIN': 0, 'ELEFANTE': 3, 'VICTORIA': 7, 'SEMILLA': 55, 'FCN-NACION': 0, 'PPN': 1, 'UR': 6, 'URNG-MAIZ WINAQ': 8, 'CREO': 6, 'BIEN': 10, 'VIVA': 8, 'MI FAMILIA': 4, 'CAMBIO': 0, 'VOS': 19}",3,39,229,1,Algún campo sin dato,0.Distrito Central,1.Guatemala,0125,presidente
1758,,"{'UNE': 19, 'AZUL': 2, 'VALOR UNIONISTA': 16, 'CABAL': 15, 'TODOS': 0, 'VAMOS': 8, 'PHG': 1, 'PR': 1, 'PIN': 0, 'ELEFANTE': 1, 'VICTORIA': 3, 'SEMILLA': 61, 'FCN-NACION': 1, 'PPN': 2, 'UR': 3, 'URNG-MAIZ WINAQ': 2, 'CREO': 2, 'BIEN': 13, 'VIVA': 18, 'MI FAMILIA': 4, 'CAMBIO': 0, 'VOS': 17}",3,39,231,0,Algún campo sin dato,0.Distrito Central,1.Guatemala,0125,presidente
1759,,"{'UNE': 18, 'AZUL': 0, 'VALOR UNIONISTA': 24, 'CABAL': 18, 'TODOS': 1, 'VAMOS': 7, 'PHG': 0, 'PR': 1, 'PIN': 1, 'ELEFANTE': 4, 'VICTORIA': 6, 'SEMILLA': 66, 'FCN-NACION': 3, 'PPN': 2, 'UR': 6, 'URNG-MAIZ WINAQ': 4, 'CREO': 3, 'BIEN': 13, 'VIVA': 16, 'MI FAMILIA': 5, 'CAMBIO': 0, 'VOS': 23}",2,15,238,0,Algún campo sin dato,0.Distrito Central,1.Guatemala,0125,presidente
1760,,"{'UNE': 15, 'AZUL': 2, 'VALOR UNIONISTA': 29, 'CABAL': 15, 'TODOS': 0, 'VAMOS': 6, 'PHG': 3, 'PR': 4, 'PIN': 0, 'ELEFANTE': 5, 'VICTORIA': 6, 'SEMILLA': 60, 'FCN-NACION': 2, 'PPN': 3, 'UR': 2, 'URNG-MAIZ WINAQ': 5, 'CREO': 8, 'BIEN': 13, 'VIVA': 8, 'MI FAMILIA': 14, 'CAMBIO': 1, 'VOS': 22}",0,29,252,148,Sumas Asentadas sin cuadrar,0.Distrito Central,1.Guatemala,0125,presidente
1761,,"{'UNE': 31, 'AZUL': 3, 'VALOR UNIONISTA': 25, 'CABAL': 19, 'TODOS': 1, 'VAMOS': 8, 'PHG': 0, 'PR': 2, 'PIN': 0, 'ELEFANTE': 0, 'VICTORIA': 4, 'SEMILLA': 69, 'FCN-NACION': 1, 'PPN': 1, 'UR': 4, 'URNG-MAIZ WINAQ': 2, 'CREO': 3, 'BIEN': 9, 'VIVA': 16, 'MI FAMILIA': 5, 'CAMBIO': 2, 'VOS': 22}",1,24,252,0,Algún campo sin dato,0.Distrito Central,1.Guatemala,0125,presidente
1762,,"{'UNE': 19, 'AZUL': 4, 'VALOR UNIONISTA': 29, 'CABAL': 8, 'TODOS': 1, 'VAMOS': 8, 'PHG': 1, 'PR': 5, 'PIN': 0, 'ELEFANTE': 4, 'VICTORIA': 3, 'SEMILLA': 66, 'FCN-NACION': 1, 'PPN': 1, 'UR': 2, 'URNG-MAIZ WINAQ': 3, 'CREO': 5, 'BIEN': 14, 'VIVA': 15, 'MI FAMILIA': 4, 'CAMBIO': 0, 'VOS': 21}",0,33,247,0,Algún campo sin dato,0.Distrito Central,1.Guatemala,0125,presidente
1763,,"{'UNE': 22, 'AZUL': 7, 'VALOR UNIONISTA': 17, 'CABAL': 11, 'TODOS': 1, 'VAMOS': 10, 'PHG': 0, 'PR': 3, 'PIN': 1, 'ELEFANTE': 5, 'VICTORIA': 1, 'SEMILLA': 68, 'FCN-NACION': 0, 'PPN': 3, 'UR': 5, 'URNG-MAIZ WINAQ': 2, 'CREO': 3, 'BIEN': 15, 'VIVA': 14, 'MI FAMILIA': 6, 'CAMBIO': 0, 'VOS': 25}",0,30,249,0,Algún campo sin dato,0.Distrito Central,1.Guatemala,0126,presidente
1764,,"{'UNE': 19, 'AZUL': 1, 'VALOR UNIONISTA': 21, 'CABAL': 13, 'TODOS': 3, 'VAMOS': 2, 'PHG': 0, 'PR': 3, 'PIN': 1, 'ELEFANTE': 4, 'VICTORIA': 4, 'SEMILLA': 59, 'FCN-NACION': 1, 'PPN': 1, 'UR': 3, 'URNG-MAIZ WINAQ': 8, 'CREO': 7, 'BIEN': 9, 'VIVA': 16, 'MI FAMILIA': 4, 'CAMBIO': 0, 'VOS': 16}",0,31,226,0,Sumas Asentadas sin cuadrar,0.Distrito Central,1.Guatemala,0126,presidente
1765,,"{'UNE': 22, 'AZUL': 3, 'VALOR UNIONISTA': 28, 'CABAL': 9, 'TODOS': 0, 'VAMOS': 3, 'PHG': 1, 'PR': 5, 'PIN': 0, 'ELEFANTE': 3, 'VICTORIA': 8, 'SEMILLA': 70, 'FCN-NACION': 1, 'PPN': 0, 'UR': 6, 'URNG-MAIZ WINAQ': 5, 'CREO': 3, 'BIEN': 9, 'VIVA': 16, 'MI FAMILIA': 5, 'CAMBIO': 0, 'VOS': 21}",2,27,247,0,Algún campo sin dato,0.Distrito Central,1.Guatemala,0126,presidente
1766,,"{'UNE': 15, 'AZUL': 3, 'VALOR UNIONISTA': 28, 'CABAL': 12, 'TODOS': 1, 'VAMOS': 1, 'PHG': 2, 'PR': 4, 'PIN': 1, 'ELEFANTE': 5, 'VICTORIA': 4, 'SEMILLA': 60, 'FCN-NACION': 0, 'PPN': 1, 'UR': 4, 'URNG-MAIZ WINAQ': 5, 'CREO': 6, 'BIEN': 15, 'VIVA': 16, 'MI FAMILIA': 4, 'CAMBIO': 0, 'VOS': 24}",0,34,245,0,Algún campo sin dato,0.Distrito Central,1.Guatemala,0126,presidente
1767,,"{'UNE': 21, 'AZUL': 3, 'VALOR UNIONISTA': 27, 'CABAL': 13, 'TODOS': 0, 'VAMOS': 5, 'PHG': 0, 'PR': 2, 'PIN': 1, 'ELEFANTE': 6, 'VICTORIA': 4, 'SEMILLA': 54, 'FCN-NACION': 1, 'PPN': 0, 'UR': 3, 'URNG-MAIZ WINAQ': 1, 'CREO': 3, 'BIEN': 10, 'VIVA': 9, 'MI FAMILIA': 4, 'CAMBIO': 0, 'VOS': 21}",1,42,231,0,Algún campo sin dato,0.Distrito Central,1.Guatemala,0126,presidente
1768,,"{'UNE': 16, 'AZUL': 8, 'VALOR UNIONISTA': 18, 'CABAL': 9, 'TODOS': 0, 'VAMOS': 6, 'PHG': 1, 'PR': 4, 'PIN': 1, 'ELEFANTE': 2, 'VICTORIA': 7, 'SEMILLA': 70, 'FCN-NACION': 2, 'PPN': 0, 'UR': 2, 'URNG-MAIZ WINAQ': 3, 'CREO': 5, 'BIEN': 10, 'VIVA': 14, 'MI FAMILIA': 1, 'CAMBIO': 0, 'VOS': 12}",1,32,224,0,Algún campo sin dato,0.Distrito Central,1.Guatemala,0126,presidente
1769,,"{'UNE': 21, 'AZUL': 4, 'VALOR UNIONISTA': 23, 'CABAL': 9, 'TODOS': 0, 'VAMOS': 7, 'PHG': 0, 'PR': 1, 'PIN': 2, 'ELEFANTE': 1, 'VICTORIA': 7, 'SEMILLA': 50, 'FCN-NACION': 1, 'PPN': 0, 'UR': 7, 'URNG-MAIZ WINAQ': 1, 'CREO': 4, 'BIEN': 13, 'VIVA': 15, 'MI FAMILIA': 5, 'CAMBIO': 0, 'VOS': 31}",2,35,239,0,,0.Distrito Central,1.Guatemala,0126,presidente
1770,,"{'UNE': 18, 'AZUL': 4, 'VALOR UNIONISTA': 11, 'CABAL': 12, 'TODOS': 1, 'VAMOS': 2, 'PHG': 1, 'PR': 1, 'PIN': 1, 'ELEFANTE': 3, 'VICTORIA': 3, 'SEMILLA': 66, 'FCN-NACION': 0, 'PPN': 1, 'UR': 3, 'URNG-MAIZ WINAQ': 2, 'CREO': 5, 'BIEN': 7, 'VIVA': 10, 'MI FAMILIA': 2, 'CAMBIO': 0, 'VOS': 28}",1,38,220,1,,0.Distrito Central,1.Guatemala,0126,presidente
1771,,"{'UNE': 23, 'AZUL': 5, 'VALOR UNIONISTA': 28, 'CABAL': 22, 'TODOS': 1, 'VAMOS': 1, 'PHG': 0, 'PR': 1, 'PIN': 1, 'ELEFANTE': 1, 'VICTORIA': 3, 'SEMILLA': 65, 'FCN-NACION': 0, 'PPN': 0, 'UR': 1, 'URNG-MAIZ WINAQ': 2, 'CREO': 3, 'BIEN': 13, 'VIVA': 13, 'MI FAMILIA': 4, 'CAMBIO': 1, 'VOS': 30}",2,30,250,1,Sumas Asentadas sin cuadrar,0.Distrito Central,1.Guatemala,0126,presidente
1772,,"{'UNE': 25, 'AZUL': 1, 'VALOR UNIONISTA': 13, 'CABAL': 12, 'TODOS': 1, 'VAMOS': 4, 'PHG': 1, 'PR': 3, 'PIN': 1, 'ELEFANTE': 2, 'VICTORIA': 4, 'SEMILLA': 77, 'FCN-NACION': 1, 'PPN': 2, 'UR': 2, 'URNG-MAIZ WINAQ': 0, 'CREO': 4, 'BIEN': 12, 'VIVA': 22, 'MI FAMILIA': 3, 'CAMBIO': 0, 'VOS': 15}",3,22,230,170,Algún campo sin dato,0.Distrito Central,1.Guatemala,0126,presidente
1773,,"{'UNE': 16, 'AZUL': 4, 'VALOR UNIONISTA': 18, 'CABAL': 16, 'TODOS': 2, 'VAMOS': 4, 'PHG': 1, 'PR': 2, 'PIN': 1, 'ELEFANTE': 2, 'VICTORIA': 7, 'SEMILLA': 64, 'FCN-NACION': 1, 'PPN': 0, 'UR': 3, 'URNG-MAIZ WINAQ': 3, 'CREO': 0, 'BIEN': 15, 'VIVA': 13, 'MI FAMILIA': 5, 'CAMBIO': 1, 'VOS': 19}",0,27,224,0,Algún campo sin dato,0.Distrito Central,1.Guatemala,0126,presidente
1774,,"{'UNE': 36, 'AZUL': 4, 'VALOR UNIONISTA': 13, 'CABAL': 12, 'TODOS': 0, 'VAMOS': 5, 'PHG': 0, 'PR': 1, 'PIN': 0, 'ELEFANTE': 6, 'VICTORIA': 3, 'SEMILLA': 57, 'FCN-NACION': 1, 'PPN': 0, 'UR': 4, 'URNG-MAIZ WINAQ': 5, 'CREO': 1, 'BIEN': 12, 'VIVA': 12, 'MI FAMILIA': 3, 'CAMBIO': 0, 'VOS': 16}",1,28,220,0,Algún campo sin dato,0.Distrito Central,1.Guatemala,0126,presidente
1775,,"{'UNE': 11, 'AZUL': 1, 'VALOR UNIONISTA': 16, 'CABAL': 5, 'TODOS': 1, 'VAMOS': 2, 'PHG': 0, 'PR': 5, 'PIN': 0, 'ELEFANTE': 2, 'VICTORIA': 3, 'SEMILLA': 69, 'FCN-NACION': 1, 'PPN': 1, 'UR': 7, 'URNG-MAIZ WINAQ': 3, 'CREO': 1, 'BIEN': 8, 'VIVA': 16, 'MI FAMILIA': 3, 'CAMBIO': 0, 'VOS': 22}",4,23,204,0,Algún campo sin dato,0.Distrito Central,1.Guatemala,0126,presidente
1776,,"{'UNE': 18, 'AZUL': 3, 'VALOR UNIONISTA': 34, 'CABAL': 6, 'TODOS': 1, 'VAMOS': 3, 'PHG': 1, 'PR': 3, 'PIN': 0, 'ELEFANTE': 5, 'VICTORIA': 2, 'SEMILLA': 76, 'FCN-NACION': 0, 'PPN': 0, 'UR': 2, 'URNG-MAIZ WINAQ': 3, 'CREO': 3, 'BIEN': 13, 'VIVA': 13, 'MI FAMILIA': 3, 'CAMBIO': 0, 'VOS': 22}",1,25,237,0,Algún campo sin dato,0.Distrito Central,1.Guatemala,0126,presidente
1777,,"{'UNE': 16, 'AZUL': 3, 'VALOR UNIONISTA': 20, 'CABAL': 7, 'TODOS': 0, 'VAMOS': 0, 'PHG': 1, 'PR': 1, 'PIN': 1, 'ELEFANTE': 2, 'VICTORIA': 2, 'SEMILLA': 102, 'FCN-NACION': 1, 'PPN': 1, 'UR': 4, 'URNG-MAIZ WINAQ': 4, 'CREO': 2, 'BIEN': 5, 'VIVA': 16, 'MI FAMILIA': 3, 'CAMBIO': 0, 'VOS': 22}",0,2,215,30,Algún campo sin dato,0.Distrito Central,1.Guatemala,0126,presidente
1778,,"{'UNE': 11, 'AZUL': 3, 'VALOR UNIONISTA': 0, 'CABAL': 11, 'TODOS': 0, 'VAMOS': 2, 'PHG': 0, 'PR': 0, 'PIN': 0, 'ELEFANTE': 4, 'VICTORIA': 4, 'SEMILLA': 120, 'FCN-NACION': 1, 'PPN': 0, 'UR': 0, 'URNG-MAIZ WINAQ': 4, 'CREO': 1, 'BIEN': 17, 'VIVA': 4, 'MI FAMILIA': 0, 'CAMBIO': 0, 'VOS': 18}",0,29,229,0,Sumas Asentadas sin cuadrar,0.Distrito Central,1.Guatemala,0126,presidente
1779,,"{'UNE': 25, 'AZUL': 2, 'VALOR UNIONISTA': 16, 'CABAL': 8, 'TODOS': 1, 'VAMOS': 2, 'PHG': 0, 'PR': 1, 'PIN': 1, 'ELEFANTE': 2, 'VICTORIA': 5, 'SEMILLA': 75, 'FCN-NACION': 0, 'PPN': 0, 'UR': 4, 'URNG-MAIZ WINAQ': 4, 'CREO': 3, 'BIEN': 9, 'VIVA': 18, 'MI FAMILIA': 4, 'CAMBIO': 1, 'VOS': 8}",2,26,217,0,Algún campo sin dato,0.Distrito Central,1.Guatemala,0126,presidente
1780,,"{'UNE': 15, 'AZUL': 1, 'VALOR UNIONISTA': 12, 'CABAL': 6, 'TODOS': 0, 'VAMOS': 2, 'PHG': 0, 'PR': 0, 'PIN': 1, 'ELEFANTE': 1, 'VICTORIA': 2, 'SEMILLA': 122, 'FCN-NACION': 0, 'PPN': 0, 'UR': 3, 'URNG-MAIZ WINAQ': 2, 'CREO': 0, 'BIEN': 10, 'VIVA': 11, 'MI FAMILIA': 2, 'CAMBIO': 1, 'VOS': 23}",0,26,240,0,Algún campo sin dato,0.Distrito Central,1.Guatemala,0126,presidente
1781,,"{'UNE': 5, 'AZUL': 1, 'VALOR UNIONISTA': 14, 'CABAL': 15, 'TODOS': 0, 'VAMOS': 2, 'PHG': 0, 'PR': 1, 'PIN': 0, 'ELEFANTE': 1, 'VICTORIA': 5, 'SEMILLA': 137, 'FCN-NACION': 0, 'PPN': 0, 'UR': 1, 'URNG-MAIZ WINAQ': 2, 'CREO': 1, 'BIEN': 11, 'VIVA': 7, 'MI FAMILIA': 1, 'CAMBIO': 0, 'VOS': 28}",0,17,249,0,Algún campo sin dato,0.Distrito Central,1.Guatemala,0126,presidente
1782,,"{'UNE': 9, 'AZUL': 1, 'VALOR UNIONISTA': 14, 'CABAL': 11, 'TODOS': 0, 'VAMOS': 1, 'PHG': 1, 'PR': 1, 'PIN': 0, 'ELEFANTE': 5, 'VICTORIA': 5, 'SEMILLA': 139, 'FCN-NACION': 1, 'PPN': 0, 'UR': 3, 'URNG-MAIZ WINAQ': 4, 'CREO': 4, 'BIEN': 12, 'VIVA': 12, 'MI FAMILIA': 2, 'CAMBIO': 0, 'VOS': 13}",1,18,257,0,Algún campo sin dato,0.Distrito Central,1.Guatemala,0126,presidente
1783,,"{'UNE': 10, 'AZUL': 3, 'VALOR UNIONISTA': 9, 'CABAL': 12, 'TODOS': 0, 'VAMOS': 1, 'PHG': 0, 'PR': 3, 'PIN': 0, 'ELEFANTE': 1, 'VICTORIA': 3, 'SEMILLA': 128, 'FCN-NACION': 2, 'PPN': 0, 'UR': 2, 'URNG-MAIZ WINAQ': 2, 'CREO': 1, 'BIEN': 16, 'VIVA': 6, 'MI FAMILIA': 2, 'CAMBIO': 0, 'VOS': 13}",0,11,225,0,Algún campo sin dato,0.Distrito Central,1.Guatemala,0126,presidente
1784,,"{'UNE': 14, 'AZUL': 2, 'VALOR UNIONISTA': 9, 'CABAL': 3, 'TODOS': 1, 'VAMOS': 1, 'PHG': 0, 'PR': 0, 'PIN': 0, 'ELEFANTE': 1, 'VICTORIA': 2, 'SEMILLA': 72, 'FCN-NACION': 1, 'PPN': 0, 'UR': 3, 'URNG-MAIZ WINAQ': 3, 'CREO': 3, 'BIEN': 9, 'VIVA': 15, 'MI FAMILIA': 0, 'CAMBIO': 0, 'VOS': 11}",0,24,174,0,Algún campo sin dato,0.Distrito Central,1.Guatemala,0126,presidente
1785,,"{'UNE': 12, 'AZUL': 0, 'VALOR UNIONISTA': 6, 'CABAL': 5, 'TODOS': 0, 'VAMOS': 3, 'PHG': 0, 'PR': 0, 'PIN': 1, 'ELEFANTE': 0, 'VICTORIA': 3, 'SEMILLA': 87, 'FCN-NACION': 0, 'PPN': 0, 'UR': 2, 'URNG-MAIZ WINAQ': 1, 'CREO': 1, 'BIEN': 8, 'VIVA': 12, 'MI FAMILIA': 3, 'CAMBIO': 0, 'VOS': 21}",3,25,193,1,,0.Distrito Central,1.Guatemala,0126,presidente
1786,,"{'UNE': 9, 'AZUL': 3, 'VALOR UNIONISTA': 13, 'CABAL': 7, 'TODOS': 0, 'VAMOS': 3, 'PHG': 1, 'PR': 0, 'PIN': 0, 'ELEFANTE': 3, 'VICTORIA': 5, 'SEMILLA': 108, 'FCN-NACION': 0, 'PPN': 1, 'UR': 0, 'URNG-MAIZ WINAQ': 4, 'CREO': 2, 'BIEN': 8, 'VIVA': 6, 'MI FAMILIA': 2, 'CAMBIO': 1, 'VOS': 11}",0,19,206,0,Algún campo sin dato,0.Distrito Central,1.Guatemala,0126,presidente
1787,,"{'UNE': 7, 'AZUL': 1, 'VALOR UNIONISTA': 8, 'CABAL': 9, 'TODOS': 0, 'VAMOS': 1, 'PHG': 0, 'PR': 0, 'PIN': 0, 'ELEFANTE': 3, 'VICTORIA': 2, 'SEMILLA': 83, 'FCN-NACION': 1, 'PPN': 0, 'UR': 2, 'URNG-MAIZ WINAQ': 0, 'CREO': 1, 'BIEN': 8, 'VIVA': 8, 'MI FAMILIA': 4, 'CAMBIO': 0, 'VOS': 18}",0,24,180,0,Algún campo sin dato,0.Distrito Central,1.Guatemala,0126,presidente
1788,,"{'UNE': 7, 'AZUL': 0, 'VALOR UNIONISTA': 6, 'CABAL': 7, 'TODOS': 0, 'VAMOS': 3, 'PHG': 0, 'PR': 1, 'PIN': 1, 'ELEFANTE': 0, 'VICTORIA': 1, 'SEMILLA': 75, 'FCN-NACION': 0, 'PPN': 0, 'UR': 3, 'URNG-MAIZ WINAQ': 1, 'CREO': 0, 'BIEN': 5, 'VIVA': 4, 'MI FAMILIA': 3, 'CAMBIO': 0, 'VOS': 13}",0,11,141,0,Algún campo sin dato,0.Distrito Central,1.Guatemala,0126,presidente
1789,,"{'UNE': 36, 'AZUL': 4, 'VALOR UNIONISTA': 25, 'CABAL': 8, 'TODOS': 1, 'VAMOS': 10, 'PHG': 0, 'PR': 6, 'PIN': 0, 'ELEFANTE': 3, 'VICTORIA': 7, 'SEMILLA': 52, 'FCN-NACION': 0, 'PPN': 2, 'UR': 4, 'URNG-MAIZ WINAQ': 6, 'CREO': 5, 'BIEN': 5, 'VIVA': 17, 'MI FAMILIA': 6, 'CAMBIO': 1, 'VOS': 15}",6,28,247,0,Algún campo sin dato,0.Distrito Central,1.Guatemala,0127,presidente
1790,,"{'UNE': 30, 'AZUL': 3, 'VALOR UNIONISTA': 21, 'CABAL': 12, 'TODOS': 1, 'VAMOS': 7, 'PHG': 2, 'PR': 3, 'PIN': 0, 'ELEFANTE': 1, 'VICTORIA': 13, 'SEMILLA': 48, 'FCN-NACION': 0, 'PPN': 3, 'UR': 2, 'URNG-MAIZ WINAQ': 5, 'CREO': 16, 'BIEN': 3, 'VIVA': 22, 'MI FAMILIA': 3, 'CAMBIO': 2, 'VOS': 11}",1,37,246,0,Algún campo sin dato,0.Distrito Central,1.Guatemala,0127,presidente
1791,,"{'UNE': 33, 'AZUL': 4, 'VALOR UNIONISTA': 18, 'CABAL': 13, 'TODOS': 3, 'VAMOS': 10, 'PHG': 1, 'PR': 4, 'PIN': 2, 'ELEFANTE': 2, 'VICTORIA': 5, 'SEMILLA': 43, 'FCN-NACION': 0, 'PPN': 3, 'UR': 4, 'URNG-MAIZ WINAQ': 5, 'CREO': 8, 'BIEN': 11, 'VIVA': 29, 'MI FAMILIA': 9, 'CAMBIO': 1, 'VOS': 12}",2,39,261,0,Algún campo sin dato,0.Distrito Central,1.Guatemala,0127,presidente
1792,,"{'UNE': 35, 'AZUL': 2, 'VALOR UNIONISTA': 22, 'CABAL': 9, 'TODOS': 3, 'VAMOS': 5, 'PHG': 4, 'PR': 3, 'PIN': 0, 'ELEFANTE': 3, 'VICTORIA': 11, 'SEMILLA': 54, 'FCN-NACION': 2, 'PPN': 2, 'UR': 5, 'URNG-MAIZ WINAQ': 7, 'CREO': 4, 'BIEN': 7, 'VIVA': 18, 'MI FAMILIA': 6, 'CAMBIO': 1, 'VOS': 19}",0,51,273,0,Algún campo sin dato,0.Distrito Central,1.Guatemala,0127,presidente
1793,,"{'UNE': 34, 'AZUL': 2, 'VALOR UNIONISTA': 23, 'CABAL': 13, 'TODOS': 3, 'VAMOS': 2, 'PHG': 10, 'PR': 0, 'PIN': 1, 'ELEFANTE': 2, 'VICTORIA': 6, 'SEMILLA': 58, 'FCN-NACION': 0, 'PPN': 2, 'UR': 10, 'URNG-MAIZ WINAQ': 9, 'CREO': 10, 'BIEN': 7, 'VIVA': 23, 'MI FAMILIA': 3, 'CAMBIO': 1, 'VOS': 15}",1,38,273,0,Sumas Asentadas sin cuadrar,0.Distrito Central,1.Guatemala,0127,presidente
1794,,"{'UNE': 27, 'AZUL': 5, 'VALOR UNIONISTA': 14, 'CABAL': 12, 'TODOS': 0, 'VAMOS': 7, 'PHG': 1, 'PR': 4, 'PIN': 1, 'ELEFANTE': 4, 'VICTORIA': 5, 'SEMILLA': 51, 'FCN-NACION': 1, 'PPN': 2, 'UR': 7, 'URNG-MAIZ WINAQ': 4, 'CREO': 7, 'BIEN': 8, 'VIVA': 19, 'MI FAMILIA': 8, 'CAMBIO': 1, 'VOS': 12}",2,44,246,0,Algún campo sin dato,0.Distrito Central,1.Guatemala,0127,presidente
1795,,"{'UNE': 19, 'AZUL': 3, 'VALOR UNIONISTA': 9, 'CABAL': 6, 'TODOS': 1, 'VAMOS': 2, 'PHG': 0, 'PR': 1, 'PIN': 1, 'ELEFANTE': 1, 'VICTORIA': 6, 'SEMILLA': 52, 'FCN-NACION': 1, 'PPN': 0, 'UR': 6, 'URNG-MAIZ WINAQ': 4, 'CREO': 5, 'BIEN': 11, 'VIVA': 21, 'MI FAMILIA': 4, 'CAMBIO': 1, 'VOS': 28}",0,34,216,0,Sumas Asentadas sin cuadrar,0.Distrito Central,1.Guatemala,0127,presidente
1796,,"{'UNE': 24, 'AZUL': 5, 'VALOR UNIONISTA': 26, 'CABAL': 9, 'TODOS': 0, 'VAMOS': 4, 'PHG': 4, 'PR': 0, 'PIN': 2, 'ELEFANTE': 1, 'VICTORIA': 6, 'SEMILLA': 42, 'FCN-NACION': 1, 'PPN': 1, 'UR': 5, 'URNG-MAIZ WINAQ': 7, 'CREO': 5, 'BIEN': 9, 'VIVA': 17, 'MI FAMILIA': 6, 'CAMBIO': 0, 'VOS': 9}",2,46,231,0,Algún campo sin dato,0.Distrito Central,1.Guatemala,0127,presidente
1797,,"{'UNE': 22, 'AZUL': 1, 'VALOR UNIONISTA': 23, 'CABAL': 7, 'TODOS': 1, 'VAMOS': 4, 'PHG': 1, 'PR': 4, 'PIN': 2, 'ELEFANTE': 3, 'VICTORIA': 5, 'SEMILLA': 49, 'FCN-NACION': 0, 'PPN': 3, 'UR': 4, 'URNG-MAIZ WINAQ': 1, 'CREO': 9, 'BIEN': 4, 'VIVA': 19, 'MI FAMILIA': 3, 'CAMBIO': 0, 'VOS': 18}",1,62,246,0,Algún campo sin dato,0.Distrito Central,1.Guatemala,0127,presidente
1798,,"{'UNE': 33, 'AZUL': 3, 'VALOR UNIONISTA': 19, 'CABAL': 9, 'TODOS': 0, 'VAMOS': 8, 'PHG': 0, 'PR': 5, 'PIN': 1, 'ELEFANTE': 2, 'VICTORIA': 6, 'SEMILLA': 40, 'FCN-NACION': 1, 'PPN': 2, 'UR': 3, 'URNG-MAIZ WINAQ': 7, 'CREO': 7, 'BIEN': 4, 'VIVA': 20, 'MI FAMILIA': 4, 'CAMBIO': 0, 'VOS': 14}",2,40,230,1,,0.Distrito Central,1.Guatemala,0127,presidente
1799,,"{'UNE': 27, 'AZUL': 6, 'VALOR UNIONISTA': 22, 'CABAL': 7, 'TODOS': 1, 'VAMOS': 5, 'PHG': 0, 'PR': 4, 'PIN': 0, 'ELEFANTE': 3, 'VICTORIA': 3, 'SEMILLA': 55, 'FCN-NACION': 1, 'PPN': 1, 'UR': 5, 'URNG-MAIZ WINAQ': 6, 'CREO': 6, 'BIEN': 8, 'VIVA': 28, 'MI FAMILIA': 3, 'CAMBIO': 0, 'VOS': 14}",4,32,241,0,Algún campo sin dato,0.Distrito Central,1.Guatemala,0127,presidente
1800,,"{'UNE': 35, 'AZUL': 3, 'VALOR UNIONISTA': 21, 'CABAL': 9, 'TODOS': 4, 'VAMOS': 0, 'PHG': 0, 'PR': 3, 'PIN': 0, 'ELEFANTE': 3, 'VICTORIA': 5, 'SEMILLA': 59, 'FCN-NACION': 1, 'PPN': 2, 'UR': 4, 'URNG-MAIZ WINAQ': 6, 'CREO': 8, 'BIEN': 11, 'VIVA': 21, 'MI FAMILIA': 9, 'CAMBIO': 0, 'VOS': 10}",2,32,248,0,Sumas Asentadas sin cuadrar,0.Distrito Central,1.Guatemala,0127,presidente
1801,,"{'UNE': 22, 'AZUL': 4, 'VALOR UNIONISTA': 20, 'CABAL': 13, 'TODOS': 2, 'VAMOS': 8, 'PHG': 1, 'PR': 4, 'PIN': 0, 'ELEFANTE': 3, 'VICTORIA': 6, 'SEMILLA': 42, 'FCN-NACION': 1, 'PPN': 1, 'UR': 6, 'URNG-MAIZ WINAQ': 8, 'CREO': 7, 'BIEN': 6, 'VIVA': 23, 'MI FAMILIA': 0, 'CAMBIO': 0, 'VOS': 15}",2,35,229,0,Algún campo sin dato,0.Distrito Central,1.Guatemala,0127,presidente
1802,,"{'UNE': 31, 'AZUL': 1, 'VALOR UNIONISTA': 13, 'CABAL': 12, 'TODOS': 0, 'VAMOS': 8, 'PHG': 0, 'PR': 3, 'PIN': 1, 'ELEFANTE': 5, 'VICTORIA': 9, 'SEMILLA': 44, 'FCN-NACION': 0, 'PPN': 1, 'UR': 5, 'URNG-MAIZ WINAQ': 8, 'CREO': 10, 'BIEN': 5, 'VIVA': 24, 'MI FAMILIA': 5, 'CAMBIO': 2, 'VOS': 13}",0,29,229,0,Algún campo sin dato,0.Distrito Central,1.Guatemala,0127,presidente
1803,,"{'UNE': 35, 'AZUL': 4, 'VALOR UNIONISTA': 16, 'CABAL': 11, 'TODOS': 1, 'VAMOS': 7, 'PHG': 1, 'PR': 0, 'PIN': 1, 'ELEFANTE': 5, 'VICTORIA': 4, 'SEMILLA': 45, 'FCN-NACION': 0, 'PPN': 3, 'UR': 2, 'URNG-MAIZ WINAQ': 5, 'CREO': 3, 'BIEN': 6, 'VIVA': 15, 'MI FAMILIA': 7, 'CAMBIO': 0, 'VOS': 13}",0,39,223,0,Algún campo sin dato,0.Distrito Central,1.Guatemala,0127,presidente
1804,,"{'UNE': 38, 'AZUL': 2, 'VALOR UNIONISTA': 16, 'CABAL': 9, 'TODOS': 0, 'VAMOS': 3, 'PHG': 0, 'PR': 6, 'PIN': 0, 'ELEFANTE': 2, 'VICTORIA': 10, 'SEMILLA': 36, 'FCN-NACION': 0, 'PPN': 2, 'UR': 4, 'URNG-MAIZ WINAQ': 5, 'CREO': 4, 'BIEN': 5, 'VIVA': 20, 'MI FAMILIA': 6, 'CAMBIO': 0, 'VOS': 8}",3,46,225,0,Algún campo sin dato,0.Distrito Central,1.Guatemala,0127,presidente
1805,,"{'UNE': 35, 'AZUL': 1, 'VALOR UNIONISTA': 23, 'CABAL': 10, 'TODOS': 1, 'VAMOS': 4, 'PHG': 0, 'PR': 1, 'PIN': 0, 'ELEFANTE': 3, 'VICTORIA': 9, 'SEMILLA': 41, 'FCN-NACION': 2, 'PPN': 1, 'UR': 4, 'URNG-MAIZ WINAQ': 2, 'CREO': 5, 'BIEN': 4, 'VIVA': 17, 'MI FAMILIA': 2, 'CAMBIO': 0, 'VOS': 17}",6,30,218,0,Algún campo sin dato,0.Distrito Central,1.Guatemala,0128,presidente
1806,,"{'UNE': 30, 'AZUL': 4, 'VALOR UNIONISTA': 19, 'CABAL': 3, 'TODOS': 0, 'VAMOS': 5, 'PHG': 0, 'PR': 4, 'PIN': 1, 'ELEFANTE': 1, 'VICTORIA': 8, 'SEMILLA': 38, 'FCN-NACION': 1, 'PPN': 0, 'UR': 2, 'URNG-MAIZ WINAQ': 2, 'CREO': 6, 'BIEN': 2, 'VIVA': 16, 'MI FAMILIA': 3, 'CAMBIO': 0, 'VOS': 8}",4,30,187,0,Sumas Asentadas sin cuadrar,0.Distrito Central,1.Guatemala,0128,presidente
1807,,"{'UNE': 38, 'AZUL': 2, 'VALOR UNIONISTA': 15, 'CABAL': 3, 'TODOS': 1, 'VAMOS': 1, 'PHG': 0, 'PR': 2, 'PIN': 0, 'ELEFANTE': 2, 'VICTORIA': 4, 'SEMILLA': 54, 'FCN-NACION': 2, 'PPN': 2, 'UR': 0, 'URNG-MAIZ WINAQ': 3, 'CREO': 3, 'BIEN': 7, 'VIVA': 17, 'MI FAMILIA': 7, 'CAMBIO': 1, 'VOS': 15}",0,30,209,0,Algún campo sin dato,0.Distrito Central,1.Guatemala,0128,presidente
1808,,"{'UNE': 20, 'AZUL': 1, 'VALOR UNIONISTA': 13, 'CABAL': 11, 'TODOS': 1, 'VAMOS': 3, 'PHG': 0, 'PR': 0, 'PIN': 0, 'ELEFANTE': 0, 'VICTORIA': 5, 'SEMILLA': 71, 'FCN-NACION': 0, 'PPN': 0, 'UR': 6, 'URNG-MAIZ WINAQ': 3, 'CREO': 0, 'BIEN': 10, 'VIVA': 12, 'MI FAMILIA': 3, 'CAMBIO': 0, 'VOS': 17}",1,17,194,0,Algún campo sin dato,0.Distrito Central,1.Guatemala,0128,presidente
1809,,"{'UNE': 13, 'AZUL': 1, 'VALOR UNIONISTA': 8, 'CABAL': 9, 'TODOS': 0, 'VAMOS': 3, 'PHG': 0, 'PR': 0, 'PIN': 0, 'ELEFANTE': 1, 'VICTORIA': 4, 'SEMILLA': 92, 'FCN-NACION': 2, 'PPN': 0, 'UR': 1, 'URNG-MAIZ WINAQ': 2, 'CREO': 5, 'BIEN': 5, 'VIVA': 13, 'MI FAMILIA': 1, 'CAMBIO': 0, 'VOS': 18}",0,18,196,0,Algún campo sin dato,0.Distrito Central,1.Guatemala,0128,presidente
1810,,"{'UNE': 14, 'AZUL': 2, 'VALOR UNIONISTA': 5, 'CABAL': 4, 'TODOS': 1, 'VAMOS': 1, 'PHG': 0, 'PR': 1, 'PIN': 0, 'ELEFANTE': 2, 'VICTORIA': 4, 'SEMILLA': 106, 'FCN-NACION': 1, 'PPN': 0, 'UR': 2, 'URNG-MAIZ WINAQ': 0, 'CREO': 2, 'BIEN': 4, 'VIVA': 12, 'MI FAMILIA': 2, 'CAMBIO': 2, 'VOS': 7}",1,23,196,0,Algún campo sin dato,0.Distrito Central,1.Guatemala,0128,presidente
1811,,"{'UNE': 7, 'AZUL': 0, 'VALOR UNIONISTA': 7, 'CABAL': 5, 'TODOS': 1, 'VAMOS': 0, 'PHG': 0, 'PR': 1, 'PIN': 0, 'ELEFANTE': 1, 'VICTORIA': 4, 'SEMILLA': 93, 'FCN-NACION': 1, 'PPN': 2, 'UR': 3, 'URNG-MAIZ WINAQ': 2, 'CREO': 3, 'BIEN': 19, 'VIVA': 13, 'MI FAMILIA': 2, 'CAMBIO': 0, 'VOS': 9}",0,20,193,0,Algún campo sin dato,0.Distrito Central,1.Guatemala,0128,presidente
1812,,"{'UNE': 18, 'AZUL': 2, 'VALOR UNIONISTA': 5, 'CABAL': 6, 'TODOS': 0, 'VAMOS': 5, 'PHG': 0, 'PR': 1, 'PIN': 0, 'ELEFANTE': 0, 'VICTORIA': 6, 'SEMILLA': 54, 'FCN-NACION': 1, 'PPN': 0, 'UR': 3, 'URNG-MAIZ WINAQ': 4, 'CREO': 2, 'BIEN': 3, 'VIVA': 13, 'MI FAMILIA': 2, 'CAMBIO': 0, 'VOS': 8}",0,20,153,0,Algún campo sin dato,0.Distrito Central,1.Guatemala,0128,presidente
1813,,"{'UNE': 16, 'AZUL': 0, 'VALOR UNIONISTA': 6, 'CABAL': 9, 'TODOS': 0, 'VAMOS': 6, 'PHG': 0, 'PR': 2, 'PIN': 0, 'ELEFANTE': 0, 'VICTORIA': 1, 'SEMILLA': 53, 'FCN-NACION': 0, 'PPN': 0, 'UR': 1, 'URNG-MAIZ WINAQ': 0, 'CREO': 0, 'BIEN': 3, 'VIVA': 7, 'MI FAMILIA': 1, 'CAMBIO': 0, 'VOS': 3}",240,16,364,0,Sumas Asentadas sin cuadrar,0.Distrito Central,1.Guatemala,0128,presidente
1814,,"{'UNE': 19, 'AZUL': 2, 'VALOR UNIONISTA': 13, 'CABAL': 12, 'TODOS': 1, 'VAMOS': 21, 'PHG': 0, 'PR': 0, 'PIN': 0, 'ELEFANTE': 1, 'VICTORIA': 2, 'SEMILLA': 36, 'FCN-NACION': 0, 'PPN': 1, 'UR': 1, 'URNG-MAIZ WINAQ': 8, 'CREO': 3, 'BIEN': 0, 'VIVA': 9, 'MI FAMILIA': 3, 'CAMBIO': 1, 'VOS': 7}",3,21,164,0,Sumas Asentadas sin cuadrar,0.Distrito Central,1.Guatemala,0129,presidente
1815,,"{'UNE': 29, 'AZUL': 3, 'VALOR UNIONISTA': 9, 'CABAL': 4, 'TODOS': 0, 'VAMOS': 7, 'PHG': 0, 'PR': 2, 'PIN': 0, 'ELEFANTE': 1, 'VICTORIA': 3, 'SEMILLA': 27, 'FCN-NACION': 2, 'PPN': 2, 'UR': 7, 'URNG-MAIZ WINAQ': 4, 'CREO': 3, 'BIEN': 6, 'VIVA': 10, 'MI FAMILIA': 5, 'CAMBIO': 0, 'VOS': 9}",1,31,165,0,Algún campo sin dato,0.Distrito Central,1.Guatemala,0129,presidente
1816,,"{'UNE': 10, 'AZUL': 5, 'VALOR UNIONISTA': 38, 'CABAL': 20, 'TODOS': 1, 'VAMOS': 3, 'PHG': 0, 'PR': 5, 'PIN': 1, 'ELEFANTE': 3, 'VICTORIA': 3, 'SEMILLA': 81, 'FCN-NACION': 3, 'PPN': 0, 'UR': 3, 'URNG-MAIZ WINAQ': 1, 'CREO': 5, 'BIEN': 22, 'VIVA': 10, 'MI FAMILIA': 8, 'CAMBIO': 0, 'VOS': 30}",0,38,290,0,Algún campo sin dato,0.Distrito Central,1.Guatemala,0129,presidente
1817,,"{'UNE': 19, 'AZUL': 1, 'VALOR UNIONISTA': 10, 'CABAL': 8, 'TODOS': 1, 'VAMOS': 6, 'PHG': 1, 'PR': 2, 'PIN': 1, 'ELEFANTE': 3, 'VICTORIA': 5, 'SEMILLA': 20, 'FCN-NACION': 0, 'PPN': 1, 'UR': 2, 'URNG-MAIZ WINAQ': 2, 'CREO': 3, 'BIEN': 3, 'VIVA': 7, 'MI FAMILIA': 3, 'CAMBIO': 0, 'VOS': 7}",1,27,133,4,Algún campo sin dato,0.Distrito Central,1.Guatemala,0129,presidente
1818,,"{'UNE': 18, 'AZUL': 3, 'VALOR UNIONISTA': 17, 'CABAL': 6, 'TODOS': 0, 'VAMOS': 14, 'PHG': 0, 'PR': 0, 'PIN': 0, 'ELEFANTE': 3, 'VICTORIA': 2, 'SEMILLA': 16, 'FCN-NACION': 1, 'PPN': 2, 'UR': 1, 'URNG-MAIZ WINAQ': 3, 'CREO': 4, 'BIEN': 6, 'VIVA': 6, 'MI FAMILIA': 2, 'CAMBIO': 1, 'VOS': 5}",1,41,152,0,Algún campo sin dato,0.Distrito Central,1.Guatemala,0129,presidente
1819,,"{'UNE': 22, 'AZUL': 1, 'VALOR UNIONISTA': 16, 'CABAL': 8, 'TODOS': 0, 'VAMOS': 9, 'PHG': 1, 'PR': 1, 'PIN': 0, 'ELEFANTE': 0, 'VICTORIA': 4, 'SEMILLA': 25, 'FCN-NACION': 2, 'PPN': 0, 'UR': 2, 'URNG-MAIZ WINAQ': 4, 'CREO': 1, 'BIEN': 4, 'VIVA': 5, 'MI FAMILIA': 7, 'CAMBIO': 0, 'VOS': 12}",0,33,157,0,Algún campo sin dato,0.Distrito Central,1.Guatemala,0129,presidente
1820,,"{'UNE': 17, 'AZUL': 0, 'VALOR UNIONISTA': 16, 'CABAL': 2, 'TODOS': 0, 'VAMOS': 19, 'PHG': 0, 'PR': 1, 'PIN': 0, 'ELEFANTE': 2, 'VICTORIA': 4, 'SEMILLA': 27, 'FCN-NACION': 2, 'PPN': 1, 'UR': 1, 'URNG-MAIZ WINAQ': 0, 'CREO': 2, 'BIEN': 9, 'VIVA': 10, 'MI FAMILIA': 5, 'CAMBIO': 1, 'VOS': 5}",1,23,148,0,Algún campo sin dato,0.Distrito Central,1.Guatemala,0129,presidente
1821,,"{'UNE': 14, 'AZUL': 2, 'VALOR UNIONISTA': 11, 'CABAL': 5, 'TODOS': 0, 'VAMOS': 9, 'PHG': 0, 'PR': 0, 'PIN': 0, 'ELEFANTE': 3, 'VICTORIA': 5, 'SEMILLA': 39, 'FCN-NACION': 0, 'PPN': 0, 'UR': 1, 'URNG-MAIZ WINAQ': 0, 'CREO': 0, 'BIEN': 12, 'VIVA': 5, 'MI FAMILIA': 3, 'CAMBIO': 0, 'VOS': 3}",2,28,142,0,Algún campo sin dato,0.Distrito Central,1.Guatemala,0129,presidente
1822,,"{'UNE': 9, 'AZUL': 1, 'VALOR UNIONISTA': 5, 'CABAL': 5, 'TODOS': 0, 'VAMOS': 7, 'PHG': 1, 'PR': 2, 'PIN': 0, 'ELEFANTE': 1, 'VICTORIA': 3, 'SEMILLA': 34, 'FCN-NACION': 2, 'PPN': 0, 'UR': 0, 'URNG-MAIZ WINAQ': 1, 'CREO': 1, 'BIEN': 12, 'VIVA': 2, 'MI FAMILIA': 0, 'CAMBIO': 0, 'VOS': 8}",2,17,113,0,Algún campo sin dato,0.Distrito Central,1.Guatemala,0129,presidente
1823,,"{'UNE': 5, 'AZUL': 4, 'VALOR UNIONISTA': 4, 'CABAL': 4, 'TODOS': 0, 'VAMOS': 6, 'PHG': 0, 'PR': 1, 'PIN': 0, 'ELEFANTE': 1, 'VICTORIA': 5, 'SEMILLA': 23, 'FCN-NACION': 1, 'PPN': 0, 'UR': 2, 'URNG-MAIZ WINAQ': 0, 'CREO': 3, 'BIEN': 4, 'VIVA': 10, 'MI FAMILIA': 1, 'CAMBIO': 2, 'VOS': 3}",1,10,90,0,Algún campo sin dato,0.Distrito Central,1.Guatemala,0129,presidente
1824,,"{'UNE': 26, 'AZUL': 6, 'VALOR UNIONISTA': 19, 'CABAL': 8, 'TODOS': 0, 'VAMOS': 1, 'PHG': 1, 'PR': 2, 'PIN': 0, 'ELEFANTE': 2, 'VICTORIA': 2, 'SEMILLA': 55, 'FCN-NACION': 0, 'PPN': 3, 'UR': 2, 'URNG-MAIZ WINAQ': 11, 'CREO': 3, 'BIEN': 7, 'VIVA': 15, 'MI FAMILIA': 6, 'CAMBIO': 0, 'VOS': 14}",0,35,218,183,Algún campo sin dato,0.Distrito Central,1.Guatemala,0130,presidente
1825,,"{'UNE': 29, 'AZUL': 4, 'VALOR UNIONISTA': 19, 'CABAL': 9, 'TODOS': 2, 'VAMOS': 4, 'PHG': 0, 'PR': 2, 'PIN': 0, 'ELEFANTE': 4, 'VICTORIA': 5, 'SEMILLA': 46, 'FCN-NACION': 2, 'PPN': 1, 'UR': 2, 'URNG-MAIZ WINAQ': 5, 'CREO': 9, 'BIEN': 9, 'VIVA': 12, 'MI FAMILIA': 5, 'CAMBIO': 0, 'VOS': 22}",4,44,239,0,Algún campo sin dato,0.Distrito Central,1.Guatemala,0130,presidente
1826,,"{'UNE': 18, 'AZUL': 4, 'VALOR UNIONISTA': 30, 'CABAL': 8, 'TODOS': 2, 'VAMOS': 10, 'PHG': 0, 'PR': 2, 'PIN': 1, 'ELEFANTE': 4, 'VICTORIA': 11, 'SEMILLA': 52, 'FCN-NACION': 2, 'PPN': 1, 'UR': 4, 'URNG-MAIZ WINAQ': 3, 'CREO': 5, 'BIEN': 8, 'VIVA': 17, 'MI FAMILIA': 6, 'CAMBIO': 0, 'VOS': 18}",2,37,245,0,Algún campo sin dato,0.Distrito Central,1.Guatemala,0130,presidente
1827,,"{'UNE': 19, 'AZUL': 2, 'VALOR UNIONISTA': 23, 'CABAL': 12, 'TODOS': 1, 'VAMOS': 1, 'PHG': 0, 'PR': 3, 'PIN': 0, 'ELEFANTE': 0, 'VICTORIA': 2, 'SEMILLA': 44, 'FCN-NACION': 0, 'PPN': 0, 'UR': 2, 'URNG-MAIZ WINAQ': 4, 'CREO': 5, 'BIEN': 8, 'VIVA': 19, 'MI FAMILIA': 2, 'CAMBIO': 1, 'VOS': 26}",0,30,204,0,Algún campo sin dato,0.Distrito Central,1.Guatemala,0130,presidente
1828,,"{'UNE': 19, 'AZUL': 3, 'VALOR UNIONISTA': 13, 'CABAL': 16, 'TODOS': 0, 'VAMOS': 1, 'PHG': 0, 'PR': 3, 'PIN': 0, 'ELEFANTE': 3, 'VICTORIA': 1, 'SEMILLA': 51, 'FCN-NACION': 2, 'PPN': 1, 'UR': 3, 'URNG-MAIZ WINAQ': 0, 'CREO': 4, 'BIEN': 3, 'VIVA': 13, 'MI FAMILIA': 4, 'CAMBIO': 0, 'VOS': 15}",2,42,199,0,Sumas Asentadas sin cuadrar,0.Distrito Central,1.Guatemala,0130,presidente
1829,,"{'UNE': 20, 'AZUL': 0, 'VALOR UNIONISTA': 28, 'CABAL': 12, 'TODOS': 0, 'VAMOS': 2, 'PHG': 0, 'PR': 4, 'PIN': 0, 'ELEFANTE': 5, 'VICTORIA': 7, 'SEMILLA': 34, 'FCN-NACION': 1, 'PPN': 4, 'UR': 7, 'URNG-MAIZ WINAQ': 3, 'CREO': 2, 'BIEN': 9, 'VIVA': 18, 'MI FAMILIA': 6, 'CAMBIO': 0, 'VOS': 13}",3,36,214,201,Algún campo sin dato,0.Distrito Central,1.Guatemala,0130,presidente
1830,,"{'UNE': 18, 'AZUL': 3, 'VALOR UNIONISTA': 13, 'CABAL': 12, 'TODOS': 0, 'VAMOS': 3, 'PHG': 0, 'PR': 4, 'PIN': 0, 'ELEFANTE': 1, 'VICTORIA': 4, 'SEMILLA': 45, 'FCN-NACION': 1, 'PPN': 2, 'UR': 4, 'URNG-MAIZ WINAQ': 7, 'CREO': 1, 'BIEN': 11, 'VIVA': 13, 'MI FAMILIA': 5, 'CAMBIO': 1, 'VOS': 16}",1,31,196,204,Algún campo sin dato,0.Distrito Central,1.Guatemala,0130,presidente
1831,,"{'UNE': 18, 'AZUL': 4, 'VALOR UNIONISTA': 7, 'CABAL': 12, 'TODOS': 1, 'VAMOS': 2, 'PHG': 1, 'PR': 3, 'PIN': 0, 'ELEFANTE': 2, 'VICTORIA': 3, 'SEMILLA': 64, 'FCN-NACION': 0, 'PPN': 0, 'UR': 2, 'URNG-MAIZ WINAQ': 2, 'CREO': 2, 'BIEN': 9, 'VIVA': 11, 'MI FAMILIA': 1, 'CAMBIO': 1, 'VOS': 10}",1,31,187,0,Algún campo sin dato,0.Distrito Central,1.Guatemala,0130,presidente
1832,,"{'UNE': 13, 'AZUL': 3, 'VALOR UNIONISTA': 12, 'CABAL': 6, 'TODOS': 0, 'VAMOS': 3, 'PHG': 0, 'PR': 1, 'PIN': 0, 'ELEFANTE': 1, 'VICTORIA': 7, 'SEMILLA': 93, 'FCN-NACION': 1, 'PPN': 1, 'UR': 3, 'URNG-MAIZ WINAQ': 2, 'CREO': 3, 'BIEN': 14, 'VIVA': 5, 'MI FAMILIA': 0, 'CAMBIO': 0, 'VOS': 15}",0,23,206,0,Algún campo sin dato,0.Distrito Central,1.Guatemala,0130,presidente
1833,,"{'UNE': 4, 'AZUL': 0, 'VALOR UNIONISTA': 8, 'CABAL': 7, 'TODOS': 0, 'VAMOS': 0, 'PHG': 0, 'PR': 0, 'PIN': 0, 'ELEFANTE': 2, 'VICTORIA': 1, 'SEMILLA': 49, 'FCN-NACION': 0, 'PPN': 1, 'UR': 0, 'URNG-MAIZ WINAQ': 2, 'CREO': 1, 'BIEN': 7, 'VIVA': 2, 'MI FAMILIA': 2, 'CAMBIO': 0, 'VOS': 13}",0,17,116,0,Algún campo sin dato,0.Distrito Central,1.Guatemala,0130,presidente
1834,,"{'UNE': 1, 'AZUL': 1, 'VALOR UNIONISTA': 4, 'CABAL': 4, 'TODOS': 0, 'VAMOS': 1, 'PHG': 0, 'PR': 1, 'PIN': 0, 'ELEFANTE': 2, 'VICTORIA': 2, 'SEMILLA': 43, 'FCN-NACION': 0, 'PPN': 2, 'UR': 1, 'URNG-MAIZ WINAQ': 1, 'CREO': 3, 'BIEN': 2, 'VIVA': 4, 'MI FAMILIA': 0, 'CAMBIO': 0, 'VOS': 8}",0,17,97,0,Algún campo sin dato,0.Distrito Central,1.Guatemala,0130,presidente
1835,,"{'UNE': 7, 'AZUL': 0, 'VALOR UNIONISTA': 26, 'CABAL': 16, 'TODOS': 1, 'VAMOS': 2, 'PHG': 0, 'PR': 1, 'PIN': 1, 'ELEFANTE': 0, 'VICTORIA': 0, 'SEMILLA': 32, 'FCN-NACION': 1, 'PPN': 0, 'UR': 2, 'URNG-MAIZ WINAQ': 5, 'CREO': 0, 'BIEN': 11, 'VIVA': 4, 'MI FAMILIA': 5, 'CAMBIO': 1, 'VOS': 16}",1,14,146,0,Algún campo sin dato,0.Distrito Central,1.Guatemala,0131,presidente
1836,,"{'UNE': 10, 'AZUL': 2, 'VALOR UNIONISTA': 33, 'CABAL': 12, 'TODOS': 1, 'VAMOS': 1, 'PHG': 0, 'PR': 3, 'PIN': 0, 'ELEFANTE': 2, 'VICTORIA': 1, 'SEMILLA': 27, 'FCN-NACION': 0, 'PPN': 0, 'UR': 2, 'URNG-MAIZ WINAQ': 4, 'CREO': 1, 'BIEN': 9, 'VIVA': 6, 'MI FAMILIA': 7, 'CAMBIO': 1, 'VOS': 22}",1,17,162,0,Algún campo sin dato,0.Distrito Central,1.Guatemala,0131,presidente
1837,,"{'UNE': 5, 'AZUL': 3, 'VALOR UNIONISTA': 25, 'CABAL': 14, 'TODOS': 0, 'VAMOS': 4, 'PHG': 1, 'PR': 4, 'PIN': 0, 'ELEFANTE': 2, 'VICTORIA': 4, 'SEMILLA': 36, 'FCN-NACION': 0, 'PPN': 0, 'UR': 2, 'URNG-MAIZ WINAQ': 3, 'CREO': 3, 'BIEN': 4, 'VIVA': 7, 'MI FAMILIA': 5, 'CAMBIO': 0, 'VOS': 9}",2,17,150,1,Algún campo sin dato,0.Distrito Central,1.Guatemala,0131,presidente
1838,,"{'UNE': 7, 'AZUL': 1, 'VALOR UNIONISTA': 21, 'CABAL': 13, 'TODOS': 2, 'VAMOS': 0, 'PHG': 0, 'PR': 5, 'PIN': 2, 'ELEFANTE': 1, 'VICTORIA': 2, 'SEMILLA': 47, 'FCN-NACION': 0, 'PPN': 0, 'UR': 1, 'URNG-MAIZ WINAQ': 2, 'CREO': 2, 'BIEN': 12, 'VIVA': 3, 'MI FAMILIA': 5, 'CAMBIO': 0, 'VOS': 16}",0,20,162,0,Algún campo sin dato,0.Distrito Central,1.Guatemala,0131,presidente
1839,,"{'UNE': 12, 'AZUL': 2, 'VALOR UNIONISTA': 23, 'CABAL': 14, 'TODOS': 0, 'VAMOS': 7, 'PHG': 0, 'PR': 0, 'PIN': 0, 'ELEFANTE': 1, 'VICTORIA': 5, 'SEMILLA': 32, 'FCN-NACION': 1, 'PPN': 0, 'UR': 4, 'URNG-MAIZ WINAQ': 2, 'CREO': 3, 'BIEN': 9, 'VIVA': 7, 'MI FAMILIA': 3, 'CAMBIO': 1, 'VOS': 13}",1,22,162,0,Algún campo sin dato,0.Distrito Central,1.Guatemala,0131,presidente
1840,,"{'UNE': 11, 'AZUL': 5, 'VALOR UNIONISTA': 26, 'CABAL': 16, 'TODOS': 0, 'VAMOS': 5, 'PHG': 0, 'PR': 2, 'PIN': 0, 'ELEFANTE': 3, 'VICTORIA': 1, 'SEMILLA': 35, 'FCN-NACION': 1, 'PPN': 2, 'UR': 0, 'URNG-MAIZ WINAQ': 1, 'CREO': 2, 'BIEN': 6, 'VIVA': 8, 'MI FAMILIA': 2, 'CAMBIO': 0, 'VOS': 19}",2,23,170,0,Algún campo sin dato,0.Distrito Central,1.Guatemala,0131,presidente
1841,,"{'UNE': 6, 'AZUL': 1, 'VALOR UNIONISTA': 29, 'CABAL': 15, 'TODOS': 0, 'VAMOS': 4, 'PHG': 1, 'PR': 6, 'PIN': 2, 'ELEFANTE': 2, 'VICTORIA': 4, 'SEMILLA': 27, 'FCN-NACION': 0, 'PPN': 2, 'UR': 0, 'URNG-MAIZ WINAQ': 4, 'CREO': 3, 'BIEN': 12, 'VIVA': 14, 'MI FAMILIA': 4, 'CAMBIO': 0, 'VOS': 12}",1,20,169,0,Algún campo sin dato,0.Distrito Central,1.Guatemala,0131,presidente
1842,,"{'UNE': 14, 'AZUL': 2, 'VALOR UNIONISTA': 37, 'CABAL': 17, 'TODOS': 4, 'VAMOS': 5, 'PHG': 0, 'PR': 4, 'PIN': 0, 'ELEFANTE': 2, 'VICTORIA': 3, 'SEMILLA': 33, 'FCN-NACION': 0, 'PPN': 1, 'UR': 1, 'URNG-MAIZ WINAQ': 2, 'CREO': 2, 'BIEN': 3, 'VIVA': 1, 'MI FAMILIA': 2, 'CAMBIO': 0, 'VOS': 9}",1,17,160,440,Algún campo sin dato,0.Distrito Central,1.Guatemala,0131,presidente
1843,,"{'UNE': 9, 'AZUL': 1, 'VALOR UNIONISTA': 37, 'CABAL': 14, 'TODOS': 0, 'VAMOS': 4, 'PHG': 0, 'PR': 1, 'PIN': 0, 'ELEFANTE': 4, 'VICTORIA': 2, 'SEMILLA': 35, 'FCN-NACION': 0, 'PPN': 0, 'UR': 1, 'URNG-MAIZ WINAQ': 4, 'CREO': 4, 'BIEN': 6, 'VIVA': 5, 'MI FAMILIA': 1, 'CAMBIO': 2, 'VOS': 7}",2,16,155,0,Algún campo sin dato,0.Distrito Central,1.Guatemala,0131,presidente
1844,,"{'UNE': 11, 'AZUL': 4, 'VALOR UNIONISTA': 30, 'CABAL': 10, 'TODOS': 0, 'VAMOS': 3, 'PHG': 0, 'PR': 3, 'PIN': 0, 'ELEFANTE': 1, 'VICTORIA': 4, 'SEMILLA': 22, 'FCN-NACION': 1, 'PPN': 1, 'UR': 3, 'URNG-MAIZ WINAQ': 5, 'CREO': 1, 'BIEN': 12, 'VIVA': 5, 'MI FAMILIA': 5, 'CAMBIO': 1, 'VOS': 15}",0,20,157,0,Algún campo sin dato,0.Distrito Central,1.Guatemala,0131,presidente
1845,,"{'UNE': 12, 'AZUL': 4, 'VALOR UNIONISTA': 30, 'CABAL': 15, 'TODOS': 0, 'VAMOS': 2, 'PHG': 0, 'PR': 3, 'PIN': 0, 'ELEFANTE': 1, 'VICTORIA': 4, 'SEMILLA': 37, 'FCN-NACION': 0, 'PPN': 2, 'UR': 3, 'URNG-MAIZ WINAQ': 4, 'CREO': 3, 'BIEN': 7, 'VIVA': 5, 'MI FAMILIA': 4, 'CAMBIO': 0, 'VOS': 6}",0,19,161,0,Algún campo sin dato,0.Distrito Central,1.Guatemala,0131,presidente
1846,,"{'UNE': 6, 'AZUL': 2, 'VALOR UNIONISTA': 29, 'CABAL': 11, 'TODOS': 1, 'VAMOS': 3, 'PHG': 1, 'PR': 2, 'PIN': 1, 'ELEFANTE': 2, 'VICTORIA': 5, 'SEMILLA': 29, 'FCN-NACION': 0, 'PPN': 0, 'UR': 3, 'URNG-MAIZ WINAQ': 1, 'CREO': 3, 'BIEN': 7, 'VIVA': 4, 'MI FAMILIA': 5, 'CAMBIO': 0, 'VOS': 16}",0,26,157,0,Algún campo sin dato,0.Distrito Central,1.Guatemala,0132,presidente
1847,,"{'UNE': 9, 'AZUL': 2, 'VALOR UNIONISTA': 33, 'CABAL': 14, 'TODOS': 0, 'VAMOS': 5, 'PHG': 0, 'PR': 2, 'PIN': 0, 'ELEFANTE': 0, 'VICTORIA': 3, 'SEMILLA': 33, 'FCN-NACION': 0, 'PPN': 1, 'UR': 3, 'URNG-MAIZ WINAQ': 0, 'CREO': 0, 'BIEN': 7, 'VIVA': 9, 'MI FAMILIA': 3, 'CAMBIO': 0, 'VOS': 10}",1,19,154,0,Algún campo sin dato,0.Distrito Central,1.Guatemala,0132,presidente
1848,,"{'UNE': 11, 'AZUL': 4, 'VALOR UNIONISTA': 27, 'CABAL': 9, 'TODOS': 3, 'VAMOS': 2, 'PHG': 1, 'PR': 3, 'PIN': 0, 'ELEFANTE': 1, 'VICTORIA': 2, 'SEMILLA': 29, 'FCN-NACION': 0, 'PPN': 0, 'UR': 7, 'URNG-MAIZ WINAQ': 4, 'CREO': 0, 'BIEN': 8, 'VIVA': 8, 'MI FAMILIA': 5, 'CAMBIO': 0, 'VOS': 16}",0,15,155,449,Algún campo sin dato,0.Distrito Central,1.Guatemala,0132,presidente
1849,,"{'UNE': 6, 'AZUL': 2, 'VALOR UNIONISTA': 29, 'CABAL': 14, 'TODOS': 0, 'VAMOS': 1, 'PHG': 0, 'PR': 1, 'PIN': 0, 'ELEFANTE': 2, 'VICTORIA': 3, 'SEMILLA': 33, 'FCN-NACION': 0, 'PPN': 2, 'UR': 3, 'URNG-MAIZ WINAQ': 2, 'CREO': 2, 'BIEN': 6, 'VIVA': 11, 'MI FAMILIA': 2, 'CAMBIO': 0, 'VOS': 13}",0,24,156,0,Algún campo sin dato,0.Distrito Central,1.Guatemala,0132,presidente
1850,,"{'UNE': 4, 'AZUL': 5, 'VALOR UNIONISTA': 33, 'CABAL': 14, 'TODOS': 0, 'VAMOS': 1, 'PHG': 1, 'PR': 2, 'PIN': 0, 'ELEFANTE': 1, 'VICTORIA': 3, 'SEMILLA': 31, 'FCN-NACION': 1, 'PPN': 1, 'UR': 3, 'URNG-MAIZ WINAQ': 4, 'CREO': 3, 'BIEN': 2, 'VIVA': 5, 'MI FAMILIA': 3, 'CAMBIO': 1, 'VOS': 12}",1,14,145,0,Algún campo sin dato,0.Distrito Central,1.Guatemala,0132,presidente
1851,,"{'UNE': 9, 'AZUL': 3, 'VALOR UNIONISTA': 33, 'CABAL': 11, 'TODOS': 1, 'VAMOS': 3, 'PHG': 0, 'PR': 2, 'PIN': 1, 'ELEFANTE': 2, 'VICTORIA': 4, 'SEMILLA': 28, 'FCN-NACION': 0, 'PPN': 0, 'UR': 3, 'URNG-MAIZ WINAQ': 1, 'CREO': 4, 'BIEN': 8, 'VIVA': 5, 'MI FAMILIA': 7, 'CAMBIO': 1, 'VOS': 11}",1,20,158,0,Sumas Asentadas sin cuadrar,0.Distrito Central,1.Guatemala,0132,presidente
1852,,"{'UNE': 12, 'AZUL': 4, 'VALOR UNIONISTA': 31, 'CABAL': 13, 'TODOS': 1, 'VAMOS': 4, 'PHG': 0, 'PR': 3, 'PIN': 1, 'ELEFANTE': 3, 'VICTORIA': 4, 'SEMILLA': 27, 'FCN-NACION': 0, 'PPN': 0, 'UR': 5, 'URNG-MAIZ WINAQ': 1, 'CREO': 4, 'BIEN': 10, 'VIVA': 5, 'MI FAMILIA': 2, 'CAMBIO': 0, 'VOS': 11}",2,15,158,0,Algún campo sin dato,0.Distrito Central,1.Guatemala,0132,presidente
1853,,"{'UNE': 4, 'AZUL': 1, 'VALOR UNIONISTA': 31, 'CABAL': 14, 'TODOS': 1, 'VAMOS': 1, 'PHG': 1, 'PR': 5, 'PIN': 1, 'ELEFANTE': 3, 'VICTORIA': 2, 'SEMILLA': 23, 'FCN-NACION': 0, 'PPN': 0, 'UR': 1, 'URNG-MAIZ WINAQ': 2, 'CREO': 2, 'BIEN': 5, 'VIVA': 5, 'MI FAMILIA': 4, 'CAMBIO': 1, 'VOS': 11}",0,17,135,0,Algún campo sin dato,0.Distrito Central,1.Guatemala,0132,presidente
1854,,"{'UNE': 9, 'AZUL': 1, 'VALOR UNIONISTA': 25, 'CABAL': 12, 'TODOS': 2, 'VAMOS': 3, 'PHG': 0, 'PR': 3, 'PIN': 1, 'ELEFANTE': 3, 'VICTORIA': 5, 'SEMILLA': 27, 'FCN-NACION': 0, 'PPN': 0, 'UR': 2, 'URNG-MAIZ WINAQ': 0, 'CREO': 4, 'BIEN': 6, 'VIVA': 6, 'MI FAMILIA': 4, 'CAMBIO': 0, 'VOS': 17}",1,19,150,0,Algún campo sin dato,0.Distrito Central,1.Guatemala,0132,presidente
1855,,"{'UNE': 9, 'AZUL': 2, 'VALOR UNIONISTA': 33, 'CABAL': 15, 'TODOS': 0, 'VAMOS': 3, 'PHG': 0, 'PR': 2, 'PIN': 0, 'ELEFANTE': 0, 'VICTORIA': 2, 'SEMILLA': 36, 'FCN-NACION': 2, 'PPN': 3, 'UR': 1, 'URNG-MAIZ WINAQ': 4, 'CREO': 5, 'BIEN': 10, 'VIVA': 2, 'MI FAMILIA': 6, 'CAMBIO': 0, 'VOS': 9}",1,18,163,0,Algún campo sin dato,0.Distrito Central,1.Guatemala,0132,presidente
1856,,"{'UNE': 11, 'AZUL': 4, 'VALOR UNIONISTA': 25, 'CABAL': 16, 'TODOS': 0, 'VAMOS': 2, 'PHG': 0, 'PR': 4, 'PIN': 0, 'ELEFANTE': 1, 'VICTORIA': 7, 'SEMILLA': 32, 'FCN-NACION': 2, 'PPN': 2, 'UR': 4, 'URNG-MAIZ WINAQ': 1, 'CREO': 2, 'BIEN': 4, 'VIVA': 3, 'MI FAMILIA': 3, 'CAMBIO': 0, 'VOS': 13}",0,27,163,0,Algún campo sin dato,0.Distrito Central,1.Guatemala,0133,presidente
1857,,"{'UNE': 11, 'AZUL': 2, 'VALOR UNIONISTA': 24, 'CABAL': 16, 'TODOS': 1, 'VAMOS': 1, 'PHG': 0, 'PR': 1, 'PIN': 1, 'ELEFANTE': 1, 'VICTORIA': 7, 'SEMILLA': 31, 'FCN-NACION': 2, 'PPN': 0, 'UR': 2, 'URNG-MAIZ WINAQ': 2, 'CREO': 2, 'BIEN': 6, 'VIVA': 4, 'MI FAMILIA': 2, 'CAMBIO': 0, 'VOS': 13}",0,27,156,0,Algún campo sin dato,0.Distrito Central,1.Guatemala,0133,presidente
1858,,"{'UNE': 4, 'AZUL': 7, 'VALOR UNIONISTA': 28, 'CABAL': 14, 'TODOS': 0, 'VAMOS': 1, 'PHG': 0, 'PR': 5, 'PIN': 1, 'ELEFANTE': 3, 'VICTORIA': 2, 'SEMILLA': 33, 'FCN-NACION': 1, 'PPN': 0, 'UR': 0, 'URNG-MAIZ WINAQ': 2, 'CREO': 3, 'BIEN': 6, 'VIVA': 5, 'MI FAMILIA': 4, 'CAMBIO': 0, 'VOS': 7}",2,20,148,0,Algún campo sin dato,0.Distrito Central,1.Guatemala,0133,presidente
1859,,"{'UNE': 8, 'AZUL': 5, 'VALOR UNIONISTA': 20, 'CABAL': 14, 'TODOS': 0, 'VAMOS': 1, 'PHG': 1, 'PR': 3, 'PIN': 2, 'ELEFANTE': 2, 'VICTORIA': 2, 'SEMILLA': 29, 'FCN-NACION': 2, 'PPN': 1, 'UR': 1, 'URNG-MAIZ WINAQ': 2, 'CREO': 0, 'BIEN': 6, 'VIVA': 8, 'MI FAMILIA': 0, 'CAMBIO': 0, 'VOS': 18}",0,11,136,0,Algún campo sin dato,0.Distrito Central,1.Guatemala,0133,presidente
1860,,"{'UNE': 3, 'AZUL': 1, 'VALOR UNIONISTA': 23, 'CABAL': 12, 'TODOS': 2, 'VAMOS': 4, 'PHG': 0, 'PR': 2, 'PIN': 0, 'ELEFANTE': 3, 'VICTORIA': 2, 'SEMILLA': 32, 'FCN-NACION': 0, 'PPN': 1, 'UR': 1, 'URNG-MAIZ WINAQ': 5, 'CREO': 3, 'BIEN': 6, 'VIVA': 11, 'MI FAMILIA': 2, 'CAMBIO': 0, 'VOS': 17}",0,18,148,0,Algún campo sin dato,0.Distrito Central,1.Guatemala,0133,presidente
1861,,"{'UNE': 6, 'AZUL': 1, 'VALOR UNIONISTA': 38, 'CABAL': 9, 'TODOS': 0, 'VAMOS': 7, 'PHG': 0, 'PR': 1, 'PIN': 0, 'ELEFANTE': 1, 'VICTORIA': 1, 'SEMILLA': 31, 'FCN-NACION': 1, 'PPN': 1, 'UR': 3, 'URNG-MAIZ WINAQ': 0, 'CREO': 3, 'BIEN': 6, 'VIVA': 8, 'MI FAMILIA': 4, 'CAMBIO': 0, 'VOS': 11}",1,23,156,0,Sumas Asentadas sin cuadrar,0.Distrito Central,1.Guatemala,0134,presidente
1862,,"{'UNE': 4, 'AZUL': 3, 'VALOR UNIONISTA': 21, 'CABAL': 6, 'TODOS': 0, 'VAMOS': 2, 'PHG': 1, 'PR': 4, 'PIN': 1, 'ELEFANTE': 1, 'VICTORIA': 1, 'SEMILLA': 23, 'FCN-NACION': 0, 'PPN': 1, 'UR': 4, 'URNG-MAIZ WINAQ': 5, 'CREO': 7, 'BIEN': 3, 'VIVA': 4, 'MI FAMILIA': 2, 'CAMBIO': 0, 'VOS': 13}",0,15,121,0,Algún campo sin dato,0.Distrito Central,1.Guatemala,0134,presidente
1863,,"{'UNE': 8, 'AZUL': 5, 'VALOR UNIONISTA': 20, 'CABAL': 15, 'TODOS': 0, 'VAMOS': 3, 'PHG': 0, 'PR': 4, 'PIN': 0, 'ELEFANTE': 1, 'VICTORIA': 1, 'SEMILLA': 41, 'FCN-NACION': 2, 'PPN': 0, 'UR': 1, 'URNG-MAIZ WINAQ': 2, 'CREO': 3, 'BIEN': 9, 'VIVA': 9, 'MI FAMILIA': 4, 'CAMBIO': 1, 'VOS': 16}",0,18,163,1,Algún campo sin dato,0.Distrito Central,1.Guatemala,0134,presidente
1864,,"{'UNE': 8, 'AZUL': 0, 'VALOR UNIONISTA': 30, 'CABAL': 8, 'TODOS': 0, 'VAMOS': 2, 'PHG': 0, 'PR': 5, 'PIN': 2, 'ELEFANTE': 3, 'VICTORIA': 4, 'SEMILLA': 34, 'FCN-NACION': 0, 'PPN': 0, 'UR': 2, 'URNG-MAIZ WINAQ': 2, 'CREO': 0, 'BIEN': 7, 'VIVA': 3, 'MI FAMILIA': 1, 'CAMBIO': 0, 'VOS': 10}",1,13,135,0,Algún campo sin dato,0.Distrito Central,1.Guatemala,0134,presidente
1865,,"{'UNE': 4, 'AZUL': 2, 'VALOR UNIONISTA': 22, 'CABAL': 9, 'TODOS': 1, 'VAMOS': 1, 'PHG': 0, 'PR': 3, 'PIN': 2, 'ELEFANTE': 1, 'VICTORIA': 1, 'SEMILLA': 32, 'FCN-NACION': 0, 'PPN': 0, 'UR': 3, 'URNG-MAIZ WINAQ': 2, 'CREO': 1, 'BIEN': 4, 'VIVA': 3, 'MI FAMILIA': 8, 'CAMBIO': 0, 'VOS': 13}",2,14,128,0,Sumas Asentadas sin cuadrar,0.Distrito Central,1.Guatemala,0134,presidente
1866,,"{'UNE': 6, 'AZUL': 2, 'VALOR UNIONISTA': 26, 'CABAL': 13, 'TODOS': 1, 'VAMOS': 3, 'PHG': 0, 'PR': 3, 'PIN': 0, 'ELEFANTE': 2, 'VICTORIA': 2, 'SEMILLA': 28, 'FCN-NACION': 1, 'PPN': 0, 'UR': 0, 'URNG-MAIZ WINAQ': 4, 'CREO': 4, 'BIEN': 8, 'VIVA': 6, 'MI FAMILIA': 3, 'CAMBIO': 0, 'VOS': 15}",2,20,149,0,Algún campo sin dato,0.Distrito Central,1.Guatemala,0134,presidente
1867,,"{'UNE': 8, 'AZUL': 3, 'VALOR UNIONISTA': 30, 'CABAL': 11, 'TODOS': 2, 'VAMOS': 1, 'PHG': 0, 'PR': 4, 'PIN': 0, 'ELEFANTE': 0, 'VICTORIA': 0, 'SEMILLA': 28, 'FCN-NACION': 0, 'PPN': 0, 'UR': 3, 'URNG-MAIZ WINAQ': 1, 'CREO': 1, 'BIEN': 7, 'VIVA': 6, 'MI FAMILIA': 0, 'CAMBIO': 0, 'VOS': 15}",1,11,132,0,Algún campo sin dato,0.Distrito Central,1.Guatemala,0135,presidente
1868,,"{'UNE': 11, 'AZUL': 1, 'VALOR UNIONISTA': 19, 'CABAL': 17, 'TODOS': 2, 'VAMOS': 3, 'PHG': 1, 'PR': 1, 'PIN': 0, 'ELEFANTE': 2, 'VICTORIA': 0, 'SEMILLA': 25, 'FCN-NACION': 1, 'PPN': 0, 'UR': 2, 'URNG-MAIZ WINAQ': 3, 'CREO': 2, 'BIEN': 7, 'VIVA': 4, 'MI FAMILIA': 5, 'CAMBIO': 0, 'VOS': 16}",1,13,136,0,Algún campo sin dato,0.Distrito Central,1.Guatemala,0135,presidente
1869,,"{'UNE': 11, 'AZUL': 4, 'VALOR UNIONISTA': 26, 'CABAL': 12, 'TODOS': 2, 'VAMOS': 3, 'PHG': 0, 'PR': 1, 'PIN': 0, 'ELEFANTE': 1, 'VICTORIA': 0, 'SEMILLA': 32, 'FCN-NACION': 0, 'PPN': 0, 'UR': 0, 'URNG-MAIZ WINAQ': 0, 'CREO': 2, 'BIEN': 9, 'VIVA': 4, 'MI FAMILIA': 2, 'CAMBIO': 0, 'VOS': 14}",0,14,137,0,Algún campo sin dato,0.Distrito Central,1.Guatemala,0135,presidente
1870,,"{'UNE': 5, 'AZUL': 1, 'VALOR UNIONISTA': 33, 'CABAL': 15, 'TODOS': 3, 'VAMOS': 1, 'PHG': 0, 'PR': 9, 'PIN': 0, 'ELEFANTE': 3, 'VICTORIA': 4, 'SEMILLA': 24, 'FCN-NACION': 1, 'PPN': 0, 'UR': 4, 'URNG-MAIZ WINAQ': 2, 'CREO': 2, 'BIEN': 10, 'VIVA': 4, 'MI FAMILIA': 4, 'CAMBIO': 0, 'VOS': 16}",0,23,164,0,Algún campo sin dato,0.Distrito Central,1.Guatemala,0135,presidente
1871,,"{'UNE': 5, 'AZUL': 1, 'VALOR UNIONISTA': 32, 'CABAL': 11, 'TODOS': 0, 'VAMOS': 1, 'PHG': 0, 'PR': 5, 'PIN': 0, 'ELEFANTE': 3, 'VICTORIA': 3, 'SEMILLA': 27, 'FCN-NACION': 0, 'PPN': 0, 'UR': 5, 'URNG-MAIZ WINAQ': 3, 'CREO': 4, 'BIEN': 11, 'VIVA': 5, 'MI FAMILIA': 5, 'CAMBIO': 0, 'VOS': 16}",0,13,150,0,Algún campo sin dato,0.Distrito Central,1.Guatemala,0135,presidente
1872,,"{'UNE': 10, 'AZUL': 1, 'VALOR UNIONISTA': 26, 'CABAL': 11, 'TODOS': 0, 'VAMOS': 4, 'PHG': 0, 'PR': 2, 'PIN': 0, 'ELEFANTE': 3, 'VICTORIA': 1, 'SEMILLA': 32, 'FCN-NACION': 0, 'PPN': 2, 'UR': 3, 'URNG-MAIZ WINAQ': 3, 'CREO': 2, 'BIEN': 10, 'VIVA': 3, 'MI FAMILIA': 3, 'CAMBIO': 0, 'VOS': 12}",1,22,151,0,Algún campo sin dato,0.Distrito Central,1.Guatemala,0135,presidente
1873,,"{'UNE': 7, 'AZUL': 2, 'VALOR UNIONISTA': 20, 'CABAL': 16, 'TODOS': 2, 'VAMOS': 5, 'PHG': 0, 'PR': 2, 'PIN': 2, 'ELEFANTE': 2, 'VICTORIA': 5, 'SEMILLA': 32, 'FCN-NACION': 3, 'PPN': 0, 'UR': 2, 'URNG-MAIZ WINAQ': 2, 'CREO': 2, 'BIEN': 6, 'VIVA': 2, 'MI FAMILIA': 4, 'CAMBIO': 0, 'VOS': 9}",0,15,140,0,Algún campo sin dato,0.Distrito Central,1.Guatemala,0135,presidente
1874,,"{'UNE': 7, 'AZUL': 6, 'VALOR UNIONISTA': 30, 'CABAL': 16, 'TODOS': 1, 'VAMOS': 4, 'PHG': 0, 'PR': 0, 'PIN': 0, 'ELEFANTE': 2, 'VICTORIA': 2, 'SEMILLA': 32, 'FCN-NACION': 1, 'PPN': 0, 'UR': 0, 'URNG-MAIZ WINAQ': 3, 'CREO': 3, 'BIEN': 11, 'VIVA': 6, 'MI FAMILIA': 3, 'CAMBIO': 0, 'VOS': 14}",0,17,158,0,Algún campo sin dato,0.Distrito Central,1.Guatemala,0135,presidente
1875,,"{'UNE': 14, 'AZUL': 2, 'VALOR UNIONISTA': 27, 'CABAL': 17, 'TODOS': 1, 'VAMOS': 4, 'PHG': 2, 'PR': 1, 'PIN': 0, 'ELEFANTE': 2, 'VICTORIA': 4, 'SEMILLA': 28, 'FCN-NACION': 1, 'PPN': 0, 'UR': 4, 'URNG-MAIZ WINAQ': 4, 'CREO': 4, 'BIEN': 8, 'VIVA': 11, 'MI FAMILIA': 1, 'CAMBIO': 0, 'VOS': 14}",0,18,167,0,Algún campo sin dato,0.Distrito Central,1.Guatemala,0135,presidente
1876,,"{'UNE': 5, 'AZUL': 0, 'VALOR UNIONISTA': 34, 'CABAL': 19, 'TODOS': 2, 'VAMOS': 2, 'PHG': 1, 'PR': 2, 'PIN': 0, 'ELEFANTE': 4, 'VICTORIA': 3, 'SEMILLA': 29, 'FCN-NACION': 0, 'PPN': 0, 'UR': 2, 'URNG-MAIZ WINAQ': 5, 'CREO': 2, 'BIEN': 8, 'VIVA': 6, 'MI FAMILIA': 4, 'CAMBIO': 0, 'VOS': 12}",0,13,153,2,Algún campo sin dato,0.Distrito Central,1.Guatemala,0135,presidente
1877,,"{'UNE': 11, 'AZUL': 1, 'VALOR UNIONISTA': 27, 'CABAL': 21, 'TODOS': 0, 'VAMOS': 5, 'PHG': 0, 'PR': 2, 'PIN': 0, 'ELEFANTE': 3, 'VICTORIA': 1, 'SEMILLA': 46, 'FCN-NACION': 2, 'PPN': 0, 'UR': 1, 'URNG-MAIZ WINAQ': 2, 'CREO': 3, 'BIEN': 9, 'VIVA': 6, 'MI FAMILIA': 4, 'CAMBIO': 1, 'VOS': 16}",0,26,187,0,Algún campo sin dato,0.Distrito Central,1.Guatemala,0135,presidente
1878,,"{'UNE': 6, 'AZUL': 3, 'VALOR UNIONISTA': 21, 'CABAL': 11, 'TODOS': 1, 'VAMOS': 1, 'PHG': 0, 'PR': 3, 'PIN': 0, 'ELEFANTE': 3, 'VICTORIA': 2, 'SEMILLA': 32, 'FCN-NACION': 0, 'PPN': 2, 'UR': 4, 'URNG-MAIZ WINAQ': 3, 'CREO': 2, 'BIEN': 4, 'VIVA': 5, 'MI FAMILIA': 3, 'CAMBIO': 0, 'VOS': 12}",0,20,138,0,Algún campo sin dato,0.Distrito Central,1.Guatemala,0135,presidente
1879,,"{'UNE': 5, 'AZUL': 3, 'VALOR UNIONISTA': 32, 'CABAL': 9, 'TODOS': 1, 'VAMOS': 2, 'PHG': 0, 'PR': 1, 'PIN': 1, 'ELEFANTE': 2, 'VICTORIA': 3, 'SEMILLA': 45, 'FCN-NACION': 0, 'PPN': 2, 'UR': 2, 'URNG-MAIZ WINAQ': 2, 'CREO': 0, 'BIEN': 6, 'VIVA': 5, 'MI FAMILIA': 3, 'CAMBIO': 0, 'VOS': 20}",0,19,163,0,,0.Distrito Central,1.Guatemala,0136,presidente
1880,,"{'UNE': 6, 'AZUL': 3, 'VALOR UNIONISTA': 35, 'CABAL': 15, 'TODOS': 2, 'VAMOS': 4, 'PHG': 0, 'PR': 1, 'PIN': 0, 'ELEFANTE': 0, 'VICTORIA': 3, 'SEMILLA': 34, 'FCN-NACION': 0, 'PPN': 0, 'UR': 0, 'URNG-MAIZ WINAQ': 2, 'CREO': 3, 'BIEN': 10, 'VIVA': 5, 'MI FAMILIA': 4, 'CAMBIO': 0, 'VOS': 12}",1,24,164,0,Algún campo sin dato,0.Distrito Central,1.Guatemala,0136,presidente
1881,,"{'UNE': 8, 'AZUL': 3, 'VALOR UNIONISTA': 28, 'CABAL': 21, 'TODOS': 0, 'VAMOS': 1, 'PHG': 1, 'PR': 2, 'PIN': 0, 'ELEFANTE': 3, 'VICTORIA': 2, 'SEMILLA': 25, 'FCN-NACION': 1, 'PPN': 0, 'UR': 1, 'URNG-MAIZ WINAQ': 4, 'CREO': 1, 'BIEN': 8, 'VIVA': 5, 'MI FAMILIA': 6, 'CAMBIO': 0, 'VOS': 8}",3,13,144,0,Algún campo sin dato,0.Distrito Central,1.Guatemala,0136,presidente
1882,,"{'UNE': 8, 'AZUL': 3, 'VALOR UNIONISTA': 29, 'CABAL': 8, 'TODOS': 2, 'VAMOS': 3, 'PHG': 1, 'PR': 3, 'PIN': 0, 'ELEFANTE': 4, 'VICTORIA': 12, 'SEMILLA': 31, 'FCN-NACION': 0, 'PPN': 1, 'UR': 0, 'URNG-MAIZ WINAQ': 1, 'CREO': 1, 'BIEN': 14, 'VIVA': 3, 'MI FAMILIA': 2, 'CAMBIO': 0, 'VOS': 17}",2,13,158,3,Sumas Asentadas sin cuadrar,0.Distrito Central,1.Guatemala,0136,presidente
1883,,"{'UNE': 6, 'AZUL': 2, 'VALOR UNIONISTA': 25, 'CABAL': 7, 'TODOS': 2, 'VAMOS': 2, 'PHG': 1, 'PR': 3, 'PIN': 2, 'ELEFANTE': 4, 'VICTORIA': 2, 'SEMILLA': 24, 'FCN-NACION': 2, 'PPN': 0, 'UR': 2, 'URNG-MAIZ WINAQ': 4, 'CREO': 6, 'BIEN': 12, 'VIVA': 5, 'MI FAMILIA': 3, 'CAMBIO': 0, 'VOS': 8}",0,15,137,0,Algún campo sin dato,0.Distrito Central,1.Guatemala,0136,presidente
1884,,"{'UNE': 10, 'AZUL': 0, 'VALOR UNIONISTA': 24, 'CABAL': 16, 'TODOS': 0, 'VAMOS': 0, 'PHG': 0, 'PR': 1, 'PIN': 2, 'ELEFANTE': 4, 'VICTORIA': 1, 'SEMILLA': 34, 'FCN-NACION': 1, 'PPN': 2, 'UR': 0, 'URNG-MAIZ WINAQ': 1, 'CREO': 4, 'BIEN': 10, 'VIVA': 5, 'MI FAMILIA': 2, 'CAMBIO': 0, 'VOS': 10}",0,10,137,0,Algún campo sin dato,0.Distrito Central,1.Guatemala,0136,presidente
1885,,"{'UNE': 8, 'AZUL': 2, 'VALOR UNIONISTA': 24, 'CABAL': 18, 'TODOS': 1, 'VAMOS': 3, 'PHG': 1, 'PR': 2, 'PIN': 1, 'ELEFANTE': 3, 'VICTORIA': 2, 'SEMILLA': 30, 'FCN-NACION': 0, 'PPN': 3, 'UR': 2, 'URNG-MAIZ WINAQ': 1, 'CREO': 2, 'BIEN': 8, 'VIVA': 4, 'MI FAMILIA': 5, 'CAMBIO': 0, 'VOS': 11}",0,14,145,0,Algún campo sin dato,0.Distrito Central,1.Guatemala,0136,presidente
1886,,"{'UNE': 6, 'AZUL': 3, 'VALOR UNIONISTA': 31, 'CABAL': 24, 'TODOS': 0, 'VAMOS': 3, 'PHG': 0, 'PR': 4, 'PIN': 0, 'ELEFANTE': 1, 'VICTORIA': 1, 'SEMILLA': 32, 'FCN-NACION': 2, 'PPN': 0, 'UR': 4, 'URNG-MAIZ WINAQ': 1, 'CREO': 2, 'BIEN': 11, 'VIVA': 3, 'MI FAMILIA': 4, 'CAMBIO': 0, 'VOS': 12}",0,15,159,0,Algún campo sin dato,0.Distrito Central,1.Guatemala,0136,presidente
1887,,"{'UNE': 6, 'AZUL': 2, 'VALOR UNIONISTA': 20, 'CABAL': 13, 'TODOS': 1, 'VAMOS': 1, 'PHG': 1, 'PR': 3, 'PIN': 0, 'ELEFANTE': 1, 'VICTORIA': 2, 'SEMILLA': 31, 'FCN-NACION': 0, 'PPN': 0, 'UR': 1, 'URNG-MAIZ WINAQ': 3, 'CREO': 1, 'BIEN': 11, 'VIVA': 9, 'MI FAMILIA': 3, 'CAMBIO': 1, 'VOS': 18}",0,17,145,0,Algún campo sin dato,0.Distrito Central,1.Guatemala,0136,presidente
1888,,"{'UNE': 3, 'AZUL': 2, 'VALOR UNIONISTA': 26, 'CABAL': 14, 'TODOS': 2, 'VAMOS': 4, 'PHG': 0, 'PR': 8, 'PIN': 0, 'ELEFANTE': 0, 'VICTORIA': 1, 'SEMILLA': 26, 'FCN-NACION': 0, 'PPN': 0, 'UR': 2, 'URNG-MAIZ WINAQ': 4, 'CREO': 6, 'BIEN': 9, 'VIVA': 3, 'MI FAMILIA': 4, 'CAMBIO': 0, 'VOS': 7}",1,18,140,0,Algún campo sin dato,0.Distrito Central,1.Guatemala,0136,presidente
1889,,"{'UNE': 8, 'AZUL': 2, 'VALOR UNIONISTA': 21, 'CABAL': 15, 'TODOS': 1, 'VAMOS': 6, 'PHG': 0, 'PR': 2, 'PIN': 0, 'ELEFANTE': 2, 'VICTORIA': 2, 'SEMILLA': 30, 'FCN-NACION': 0, 'PPN': 0, 'UR': 6, 'URNG-MAIZ WINAQ': 3, 'CREO': 2, 'BIEN': 10, 'VIVA': 4, 'MI FAMILIA': 3, 'CAMBIO': 0, 'VOS': 11}",0,7,135,0,Algún campo sin dato,0.Distrito Central,1.Guatemala,0136,presidente
1890,,"{'UNE': 10, 'AZUL': 3, 'VALOR UNIONISTA': 33, 'CABAL': 16, 'TODOS': 0, 'VAMOS': 3, 'PHG': 1, 'PR': 2, 'PIN': 0, 'ELEFANTE': 1, 'VICTORIA': 3, 'SEMILLA': 32, 'FCN-NACION': 1, 'PPN': 0, 'UR': 2, 'URNG-MAIZ WINAQ': 4, 'CREO': 3, 'BIEN': 7, 'VIVA': 2, 'MI FAMILIA': 1, 'CAMBIO': 0, 'VOS': 9}",3,15,151,0,Sumas Asentadas sin cuadrar,0.Distrito Central,1.Guatemala,0136,presidente
1891,,"{'UNE': 4, 'AZUL': 6, 'VALOR UNIONISTA': 21, 'CABAL': 22, 'TODOS': 1, 'VAMOS': 4, 'PHG': 0, 'PR': 4, 'PIN': 0, 'ELEFANTE': 4, 'VICTORIA': 3, 'SEMILLA': 28, 'FCN-NACION': 1, 'PPN': 0, 'UR': 3, 'URNG-MAIZ WINAQ': 1, 'CREO': 5, 'BIEN': 9, 'VIVA': 4, 'MI FAMILIA': 3, 'CAMBIO': 0, 'VOS': 15}",0,10,148,0,Algún campo sin dato,0.Distrito Central,1.Guatemala,0137,presidente
1892,,"{'UNE': 3, 'AZUL': 1, 'VALOR UNIONISTA': 21, 'CABAL': 14, 'TODOS': 0, 'VAMOS': 2, 'PHG': 0, 'PR': 1, 'PIN': 1, 'ELEFANTE': 1, 'VICTORIA': 3, 'SEMILLA': 31, 'FCN-NACION': 0, 'PPN': 1, 'UR': 4, 'URNG-MAIZ WINAQ': 2, 'CREO': 3, 'BIEN': 6, 'VIVA': 3, 'MI FAMILIA': 3, 'CAMBIO': 0, 'VOS': 12}",0,10,122,0,Algún campo sin dato,0.Distrito Central,1.Guatemala,0137,presidente
1893,,"{'UNE': 4, 'AZUL': 0, 'VALOR UNIONISTA': 23, 'CABAL': 19, 'TODOS': 0, 'VAMOS': 3, 'PHG': 0, 'PR': 2, 'PIN': 0, 'ELEFANTE': 0, 'VICTORIA': 0, 'SEMILLA': 24, 'FCN-NACION': 0, 'PPN': 1, 'UR': 2, 'URNG-MAIZ WINAQ': 1, 'CREO': 4, 'BIEN': 7, 'VIVA': 2, 'MI FAMILIA': 2, 'CAMBIO': 0, 'VOS': 13}",0,15,122,0,Algún campo sin dato,0.Distrito Central,1.Guatemala,0137,presidente
1894,,"{'UNE': 7, 'AZUL': 2, 'VALOR UNIONISTA': 29, 'CABAL': 16, 'TODOS': 0, 'VAMOS': 1, 'PHG': 0, 'PR': 4, 'PIN': 0, 'ELEFANTE': 1, 'VICTORIA': 2, 'SEMILLA': 34, 'FCN-NACION': 0, 'PPN': 0, 'UR': 1, 'URNG-MAIZ WINAQ': 3, 'CREO': 3, 'BIEN': 4, 'VIVA': 0, 'MI FAMILIA': 5, 'CAMBIO': 0, 'VOS': 14}",0,9,135,0,Algún campo sin dato,0.Distrito Central,1.Guatemala,0137,presidente
1895,,"{'UNE': 5, 'AZUL': 2, 'VALOR UNIONISTA': 33, 'CABAL': 12, 'TODOS': 0, 'VAMOS': 4, 'PHG': 0, 'PR': 2, 'PIN': 0, 'ELEFANTE': 3, 'VICTORIA': 2, 'SEMILLA': 27, 'FCN-NACION': 1, 'PPN': 1, 'UR': 0, 'URNG-MAIZ WINAQ': 5, 'CREO': 12, 'BIEN': 8, 'VIVA': 2, 'MI FAMILIA': 0, 'CAMBIO': 0, 'VOS': 12}",1,13,145,0,Algún campo sin dato,0.Distrito Central,1.Guatemala,0138,presidente
1896,,"{'UNE': 4, 'AZUL': 2, 'VALOR UNIONISTA': 27, 'CABAL': 14, 'TODOS': 1, 'VAMOS': 2, 'PHG': 0, 'PR': 3, 'PIN': 0, 'ELEFANTE': 1, 'VICTORIA': 0, 'SEMILLA': 34, 'FCN-NACION': 0, 'PPN': 1, 'UR': 3, 'URNG-MAIZ WINAQ': 2, 'CREO': 1, 'BIEN': 8, 'VIVA': 2, 'MI FAMILIA': 1, 'CAMBIO': 0, 'VOS': 15}",1,13,135,0,Algún campo sin dato,0.Distrito Central,1.Guatemala,0138,presidente
1897,,"{'UNE': 3, 'AZUL': 2, 'VALOR UNIONISTA': 22, 'CABAL': 13, 'TODOS': 1, 'VAMOS': 2, 'PHG': 0, 'PR': 3, 'PIN': 1, 'ELEFANTE': 2, 'VICTORIA': 2, 'SEMILLA': 29, 'FCN-NACION': 0, 'PPN': 0, 'UR': 2, 'URNG-MAIZ WINAQ': 2, 'CREO': 1, 'BIEN': 7, 'VIVA': 3, 'MI FAMILIA': 2, 'CAMBIO': 0, 'VOS': 19}",1,14,131,0,Algún campo sin dato,0.Distrito Central,1.Guatemala,0138,presidente
1898,,"{'UNE': 9, 'AZUL': 2, 'VALOR UNIONISTA': 36, 'CABAL': 9, 'TODOS': 0, 'VAMOS': 3, 'PHG': 0, 'PR': 3, 'PIN': 1, 'ELEFANTE': 0, 'VICTORIA': 1, 'SEMILLA': 30, 'FCN-NACION': 0, 'PPN': 0, 'UR': 2, 'URNG-MAIZ WINAQ': 1, 'CREO': 4, 'BIEN': 5, 'VIVA': 3, 'MI FAMILIA': 1, 'CAMBIO': 0, 'VOS': 14}",0,21,145,0,Algún campo sin dato,0.Distrito Central,1.Guatemala,0138,presidente
1899,,"{'UNE': 2, 'AZUL': 2, 'VALOR UNIONISTA': 27, 'CABAL': 13, 'TODOS': 1, 'VAMOS': 1, 'PHG': 0, 'PR': 5, 'PIN': 0, 'ELEFANTE': 1, 'VICTORIA': 2, 'SEMILLA': 36, 'FCN-NACION': 0, 'PPN': 0, 'UR': 4, 'URNG-MAIZ WINAQ': 3, 'CREO': 2, 'BIEN': 9, 'VIVA': 4, 'MI FAMILIA': 3, 'CAMBIO': 1, 'VOS': 14}",1,17,148,0,Algún campo sin dato,0.Distrito Central,1.Guatemala,0138,presidente
1900,,"{'UNE': 7, 'AZUL': 3, 'VALOR UNIONISTA': 28, 'CABAL': 12, 'TODOS': 0, 'VAMOS': 5, 'PHG': 0, 'PR': 1, 'PIN': 1, 'ELEFANTE': 3, 'VICTORIA': 0, 'SEMILLA': 34, 'FCN-NACION': 0, 'PPN': 0, 'UR': 4, 'URNG-MAIZ WINAQ': 0, 'CREO': 6, 'BIEN': 4, 'VIVA': 3, 'MI FAMILIA': 4, 'CAMBIO': 0, 'VOS': 17}",0,25,157,0,Algún campo sin dato,0.Distrito Central,1.Guatemala,0138,presidente
1901,,"{'UNE': 9, 'AZUL': 1, 'VALOR UNIONISTA': 23, 'CABAL': 19, 'TODOS': 0, 'VAMOS': 3, 'PHG': 0, 'PR': 4, 'PIN': 1, 'ELEFANTE': 2, 'VICTORIA': 5, 'SEMILLA': 39, 'FCN-NACION': 0, 'PPN': 0, 'UR': 2, 'URNG-MAIZ WINAQ': 0, 'CREO': 2, 'BIEN': 9, 'VIVA': 7, 'MI FAMILIA': 7, 'CAMBIO': 0, 'VOS': 12}",0,23,168,0,Algún campo sin dato,0.Distrito Central,1.Guatemala,0139,presidente
1902,,"{'UNE': 7, 'AZUL': 4, 'VALOR UNIONISTA': 43, 'CABAL': 21, 'TODOS': 1, 'VAMOS': 3, 'PHG': 0, 'PR': 4, 'PIN': 0, 'ELEFANTE': 2, 'VICTORIA': 5, 'SEMILLA': 37, 'FCN-NACION': 1, 'PPN': 0, 'UR': 2, 'URNG-MAIZ WINAQ': 2, 'CREO': 1, 'BIEN': 9, 'VIVA': 8, 'MI FAMILIA': 1, 'CAMBIO': 0, 'VOS': 17}",0,20,188,0,Algún campo sin dato,0.Distrito Central,1.Guatemala,0139,presidente
1903,,"{'UNE': 10, 'AZUL': 2, 'VALOR UNIONISTA': 27, 'CABAL': 18, 'TODOS': 0, 'VAMOS': 1, 'PHG': 0, 'PR': 2, 'PIN': 1, 'ELEFANTE': 1, 'VICTORIA': 5, 'SEMILLA': 37, 'FCN-NACION': 0, 'PPN': 0, 'UR': 1, 'URNG-MAIZ WINAQ': 0, 'CREO': 1, 'BIEN': 8, 'VIVA': 4, 'MI FAMILIA': 3, 'CAMBIO': 0, 'VOS': 21}",0,22,164,0,Algún campo sin dato,0.Distrito Central,1.Guatemala,0139,presidente
1904,,"{'UNE': 10, 'AZUL': 4, 'VALOR UNIONISTA': 29, 'CABAL': 15, 'TODOS': 0, 'VAMOS': 1, 'PHG': 0, 'PR': 2, 'PIN': 1, 'ELEFANTE': 1, 'VICTORIA': 2, 'SEMILLA': 37, 'FCN-NACION': 0, 'PPN': 0, 'UR': 4, 'URNG-MAIZ WINAQ': 2, 'CREO': 6, 'BIEN': 5, 'VIVA': 4, 'MI FAMILIA': 5, 'CAMBIO': 1, 'VOS': 10}",0,14,153,0,Algún campo sin dato,0.Distrito Central,1.Guatemala,0139,presidente
1905,,"{'UNE': 5, 'AZUL': 1, 'VALOR UNIONISTA': 34, 'CABAL': 14, 'TODOS': 0, 'VAMOS': 1, 'PHG': 0, 'PR': 0, 'PIN': 1, 'ELEFANTE': 4, 'VICTORIA': 1, 'SEMILLA': 34, 'FCN-NACION': 1, 'PPN': 0, 'UR': 0, 'URNG-MAIZ WINAQ': 3, 'CREO': 2, 'BIEN': 11, 'VIVA': 3, 'MI FAMILIA': 4, 'CAMBIO': 0, 'VOS': 23}",0,19,161,0,Algún campo sin dato,0.Distrito Central,1.Guatemala,0139,presidente
1906,,"{'UNE': 10, 'AZUL': 4, 'VALOR UNIONISTA': 30, 'CABAL': 23, 'TODOS': 0, 'VAMOS': 2, 'PHG': 0, 'PR': 2, 'PIN': 0, 'ELEFANTE': 1, 'VICTORIA': 2, 'SEMILLA': 33, 'FCN-NACION': 0, 'PPN': 1, 'UR': 3, 'URNG-MAIZ WINAQ': 0, 'CREO': 2, 'BIEN': 8, 'VIVA': 4, 'MI FAMILIA': 2, 'CAMBIO': 0, 'VOS': 17}",3,21,168,0,Algún campo sin dato,0.Distrito Central,1.Guatemala,0139,presidente
1907,,"{'UNE': 3, 'AZUL': 0, 'VALOR UNIONISTA': 36, 'CABAL': 15, 'TODOS': 2, 'VAMOS': 6, 'PHG': 0, 'PR': 4, 'PIN': 1, 'ELEFANTE': 2, 'VICTORIA': 3, 'SEMILLA': 41, 'FCN-NACION': 0, 'PPN': 1, 'UR': 4, 'URNG-MAIZ WINAQ': 2, 'CREO': 1, 'BIEN': 7, 'VIVA': 5, 'MI FAMILIA': 4, 'CAMBIO': 0, 'VOS': 16}",0,18,171,0,Algún campo sin dato,0.Distrito Central,1.Guatemala,0139,presidente
1908,,"{'UNE': 4, 'AZUL': 3, 'VALOR UNIONISTA': 36, 'CABAL': 12, 'TODOS': 0, 'VAMOS': 1, 'PHG': 0, 'PR': 3, 'PIN': 1, 'ELEFANTE': 3, 'VICTORIA': 1, 'SEMILLA': 40, 'FCN-NACION': 0, 'PPN': 2, 'UR': 0, 'URNG-MAIZ WINAQ': 3, 'CREO': 5, 'BIEN': 5, 'VIVA': 4, 'MI FAMILIA': 4, 'CAMBIO': 0, 'VOS': 15}",2,9,153,0,Algún campo sin dato,0.Distrito Central,1.Guatemala,0139,presidente
1909,,"{'UNE': 9, 'AZUL': 1, 'VALOR UNIONISTA': 34, 'CABAL': 18, 'TODOS': 0, 'VAMOS': 3, 'PHG': 0, 'PR': 2, 'PIN': 0, 'ELEFANTE': 2, 'VICTORIA': 2, 'SEMILLA': 38, 'FCN-NACION': 0, 'PPN': 0, 'UR': 3, 'URNG-MAIZ WINAQ': 1, 'CREO': 4, 'BIEN': 7, 'VIVA': 4, 'MI FAMILIA': 3, 'CAMBIO': 0, 'VOS': 15}",1,10,157,0,Algún campo sin dato,0.Distrito Central,1.Guatemala,0140,presidente
1910,,"{'UNE': 12, 'AZUL': 3, 'VALOR UNIONISTA': 29, 'CABAL': 19, 'TODOS': 1, 'VAMOS': 2, 'PHG': 0, 'PR': 1, 'PIN': 1, 'ELEFANTE': 3, 'VICTORIA': 3, 'SEMILLA': 40, 'FCN-NACION': 1, 'PPN': 0, 'UR': 3, 'URNG-MAIZ WINAQ': 2, 'CREO': 2, 'BIEN': 7, 'VIVA': 2, 'MI FAMILIA': 4, 'CAMBIO': 0, 'VOS': 14}",0,18,167,0,Algún campo sin dato,0.Distrito Central,1.Guatemala,0140,presidente
1911,,"{'UNE': 6, 'AZUL': 4, 'VALOR UNIONISTA': 40, 'CABAL': 19, 'TODOS': 0, 'VAMOS': 3, 'PHG': 0, 'PR': 2, 'PIN': 1, 'ELEFANTE': 2, 'VICTORIA': 1, 'SEMILLA': 36, 'FCN-NACION': 2, 'PPN': 1, 'UR': 4, 'URNG-MAIZ WINAQ': 1, 'CREO': 1, 'BIEN': 7, 'VIVA': 5, 'MI FAMILIA': 2, 'CAMBIO': 0, 'VOS': 16}",2,23,178,0,Algún campo sin dato,0.Distrito Central,1.Guatemala,0140,presidente
1912,,"{'UNE': 8, 'AZUL': 3, 'VALOR UNIONISTA': 25, 'CABAL': 18, 'TODOS': 0, 'VAMOS': 2, 'PHG': 0, 'PR': 1, 'PIN': 1, 'ELEFANTE': 1, 'VICTORIA': 4, 'SEMILLA': 39, 'FCN-NACION': 1, 'PPN': 0, 'UR': 4, 'URNG-MAIZ WINAQ': 3, 'CREO': 2, 'BIEN': 6, 'VIVA': 4, 'MI FAMILIA': 4, 'CAMBIO': 0, 'VOS': 17}",0,19,162,0,Algún campo sin dato,0.Distrito Central,1.Guatemala,0140,presidente
1913,,"{'UNE': 6, 'AZUL': 4, 'VALOR UNIONISTA': 26, 'CABAL': 15, 'TODOS': 1, 'VAMOS': 3, 'PHG': 0, 'PR': 1, 'PIN': 0, 'ELEFANTE': 0, 'VICTORIA': 2, 'SEMILLA': 38, 'FCN-NACION': 0, 'PPN': 0, 'UR': 4, 'URNG-MAIZ WINAQ': 0, 'CREO': 1, 'BIEN': 10, 'VIVA': 9, 'MI FAMILIA': 1, 'CAMBIO': 1, 'VOS': 23}",2,21,168,0,Algún campo sin dato,0.Distrito Central,1.Guatemala,0140,presidente
1914,,"{'UNE': 8, 'AZUL': 2, 'VALOR UNIONISTA': 33, 'CABAL': 20, 'TODOS': 0, 'VAMOS': 1, 'PHG': 0, 'PR': 2, 'PIN': 0, 'ELEFANTE': 0, 'VICTORIA': 2, 'SEMILLA': 29, 'FCN-NACION': 2, 'PPN': 1, 'UR': 4, 'URNG-MAIZ WINAQ': 2, 'CREO': 5, 'BIEN': 13, 'VIVA': 0, 'MI FAMILIA': 4, 'CAMBIO': 1, 'VOS': 11}",1,13,154,0,Algún campo sin dato,0.Distrito Central,1.Guatemala,0140,presidente
1915,,"{'UNE': 3, 'AZUL': 0, 'VALOR UNIONISTA': 28, 'CABAL': 12, 'TODOS': 1, 'VAMOS': 2, 'PHG': 0, 'PR': 0, 'PIN': 1, 'ELEFANTE': 0, 'VICTORIA': 3, 'SEMILLA': 47, 'FCN-NACION': 0, 'PPN': 0, 'UR': 1, 'URNG-MAIZ WINAQ': 3, 'CREO': 2, 'BIEN': 6, 'VIVA': 2, 'MI FAMILIA': 1, 'CAMBIO': 0, 'VOS': 16}",0,15,143,0,Algún campo sin dato,0.Distrito Central,1.Guatemala,0141,presidente
1916,,"{'UNE': 4, 'AZUL': 0, 'VALOR UNIONISTA': 32, 'CABAL': 23, 'TODOS': 0, 'VAMOS': 6, 'PHG': 0, 'PR': 4, 'PIN': 2, 'ELEFANTE': 2, 'VICTORIA': 0, 'SEMILLA': 34, 'FCN-NACION': 1, 'PPN': 0, 'UR': 2, 'URNG-MAIZ WINAQ': 1, 'CREO': 5, 'BIEN': 4, 'VIVA': 6, 'MI FAMILIA': 1, 'CAMBIO': 0, 'VOS': 18}",0,20,165,0,Algún campo sin dato,0.Distrito Central,1.Guatemala,0141,presidente
1917,,"{'UNE': 6, 'AZUL': 6, 'VALOR UNIONISTA': 33, 'CABAL': 26, 'TODOS': 0, 'VAMOS': 1, 'PHG': 1, 'PR': 3, 'PIN': 1, 'ELEFANTE': 2, 'VICTORIA': 1, 'SEMILLA': 40, 'FCN-NACION': 0, 'PPN': 1, 'UR': 3, 'URNG-MAIZ WINAQ': 1, 'CREO': 7, 'BIEN': 5, 'VIVA': 14, 'MI FAMILIA': 3, 'CAMBIO': 0, 'VOS': 11}",0,13,178,0,Sumas Asentadas sin cuadrar,0.Distrito Central,1.Guatemala,0141,presidente
1918,,"{'UNE': 9, 'AZUL': 5, 'VALOR UNIONISTA': 35, 'CABAL': 13, 'TODOS': 0, 'VAMOS': 3, 'PHG': 0, 'PR': 5, 'PIN': 0, 'ELEFANTE': 0, 'VICTORIA': 2, 'SEMILLA': 31, 'FCN-NACION': 1, 'PPN': 1, 'UR': 5, 'URNG-MAIZ WINAQ': 3, 'CREO': 2, 'BIEN': 3, 'VIVA': 5, 'MI FAMILIA': 2, 'CAMBIO': 0, 'VOS': 22}",1,11,159,0,Algún campo sin dato,0.Distrito Central,1.Guatemala,0141,presidente
1919,,"{'UNE': 2, 'AZUL': 2, 'VALOR UNIONISTA': 32, 'CABAL': 18, 'TODOS': 0, 'VAMOS': 4, 'PHG': 0, 'PR': 3, 'PIN': 0, 'ELEFANTE': 0, 'VICTORIA': 3, 'SEMILLA': 31, 'FCN-NACION': 1, 'PPN': 1, 'UR': 0, 'URNG-MAIZ WINAQ': 1, 'CREO': 2, 'BIEN': 7, 'VIVA': 5, 'MI FAMILIA': 6, 'CAMBIO': 1, 'VOS': 11}",2,18,150,0,Algún campo sin dato,0.Distrito Central,1.Guatemala,0141,presidente
1920,,"{'UNE': 5, 'AZUL': 1, 'VALOR UNIONISTA': 24, 'CABAL': 15, 'TODOS': 0, 'VAMOS': 3, 'PHG': 0, 'PR': 4, 'PIN': 1, 'ELEFANTE': 2, 'VICTORIA': 0, 'SEMILLA': 43, 'FCN-NACION': 0, 'PPN': 0, 'UR': 2, 'URNG-MAIZ WINAQ': 4, 'CREO': 0, 'BIEN': 8, 'VIVA': 7, 'MI FAMILIA': 7, 'CAMBIO': 0, 'VOS': 13}",0,12,151,0,Algún campo sin dato,0.Distrito Central,1.Guatemala,0141,presidente
1921,,"{'UNE': 9, 'AZUL': 4, 'VALOR UNIONISTA': 30, 'CABAL': 18, 'TODOS': 0, 'VAMOS': 3, 'PHG': 0, 'PR': 2, 'PIN': 0, 'ELEFANTE': 2, 'VICTORIA': 2, 'SEMILLA': 32, 'FCN-NACION': 0, 'PPN': 0, 'UR': 3, 'URNG-MAIZ WINAQ': 2, 'CREO': 6, 'BIEN': 9, 'VIVA': 8, 'MI FAMILIA': 2, 'CAMBIO': 0, 'VOS': 18}",0,19,169,441,,0.Distrito Central,1.Guatemala,0141,presidente
1922,,"{'UNE': 4, 'AZUL': 1, 'VALOR UNIONISTA': 31, 'CABAL': 14, 'TODOS': 0, 'VAMOS': 1, 'PHG': 1, 'PR': 0, 'PIN': 0, 'ELEFANTE': 1, 'VICTORIA': 2, 'SEMILLA': 30, 'FCN-NACION': 1, 'PPN': 0, 'UR': 1, 'URNG-MAIZ WINAQ': 2, 'CREO': 4, 'BIEN': 5, 'VIVA': 7, 'MI FAMILIA': 2, 'CAMBIO': 0, 'VOS': 5}",1,22,135,0,Algún campo sin dato,0.Distrito Central,1.Guatemala,0142,presidente
1923,,"{'UNE': 8, 'AZUL': 5, 'VALOR UNIONISTA': 36, 'CABAL': 18, 'TODOS': 0, 'VAMOS': 2, 'PHG': 0, 'PR': 3, 'PIN': 1, 'ELEFANTE': 3, 'VICTORIA': 1, 'SEMILLA': 30, 'FCN-NACION': 1, 'PPN': 0, 'UR': 3, 'URNG-MAIZ WINAQ': 4, 'CREO': 3, 'BIEN': 7, 'VIVA': 2, 'MI FAMILIA': 2, 'CAMBIO': 0, 'VOS': 19}",0,25,173,0,Algún campo sin dato,0.Distrito Central,1.Guatemala,0142,presidente
1924,,"{'UNE': 6, 'AZUL': 1, 'VALOR UNIONISTA': 30, 'CABAL': 14, 'TODOS': 0, 'VAMOS': 4, 'PHG': 0, 'PR': 5, 'PIN': 1, 'ELEFANTE': 1, 'VICTORIA': 3, 'SEMILLA': 34, 'FCN-NACION': 3, 'PPN': 1, 'UR': 3, 'URNG-MAIZ WINAQ': 0, 'CREO': 3, 'BIEN': 10, 'VIVA': 4, 'MI FAMILIA': 3, 'CAMBIO': 0, 'VOS': 17}",0,13,156,0,Algún campo sin dato,0.Distrito Central,1.Guatemala,0142,presidente
1925,,"{'UNE': 7, 'AZUL': 2, 'VALOR UNIONISTA': 34, 'CABAL': 20, 'TODOS': 1, 'VAMOS': 0, 'PHG': 0, 'PR': 2, 'PIN': 0, 'ELEFANTE': 1, 'VICTORIA': 5, 'SEMILLA': 34, 'FCN-NACION': 0, 'PPN': 0, 'UR': 4, 'URNG-MAIZ WINAQ': 1, 'CREO': 2, 'BIEN': 10, 'VIVA': 5, 'MI FAMILIA': 4, 'CAMBIO': 0, 'VOS': 18}",0,18,168,0,Algún campo sin dato,0.Distrito Central,1.Guatemala,0142,presidente
1926,,"{'UNE': 9, 'AZUL': 1, 'VALOR UNIONISTA': 29, 'CABAL': 14, 'TODOS': 0, 'VAMOS': 6, 'PHG': 0, 'PR': 3, 'PIN': 0, 'ELEFANTE': 2, 'VICTORIA': 1, 'SEMILLA': 34, 'FCN-NACION': 1, 'PPN': 0, 'UR': 1, 'URNG-MAIZ WINAQ': 4, 'CREO': 1, 'BIEN': 10, 'VIVA': 6, 'MI FAMILIA': 3, 'CAMBIO': 0, 'VOS': 23}",0,15,163,0,Algún campo sin dato,0.Distrito Central,1.Guatemala,0142,presidente
1927,,"{'UNE': 9, 'AZUL': 5, 'VALOR UNIONISTA': 27, 'CABAL': 14, 'TODOS': 1, 'VAMOS': 2, 'PHG': 0, 'PR': 2, 'PIN': 1, 'ELEFANTE': 1, 'VICTORIA': 4, 'SEMILLA': 30, 'FCN-NACION': 1, 'PPN': 0, 'UR': 2, 'URNG-MAIZ WINAQ': 6, 'CREO': 4, 'BIEN': 12, 'VIVA': 9, 'MI FAMILIA': 1, 'CAMBIO': 0, 'VOS': 13}",0,11,155,0,Algún campo sin dato,0.Distrito Central,1.Guatemala,0142,presidente
1928,,"{'UNE': 12, 'AZUL': 1, 'VALOR UNIONISTA': 42, 'CABAL': 18, 'TODOS': 0, 'VAMOS': 1, 'PHG': 0, 'PR': 5, 'PIN': 0, 'ELEFANTE': 1, 'VICTORIA': 4, 'SEMILLA': 31, 'FCN-NACION': 0, 'PPN': 2, 'UR': 2, 'URNG-MAIZ WINAQ': 0, 'CREO': 5, 'BIEN': 9, 'VIVA': 6, 'MI FAMILIA': 4, 'CAMBIO': 0, 'VOS': 13}",0,11,167,0,Algún campo sin dato,0.Distrito Central,1.Guatemala,0142,presidente
1929,,"{'UNE': 11, 'AZUL': 2, 'VALOR UNIONISTA': 38, 'CABAL': 14, 'TODOS': 2, 'VAMOS': 2, 'PHG': 1, 'PR': 2, 'PIN': 1, 'ELEFANTE': 5, 'VICTORIA': 3, 'SEMILLA': 38, 'FCN-NACION': 0, 'PPN': 0, 'UR': 5, 'URNG-MAIZ WINAQ': 1, 'CREO': 5, 'BIEN': 10, 'VIVA': 6, 'MI FAMILIA': 1, 'CAMBIO': 0, 'VOS': 18}",1,20,186,0,Algún campo sin dato,0.Distrito Central,1.Guatemala,0142,presidente
1930,,"{'UNE': 6, 'AZUL': 4, 'VALOR UNIONISTA': 33, 'CABAL': 13, 'TODOS': 0, 'VAMOS': 3, 'PHG': 0, 'PR': 4, 'PIN': 1, 'ELEFANTE': 0, 'VICTORIA': 4, 'SEMILLA': 45, 'FCN-NACION': 1, 'PPN': 1, 'UR': 0, 'URNG-MAIZ WINAQ': 3, 'CREO': 3, 'BIEN': 14, 'VIVA': 1, 'MI FAMILIA': 2, 'CAMBIO': 1, 'VOS': 14}",0,13,166,1,,0.Distrito Central,1.Guatemala,0142,presidente
1931,,"{'UNE': 5, 'AZUL': 3, 'VALOR UNIONISTA': 31, 'CABAL': 19, 'TODOS': 1, 'VAMOS': 2, 'PHG': 0, 'PR': 2, 'PIN': 1, 'ELEFANTE': 3, 'VICTORIA': 2, 'SEMILLA': 33, 'FCN-NACION': 0, 'PPN': 0, 'UR': 1, 'URNG-MAIZ WINAQ': 0, 'CREO': 3, 'BIEN': 8, 'VIVA': 0, 'MI FAMILIA': 8, 'CAMBIO': 1, 'VOS': 13}",0,21,157,0,Algún campo sin dato,0.Distrito Central,1.Guatemala,0142,presidente
1932,,"{'UNE': 9, 'AZUL': 2, 'VALOR UNIONISTA': 26, 'CABAL': 14, 'TODOS': 0, 'VAMOS': 0, 'PHG': 1, 'PR': 1, 'PIN': 0, 'ELEFANTE': 0, 'VICTORIA': 0, 'SEMILLA': 23, 'FCN-NACION': 1, 'PPN': 0, 'UR': 4, 'URNG-MAIZ WINAQ': 2, 'CREO': 2, 'BIEN': 5, 'VIVA': 11, 'MI FAMILIA': 6, 'CAMBIO': 0, 'VOS': 17}",3,15,142,0,Algún campo sin dato,0.Distrito Central,1.Guatemala,0142,presidente
1933,,"{'UNE': 3, 'AZUL': 1, 'VALOR UNIONISTA': 28, 'CABAL': 21, 'TODOS': 0, 'VAMOS': 1, 'PHG': 0, 'PR': 3, 'PIN': 0, 'ELEFANTE': 1, 'VICTORIA': 4, 'SEMILLA': 26, 'FCN-NACION': 2, 'PPN': 1, 'UR': 2, 'URNG-MAIZ WINAQ': 1, 'CREO': 4, 'BIEN': 9, 'VIVA': 3, 'MI FAMILIA': 1, 'CAMBIO': 0, 'VOS': 16}",0,20,147,0,Algún campo sin dato,0.Distrito Central,1.Guatemala,0142,presidente
1934,,"{'UNE': 8, 'AZUL': 3, 'VALOR UNIONISTA': 23, 'CABAL': 17, 'TODOS': 1, 'VAMOS': 2, 'PHG': 0, 'PR': 4, 'PIN': 0, 'ELEFANTE': 0, 'VICTORIA': 2, 'SEMILLA': 25, 'FCN-NACION': 0, 'PPN': 1, 'UR': 2, 'URNG-MAIZ WINAQ': 1, 'CREO': 3, 'BIEN': 11, 'VIVA': 6, 'MI FAMILIA': 4, 'CAMBIO': 0, 'VOS': 13}",1,15,142,0,Algún campo sin dato,0.Distrito Central,1.Guatemala,0142,presidente
1935,,"{'UNE': 9, 'AZUL': 4, 'VALOR UNIONISTA': 25, 'CABAL': 16, 'TODOS': 0, 'VAMOS': 5, 'PHG': 0, 'PR': 4, 'PIN': 0, 'ELEFANTE': 2, 'VICTORIA': 2, 'SEMILLA': 46, 'FCN-NACION': 0, 'PPN': 0, 'UR': 1, 'URNG-MAIZ WINAQ': 4, 'CREO': 3, 'BIEN': 11, 'VIVA': 4, 'MI FAMILIA': 3, 'CAMBIO': 0, 'VOS': 11}",0,17,167,0,Algún campo sin dato,0.Distrito Central,1.Guatemala,0142,presidente
1936,,"{'UNE': 5, 'AZUL': 3, 'VALOR UNIONISTA': 39, 'CABAL': 13, 'TODOS': 0, 'VAMOS': 3, 'PHG': 0, 'PR': 1, 'PIN': 0, 'ELEFANTE': 1, 'VICTORIA': 4, 'SEMILLA': 40, 'FCN-NACION': 0, 'PPN': 0, 'UR': 1, 'URNG-MAIZ WINAQ': 0, 'CREO': 3, 'BIEN': 12, 'VIVA': 2, 'MI FAMILIA': 3, 'CAMBIO': 0, 'VOS': 12}",0,16,158,0,Algún campo sin dato,0.Distrito Central,1.Guatemala,0142,presidente
1937,,"{'UNE': 7, 'AZUL': 3, 'VALOR UNIONISTA': 33, 'CABAL': 16, 'TODOS': 1, 'VAMOS': 3, 'PHG': 0, 'PR': 1, 'PIN': 0, 'ELEFANTE': 1, 'VICTORIA': 2, 'SEMILLA': 38, 'FCN-NACION': 0, 'PPN': 1, 'UR': 1, 'URNG-MAIZ WINAQ': 4, 'CREO': 0, 'BIEN': 12, 'VIVA': 1, 'MI FAMILIA': 3, 'CAMBIO': 0, 'VOS': 18}",1,17,163,0,Algún campo sin dato,0.Distrito Central,1.Guatemala,0143,presidente
1938,,"{'UNE': 6, 'AZUL': 1, 'VALOR UNIONISTA': 31, 'CABAL': 17, 'TODOS': 0, 'VAMOS': 3, 'PHG': 0, 'PR': 2, 'PIN': 1, 'ELEFANTE': 2, 'VICTORIA': 0, 'SEMILLA': 45, 'FCN-NACION': 0, 'PPN': 1, 'UR': 0, 'URNG-MAIZ WINAQ': 5, 'CREO': 1, 'BIEN': 9, 'VIVA': 3, 'MI FAMILIA': 0, 'CAMBIO': 0, 'VOS': 12}",1,23,163,0,Algún campo sin dato,0.Distrito Central,1.Guatemala,0143,presidente
1939,,"{'UNE': 11, 'AZUL': 9, 'VALOR UNIONISTA': 33, 'CABAL': 16, 'TODOS': 0, 'VAMOS': 4, 'PHG': 0, 'PR': 1, 'PIN': 0, 'ELEFANTE': 1, 'VICTORIA': 3, 'SEMILLA': 35, 'FCN-NACION': 1, 'PPN': 0, 'UR': 1, 'URNG-MAIZ WINAQ': 1, 'CREO': 6, 'BIEN': 4, 'VIVA': 4, 'MI FAMILIA': 4, 'CAMBIO': 0, 'VOS': 14}",0,14,162,0,Sumas Asentadas sin cuadrar,0.Distrito Central,1.Guatemala,0143,presidente
1940,,"{'UNE': 9, 'AZUL': 0, 'VALOR UNIONISTA': 33, 'CABAL': 18, 'TODOS': 0, 'VAMOS': 3, 'PHG': 4, 'PR': 3, 'PIN': 0, 'ELEFANTE': 4, 'VICTORIA': 1, 'SEMILLA': 27, 'FCN-NACION': 1, 'PPN': 1, 'UR': 2, 'URNG-MAIZ WINAQ': 3, 'CREO': 1, 'BIEN': 6, 'VIVA': 8, 'MI FAMILIA': 3, 'CAMBIO': 1, 'VOS': 16}",1,13,158,0,Algún campo sin dato,0.Distrito Central,1.Guatemala,0143,presidente
1941,,"{'UNE': 6, 'AZUL': 4, 'VALOR UNIONISTA': 27, 'CABAL': 14, 'TODOS': 0, 'VAMOS': 1, 'PHG': 0, 'PR': 0, 'PIN': 0, 'ELEFANTE': 4, 'VICTORIA': 3, 'SEMILLA': 30, 'FCN-NACION': 2, 'PPN': 1, 'UR': 0, 'URNG-MAIZ WINAQ': 2, 'CREO': 1, 'BIEN': 10, 'VIVA': 8, 'MI FAMILIA': 3, 'CAMBIO': 0, 'VOS': 19}",0,17,152,0,Algún campo sin dato,0.Distrito Central,1.Guatemala,0143,presidente
1942,,"{'UNE': 5, 'AZUL': 5, 'VALOR UNIONISTA': 37, 'CABAL': 19, 'TODOS': 2, 'VAMOS': 2, 'PHG': 0, 'PR': 0, 'PIN': 4, 'ELEFANTE': 3, 'VICTORIA': 2, 'SEMILLA': 29, 'FCN-NACION': 1, 'PPN': 1, 'UR': 1, 'URNG-MAIZ WINAQ': 1, 'CREO': 1, 'BIEN': 8, 'VIVA': 10, 'MI FAMILIA': 2, 'CAMBIO': 0, 'VOS': 14}",2,25,174,0,Algún campo sin dato,0.Distrito Central,1.Guatemala,0143,presidente
1943,,"{'UNE': 8, 'AZUL': 2, 'VALOR UNIONISTA': 34, 'CABAL': 12, 'TODOS': 0, 'VAMOS': 4, 'PHG': 0, 'PR': 7, 'PIN': 0, 'ELEFANTE': 3, 'VICTORIA': 2, 'SEMILLA': 38, 'FCN-NACION': 0, 'PPN': 0, 'UR': 2, 'URNG-MAIZ WINAQ': 1, 'CREO': 5, 'BIEN': 8, 'VIVA': 4, 'MI FAMILIA': 2, 'CAMBIO': 1, 'VOS': 19}",0,17,169,0,Algún campo sin dato,0.Distrito Central,1.Guatemala,0144,presidente
1944,,"{'UNE': 13, 'AZUL': 4, 'VALOR UNIONISTA': 39, 'CABAL': 11, 'TODOS': 0, 'VAMOS': 5, 'PHG': 0, 'PR': 1, 'PIN': 0, 'ELEFANTE': 6, 'VICTORIA': 4, 'SEMILLA': 37, 'FCN-NACION': 0, 'PPN': 0, 'UR': 0, 'URNG-MAIZ WINAQ': 3, 'CREO': 5, 'BIEN': 5, 'VIVA': 6, 'MI FAMILIA': 4, 'CAMBIO': 0, 'VOS': 14}",420,23,600,0,Algún campo sin dato,0.Distrito Central,1.Guatemala,0144,presidente
1945,,"{'UNE': 12, 'AZUL': 2, 'VALOR UNIONISTA': 39, 'CABAL': 13, 'TODOS': 0, 'VAMOS': 1, 'PHG': 0, 'PR': 2, 'PIN': 0, 'ELEFANTE': 3, 'VICTORIA': 1, 'SEMILLA': 31, 'FCN-NACION': 1, 'PPN': 0, 'UR': 0, 'URNG-MAIZ WINAQ': 0, 'CREO': 1, 'BIEN': 7, 'VIVA': 5, 'MI FAMILIA': 4, 'CAMBIO': 2, 'VOS': 12}",0,15,151,0,Algún campo sin dato,0.Distrito Central,1.Guatemala,0144,presidente
1946,,"{'UNE': 10, 'AZUL': 3, 'VALOR UNIONISTA': 23, 'CABAL': 15, 'TODOS': 1, 'VAMOS': 4, 'PHG': 0, 'PR': 3, 'PIN': 1, 'ELEFANTE': 2, 'VICTORIA': 2, 'SEMILLA': 45, 'FCN-NACION': 1, 'PPN': 3, 'UR': 5, 'URNG-MAIZ WINAQ': 2, 'CREO': 5, 'BIEN': 9, 'VIVA': 2, 'MI FAMILIA': 2, 'CAMBIO': 0, 'VOS': 13}",0,14,165,0,Algún campo sin dato,0.Distrito Central,1.Guatemala,0144,presidente
1947,,"{'UNE': 7, 'AZUL': 3, 'VALOR UNIONISTA': 24, 'CABAL': 11, 'TODOS': 1, 'VAMOS': 3, 'PHG': 1, 'PR': 4, 'PIN': 0, 'ELEFANTE': 2, 'VICTORIA': 1, 'SEMILLA': 44, 'FCN-NACION': 0, 'PPN': 0, 'UR': 3, 'URNG-MAIZ WINAQ': 3, 'CREO': 3, 'BIEN': 8, 'VIVA': 1, 'MI FAMILIA': 5, 'CAMBIO': 0, 'VOS': 8}",0,10,142,0,Algún campo sin dato,0.Distrito Central,1.Guatemala,0144,presidente
1948,,"{'UNE': 7, 'AZUL': 3, 'VALOR UNIONISTA': 30, 'CABAL': 13, 'TODOS': 0, 'VAMOS': 3, 'PHG': 0, 'PR': 3, 'PIN': 0, 'ELEFANTE': 0, 'VICTORIA': 0, 'SEMILLA': 46, 'FCN-NACION': 2, 'PPN': 0, 'UR': 2, 'URNG-MAIZ WINAQ': 1, 'CREO': 1, 'BIEN': 3, 'VIVA': 7, 'MI FAMILIA': 10, 'CAMBIO': 0, 'VOS': 9}",0,19,159,0,Algún campo sin dato,0.Distrito Central,1.Guatemala,0144,presidente
1949,,"{'UNE': 8, 'AZUL': 2, 'VALOR UNIONISTA': 33, 'CABAL': 13, 'TODOS': 0, 'VAMOS': 4, 'PHG': 0, 'PR': 1, 'PIN': 1, 'ELEFANTE': 1, 'VICTORIA': 4, 'SEMILLA': 20, 'FCN-NACION': 0, 'PPN': 0, 'UR': 2, 'URNG-MAIZ WINAQ': 6, 'CREO': 2, 'BIEN': 9, 'VIVA': 6, 'MI FAMILIA': 5, 'CAMBIO': 1, 'VOS': 16}",0,12,146,0,Algún campo sin dato,0.Distrito Central,1.Guatemala,0145,presidente
1950,,"{'UNE': 13, 'AZUL': 0, 'VALOR UNIONISTA': 23, 'CABAL': 13, 'TODOS': 0, 'VAMOS': 3, 'PHG': 0, 'PR': 3, 'PIN': 1, 'ELEFANTE': 2, 'VICTORIA': 1, 'SEMILLA': 19, 'FCN-NACION': 1, 'PPN': 1, 'UR': 0, 'URNG-MAIZ WINAQ': 0, 'CREO': 2, 'BIEN': 4, 'VIVA': 5, 'MI FAMILIA': 5, 'CAMBIO': 0, 'VOS': 6}",0,16,118,0,Algún campo sin dato,0.Distrito Central,1.Guatemala,0145,presidente
1951,,"{'UNE': 8, 'AZUL': 1, 'VALOR UNIONISTA': 27, 'CABAL': 7, 'TODOS': 1, 'VAMOS': 5, 'PHG': 0, 'PR': 2, 'PIN': 0, 'ELEFANTE': 1, 'VICTORIA': 3, 'SEMILLA': 30, 'FCN-NACION': 0, 'PPN': 0, 'UR': 0, 'URNG-MAIZ WINAQ': 3, 'CREO': 3, 'BIEN': 6, 'VIVA': 3, 'MI FAMILIA': 3, 'CAMBIO': 0, 'VOS': 9}",0,7,119,0,,0.Distrito Central,1.Guatemala,0145,presidente
1952,,"{'UNE': 10, 'AZUL': 4, 'VALOR UNIONISTA': 37, 'CABAL': 12, 'TODOS': 1, 'VAMOS': 3, 'PHG': 0, 'PR': 5, 'PIN': 0, 'ELEFANTE': 2, 'VICTORIA': 4, 'SEMILLA': 32, 'FCN-NACION': 1, 'PPN': 0, 'UR': 4, 'URNG-MAIZ WINAQ': 1, 'CREO': 3, 'BIEN': 7, 'VIVA': 5, 'MI FAMILIA': 2, 'CAMBIO': 0, 'VOS': 19}",1,15,168,0,Algún campo sin dato,0.Distrito Central,1.Guatemala,0145,presidente
1953,,"{'UNE': 5, 'AZUL': 3, 'VALOR UNIONISTA': 28, 'CABAL': 15, 'TODOS': 0, 'VAMOS': 7, 'PHG': 1, 'PR': 2, 'PIN': 0, 'ELEFANTE': 1, 'VICTORIA': 3, 'SEMILLA': 28, 'FCN-NACION': 0, 'PPN': 1, 'UR': 1, 'URNG-MAIZ WINAQ': 1, 'CREO': 1, 'BIEN': 10, 'VIVA': 5, 'MI FAMILIA': 4, 'CAMBIO': 0, 'VOS': 12}",0,12,140,0,Algún campo sin dato,0.Distrito Central,1.Guatemala,0145,presidente
1954,,"{'UNE': 7, 'AZUL': 2, 'VALOR UNIONISTA': 27, 'CABAL': 14, 'TODOS': 0, 'VAMOS': 2, 'PHG': 0, 'PR': 1, 'PIN': 0, 'ELEFANTE': 0, 'VICTORIA': 1, 'SEMILLA': 25, 'FCN-NACION': 0, 'PPN': 0, 'UR': 2, 'URNG-MAIZ WINAQ': 0, 'CREO': 0, 'BIEN': 4, 'VIVA': 1, 'MI FAMILIA': 6, 'CAMBIO': 0, 'VOS': 9}",0,17,118,118,Sumas Asentadas sin cuadrar,0.Distrito Central,1.Guatemala,0146,presidente
1955,,"{'UNE': 10, 'AZUL': 2, 'VALOR UNIONISTA': 22, 'CABAL': 5, 'TODOS': 0, 'VAMOS': 3, 'PHG': 0, 'PR': 2, 'PIN': 1, 'ELEFANTE': 1, 'VICTORIA': 6, 'SEMILLA': 22, 'FCN-NACION': 0, 'PPN': 0, 'UR': 2, 'URNG-MAIZ WINAQ': 3, 'CREO': 2, 'BIEN': 6, 'VIVA': 9, 'MI FAMILIA': 2, 'CAMBIO': 0, 'VOS': 9}",1,13,121,0,Algún campo sin dato,0.Distrito Central,1.Guatemala,0146,presidente
1956,,"{'UNE': 3, 'AZUL': 4, 'VALOR UNIONISTA': 28, 'CABAL': 13, 'TODOS': 0, 'VAMOS': 0, 'PHG': 0, 'PR': 2, 'PIN': 0, 'ELEFANTE': 1, 'VICTORIA': 5, 'SEMILLA': 23, 'FCN-NACION': 0, 'PPN': 0, 'UR': 0, 'URNG-MAIZ WINAQ': 1, 'CREO': 5, 'BIEN': 5, 'VIVA': 4, 'MI FAMILIA': 2, 'CAMBIO': 1, 'VOS': 10}",2,13,122,0,Algún campo sin dato,0.Distrito Central,1.Guatemala,0146,presidente
1957,,"{'UNE': 4, 'AZUL': 1, 'VALOR UNIONISTA': 20, 'CABAL': 10, 'TODOS': 0, 'VAMOS': 0, 'PHG': 0, 'PR': 1, 'PIN': 0, 'ELEFANTE': 3, 'VICTORIA': 2, 'SEMILLA': 18, 'FCN-NACION': 0, 'PPN': 0, 'UR': 2, 'URNG-MAIZ WINAQ': 2, 'CREO': 1, 'BIEN': 5, 'VIVA': 2, 'MI FAMILIA': 4, 'CAMBIO': 0, 'VOS': 10}",1,19,105,0,Algún campo sin dato,0.Distrito Central,1.Guatemala,0146,presidente
1958,,"{'UNE': 6, 'AZUL': 3, 'VALOR UNIONISTA': 31, 'CABAL': 13, 'TODOS': 0, 'VAMOS': 1, 'PHG': 0, 'PR': 3, 'PIN': 0, 'ELEFANTE': 1, 'VICTORIA': 4, 'SEMILLA': 25, 'FCN-NACION': 1, 'PPN': 0, 'UR': 0, 'URNG-MAIZ WINAQ': 4, 'CREO': 5, 'BIEN': 7, 'VIVA': 7, 'MI FAMILIA': 3, 'CAMBIO': 0, 'VOS': 3}",1,6,124,0,Algún campo sin dato,0.Distrito Central,1.Guatemala,0146,presidente
1959,,"{'UNE': 9, 'AZUL': 3, 'VALOR UNIONISTA': 28, 'CABAL': 9, 'TODOS': 0, 'VAMOS': 2, 'PHG': 0, 'PR': 0, 'PIN': 0, 'ELEFANTE': 1, 'VICTORIA': 2, 'SEMILLA': 22, 'FCN-NACION': 1, 'PPN': 0, 'UR': 2, 'URNG-MAIZ WINAQ': 2, 'CREO': 1, 'BIEN': 5, 'VIVA': 3, 'MI FAMILIA': 0, 'CAMBIO': 0, 'VOS': 9}",0,6,105,0,Algún campo sin dato,0.Distrito Central,1.Guatemala,0146,presidente
1960,,"{'UNE': 4, 'AZUL': 1, 'VALOR UNIONISTA': 14, 'CABAL': 10, 'TODOS': 0, 'VAMOS': 1, 'PHG': 0, 'PR': 3, 'PIN': 1, 'ELEFANTE': 1, 'VICTORIA': 0, 'SEMILLA': 22, 'FCN-NACION': 0, 'PPN': 1, 'UR': 2, 'URNG-MAIZ WINAQ': 1, 'CREO': 0, 'BIEN': 4, 'VIVA': 2, 'MI FAMILIA': 2, 'CAMBIO': 0, 'VOS': 6}",0,4,79,0,Algún campo sin dato,0.Distrito Central,1.Guatemala,0147,presidente
1961,,"{'UNE': 4, 'AZUL': 0, 'VALOR UNIONISTA': 23, 'CABAL': 4, 'TODOS': 0, 'VAMOS': 1, 'PHG': 0, 'PR': 1, 'PIN': 0, 'ELEFANTE': 0, 'VICTORIA': 3, 'SEMILLA': 21, 'FCN-NACION': 0, 'PPN': 0, 'UR': 0, 'URNG-MAIZ WINAQ': 0, 'CREO': 0, 'BIEN': 4, 'VIVA': 0, 'MI FAMILIA': 3, 'CAMBIO': 1, 'VOS': 2}",0,8,75,0,Algún campo sin dato,0.Distrito Central,1.Guatemala,0147,presidente
1962,,"{'UNE': 6, 'AZUL': 2, 'VALOR UNIONISTA': 16, 'CABAL': 14, 'TODOS': 1, 'VAMOS': 2, 'PHG': 0, 'PR': 4, 'PIN': 1, 'ELEFANTE': 2, 'VICTORIA': 3, 'SEMILLA': 27, 'FCN-NACION': 0, 'PPN': 0, 'UR': 1, 'URNG-MAIZ WINAQ': 1, 'CREO': 3, 'BIEN': 2, 'VIVA': 3, 'MI FAMILIA': 0, 'CAMBIO': 0, 'VOS': 6}",0,8,102,0,Algún campo sin dato,0.Distrito Central,1.Guatemala,0147,presidente
1963,,"{'UNE': 6, 'AZUL': 0, 'VALOR UNIONISTA': 18, 'CABAL': 13, 'TODOS': 0, 'VAMOS': 2, 'PHG': 0, 'PR': 1, 'PIN': 0, 'ELEFANTE': 1, 'VICTORIA': 0, 'SEMILLA': 25, 'FCN-NACION': 1, 'PPN': 1, 'UR': 0, 'URNG-MAIZ WINAQ': 3, 'CREO': 1, 'BIEN': 4, 'VIVA': 4, 'MI FAMILIA': 2, 'CAMBIO': 1, 'VOS': 6}",0,10,99,0,Algún campo sin dato,0.Distrito Central,1.Guatemala,0147,presidente
1964,,"{'UNE': 4, 'AZUL': 1, 'VALOR UNIONISTA': 16, 'CABAL': 15, 'TODOS': 0, 'VAMOS': 4, 'PHG': 0, 'PR': 3, 'PIN': 0, 'ELEFANTE': 4, 'VICTORIA': 3, 'SEMILLA': 17, 'FCN-NACION': 0, 'PPN': 1, 'UR': 0, 'URNG-MAIZ WINAQ': 1, 'CREO': 2, 'BIEN': 4, 'VIVA': 2, 'MI FAMILIA': 2, 'CAMBIO': 0, 'VOS': 13}",0,12,104,0,Algún campo sin dato,0.Distrito Central,1.Guatemala,0147,presidente
1965,,"{'UNE': 3, 'AZUL': 1, 'VALOR UNIONISTA': 17, 'CABAL': 9, 'TODOS': 0, 'VAMOS': 3, 'PHG': 0, 'PR': 2, 'PIN': 1, 'ELEFANTE': 4, 'VICTORIA': 2, 'SEMILLA': 24, 'FCN-NACION': 0, 'PPN': 0, 'UR': 0, 'URNG-MAIZ WINAQ': 1, 'CREO': 0, 'BIEN': 4, 'VIVA': 2, 'MI FAMILIA': 1, 'CAMBIO': 0, 'VOS': 3}",0,9,86,513,Algún campo sin dato,0.Distrito Central,1.Guatemala,0147,presidente
1966,,"{'UNE': 11, 'AZUL': 4, 'VALOR UNIONISTA': 32, 'CABAL': 11, 'TODOS': 0, 'VAMOS': 1, 'PHG': 0, 'PR': 0, 'PIN': 1, 'ELEFANTE': 3, 'VICTORIA': 2, 'SEMILLA': 34, 'FCN-NACION': 1, 'PPN': 0, 'UR': 0, 'URNG-MAIZ WINAQ': 0, 'CREO': 1, 'BIEN': 5, 'VIVA': 3, 'MI FAMILIA': 4, 'CAMBIO': 0, 'VOS': 9}",1,10,133,0,Sumas Asentadas sin cuadrar,0.Distrito Central,1.Guatemala,0147,presidente
1967,,"{'UNE': 6, 'AZUL': 0, 'VALOR UNIONISTA': 18, 'CABAL': 7, 'TODOS': 0, 'VAMOS': 3, 'PHG': 0, 'PR': 2, 'PIN': 0, 'ELEFANTE': 2, 'VICTORIA': 3, 'SEMILLA': 32, 'FCN-NACION': 0, 'PPN': 0, 'UR': 1, 'URNG-MAIZ WINAQ': 1, 'CREO': 2, 'BIEN': 9, 'VIVA': 4, 'MI FAMILIA': 3, 'CAMBIO': 0, 'VOS': 14}",0,16,123,0,Algún campo sin dato,0.Distrito Central,1.Guatemala,0147,presidente
1968,,"{'UNE': 7, 'AZUL': 5, 'VALOR UNIONISTA': 33, 'CABAL': 19, 'TODOS': 0, 'VAMOS': 2, 'PHG': 0, 'PR': 1, 'PIN': 1, 'ELEFANTE': 0, 'VICTORIA': 1, 'SEMILLA': 31, 'FCN-NACION': 0, 'PPN': 2, 'UR': 3, 'URNG-MAIZ WINAQ': 1, 'CREO': 2, 'BIEN': 5, 'VIVA': 1, 'MI FAMILIA': 0, 'CAMBIO': 0, 'VOS': 12}",0,12,138,0,Algún campo sin dato,0.Distrito Central,1.Guatemala,0147,presidente
1969,,"{'UNE': 3, 'AZUL': 1, 'VALOR UNIONISTA': 30, 'CABAL': 18, 'TODOS': 1, 'VAMOS': 3, 'PHG': 0, 'PR': 3, 'PIN': 0, 'ELEFANTE': 0, 'VICTORIA': 2, 'SEMILLA': 36, 'FCN-NACION': 0, 'PPN': 1, 'UR': 4, 'URNG-MAIZ WINAQ': 1, 'CREO': 2, 'BIEN': 5, 'VIVA': 2, 'MI FAMILIA': 3, 'CAMBIO': 0, 'VOS': 12}",1,18,146,0,Algún campo sin dato,0.Distrito Central,1.Guatemala,0147,presidente
1970,,"{'UNE': 4, 'AZUL': 1, 'VALOR UNIONISTA': 47, 'CABAL': 16, 'TODOS': 0, 'VAMOS': 2, 'PHG': 0, 'PR': 4, 'PIN': 0, 'ELEFANTE': 2, 'VICTORIA': 4, 'SEMILLA': 36, 'FCN-NACION': 0, 'PPN': 1, 'UR': 2, 'URNG-MAIZ WINAQ': 1, 'CREO': 4, 'BIEN': 6, 'VIVA': 6, 'MI FAMILIA': 2, 'CAMBIO': 0, 'VOS': 9}",0,11,158,0,Sumas Asentadas sin cuadrar,0.Distrito Central,1.Guatemala,0147,presidente
1971,,"{'UNE': 3, 'AZUL': 0, 'VALOR UNIONISTA': 22, 'CABAL': 16, 'TODOS': 0, 'VAMOS': 5, 'PHG': 0, 'PR': 1, 'PIN': 0, 'ELEFANTE': 2, 'VICTORIA': 3, 'SEMILLA': 33, 'FCN-NACION': 1, 'PPN': 0, 'UR': 1, 'URNG-MAIZ WINAQ': 0, 'CREO': 5, 'BIEN': 2, 'VIVA': 4, 'MI FAMILIA': 3, 'CAMBIO': 0, 'VOS': 18}",0,9,128,0,Algún campo sin dato,0.Distrito Central,1.Guatemala,0147,presidente
1972,,"{'UNE': 3, 'AZUL': 1, 'VALOR UNIONISTA': 25, 'CABAL': 9, 'TODOS': 1, 'VAMOS': 2, 'PHG': 0, 'PR': 0, 'PIN': 0, 'ELEFANTE': 1, 'VICTORIA': 2, 'SEMILLA': 15, 'FCN-NACION': 1, 'PPN': 0, 'UR': 1, 'URNG-MAIZ WINAQ': 0, 'CREO': 0, 'BIEN': 0, 'VIVA': 2, 'MI FAMILIA': 0, 'CAMBIO': 0, 'VOS': 5}",0,8,76,0,Algún campo sin dato,0.Distrito Central,1.Guatemala,0147,presidente
1973,,"{'UNE': 6, 'AZUL': 2, 'VALOR UNIONISTA': 17, 'CABAL': 12, 'TODOS': 0, 'VAMOS': 3, 'PHG': 0, 'PR': 2, 'PIN': 0, 'ELEFANTE': 0, 'VICTORIA': 0, 'SEMILLA': 15, 'FCN-NACION': 0, 'PPN': 0, 'UR': 0, 'URNG-MAIZ WINAQ': 1, 'CREO': 1, 'BIEN': 7, 'VIVA': 3, 'MI FAMILIA': 2, 'CAMBIO': 1, 'VOS': 8}",1,9,90,0,Algún campo sin dato,0.Distrito Central,1.Guatemala,0147,presidente
1974,,"{'UNE': 5, 'AZUL': 1, 'VALOR UNIONISTA': 17, 'CABAL': 8, 'TODOS': 1, 'VAMOS': 3, 'PHG': 0, 'PR': 0, 'PIN': 0, 'ELEFANTE': 0, 'VICTORIA': 0, 'SEMILLA': 20, 'FCN-NACION': 0, 'PPN': 0, 'UR': 1, 'URNG-MAIZ WINAQ': 1, 'CREO': 0, 'BIEN': 2, 'VIVA': 3, 'MI FAMILIA': 0, 'CAMBIO': 0, 'VOS': 5}",2,11,80,0,Algún campo sin dato,0.Distrito Central,1.Guatemala,0147,presidente
1975,,"{'UNE': 4, 'AZUL': 1, 'VALOR UNIONISTA': 9, 'CABAL': 4, 'TODOS': 0, 'VAMOS': 4, 'PHG': 0, 'PR': 2, 'PIN': 0, 'ELEFANTE': 1, 'VICTORIA': 2, 'SEMILLA': 14, 'FCN-NACION': 0, 'PPN': 0, 'UR': 2, 'URNG-MAIZ WINAQ': 1, 'CREO': 1, 'BIEN': 3, 'VIVA': 1, 'MI FAMILIA': 0, 'CAMBIO': 0, 'VOS': 2}",0,10,61,0,Algún campo sin dato,0.Distrito Central,1.Guatemala,0147,presidente
1976,,"{'UNE': 3, 'AZUL': 1, 'VALOR UNIONISTA': 13, 'CABAL': 6, 'TODOS': 2, 'VAMOS': 2, 'PHG': 0, 'PR': 0, 'PIN': 0, 'ELEFANTE': 2, 'VICTORIA': 2, 'SEMILLA': 15, 'FCN-NACION': 0, 'PPN': 0, 'UR': 1, 'URNG-MAIZ WINAQ': 3, 'CREO': 1, 'BIEN': 5, 'VIVA': 2, 'MI FAMILIA': 3, 'CAMBIO': 0, 'VOS': 4}",0,9,74,0,Algún campo sin dato,0.Distrito Central,1.Guatemala,0147,presidente
1977,,"{'UNE': 1, 'AZUL': 0, 'VALOR UNIONISTA': 15, 'CABAL': 9, 'TODOS': 0, 'VAMOS': 0, 'PHG': 0, 'PR': 3, 'PIN': 0, 'ELEFANTE': 1, 'VICTORIA': 1, 'SEMILLA': 15, 'FCN-NACION': 0, 'PPN': 0, 'UR': 0, 'URNG-MAIZ WINAQ': 1, 'CREO': 1, 'BIEN': 2, 'VIVA': 3, 'MI FAMILIA': 2, 'CAMBIO': 0, 'VOS': 3}",0,7,64,2,Algún campo sin dato,0.Distrito Central,1.Guatemala,0147,presidente
1978,,"{'UNE': 7, 'AZUL': 2, 'VALOR UNIONISTA': 10, 'CABAL': 7, 'TODOS': 1, 'VAMOS': 0, 'PHG': 0, 'PR': 0, 'PIN': 1, 'ELEFANTE': 2, 'VICTORIA': 0, 'SEMILLA': 11, 'FCN-NACION': 0, 'PPN': 0, 'UR': 1, 'URNG-MAIZ WINAQ': 1, 'CREO': 2, 'BIEN': 1, 'VIVA': 3, 'MI FAMILIA': 0, 'CAMBIO': 0, 'VOS': 8}",1,3,61,0,Algún campo sin dato,0.Distrito Central,1.Guatemala,0147,presidente
1979,,"{'UNE': 0, 'AZUL': 0, 'VALOR UNIONISTA': 0, 'CABAL': 3, 'TODOS': 0, 'VAMOS': 1, 'PHG': 0, 'PR': 0, 'PIN': 0, 'ELEFANTE': 0, 'VICTORIA': 2, 'SEMILLA': 26, 'FCN-NACION': 1, 'PPN': 0, 'UR': 1, 'URNG-MAIZ WINAQ': 0, 'CREO': 3, 'BIEN': 3, 'VIVA': 2, 'MI FAMILIA': 0, 'CAMBIO': 0, 'VOS': 4}",1,3,50,0,Sumas Asentadas sin cuadrar,0.Distrito Central,1.Guatemala,0147,presidente
1980,,"{'UNE': 4, 'AZUL': 2, 'VALOR UNIONISTA': 7, 'CABAL': 4, 'TODOS': 0, 'VAMOS': 0, 'PHG': 0, 'PR': 1, 'PIN': 0, 'ELEFANTE': 1, 'VICTORIA': 0, 'SEMILLA': 16, 'FCN-NACION': 0, 'PPN': 0, 'UR': 2, 'URNG-MAIZ WINAQ': 0, 'CREO': 4, 'BIEN': 2, 'VIVA': 0, 'MI FAMILIA': 0, 'CAMBIO': 0, 'VOS': 5}",1,2,51,1,Algún campo sin dato,0.Distrito Central,1.Guatemala,0148,presidente
1981,,"{'UNE': 4, 'AZUL': 3, 'VALOR UNIONISTA': 15, 'CABAL': 3, 'TODOS': 0, 'VAMOS': 2, 'PHG': 0, 'PR': 1, 'PIN': 0, 'ELEFANTE': 0, 'VICTORIA': 2, 'SEMILLA': 5, 'FCN-NACION': 0, 'PPN': 0, 'UR': 0, 'URNG-MAIZ WINAQ': 2, 'CREO': 0, 'BIEN': 4, 'VIVA': 3, 'MI FAMILIA': 1, 'CAMBIO': 0, 'VOS': 3}",0,9,57,0,Algún campo sin dato,0.Distrito Central,1.Guatemala,0148,presidente
1982,,"{'UNE': 3, 'AZUL': 1, 'VALOR UNIONISTA': 2, 'CABAL': 2, 'TODOS': 2, 'VAMOS': 0, 'PHG': 1, 'PR': 0, 'PIN': 0, 'ELEFANTE': 1, 'VICTORIA': 1, 'SEMILLA': 5, 'FCN-NACION': 1, 'PPN': 0, 'UR': 1, 'URNG-MAIZ WINAQ': 1, 'CREO': 4, 'BIEN': 2, 'VIVA': 0, 'MI FAMILIA': 0, 'CAMBIO': 1, 'VOS': 4}",0,8,40,0,Algún campo sin dato,0.Distrito Central,1.Guatemala,0148,presidente
1983,,"{'UNE': 3, 'AZUL': 0, 'VALOR UNIONISTA': 4, 'CABAL': 5, 'TODOS': 0, 'VAMOS': 2, 'PHG': 0, 'PR': 1, 'PIN': 0, 'ELEFANTE': 1, 'VICTORIA': 1, 'SEMILLA': 8, 'FCN-NACION': 0, 'PPN': 0, 'UR': 1, 'URNG-MAIZ WINAQ': 4, 'CREO': 0, 'BIEN': 2, 'VIVA': 1, 'MI FAMILIA': 1, 'CAMBIO': 0, 'VOS': 5}",0,0,39,0,Algún campo sin dato,0.Distrito Central,1.Guatemala,0148,presidente
1984,,"{'UNE': 6, 'AZUL': 0, 'VALOR UNIONISTA': 8, 'CABAL': 3, 'TODOS': 0, 'VAMOS': 0, 'PHG': 0, 'PR': 1, 'PIN': 0, 'ELEFANTE': 1, 'VICTORIA': 0, 'SEMILLA': 7, 'FCN-NACION': 1, 'PPN': 1, 'UR': 1, 'URNG-MAIZ WINAQ': 0, 'CREO': 0, 'BIEN': 2, 'VIVA': 2, 'MI FAMILIA': 2, 'CAMBIO': 0, 'VOS': 2}",0,9,46,0,Algún campo sin dato,0.Distrito Central,1.Guatemala,0148,presidente
1985,,"{'UNE': 3, 'AZUL': 0, 'VALOR UNIONISTA': 10, 'CABAL': 5, 'TODOS': 0, 'VAMOS': 0, 'PHG': 0, 'PR': 0, 'PIN': 0, 'ELEFANTE': 0, 'VICTORIA': 0, 'SEMILLA': 12, 'FCN-NACION': 0, 'PPN': 0, 'UR': 1, 'URNG-MAIZ WINAQ': 1, 'CREO': 2, 'BIEN': 1, 'VIVA': 1, 'MI FAMILIA': 2, 'CAMBIO': 0, 'VOS': 2}",1,13,54,0,Algún campo sin dato,0.Distrito Central,1.Guatemala,0149,presidente
1986,,"{'UNE': 2, 'AZUL': 1, 'VALOR UNIONISTA': 2, 'CABAL': 3, 'TODOS': 0, 'VAMOS': 1, 'PHG': 0, 'PR': 1, 'PIN': 0, 'ELEFANTE': 0, 'VICTORIA': 0, 'SEMILLA': 11, 'FCN-NACION': 0, 'PPN': 0, 'UR': 0, 'URNG-MAIZ WINAQ': 0, 'CREO': 0, 'BIEN': 0, 'VIVA': 2, 'MI FAMILIA': 1, 'CAMBIO': 0, 'VOS': 2}",0,6,32,0,Algún campo sin dato,0.Distrito Central,1.Guatemala,0149,presidente
1987,,"{'UNE': 3, 'AZUL': 0, 'VALOR UNIONISTA': 3, 'CABAL': 7, 'TODOS': 0, 'VAMOS': 2, 'PHG': 0, 'PR': 0, 'PIN': 0, 'ELEFANTE': 1, 'VICTORIA': 1, 'SEMILLA': 7, 'FCN-NACION': 0, 'PPN': 1, 'UR': 1, 'URNG-MAIZ WINAQ': 1, 'CREO': 0, 'BIEN': 2, 'VIVA': 3, 'MI FAMILIA': 0, 'CAMBIO': 0, 'VOS': 2}",0,5,39,0,Algún campo sin dato,0.Distrito Central,1.Guatemala,0149,presidente
1988,,"{'UNE': 2, 'AZUL': 0, 'VALOR UNIONISTA': 5, 'CABAL': 1, 'TODOS': 0, 'VAMOS': 0, 'PHG': 0, 'PR': 0, 'PIN': 0, 'ELEFANTE': 0, 'VICTORIA': 1, 'SEMILLA': 4, 'FCN-NACION': 0, 'PPN': 0, 'UR': 0, 'URNG-MAIZ WINAQ': 1, 'CREO': 0, 'BIEN': 1, 'VIVA': 2, 'MI FAMILIA': 1, 'CAMBIO': 0, 'VOS': 1}",0,2,21,0,Algún campo sin dato,0.Distrito Central,1.Guatemala,0149,presidente
1989,,"{'UNE': 1, 'AZUL': 1, 'VALOR UNIONISTA': 3, 'CABAL': 4, 'TODOS': 0, 'VAMOS': 0, 'PHG': 0, 'PR': 0, 'PIN': 0, 'ELEFANTE': 0, 'VICTORIA': 0, 'SEMILLA': 7, 'FCN-NACION': 0, 'PPN': 0, 'UR': 0, 'URNG-MAIZ WINAQ': 0, 'CREO': 2, 'BIEN': 1, 'VIVA': 0, 'MI FAMILIA': 1, 'CAMBIO': 0, 'VOS': 0}",0,5,25,0,Algún campo sin dato,0.Distrito Central,1.Guatemala,0149,presidente
1990,,"{'UNE': 3, 'AZUL': 0, 'VALOR UNIONISTA': 5, 'CABAL': 0, 'TODOS': 0, 'VAMOS': 1, 'PHG': 0, 'PR': 0, 'PIN': 0, 'ELEFANTE': 1, 'VICTORIA': 1, 'SEMILLA': 7, 'FCN-NACION': 0, 'PPN': 0, 'UR': 0, 'URNG-MAIZ WINAQ': 1, 'CREO': 0, 'BIEN': 2, 'VIVA': 3, 'MI FAMILIA': 1, 'CAMBIO': 0, 'VOS': 2}",0,6,33,0,Algún campo sin dato,0.Distrito Central,1.Guatemala,0149,presidente
1991,,"{'UNE': 5, 'AZUL': 0, 'VALOR UNIONISTA': 4, 'CABAL': 1, 'TODOS': 0, 'VAMOS': 0, 'PHG': 0, 'PR': 1, 'PIN': 0, 'ELEFANTE': 0, 'VICTORIA': 0, 'SEMILLA': 3, 'FCN-NACION': 0, 'PPN': 1, 'UR': 0, 'URNG-MAIZ WINAQ': 0, 'CREO': 0, 'BIEN': 1, 'VIVA': 0, 'MI FAMILIA': 0, 'CAMBIO': 0, 'VOS': 3}",0,3,22,0,Algún campo sin dato,0.Distrito Central,1.Guatemala,0149,presidente
1992,,"{'UNE': 2, 'AZUL': 1, 'VALOR UNIONISTA': 3, 'CABAL': 2, 'TODOS': 0, 'VAMOS': 0, 'PHG': 0, 'PR': 0, 'PIN': 0, 'ELEFANTE': 0, 'VICTORIA': 0, 'SEMILLA': 3, 'FCN-NACION': 0, 'PPN': 0, 'UR': 1, 'URNG-MAIZ WINAQ': 0, 'CREO': 0, 'BIEN': 0, 'VIVA': 1, 'MI FAMILIA': 0, 'CAMBIO': 0, 'VOS': 2}",0,0,15,0,Algún campo sin dato,0.Distrito Central,1.Guatemala,0149,presidente
1993,,"{'UNE': 2, 'AZUL': 0, 'VALOR UNIONISTA': 5, 'CABAL': 2, 'TODOS': 0, 'VAMOS': 1, 'PHG': 0, 'PR': 0, 'PIN': 0, 'ELEFANTE': 0, 'VICTORIA': 0, 'SEMILLA': 3, 'FCN-NACION': 0, 'PPN': 0, 'UR': 0, 'URNG-MAIZ WINAQ': 0, 'CREO': 1, 'BIEN': 0, 'VIVA': 1, 'MI FAMILIA': 0, 'CAMBIO': 0, 'VOS': 1}",0,7,23,0,Algún campo sin dato,0.Distrito Central,1.Guatemala,0149,presidente
1994,,"{'UNE': 0, 'AZUL': 0, 'VALOR UNIONISTA': 3, 'CABAL': 0, 'TODOS': 0, 'VAMOS': 0, 'PHG': 0, 'PR': 1, 'PIN': 0, 'ELEFANTE': 0, 'VICTORIA': 0, 'SEMILLA': 1, 'FCN-NACION': 0, 'PPN': 0, 'UR': 0, 'URNG-MAIZ WINAQ': 0, 'CREO': 0, 'BIEN': 2, 'VIVA': 0, 'MI FAMILIA': 0, 'CAMBIO': 0, 'VOS': 2}",0,2,11,0,Algún campo sin dato,0.Distrito Central,1.Guatemala,0149,presidente
1995,,"{'UNE': 1, 'AZUL': 0, 'VALOR UNIONISTA': 7, 'CABAL': 2, 'TODOS': 0, 'VAMOS': 0, 'PHG': 0, 'PR': 0, 'PIN': 0, 'ELEFANTE': 0, 'VICTORIA': 0, 'SEMILLA': 7, 'FCN-NACION': 0, 'PPN': 0, 'UR': 0, 'URNG-MAIZ WINAQ': 0, 'CREO': 0, 'BIEN': 0, 'VIVA': 1, 'MI FAMILIA': 0, 'CAMBIO': 0, 'VOS': 1}",0,4,23,0,Algún campo sin dato,0.Distrito Central,1.Guatemala,0150,presidente
1996,,"{'UNE': 1, 'AZUL': 0, 'VALOR UNIONISTA': 1, 'CABAL': 4, 'TODOS': 0, 'VAMOS': 1, 'PHG': 0, 'PR': 0, 'PIN': 0, 'ELEFANTE': 0, 'VICTORIA': 0, 'SEMILLA': 3, 'FCN-NACION': 0, 'PPN': 0, 'UR': 0, 'URNG-MAIZ WINAQ': 2, 'CREO': 0, 'BIEN': 3, 'VIVA': 1, 'MI FAMILIA': 0, 'CAMBIO': 0, 'VOS': 1}",0,0,17,0,Algún campo sin dato,0.Distrito Central,1.Guatemala,0150,presidente
1997,,"{'UNE': 1, 'AZUL': 1, 'VALOR UNIONISTA': 3, 'CABAL': 1, 'TODOS': 0, 'VAMOS': 0, 'PHG': 0, 'PR': 0, 'PIN': 0, 'ELEFANTE': 0, 'VICTORIA': 0, 'SEMILLA': 2, 'FCN-NACION': 0, 'PPN': 0, 'UR': 0, 'URNG-MAIZ WINAQ': 0, 'CREO': 0, 'BIEN': 1, 'VIVA': 0, 'MI FAMILIA': 0, 'CAMBIO': 0, 'VOS': 1}",0,2,12,0,Algún campo sin dato,0.Distrito Central,1.Guatemala,0150,presidente
1998,,"{'UNE': 0, 'AZUL': 1, 'VALOR UNIONISTA': 4, 'CABAL': 1, 'TODOS': 0, 'VAMOS': 0, 'PHG': 0, 'PR': 0, 'PIN': 0, 'ELEFANTE': 0, 'VICTORIA': 1, 'SEMILLA': 1, 'FCN-NACION': 0, 'PPN': 0, 'UR': 0, 'URNG-MAIZ WINAQ': 0, 'CREO': 0, 'BIEN': 3, 'VIVA': 0, 'MI FAMILIA': 0, 'CAMBIO': 0, 'VOS': 1}",0,2,14,0,Algún campo sin dato,0.Distrito Central,1.Guatemala,0150,presidente
1999,,"{'UNE': 0, 'AZUL': 0, 'VALOR UNIONISTA': 3, 'CABAL': 3, 'TODOS': 0, 'VAMOS': 0, 'PHG': 0, 'PR': 1, 'PIN': 0, 'ELEFANTE': 0, 'VICTORIA': 0, 'SEMILLA': 0, 'FCN-NACION': 0, 'PPN': 0, 'UR': 0, 'URNG-MAIZ WINAQ': 0, 'CREO': 1, 'BIEN': 0, 'VIVA': 1, 'MI FAMILIA': 0, 'CAMBIO': 0, 'VOS': 4}",0,2,15,0,Algún campo sin dato,0.Distrito Central,1.Guatemala,0150,presidente
2000,,"{'UNE': 1, 'AZUL': 0, 'VALOR UNIONISTA': 1, 'CABAL': 1, 'TODOS': 0, 'VAMOS': 1, 'PHG': 0, 'PR': 0, 'PIN': 0, 'ELEFANTE': 0, 'VICTORIA': 0, 'SEMILLA': 4, 'FCN-NACION': 0, 'PPN': 0, 'UR': 1, 'URNG-MAIZ WINAQ': 1, 'CREO': 1, 'BIEN': 0, 'VIVA': 1, 'MI FAMILIA': 0, 'CAMBIO': 0, 'VOS': 2}",0,1,15,0,Algún campo sin dato,0.Distrito Central,1.Guatemala,0150,presidente
2001,,"{'UNE': 1, 'AZUL': 0, 'VALOR UNIONISTA': 1, 'CABAL': 4, 'TODOS': 0, 'VAMOS': 0, 'PHG': 0, 'PR': 0, 'PIN': 0, 'ELEFANTE': 0, 'VICTORIA': 1, 'SEMILLA': 2, 'FCN-NACION': 0, 'PPN': 0, 'UR': 1, 'URNG-MAIZ WINAQ': 0, 'CREO': 1, 'BIEN': 0, 'VIVA': 0, 'MI FAMILIA': 0, 'CAMBIO': 0, 'VOS': 1}",0,3,15,0,Algún campo sin dato,0.Distrito Central,1.Guatemala,0150,presidente
2002,,"{'UNE': 0, 'AZUL': 1, 'VALOR UNIONISTA': 4, 'CABAL': 1, 'TODOS': 0, 'VAMOS': 0, 'PHG': 0, 'PR': 2, 'PIN': 0, 'ELEFANTE': 0, 'VICTORIA': 0, 'SEMILLA': 1, 'FCN-NACION': 0, 'PPN': 0, 'UR': 0, 'URNG-MAIZ WINAQ': 0, 'CREO': 0, 'BIEN': 1, 'VIVA': 0, 'MI FAMILIA': 0, 'CAMBIO': 0, 'VOS': 0}",0,2,12,0,Algún campo sin dato,0.Distrito Central,1.Guatemala,0150,presidente
2003,,"{'UNE': 2, 'AZUL': 0, 'VALOR UNIONISTA': 4, 'CABAL': 1, 'TODOS': 1, 'VAMOS': 1, 'PHG': 0, 'PR': 1, 'PIN': 0, 'ELEFANTE': 0, 'VICTORIA': 0, 'SEMILLA': 2, 'FCN-NACION': 0, 'PPN': 0, 'UR': 0, 'URNG-MAIZ WINAQ': 1, 'CREO': 0, 'BIEN': 0, 'VIVA': 1, 'MI FAMILIA': 0, 'CAMBIO': 0, 'VOS': 1}",0,2,17,0,Algún campo sin dato,0.Distrito Central,1.Guatemala,0150,presidente
2004,,"{'UNE': 2, 'AZUL': 0, 'VALOR UNIONISTA': 4, 'CABAL': 1, 'TODOS': 0, 'VAMOS': 1, 'PHG': 0, 'PR': 0, 'PIN': 0, 'ELEFANTE': 0, 'VICTORIA': 0, 'SEMILLA': 1, 'FCN-NACION': 0, 'PPN': 0, 'UR': 0, 'URNG-MAIZ WINAQ': 0, 'CREO': 1, 'BIEN': 0, 'VIVA': 0, 'MI FAMILIA': 0, 'CAMBIO': 0, 'VOS': 1}",0,1,12,0,Algún campo sin dato,0.Distrito Central,1.Guatemala,0151,presidente
2005,,"{'UNE': 1, 'AZUL': 0, 'VALOR UNIONISTA': 1, 'CABAL': 1, 'TODOS': 0, 'VAMOS': 0, 'PHG': 0, 'PR': 0, 'PIN': 0, 'ELEFANTE': 0, 'VICTORIA': 1, 'SEMILLA': 3, 'FCN-NACION': 0, 'PPN': 0, 'UR': 0, 'URNG-MAIZ WINAQ': 0, 'CREO': 2, 'BIEN': 0, 'VIVA': 1, 'MI FAMILIA': 1, 'CAMBIO': 0, 'VOS': 5}",0,4,20,0,Algún campo sin dato,0.Distrito Central,1.Guatemala,0151,presidente
2006,,"{'UNE': 1, 'AZUL': 1, 'VALOR UNIONISTA': 4, 'CABAL': 3, 'TODOS': 0, 'VAMOS': 0, 'PHG': 0, 'PR': 0, 'PIN': 0, 'ELEFANTE': 0, 'VICTORIA': 0, 'SEMILLA': 5, 'FCN-NACION': 1, 'PPN': 0, 'UR': 0, 'URNG-MAIZ WINAQ': 0, 'CREO': 0, 'BIEN': 0, 'VIVA': 0, 'MI FAMILIA': 0, 'CAMBIO': 0, 'VOS': 1}",0,0,16,0,Algún campo sin dato,0.Distrito Central,1.Guatemala,0151,presidente
2007,,"{'UNE': 1, 'AZUL': 0, 'VALOR UNIONISTA': 4, 'CABAL': 2, 'TODOS': 0, 'VAMOS': 0, 'PHG': 0, 'PR': 0, 'PIN': 0, 'ELEFANTE': 0, 'VICTORIA': 0, 'SEMILLA': 2, 'FCN-NACION': 0, 'PPN': 1, 'UR': 1, 'URNG-MAIZ WINAQ': 0, 'CREO': 3, 'BIEN': 0, 'VIVA': 1, 'MI FAMILIA': 1, 'CAMBIO': 0, 'VOS': 1}",0,0,17,0,Algún campo sin dato,0.Distrito Central,1.Guatemala,0151,presidente
2008,,"{'UNE': 0, 'AZUL': 0, 'VALOR UNIONISTA': 5, 'CABAL': 1, 'TODOS': 0, 'VAMOS': 0, 'PHG': 0, 'PR': 0, 'PIN': 0, 'ELEFANTE': 0, 'VICTORIA': 0, 'SEMILLA': 5, 'FCN-NACION': 0, 'PPN': 0, 'UR': 0, 'URNG-MAIZ WINAQ': 0, 'CREO': 1, 'BIEN': 2, 'VIVA': 1, 'MI FAMILIA': 0, 'CAMBIO': 0, 'VOS': 0}",0,1,16,0,Algún campo sin dato,0.Distrito Central,1.Guatemala,0151,presidente
2009,,"{'UNE': 1, 'AZUL': 0, 'VALOR UNIONISTA': 5, 'CABAL': 2, 'TODOS': 0, 'VAMOS': 0, 'PHG': 0, 'PR': 0, 'PIN': 0, 'ELEFANTE': 0, 'VICTORIA': 0, 'SEMILLA': 4, 'FCN-NACION': 0, 'PPN': 0, 'UR': 0, 'URNG-MAIZ WINAQ': 0, 'CREO': 1, 'BIEN': 0, 'VIVA': 0, 'MI FAMILIA': 1, 'CAMBIO': 0, 'VOS': 2}",0,0,16,0,Algún campo sin dato,0.Distrito Central,1.Guatemala,0151,presidente
2010,,"{'UNE': 1, 'AZUL': 0, 'VALOR UNIONISTA': 4, 'CABAL': 0, 'TODOS': 0, 'VAMOS': 0, 'PHG': 0, 'PR': 0, 'PIN': 0, 'ELEFANTE': 0, 'VICTORIA': 0, 'SEMILLA': 2, 'FCN-NACION': 0, 'PPN': 0, 'UR': 0, 'URNG-MAIZ WINAQ': 0, 'CREO': 0, 'BIEN': 1, 'VIVA': 2, 'MI FAMILIA': 0, 'CAMBIO': 0, 'VOS': 0}",0,2,12,0,,0.Distrito Central,1.Guatemala,0151,presidente
2011,,"{'UNE': 0, 'AZUL': 0, 'VALOR UNIONISTA': 5, 'CABAL': 1, 'TODOS': 0, 'VAMOS': 0, 'PHG': 0, 'PR': 0, 'PIN': 0, 'ELEFANTE': 0, 'VICTORIA': 0, 'SEMILLA': 2, 'FCN-NACION': 0, 'PPN': 0, 'UR': 0, 'URNG-MAIZ WINAQ': 1, 'CREO': 0, 'BIEN': 1, 'VIVA': 0, 'MI FAMILIA': 0, 'CAMBIO': 0, 'VOS': 1}",0,1,12,0,Algún campo sin dato,0.Distrito Central,1.Guatemala,0151,presidente
2012,,"{'UNE': 1, 'AZUL': 0, 'VALOR UNIONISTA': 1, 'CABAL': 0, 'TODOS': 0, 'VAMOS': 0, 'PHG': 0, 'PR': 0, 'PIN': 0, 'ELEFANTE': 0, 'VICTORIA': 2, 'SEMILLA': 4, 'FCN-NACION': 0, 'PPN': 0, 'UR': 1, 'URNG-MAIZ WINAQ': 0, 'CREO': 0, 'BIEN': 0, 'VIVA': 0, 'MI FAMILIA': 0, 'CAMBIO': 0, 'VOS': 2}",0,0,11,0,Algún campo sin dato,0.Distrito Central,1.Guatemala,0151,presidente
2013,,"{'UNE': 0, 'AZUL': 0, 'VALOR UNIONISTA': 2, 'CABAL': 0, 'TODOS': 0, 'VAMOS': 0, 'PHG': 0, 'PR': 0, 'PIN': 0, 'ELEFANTE': 0, 'VICTORIA': 0, 'SEMILLA': 3, 'FCN-NACION': 0, 'PPN': 0, 'UR': 0, 'URNG-MAIZ WINAQ': 0, 'CREO': 0, 'BIEN': 0, 'VIVA': 0, 'MI FAMILIA': 0, 'CAMBIO': 0, 'VOS': 2}",0,0,7,0,Algún campo sin dato,0.Distrito Central,1.Guatemala,0151,presidente
2014,,"{'UNE': 2, 'AZUL': 1, 'VALOR UNIONISTA': 3, 'CABAL': 1, 'TODOS': 0, 'VAMOS': 0, 'PHG': 0, 'PR': 0, 'PIN': 0, 'ELEFANTE': 0, 'VICTORIA': 0, 'SEMILLA': 5, 'FCN-NACION': 0, 'PPN': 0, 'UR': 0, 'URNG-MAIZ WINAQ': 1, 'CREO': 0, 'BIEN': 0, 'VIVA': 2, 'MI FAMILIA': 0, 'CAMBIO': 0, 'VOS': 0}",0,3,18,0,Algún campo sin dato,0.Distrito Central,1.Guatemala,0152,presidente
2015,,"{'UNE': 1, 'AZUL': 1, 'VALOR UNIONISTA': 1, 'CABAL': 0, 'TODOS': 0, 'VAMOS': 0, 'PHG': 0, 'PR': 0, 'PIN': 0, 'ELEFANTE': 0, 'VICTORIA': 0, 'SEMILLA': 7, 'FCN-NACION': 0, 'PPN': 0, 'UR': 1, 'URNG-MAIZ WINAQ': 0, 'CREO': 0, 'BIEN': 2, 'VIVA': 0, 'MI FAMILIA': 1, 'CAMBIO': 0, 'VOS': 0}",0,1,15,0,Algún campo sin dato,0.Distrito Central,1.Guatemala,0152,presidente
2016,,"{'UNE': 1, 'AZUL': 0, 'VALOR UNIONISTA': 2, 'CABAL': 2, 'TODOS': 0, 'VAMOS': 1, 'PHG': 0, 'PR': 0, 'PIN': 0, 'ELEFANTE': 0, 'VICTORIA': 0, 'SEMILLA': 3, 'FCN-NACION': 0, 'PPN': 0, 'UR': 0, 'URNG-MAIZ WINAQ': 0, 'CREO': 2, 'BIEN': 1, 'VIVA': 0, 'MI FAMILIA': 1, 'CAMBIO': 0, 'VOS': 4}",1,1,19,0,Algún campo sin dato,0.Distrito Central,1.Guatemala,0152,presidente
2017,,"{'UNE': 0, 'AZUL': 0, 'VALOR UNIONISTA': 0, 'CABAL': 1, 'TODOS': 0, 'VAMOS': 0, 'PHG': 0, 'PR': 0, 'PIN': 0, 'ELEFANTE': 0, 'VICTORIA': 1, 'SEMILLA': 4, 'FCN-NACION': 0, 'PPN': 0, 'UR': 0, 'URNG-MAIZ WINAQ': 0, 'CREO': 1, 'BIEN': 2, 'VIVA': 0, 'MI FAMILIA': 1, 'CAMBIO': 0, 'VOS': 2}",0,1,13,0,Algún campo sin dato,0.Distrito Central,1.Guatemala,0152,presidente
2018,,"{'UNE': 0, 'AZUL': 0, 'VALOR UNIONISTA': 1, 'CABAL': 4, 'TODOS': 0, 'VAMOS': 1, 'PHG': 11, 'PR': 0, 'PIN': 1, 'ELEFANTE': 0, 'VICTORIA': 0, 'SEMILLA': 1, 'FCN-NACION': 0, 'PPN': 0, 'UR': 0, 'URNG-MAIZ WINAQ': 0, 'CREO': 0, 'BIEN': 2, 'VIVA': 2, 'MI FAMILIA': 0, 'CAMBIO': 0, 'VOS': 1}",0,1,25,0,Sumas Asentadas sin cuadrar,0.Distrito Central,1.Guatemala,0152,presidente
2019,,"{'UNE': 6, 'AZUL': 1, 'VALOR UNIONISTA': 0, 'CABAL': 0, 'TODOS': 0, 'VAMOS': 0, 'PHG': 0, 'PR': 1, 'PIN': 0, 'ELEFANTE': 0, 'VICTORIA': 1, 'SEMILLA': 5, 'FCN-NACION': 0, 'PPN': 0, 'UR': 1, 'URNG-MAIZ WINAQ': 0, 'CREO': 0, 'BIEN': 0, 'VIVA': 0, 'MI FAMILIA': 0, 'CAMBIO': 0, 'VOS': 0}",0,1,16,0,,0.Distrito Central,1.Guatemala,0152,presidente
2020,,"{'UNE': 1, 'AZUL': 0, 'VALOR UNIONISTA': 1, 'CABAL': 3, 'TODOS': 1, 'VAMOS': 0, 'PHG': 0, 'PR': 0, 'PIN': 1, 'ELEFANTE': 0, 'VICTORIA': 0, 'SEMILLA': 0, 'FCN-NACION': 0, 'PPN': 0, 'UR': 0, 'URNG-MAIZ WINAQ': 0, 'CREO': 0, 'BIEN': 1, 'VIVA': 0, 'MI FAMILIA': 1, 'CAMBIO': 0, 'VOS': 0}",0,1,10,0,Algún campo sin dato,0.Distrito Central,1.Guatemala,0152,presidente
2021,,"{'UNE': 1, 'AZUL': 0, 'VALOR UNIONISTA': 2, 'CABAL': 2, 'TODOS': 0, 'VAMOS': 0, 'PHG': 0, 'PR': 0, 'PIN': 0, 'ELEFANTE': 0, 'VICTORIA': 0, 'SEMILLA': 4, 'FCN-NACION': 0, 'PPN': 0, 'UR': 0, 'URNG-MAIZ WINAQ': 0, 'CREO': 0, 'BIEN': 1, 'VIVA': 0, 'MI FAMILIA': 0, 'CAMBIO': 0, 'VOS': 0}",0,2,12,0,Algún campo sin dato,0.Distrito Central,1.Guatemala,0152,presidente
2022,,"{'UNE': 0, 'AZUL': 0, 'VALOR UNIONISTA': 2, 'CABAL': 2, 'TODOS': 0, 'VAMOS': 0, 'PHG': 0, 'PR': 2, 'PIN': 0, 'ELEFANTE': 0, 'VICTORIA': 0, 'SEMILLA': 6, 'FCN-NACION': 0, 'PPN': 0, 'UR': 0, 'URNG-MAIZ WINAQ': 0, 'CREO': 1, 'BIEN': 1, 'VIVA': 0, 'MI FAMILIA': 1, 'CAMBIO': 0, 'VOS': 2}",0,2,19,0,Algún campo sin dato,0.Distrito Central,1.Guatemala,0152,presidente
2023,,"{'UNE': 3, 'AZUL': 0, 'VALOR UNIONISTA': 4, 'CABAL': 1, 'TODOS': 0, 'VAMOS': 0, 'PHG': 0, 'PR': 0, 'PIN': 0, 'ELEFANTE': 0, 'VICTORIA': 0, 'SEMILLA': 2, 'FCN-NACION': 0, 'PPN': 0, 'UR': 0, 'URNG-MAIZ WINAQ': 0, 'CREO': 0, 'BIEN': 0, 'VIVA': 2, 'MI FAMILIA': 0, 'CAMBIO': 0, 'VOS': 1}",0,3,16,0,Algún campo sin dato,0.Distrito Central,1.Guatemala,0152,presidente
