mesa,acta_url,partidos,votos_blanco,votos_nulos,votos_total,votos_invalidos,observaciones,departamento,municipio,centro,tipo
18613,,"{'UNE': 21, 'AZUL': 5, 'VALOR UNIONISTA': 19, 'CABAL': 16, 'TODOS': 0, 'VAMOS': 12, 'PHG': 3, 'PR': 4, 'PIN': 0, 'ELEFANTE': 0, 'VICTORIA': 26, 'SEMILLA': 36, 'FCN-NACION': 2, 'PPN': 5, 'UR': 1, 'URNG-MAIZ WINAQ': 8, 'CREO': 2, 'BIEN': 12, 'VIVA': 19, 'MI FAMILIA': 4, 'CAMBIO': 2, 'VOS': 23}",3,50,273,1,Algún campo sin dato,16.Alta Verapaz,1.Cobán,2872,presidente
18614,,"{'UNE': 25, 'AZUL': 4, 'VALOR UNIONISTA': 18, 'CABAL': 21, 'TODOS': 1, 'VAMOS': 16, 'PHG': 2, 'PR': 2, 'PIN': 0, 'ELEFANTE': 3, 'VICTORIA': 21, 'SEMILLA': 38, 'FCN-NACION': 1, 'PPN': 7, 'UR': 2, 'URNG-MAIZ WINAQ': 5, 'CREO': 0, 'BIEN': 10, 'VIVA': 9, 'MI FAMILIA': 9, 'CAMBIO': 0, 'VOS': 15}",4,57,270,0,Algún campo sin dato,16.Alta Verapaz,1.Cobán,2872,presidente
18615,,"{'UNE': 18, 'AZUL': 3, 'VALOR UNIONISTA': 20, 'CABAL': 15, 'TODOS': 2, 'VAMOS': 15, 'PHG': 2, 'PR': 3, 'PIN': 0, 'ELEFANTE': 0, 'VICTORIA': 29, 'SEMILLA': 42, 'FCN-NACION': 0, 'PPN': 6, 'UR': 2, 'URNG-MAIZ WINAQ': 9, 'CREO': 2, 'BIEN': 8, 'VIVA': 12, 'MI FAMILIA': 9, 'CAMBIO': 0, 'VOS': 24}",6,62,289,0,Algún campo sin dato,16.Alta Verapaz,1.Cobán,2872,presidente
18616,,"{'UNE': 20, 'AZUL': 5, 'VALOR UNIONISTA': 33, 'CABAL': 27, 'TODOS': 0, 'VAMOS': 22, 'PHG': 2, 'PR': 5, 'PIN': 0, 'ELEFANTE': 7, 'VICTORIA': 18, 'SEMILLA': 49, 'FCN-NACION': 2, 'PPN': 6, 'UR': 1, 'URNG-MAIZ WINAQ': 3, 'CREO': 2, 'BIEN': 14, 'VIVA': 14, 'MI FAMILIA': 2, 'CAMBIO': 0, 'VOS': 19}",1,51,303,0,Algún campo sin dato,16.Alta Verapaz,1.Cobán,2872,presidente
18617,,"{'UNE': 16, 'AZUL': 8, 'VALOR UNIONISTA': 25, 'CABAL': 21, 'TODOS': 1, 'VAMOS': 12, 'PHG': 0, 'PR': 3, 'PIN': 1, 'ELEFANTE': 2, 'VICTORIA': 19, 'SEMILLA': 51, 'FCN-NACION': 2, 'PPN': 0, 'UR': 3, 'URNG-MAIZ WINAQ': 10, 'CREO': 5, 'BIEN': 8, 'VIVA': 13, 'MI FAMILIA': 3, 'CAMBIO': 1, 'VOS': 27}",9,42,282,0,Sumas Asentadas sin cuadrar,16.Alta Verapaz,1.Cobán,2872,presidente
18618,,"{'UNE': 16, 'AZUL': 0, 'VALOR UNIONISTA': 28, 'CABAL': 24, 'TODOS': 0, 'VAMOS': 18, 'PHG': 2, 'PR': 3, 'PIN': 0, 'ELEFANTE': 1, 'VICTORIA': 18, 'SEMILLA': 37, 'FCN-NACION': 1, 'PPN': 7, 'UR': 1, 'URNG-MAIZ WINAQ': 10, 'CREO': 2, 'BIEN': 10, 'VIVA': 21, 'MI FAMILIA': 5, 'CAMBIO': 0, 'VOS': 22}",4,47,277,0,,16.Alta Verapaz,1.Cobán,2872,presidente
18619,,"{'UNE': 16, 'AZUL': 5, 'VALOR UNIONISTA': 20, 'CABAL': 19, 'TODOS': 3, 'VAMOS': 12, 'PHG': 1, 'PR': 2, 'PIN': 2, 'ELEFANTE': 1, 'VICTORIA': 14, 'SEMILLA': 49, 'FCN-NACION': 1, 'PPN': 6, 'UR': 2, 'URNG-MAIZ WINAQ': 9, 'CREO': 1, 'BIEN': 15, 'VIVA': 18, 'MI FAMILIA': 1, 'CAMBIO': 2, 'VOS': 23}",10,52,284,0,Algún campo sin dato,16.Alta Verapaz,1.Cobán,2872,presidente
18620,,"{'UNE': 16, 'AZUL': 3, 'VALOR UNIONISTA': 33, 'CABAL': 13, 'TODOS': 0, 'VAMOS': 17, 'PHG': 3, 'PR': 5, 'PIN': 0, 'ELEFANTE': 8, 'VICTORIA': 9, 'SEMILLA': 46, 'FCN-NACION': 1, 'PPN': 5, 'UR': 3, 'URNG-MAIZ WINAQ': 5, 'CREO': 3, 'BIEN': 19, 'VIVA': 12, 'MI FAMILIA': 7, 'CAMBIO': 1, 'VOS': 26}",0,61,296,0,Algún campo sin dato,16.Alta Verapaz,1.Cobán,2872,presidente
18621,,"{'UNE': 10, 'AZUL': 5, 'VALOR UNIONISTA': 32, 'CABAL': 11, 'TODOS': 0, 'VAMOS': 14, 'PHG': 0, 'PR': 3, 'PIN': 0, 'ELEFANTE': 0, 'VICTORIA': 16, 'SEMILLA': 46, 'FCN-NACION': 1, 'PPN': 6, 'UR': 2, 'URNG-MAIZ WINAQ': 6, 'CREO': 3, 'BIEN': 13, 'VIVA': 16, 'MI FAMILIA': 6, 'CAMBIO': 1, 'VOS': 28}",4,50,273,0,Algún campo sin dato,16.Alta Verapaz,1.Cobán,2872,presidente
18622,,"{'UNE': 20, 'AZUL': 7, 'VALOR UNIONISTA': 30, 'CABAL': 19, 'TODOS': 0, 'VAMOS': 16, 'PHG': 4, 'PR': 5, 'PIN': 2, 'ELEFANTE': 1, 'VICTORIA': 8, 'SEMILLA': 60, 'FCN-NACION': 3, 'PPN': 6, 'UR': 1, 'URNG-MAIZ WINAQ': 11, 'CREO': 6, 'BIEN': 15, 'VIVA': 10, 'MI FAMILIA': 10, 'CAMBIO': 1, 'VOS': 27}",1,51,314,0,Algún campo sin dato,16.Alta Verapaz,1.Cobán,2872,presidente
18623,,"{'UNE': 18, 'AZUL': 4, 'VALOR UNIONISTA': 28, 'CABAL': 21, 'TODOS': 2, 'VAMOS': 15, 'PHG': 1, 'PR': 7, 'PIN': 0, 'ELEFANTE': 2, 'VICTORIA': 18, 'SEMILLA': 31, 'FCN-NACION': 1, 'PPN': 2, 'UR': 1, 'URNG-MAIZ WINAQ': 14, 'CREO': 2, 'BIEN': 13, 'VIVA': 19, 'MI FAMILIA': 2, 'CAMBIO': 1, 'VOS': 27}",5,49,283,0,Algún campo sin dato,16.Alta Verapaz,1.Cobán,2872,presidente
18624,,"{'UNE': 17, 'AZUL': 1, 'VALOR UNIONISTA': 19, 'CABAL': 22, 'TODOS': 0, 'VAMOS': 16, 'PHG': 3, 'PR': 8, 'PIN': 0, 'ELEFANTE': 1, 'VICTORIA': 17, 'SEMILLA': 41, 'FCN-NACION': 1, 'PPN': 3, 'UR': 3, 'URNG-MAIZ WINAQ': 6, 'CREO': 4, 'BIEN': 14, 'VIVA': 18, 'MI FAMILIA': 5, 'CAMBIO': 1, 'VOS': 12}",6,64,282,0,,16.Alta Verapaz,1.Cobán,2872,presidente
18625,,"{'UNE': 15, 'AZUL': 7, 'VALOR UNIONISTA': 28, 'CABAL': 27, 'TODOS': 2, 'VAMOS': 21, 'PHG': 2, 'PR': 3, 'PIN': 1, 'ELEFANTE': 1, 'VICTORIA': 22, 'SEMILLA': 30, 'FCN-NACION': 0, 'PPN': 3, 'UR': 1, 'URNG-MAIZ WINAQ': 13, 'CREO': 2, 'BIEN': 17, 'VIVA': 9, 'MI FAMILIA': 7, 'CAMBIO': 0, 'VOS': 36}",4,48,299,0,Algún campo sin dato,16.Alta Verapaz,1.Cobán,2873,presidente
18626,,"{'UNE': 15, 'AZUL': 6, 'VALOR UNIONISTA': 26, 'CABAL': 18, 'TODOS': 0, 'VAMOS': 28, 'PHG': 1, 'PR': 6, 'PIN': 1, 'ELEFANTE': 1, 'VICTORIA': 18, 'SEMILLA': 46, 'FCN-NACION': 3, 'PPN': 8, 'UR': 0, 'URNG-MAIZ WINAQ': 8, 'CREO': 3, 'BIEN': 15, 'VIVA': 10, 'MI FAMILIA': 8, 'CAMBIO': 1, 'VOS': 32}",3,52,309,0,Algún campo sin dato,16.Alta Verapaz,1.Cobán,2873,presidente
18627,,"{'UNE': 17, 'AZUL': 2, 'VALOR UNIONISTA': 25, 'CABAL': 25, 'TODOS': 2, 'VAMOS': 19, 'PHG': 0, 'PR': 4, 'PIN': 0, 'ELEFANTE': 2, 'VICTORIA': 15, 'SEMILLA': 55, 'FCN-NACION': 3, 'PPN': 8, 'UR': 2, 'URNG-MAIZ WINAQ': 3, 'CREO': 0, 'BIEN': 10, 'VIVA': 24, 'MI FAMILIA': 3, 'CAMBIO': 0, 'VOS': 30}",4,51,304,0,Algún campo sin dato,16.Alta Verapaz,1.Cobán,2873,presidente
18628,,"{'UNE': 25, 'AZUL': 1, 'VALOR UNIONISTA': 24, 'CABAL': 17, 'TODOS': 1, 'VAMOS': 10, 'PHG': 3, 'PR': 6, 'PIN': 0, 'ELEFANTE': 0, 'VICTORIA': 16, 'SEMILLA': 47, 'FCN-NACION': 2, 'PPN': 5, 'UR': 0, 'URNG-MAIZ WINAQ': 4, 'CREO': 1, 'BIEN': 15, 'VIVA': 5, 'MI FAMILIA': 5, 'CAMBIO': 0, 'VOS': 25}",5,48,265,0,Algún campo sin dato,16.Alta Verapaz,1.Cobán,2873,presidente
18629,,"{'UNE': 6, 'AZUL': 4, 'VALOR UNIONISTA': 18, 'CABAL': 15, 'TODOS': 1, 'VAMOS': 5, 'PHG': 2, 'PR': 3, 'PIN': 0, 'ELEFANTE': 4, 'VICTORIA': 20, 'SEMILLA': 54, 'FCN-NACION': 0, 'PPN': 3, 'UR': 2, 'URNG-MAIZ WINAQ': 3, 'CREO': 2, 'BIEN': 11, 'VIVA': 18, 'MI FAMILIA': 4, 'CAMBIO': 0, 'VOS': 38}",2,29,244,0,Algún campo sin dato,16.Alta Verapaz,1.Cobán,2873,presidente
18630,,"{'UNE': 17, 'AZUL': 4, 'VALOR UNIONISTA': 10, 'CABAL': 14, 'TODOS': 3, 'VAMOS': 17, 'PHG': 1, 'PR': 0, 'PIN': 0, 'ELEFANTE': 1, 'VICTORIA': 11, 'SEMILLA': 63, 'FCN-NACION': 0, 'PPN': 4, 'UR': 0, 'URNG-MAIZ WINAQ': 0, 'CREO': 2, 'BIEN': 14, 'VIVA': 8, 'MI FAMILIA': 6, 'CAMBIO': 1, 'VOS': 18}",1,39,234,0,Algún campo sin dato,16.Alta Verapaz,1.Cobán,2873,presidente
18631,,"{'UNE': 19, 'AZUL': 2, 'VALOR UNIONISTA': 19, 'CABAL': 10, 'TODOS': 0, 'VAMOS': 13, 'PHG': 5, 'PR': 2, 'PIN': 0, 'ELEFANTE': 1, 'VICTORIA': 13, 'SEMILLA': 56, 'FCN-NACION': 1, 'PPN': 8, 'UR': 0, 'URNG-MAIZ WINAQ': 7, 'CREO': 2, 'BIEN': 3, 'VIVA': 17, 'MI FAMILIA': 3, 'CAMBIO': 0, 'VOS': 26}",3,46,256,0,Algún campo sin dato,16.Alta Verapaz,1.Cobán,2873,presidente
18632,,"{'UNE': 17, 'AZUL': 2, 'VALOR UNIONISTA': 34, 'CABAL': 14, 'TODOS': 0, 'VAMOS': 17, 'PHG': 7, 'PR': 6, 'PIN': 2, 'ELEFANTE': 2, 'VICTORIA': 13, 'SEMILLA': 51, 'FCN-NACION': 0, 'PPN': 4, 'UR': 0, 'URNG-MAIZ WINAQ': 5, 'CREO': 2, 'BIEN': 9, 'VIVA': 11, 'MI FAMILIA': 4, 'CAMBIO': 2, 'VOS': 15}",9,41,267,0,Algún campo sin dato,16.Alta Verapaz,1.Cobán,2873,presidente
18633,,"{'UNE': 19, 'AZUL': 5, 'VALOR UNIONISTA': 33, 'CABAL': 21, 'TODOS': 1, 'VAMOS': 18, 'PHG': 1, 'PR': 4, 'PIN': 0, 'ELEFANTE': 3, 'VICTORIA': 23, 'SEMILLA': 27, 'FCN-NACION': 1, 'PPN': 4, 'UR': 2, 'URNG-MAIZ WINAQ': 12, 'CREO': 0, 'BIEN': 12, 'VIVA': 15, 'MI FAMILIA': 1, 'CAMBIO': 0, 'VOS': 24}",3,47,276,0,Algún campo sin dato,16.Alta Verapaz,1.Cobán,2873,presidente
18634,,"{'UNE': 5, 'AZUL': 3, 'VALOR UNIONISTA': 16, 'CABAL': 14, 'TODOS': 0, 'VAMOS': 17, 'PHG': 0, 'PR': 0, 'PIN': 1, 'ELEFANTE': 1, 'VICTORIA': 22, 'SEMILLA': 47, 'FCN-NACION': 0, 'PPN': 5, 'UR': 1, 'URNG-MAIZ WINAQ': 5, 'CREO': 2, 'BIEN': 9, 'VIVA': 13, 'MI FAMILIA': 5, 'CAMBIO': 0, 'VOS': 27}",7,55,255,0,Algún campo sin dato,16.Alta Verapaz,1.Cobán,2873,presidente
18635,,"{'UNE': 10, 'AZUL': 3, 'VALOR UNIONISTA': 24, 'CABAL': 17, 'TODOS': 2, 'VAMOS': 16, 'PHG': 3, 'PR': 4, 'PIN': 0, 'ELEFANTE': 2, 'VICTORIA': 10, 'SEMILLA': 52, 'FCN-NACION': 1, 'PPN': 2, 'UR': 2, 'URNG-MAIZ WINAQ': 5, 'CREO': 2, 'BIEN': 10, 'VIVA': 15, 'MI FAMILIA': 4, 'CAMBIO': 1, 'VOS': 31}",4,44,264,6,Algún campo sin dato,16.Alta Verapaz,1.Cobán,2873,presidente
18636,,"{'UNE': 17, 'AZUL': 5, 'VALOR UNIONISTA': 26, 'CABAL': 9, 'TODOS': 2, 'VAMOS': 8, 'PHG': 0, 'PR': 3, 'PIN': 0, 'ELEFANTE': 2, 'VICTORIA': 15, 'SEMILLA': 50, 'FCN-NACION': 0, 'PPN': 4, 'UR': 1, 'URNG-MAIZ WINAQ': 5, 'CREO': 2, 'BIEN': 4, 'VIVA': 11, 'MI FAMILIA': 4, 'CAMBIO': 0, 'VOS': 22}",4,56,250,0,Algún campo sin dato,16.Alta Verapaz,1.Cobán,2873,presidente
18637,,"{'UNE': 18, 'AZUL': 0, 'VALOR UNIONISTA': 29, 'CABAL': 16, 'TODOS': 0, 'VAMOS': 16, 'PHG': 1, 'PR': 1, 'PIN': 0, 'ELEFANTE': 2, 'VICTORIA': 11, 'SEMILLA': 64, 'FCN-NACION': 2, 'PPN': 6, 'UR': 2, 'URNG-MAIZ WINAQ': 4, 'CREO': 2, 'BIEN': 15, 'VIVA': 18, 'MI FAMILIA': 7, 'CAMBIO': 1, 'VOS': 26}",3,53,297,0,Algún campo sin dato,16.Alta Verapaz,1.Cobán,2873,presidente
18638,,"{'UNE': 19, 'AZUL': 2, 'VALOR UNIONISTA': 25, 'CABAL': 15, 'TODOS': 1, 'VAMOS': 16, 'PHG': 3, 'PR': 2, 'PIN': 3, 'ELEFANTE': 2, 'VICTORIA': 18, 'SEMILLA': 35, 'FCN-NACION': 0, 'PPN': 3, 'UR': 1, 'URNG-MAIZ WINAQ': 8, 'CREO': 0, 'BIEN': 12, 'VIVA': 15, 'MI FAMILIA': 2, 'CAMBIO': 3, 'VOS': 23}",12,46,266,0,Algún campo sin dato,16.Alta Verapaz,1.Cobán,2873,presidente
18639,,"{'UNE': 23, 'AZUL': 7, 'VALOR UNIONISTA': 21, 'CABAL': 13, 'TODOS': 1, 'VAMOS': 19, 'PHG': 3, 'PR': 1, 'PIN': 0, 'ELEFANTE': 3, 'VICTORIA': 21, 'SEMILLA': 40, 'FCN-NACION': 0, 'PPN': 6, 'UR': 1, 'URNG-MAIZ WINAQ': 9, 'CREO': 0, 'BIEN': 12, 'VIVA': 10, 'MI FAMILIA': 4, 'CAMBIO': 1, 'VOS': 16}",3,51,265,0,Algún campo sin dato,16.Alta Verapaz,1.Cobán,2873,presidente
18640,,"{'UNE': 23, 'AZUL': 3, 'VALOR UNIONISTA': 21, 'CABAL': 18, 'TODOS': 0, 'VAMOS': 9, 'PHG': 5, 'PR': 1, 'PIN': 0, 'ELEFANTE': 1, 'VICTORIA': 18, 'SEMILLA': 45, 'FCN-NACION': 0, 'PPN': 7, 'UR': 0, 'URNG-MAIZ WINAQ': 8, 'CREO': 1, 'BIEN': 10, 'VIVA': 7, 'MI FAMILIA': 1, 'CAMBIO': 0, 'VOS': 18}",6,35,237,0,Sumas Asentadas sin cuadrar,16.Alta Verapaz,1.Cobán,2873,presidente
18641,,"{'UNE': 11, 'AZUL': 2, 'VALOR UNIONISTA': 27, 'CABAL': 14, 'TODOS': 0, 'VAMOS': 22, 'PHG': 6, 'PR': 1, 'PIN': 0, 'ELEFANTE': 2, 'VICTORIA': 25, 'SEMILLA': 46, 'FCN-NACION': 1, 'PPN': 5, 'UR': 0, 'URNG-MAIZ WINAQ': 5, 'CREO': 2, 'BIEN': 8, 'VIVA': 11, 'MI FAMILIA': 6, 'CAMBIO': 0, 'VOS': 27}",9,36,266,0,Algún campo sin dato,16.Alta Verapaz,1.Cobán,2873,presidente
18642,,"{'UNE': 24, 'AZUL': 2, 'VALOR UNIONISTA': 26, 'CABAL': 21, 'TODOS': 1, 'VAMOS': 12, 'PHG': 0, 'PR': 1, 'PIN': 0, 'ELEFANTE': 1, 'VICTORIA': 15, 'SEMILLA': 34, 'FCN-NACION': 0, 'PPN': 7, 'UR': 0, 'URNG-MAIZ WINAQ': 6, 'CREO': 3, 'BIEN': 12, 'VIVA': 13, 'MI FAMILIA': 3, 'CAMBIO': 0, 'VOS': 16}",8,44,249,0,Algún campo sin dato,16.Alta Verapaz,1.Cobán,2873,presidente
18643,,"{'UNE': 23, 'AZUL': 4, 'VALOR UNIONISTA': 25, 'CABAL': 22, 'TODOS': 1, 'VAMOS': 15, 'PHG': 1, 'PR': 6, 'PIN': 0, 'ELEFANTE': 0, 'VICTORIA': 12, 'SEMILLA': 51, 'FCN-NACION': 1, 'PPN': 4, 'UR': 0, 'URNG-MAIZ WINAQ': 6, 'CREO': 3, 'BIEN': 11, 'VIVA': 9, 'MI FAMILIA': 5, 'CAMBIO': 0, 'VOS': 22}",0,48,269,0,Algún campo sin dato,16.Alta Verapaz,1.Cobán,2874,presidente
18644,,"{'UNE': 15, 'AZUL': 5, 'VALOR UNIONISTA': 0, 'CABAL': 14, 'TODOS': 0, 'VAMOS': 14, 'PHG': 0, 'PR': 3, 'PIN': 0, 'ELEFANTE': 1, 'VICTORIA': 8, 'SEMILLA': 49, 'FCN-NACION': 2, 'PPN': 2, 'UR': 0, 'URNG-MAIZ WINAQ': 11, 'CREO': 1, 'BIEN': 11, 'VIVA': 15, 'MI FAMILIA': 9, 'CAMBIO': 0, 'VOS': 37}",3,42,242,0,Sumas Asentadas sin cuadrar,16.Alta Verapaz,1.Cobán,2874,presidente
18645,,"{'UNE': 15, 'AZUL': 1, 'VALOR UNIONISTA': 26, 'CABAL': 20, 'TODOS': 2, 'VAMOS': 22, 'PHG': 2, 'PR': 3, 'PIN': 0, 'ELEFANTE': 3, 'VICTORIA': 12, 'SEMILLA': 46, 'FCN-NACION': 1, 'PPN': 3, 'UR': 2, 'URNG-MAIZ WINAQ': 6, 'CREO': 2, 'BIEN': 9, 'VIVA': 16, 'MI FAMILIA': 5, 'CAMBIO': 1, 'VOS': 31}",5,39,272,0,Algún campo sin dato,16.Alta Verapaz,1.Cobán,2874,presidente
18646,,"{'UNE': 11, 'AZUL': 2, 'VALOR UNIONISTA': 23, 'CABAL': 17, 'TODOS': 0, 'VAMOS': 14, 'PHG': 0, 'PR': 1, 'PIN': 0, 'ELEFANTE': 3, 'VICTORIA': 12, 'SEMILLA': 48, 'FCN-NACION': 0, 'PPN': 9, 'UR': 0, 'URNG-MAIZ WINAQ': 7, 'CREO': 4, 'BIEN': 7, 'VIVA': 13, 'MI FAMILIA': 9, 'CAMBIO': 0, 'VOS': 32}",3,58,273,0,Algún campo sin dato,16.Alta Verapaz,1.Cobán,2874,presidente
18647,,"{'UNE': 18, 'AZUL': 5, 'VALOR UNIONISTA': 27, 'CABAL': 13, 'TODOS': 3, 'VAMOS': 12, 'PHG': 4, 'PR': 3, 'PIN': 1, 'ELEFANTE': 4, 'VICTORIA': 20, 'SEMILLA': 34, 'FCN-NACION': 1, 'PPN': 3, 'UR': 0, 'URNG-MAIZ WINAQ': 0, 'CREO': 3, 'BIEN': 12, 'VIVA': 17, 'MI FAMILIA': 2, 'CAMBIO': 1, 'VOS': 23}",4,47,257,0,Sumas Asentadas sin cuadrar,16.Alta Verapaz,1.Cobán,2874,presidente
18648,,"{'UNE': 11, 'AZUL': 2, 'VALOR UNIONISTA': 28, 'CABAL': 12, 'TODOS': 3, 'VAMOS': 22, 'PHG': 0, 'PR': 4, 'PIN': 0, 'ELEFANTE': 1, 'VICTORIA': 19, 'SEMILLA': 43, 'FCN-NACION': 0, 'PPN': 8, 'UR': 1, 'URNG-MAIZ WINAQ': 9, 'CREO': 0, 'BIEN': 9, 'VIVA': 12, 'MI FAMILIA': 1, 'CAMBIO': 0, 'VOS': 17}",3,52,257,0,Algún campo sin dato,16.Alta Verapaz,1.Cobán,2874,presidente
18649,,"{'UNE': 12, 'AZUL': 4, 'VALOR UNIONISTA': 22, 'CABAL': 18, 'TODOS': 4, 'VAMOS': 16, 'PHG': 1, 'PR': 4, 'PIN': 0, 'ELEFANTE': 1, 'VICTORIA': 17, 'SEMILLA': 38, 'FCN-NACION': 2, 'PPN': 5, 'UR': 2, 'URNG-MAIZ WINAQ': 4, 'CREO': 0, 'BIEN': 8, 'VIVA': 10, 'MI FAMILIA': 2, 'CAMBIO': 0, 'VOS': 19}",3,63,255,0,Algún campo sin dato,16.Alta Verapaz,1.Cobán,2874,presidente
18650,,"{'UNE': 12, 'AZUL': 4, 'VALOR UNIONISTA': 26, 'CABAL': 11, 'TODOS': 0, 'VAMOS': 14, 'PHG': 1, 'PR': 2, 'PIN': 0, 'ELEFANTE': 1, 'VICTORIA': 5, 'SEMILLA': 53, 'FCN-NACION': 1, 'PPN': 10, 'UR': 3, 'URNG-MAIZ WINAQ': 4, 'CREO': 1, 'BIEN': 4, 'VIVA': 12, 'MI FAMILIA': 2, 'CAMBIO': 0, 'VOS': 17}",4,42,229,0,Algún campo sin dato,16.Alta Verapaz,1.Cobán,2874,presidente
18651,,"{'UNE': 23, 'AZUL': 4, 'VALOR UNIONISTA': 14, 'CABAL': 15, 'TODOS': 2, 'VAMOS': 30, 'PHG': 3, 'PR': 7, 'PIN': 1, 'ELEFANTE': 0, 'VICTORIA': 14, 'SEMILLA': 42, 'FCN-NACION': 0, 'PPN': 6, 'UR': 0, 'URNG-MAIZ WINAQ': 6, 'CREO': 4, 'BIEN': 5, 'VIVA': 9, 'MI FAMILIA': 6, 'CAMBIO': 0, 'VOS': 21}",1,52,265,0,,16.Alta Verapaz,1.Cobán,2874,presidente
18652,,"{'UNE': 15, 'AZUL': 2, 'VALOR UNIONISTA': 23, 'CABAL': 16, 'TODOS': 0, 'VAMOS': 16, 'PHG': 3, 'PR': 1, 'PIN': 1, 'ELEFANTE': 0, 'VICTORIA': 16, 'SEMILLA': 41, 'FCN-NACION': 0, 'PPN': 5, 'UR': 0, 'URNG-MAIZ WINAQ': 10, 'CREO': 1, 'BIEN': 8, 'VIVA': 12, 'MI FAMILIA': 2, 'CAMBIO': 1, 'VOS': 26}",2,52,253,0,Algún campo sin dato,16.Alta Verapaz,1.Cobán,2874,presidente
18653,,"{'UNE': 17, 'AZUL': 4, 'VALOR UNIONISTA': 31, 'CABAL': 16, 'TODOS': 0, 'VAMOS': 18, 'PHG': 0, 'PR': 3, 'PIN': 0, 'ELEFANTE': 3, 'VICTORIA': 13, 'SEMILLA': 45, 'FCN-NACION': 0, 'PPN': 5, 'UR': 1, 'URNG-MAIZ WINAQ': 6, 'CREO': 3, 'BIEN': 9, 'VIVA': 17, 'MI FAMILIA': 2, 'CAMBIO': 1, 'VOS': 28}",4,39,265,0,Sumas Asentadas sin cuadrar,16.Alta Verapaz,1.Cobán,2874,presidente
18654,,"{'UNE': 14, 'AZUL': 0, 'VALOR UNIONISTA': 16, 'CABAL': 13, 'TODOS': 1, 'VAMOS': 16, 'PHG': 3, 'PR': 1, 'PIN': 0, 'ELEFANTE': 0, 'VICTORIA': 13, 'SEMILLA': 48, 'FCN-NACION': 2, 'PPN': 5, 'UR': 1, 'URNG-MAIZ WINAQ': 4, 'CREO': 0, 'BIEN': 8, 'VIVA': 8, 'MI FAMILIA': 2, 'CAMBIO': 0, 'VOS': 25}",1,40,221,0,Algún campo sin dato,16.Alta Verapaz,1.Cobán,2874,presidente
18655,,"{'UNE': 16, 'AZUL': 2, 'VALOR UNIONISTA': 15, 'CABAL': 16, 'TODOS': 0, 'VAMOS': 21, 'PHG': 3, 'PR': 2, 'PIN': 0, 'ELEFANTE': 2, 'VICTORIA': 7, 'SEMILLA': 46, 'FCN-NACION': 0, 'PPN': 6, 'UR': 2, 'URNG-MAIZ WINAQ': 3, 'CREO': 3, 'BIEN': 7, 'VIVA': 15, 'MI FAMILIA': 3, 'CAMBIO': 1, 'VOS': 24}",7,36,237,0,,16.Alta Verapaz,1.Cobán,2874,presidente
18656,,"{'UNE': 11, 'AZUL': 3, 'VALOR UNIONISTA': 18, 'CABAL': 11, 'TODOS': 3, 'VAMOS': 11, 'PHG': 0, 'PR': 0, 'PIN': 0, 'ELEFANTE': 1, 'VICTORIA': 12, 'SEMILLA': 47, 'FCN-NACION': 0, 'PPN': 4, 'UR': 2, 'URNG-MAIZ WINAQ': 5, 'CREO': 1, 'BIEN': 10, 'VIVA': 9, 'MI FAMILIA': 1, 'CAMBIO': 0, 'VOS': 26}",9,35,219,0,Algún campo sin dato,16.Alta Verapaz,1.Cobán,2874,presidente
18657,,"{'UNE': 16, 'AZUL': 3, 'VALOR UNIONISTA': 22, 'CABAL': 15, 'TODOS': 2, 'VAMOS': 10, 'PHG': 1, 'PR': 3, 'PIN': 0, 'ELEFANTE': 1, 'VICTORIA': 15, 'SEMILLA': 55, 'FCN-NACION': 0, 'PPN': 3, 'UR': 5, 'URNG-MAIZ WINAQ': 7, 'CREO': 5, 'BIEN': 8, 'VIVA': 8, 'MI FAMILIA': 4, 'CAMBIO': 1, 'VOS': 23}",0,32,239,0,Algún campo sin dato,16.Alta Verapaz,1.Cobán,2874,presidente
18658,,"{'UNE': 12, 'AZUL': 1, 'VALOR UNIONISTA': 19, 'CABAL': 17, 'TODOS': 1, 'VAMOS': 13, 'PHG': 0, 'PR': 3, 'PIN': 1, 'ELEFANTE': 1, 'VICTORIA': 10, 'SEMILLA': 77, 'FCN-NACION': 2, 'PPN': 4, 'UR': 0, 'URNG-MAIZ WINAQ': 2, 'CREO': 2, 'BIEN': 10, 'VIVA': 9, 'MI FAMILIA': 3, 'CAMBIO': 0, 'VOS': 24}",1,31,243,0,,16.Alta Verapaz,1.Cobán,2874,presidente
18659,,"{'UNE': 13, 'AZUL': 1, 'VALOR UNIONISTA': 16, 'CABAL': 8, 'TODOS': 0, 'VAMOS': 14, 'PHG': 1, 'PR': 1, 'PIN': 0, 'ELEFANTE': 1, 'VICTORIA': 10, 'SEMILLA': 76, 'FCN-NACION': 0, 'PPN': 4, 'UR': 2, 'URNG-MAIZ WINAQ': 1, 'CREO': 1, 'BIEN': 12, 'VIVA': 11, 'MI FAMILIA': 1, 'CAMBIO': 0, 'VOS': 24}",2,26,225,0,Algún campo sin dato,16.Alta Verapaz,1.Cobán,2874,presidente
18660,,"{'UNE': 12, 'AZUL': 5, 'VALOR UNIONISTA': 0, 'CABAL': 13, 'TODOS': 0, 'VAMOS': 10, 'PHG': 1, 'PR': 4, 'PIN': 0, 'ELEFANTE': 2, 'VICTORIA': 15, 'SEMILLA': 75, 'FCN-NACION': 0, 'PPN': 6, 'UR': 0, 'URNG-MAIZ WINAQ': 4, 'CREO': 0, 'BIEN': 12, 'VIVA': 5, 'MI FAMILIA': 1, 'CAMBIO': 0, 'VOS': 26}",1,32,224,0,Sumas Asentadas sin cuadrar,16.Alta Verapaz,1.Cobán,2874,presidente
18661,,"{'UNE': 7, 'AZUL': 1, 'VALOR UNIONISTA': 13, 'CABAL': 16, 'TODOS': 0, 'VAMOS': 14, 'PHG': 0, 'PR': 0, 'PIN': 0, 'ELEFANTE': 1, 'VICTORIA': 5, 'SEMILLA': 120, 'FCN-NACION': 1, 'PPN': 4, 'UR': 1, 'URNG-MAIZ WINAQ': 3, 'CREO': 1, 'BIEN': 12, 'VIVA': 7, 'MI FAMILIA': 1, 'CAMBIO': 0, 'VOS': 22}",1,13,243,7,,16.Alta Verapaz,1.Cobán,2874,presidente
18662,,"{'UNE': 8, 'AZUL': 2, 'VALOR UNIONISTA': 9, 'CABAL': 9, 'TODOS': 0, 'VAMOS': 15, 'PHG': 1, 'PR': 1, 'PIN': 0, 'ELEFANTE': 1, 'VICTORIA': 10, 'SEMILLA': 105, 'FCN-NACION': 0, 'PPN': 5, 'UR': 1, 'URNG-MAIZ WINAQ': 1, 'CREO': 0, 'BIEN': 9, 'VIVA': 11, 'MI FAMILIA': 2, 'CAMBIO': 0, 'VOS': 16}",0,32,238,0,Algún campo sin dato,16.Alta Verapaz,1.Cobán,2874,presidente
18663,,"{'UNE': 13, 'AZUL': 3, 'VALOR UNIONISTA': 10, 'CABAL': 12, 'TODOS': 0, 'VAMOS': 7, 'PHG': 1, 'PR': 3, 'PIN': 0, 'ELEFANTE': 3, 'VICTORIA': 6, 'SEMILLA': 123, 'FCN-NACION': 2, 'PPN': 1, 'UR': 0, 'URNG-MAIZ WINAQ': 2, 'CREO': 1, 'BIEN': 13, 'VIVA': 6, 'MI FAMILIA': 1, 'CAMBIO': 0, 'VOS': 27}",0,21,255,0,Algún campo sin dato,16.Alta Verapaz,1.Cobán,2875,presidente
18664,,"{'UNE': 7, 'AZUL': 0, 'VALOR UNIONISTA': 6, 'CABAL': 9, 'TODOS': 0, 'VAMOS': 11, 'PHG': 0, 'PR': 0, 'PIN': 0, 'ELEFANTE': 0, 'VICTORIA': 13, 'SEMILLA': 94, 'FCN-NACION': 0, 'PPN': 2, 'UR': 1, 'URNG-MAIZ WINAQ': 1, 'CREO': 2, 'BIEN': 8, 'VIVA': 7, 'MI FAMILIA': 0, 'CAMBIO': 0, 'VOS': 17}",4,28,210,0,Algún campo sin dato,16.Alta Verapaz,1.Cobán,2875,presidente
18665,,"{'UNE': 6, 'AZUL': 0, 'VALOR UNIONISTA': 8, 'CABAL': 17, 'TODOS': 0, 'VAMOS': 9, 'PHG': 0, 'PR': 0, 'PIN': 0, 'ELEFANTE': 1, 'VICTORIA': 15, 'SEMILLA': 105, 'FCN-NACION': 2, 'PPN': 3, 'UR': 0, 'URNG-MAIZ WINAQ': 0, 'CREO': 0, 'BIEN': 8, 'VIVA': 9, 'MI FAMILIA': 0, 'CAMBIO': 0, 'VOS': 20}",3,22,228,0,Algún campo sin dato,16.Alta Verapaz,1.Cobán,2875,presidente
18666,,"{'UNE': 12, 'AZUL': 1, 'VALOR UNIONISTA': 11, 'CABAL': 9, 'TODOS': 0, 'VAMOS': 13, 'PHG': 1, 'PR': 2, 'PIN': 0, 'ELEFANTE': 0, 'VICTORIA': 7, 'SEMILLA': 91, 'FCN-NACION': 0, 'PPN': 5, 'UR': 0, 'URNG-MAIZ WINAQ': 5, 'CREO': 1, 'BIEN': 10, 'VIVA': 7, 'MI FAMILIA': 3, 'CAMBIO': 0, 'VOS': 23}",2,16,219,0,Algún campo sin dato,16.Alta Verapaz,1.Cobán,2875,presidente
18667,,"{'UNE': 10, 'AZUL': 1, 'VALOR UNIONISTA': 6, 'CABAL': 7, 'TODOS': 0, 'VAMOS': 13, 'PHG': 0, 'PR': 3, 'PIN': 0, 'ELEFANTE': 2, 'VICTORIA': 6, 'SEMILLA': 88, 'FCN-NACION': 1, 'PPN': 3, 'UR': 0, 'URNG-MAIZ WINAQ': 2, 'CREO': 2, 'BIEN': 7, 'VIVA': 5, 'MI FAMILIA': 2, 'CAMBIO': 0, 'VOS': 10}",1,11,180,2,Algún campo sin dato,16.Alta Verapaz,1.Cobán,2875,presidente
18668,,"{'UNE': 11, 'AZUL': 2, 'VALOR UNIONISTA': 6, 'CABAL': 8, 'TODOS': 1, 'VAMOS': 11, 'PHG': 2, 'PR': 0, 'PIN': 0, 'ELEFANTE': 1, 'VICTORIA': 7, 'SEMILLA': 67, 'FCN-NACION': 0, 'PPN': 2, 'UR': 1, 'URNG-MAIZ WINAQ': 4, 'CREO': 1, 'BIEN': 10, 'VIVA': 2, 'MI FAMILIA': 1, 'CAMBIO': 0, 'VOS': 20}",1,41,199,0,Algún campo sin dato,16.Alta Verapaz,1.Cobán,2875,presidente
18669,,"{'UNE': 11, 'AZUL': 2, 'VALOR UNIONISTA': 7, 'CABAL': 2, 'TODOS': 0, 'VAMOS': 3, 'PHG': 0, 'PR': 1, 'PIN': 0, 'ELEFANTE': 0, 'VICTORIA': 8, 'SEMILLA': 67, 'FCN-NACION': 0, 'PPN': 4, 'UR': 0, 'URNG-MAIZ WINAQ': 2, 'CREO': 0, 'BIEN': 5, 'VIVA': 3, 'MI FAMILIA': 0, 'CAMBIO': 1, 'VOS': 14}",6,13,149,0,,16.Alta Verapaz,1.Cobán,2875,presidente
18670,,"{'UNE': 5, 'AZUL': 2, 'VALOR UNIONISTA': 9, 'CABAL': 6, 'TODOS': 2, 'VAMOS': 10, 'PHG': 1, 'PR': 0, 'PIN': 0, 'ELEFANTE': 1, 'VICTORIA': 8, 'SEMILLA': 28, 'FCN-NACION': 0, 'PPN': 4, 'UR': 0, 'URNG-MAIZ WINAQ': 1, 'CREO': 2, 'BIEN': 2, 'VIVA': 6, 'MI FAMILIA': 2, 'CAMBIO': 0, 'VOS': 2}",0,12,103,0,,16.Alta Verapaz,1.Cobán,2875,presidente
18671,,"{'UNE': 42, 'AZUL': 2, 'VALOR UNIONISTA': 9, 'CABAL': 8, 'TODOS': 1, 'VAMOS': 21, 'PHG': 3, 'PR': 4, 'PIN': 1, 'ELEFANTE': 1, 'VICTORIA': 23, 'SEMILLA': 23, 'FCN-NACION': 3, 'PPN': 17, 'UR': 2, 'URNG-MAIZ WINAQ': 14, 'CREO': 4, 'BIEN': 1, 'VIVA': 21, 'MI FAMILIA': 4, 'CAMBIO': 3, 'VOS': 16}",9,51,283,0,Algún campo sin dato,16.Alta Verapaz,1.Cobán,2876,presidente
18672,,"{'UNE': 18, 'AZUL': 0, 'VALOR UNIONISTA': 4, 'CABAL': 4, 'TODOS': 0, 'VAMOS': 8, 'PHG': 0, 'PR': 0, 'PIN': 1, 'ELEFANTE': 0, 'VICTORIA': 17, 'SEMILLA': 15, 'FCN-NACION': 0, 'PPN': 4, 'UR': 1, 'URNG-MAIZ WINAQ': 7, 'CREO': 1, 'BIEN': 1, 'VIVA': 12, 'MI FAMILIA': 1, 'CAMBIO': 0, 'VOS': 3}",2,27,126,0,Algún campo sin dato,16.Alta Verapaz,1.Cobán,2876,presidente
18673,,"{'UNE': 6, 'AZUL': 2, 'VALOR UNIONISTA': 3, 'CABAL': 5, 'TODOS': 0, 'VAMOS': 3, 'PHG': 0, 'PR': 0, 'PIN': 0, 'ELEFANTE': 0, 'VICTORIA': 11, 'SEMILLA': 32, 'FCN-NACION': 0, 'PPN': 1, 'UR': 4, 'URNG-MAIZ WINAQ': 4, 'CREO': 0, 'BIEN': 4, 'VIVA': 8, 'MI FAMILIA': 2, 'CAMBIO': 0, 'VOS': 3}",2,18,108,0,Algún campo sin dato,16.Alta Verapaz,1.Cobán,2876,presidente
18674,,"{'UNE': 6, 'AZUL': 5, 'VALOR UNIONISTA': 45, 'CABAL': 29, 'TODOS': 0, 'VAMOS': 11, 'PHG': 0, 'PR': 2, 'PIN': 0, 'ELEFANTE': 0, 'VICTORIA': 3, 'SEMILLA': 82, 'FCN-NACION': 1, 'PPN': 7, 'UR': 0, 'URNG-MAIZ WINAQ': 2, 'CREO': 1, 'BIEN': 14, 'VIVA': 11, 'MI FAMILIA': 3, 'CAMBIO': 0, 'VOS': 38}",1,34,295,0,Algún campo sin dato,16.Alta Verapaz,1.Cobán,2877,presidente
18675,,"{'UNE': 25, 'AZUL': 4, 'VALOR UNIONISTA': 9, 'CABAL': 13, 'TODOS': 1, 'VAMOS': 24, 'PHG': 2, 'PR': 2, 'PIN': 0, 'ELEFANTE': 4, 'VICTORIA': 28, 'SEMILLA': 29, 'FCN-NACION': 0, 'PPN': 11, 'UR': 0, 'URNG-MAIZ WINAQ': 6, 'CREO': 3, 'BIEN': 6, 'VIVA': 18, 'MI FAMILIA': 2, 'CAMBIO': 1, 'VOS': 15}",13,62,278,0,Algún campo sin dato,16.Alta Verapaz,1.Cobán,2878,presidente
18676,,"{'UNE': 22, 'AZUL': 2, 'VALOR UNIONISTA': 18, 'CABAL': 12, 'TODOS': 2, 'VAMOS': 17, 'PHG': 2, 'PR': 3, 'PIN': 0, 'ELEFANTE': 1, 'VICTORIA': 45, 'SEMILLA': 24, 'FCN-NACION': 1, 'PPN': 3, 'UR': 0, 'URNG-MAIZ WINAQ': 0, 'CREO': 0, 'BIEN': 0, 'VIVA': 22, 'MI FAMILIA': 2, 'CAMBIO': 11, 'VOS': 20}",14,60,281,0,Sumas Asentadas sin cuadrar,16.Alta Verapaz,1.Cobán,2878,presidente
18677,,"{'UNE': 25, 'AZUL': 3, 'VALOR UNIONISTA': 13, 'CABAL': 14, 'TODOS': 0, 'VAMOS': 34, 'PHG': 1, 'PR': 5, 'PIN': 5, 'ELEFANTE': 4, 'VICTORIA': 44, 'SEMILLA': 19, 'FCN-NACION': 2, 'PPN': 9, 'UR': 0, 'URNG-MAIZ WINAQ': 5, 'CREO': 1, 'BIEN': 11, 'VIVA': 22, 'MI FAMILIA': 3, 'CAMBIO': 2, 'VOS': 15}",26,69,332,0,Sumas Asentadas sin cuadrar,16.Alta Verapaz,1.Cobán,2878,presidente
18678,,"{'UNE': 28, 'AZUL': 1, 'VALOR UNIONISTA': 19, 'CABAL': 20, 'TODOS': 1, 'VAMOS': 16, 'PHG': 0, 'PR': 1, 'PIN': 1, 'ELEFANTE': 4, 'VICTORIA': 21, 'SEMILLA': 36, 'FCN-NACION': 0, 'PPN': 8, 'UR': 2, 'URNG-MAIZ WINAQ': 9, 'CREO': 2, 'BIEN': 6, 'VIVA': 9, 'MI FAMILIA': 8, 'CAMBIO': 2, 'VOS': 26}",13,55,288,0,Algún campo sin dato,16.Alta Verapaz,1.Cobán,2878,presidente
18679,,"{'UNE': 15, 'AZUL': 3, 'VALOR UNIONISTA': 15, 'CABAL': 16, 'TODOS': 0, 'VAMOS': 21, 'PHG': 1, 'PR': 3, 'PIN': 0, 'ELEFANTE': 4, 'VICTORIA': 24, 'SEMILLA': 42, 'FCN-NACION': 2, 'PPN': 12, 'UR': 0, 'URNG-MAIZ WINAQ': 20, 'CREO': 0, 'BIEN': 6, 'VIVA': 21, 'MI FAMILIA': 3, 'CAMBIO': 3, 'VOS': 23}",8,57,299,0,Algún campo sin dato,16.Alta Verapaz,1.Cobán,2878,presidente
18680,,"{'UNE': 21, 'AZUL': 3, 'VALOR UNIONISTA': 21, 'CABAL': 11, 'TODOS': 4, 'VAMOS': 21, 'PHG': 4, 'PR': 0, 'PIN': 2, 'ELEFANTE': 2, 'VICTORIA': 19, 'SEMILLA': 42, 'FCN-NACION': 1, 'PPN': 7, 'UR': 0, 'URNG-MAIZ WINAQ': 7, 'CREO': 2, 'BIEN': 15, 'VIVA': 8, 'MI FAMILIA': 3, 'CAMBIO': 2, 'VOS': 23}",9,57,284,0,Algún campo sin dato,16.Alta Verapaz,1.Cobán,2878,presidente
18681,,"{'UNE': 19, 'AZUL': 0, 'VALOR UNIONISTA': 18, 'CABAL': 8, 'TODOS': 0, 'VAMOS': 15, 'PHG': 0, 'PR': 4, 'PIN': 0, 'ELEFANTE': 4, 'VICTORIA': 27, 'SEMILLA': 36, 'FCN-NACION': 2, 'PPN': 9, 'UR': 0, 'URNG-MAIZ WINAQ': 7, 'CREO': 0, 'BIEN': 11, 'VIVA': 14, 'MI FAMILIA': 3, 'CAMBIO': 0, 'VOS': 28}",6,57,268,0,Algún campo sin dato,16.Alta Verapaz,1.Cobán,2878,presidente
18682,,"{'UNE': 20, 'AZUL': 6, 'VALOR UNIONISTA': 11, 'CABAL': 9, 'TODOS': 2, 'VAMOS': 35, 'PHG': 2, 'PR': 1, 'PIN': 0, 'ELEFANTE': 2, 'VICTORIA': 30, 'SEMILLA': 36, 'FCN-NACION': 1, 'PPN': 3, 'UR': 1, 'URNG-MAIZ WINAQ': 5, 'CREO': 0, 'BIEN': 9, 'VIVA': 18, 'MI FAMILIA': 5, 'CAMBIO': 1, 'VOS': 15}",8,41,261,0,,16.Alta Verapaz,1.Cobán,2878,presidente
18683,,"{'UNE': 22, 'AZUL': 2, 'VALOR UNIONISTA': 11, 'CABAL': 10, 'TODOS': 0, 'VAMOS': 24, 'PHG': 2, 'PR': 1, 'PIN': 1, 'ELEFANTE': 1, 'VICTORIA': 23, 'SEMILLA': 45, 'FCN-NACION': 0, 'PPN': 5, 'UR': 2, 'URNG-MAIZ WINAQ': 10, 'CREO': 2, 'BIEN': 14, 'VIVA': 17, 'MI FAMILIA': 1, 'CAMBIO': 1, 'VOS': 30}",5,45,274,0,Algún campo sin dato,16.Alta Verapaz,1.Cobán,2878,presidente
18684,,"{'UNE': 23, 'AZUL': 4, 'VALOR UNIONISTA': 17, 'CABAL': 14, 'TODOS': 1, 'VAMOS': 17, 'PHG': 1, 'PR': 1, 'PIN': 0, 'ELEFANTE': 3, 'VICTORIA': 26, 'SEMILLA': 25, 'FCN-NACION': 0, 'PPN': 10, 'UR': 2, 'URNG-MAIZ WINAQ': 10, 'CREO': 2, 'BIEN': 6, 'VIVA': 13, 'MI FAMILIA': 2, 'CAMBIO': 0, 'VOS': 17}",10,57,261,0,Sumas Asentadas sin cuadrar,16.Alta Verapaz,1.Cobán,2878,presidente
18685,,"{'UNE': 19, 'AZUL': 3, 'VALOR UNIONISTA': 11, 'CABAL': 12, 'TODOS': 3, 'VAMOS': 21, 'PHG': 2, 'PR': 6, 'PIN': 1, 'ELEFANTE': 2, 'VICTORIA': 19, 'SEMILLA': 42, 'FCN-NACION': 1, 'PPN': 7, 'UR': 1, 'URNG-MAIZ WINAQ': 8, 'CREO': 1, 'BIEN': 10, 'VIVA': 13, 'MI FAMILIA': 5, 'CAMBIO': 1, 'VOS': 22}",7,58,275,0,Algún campo sin dato,16.Alta Verapaz,1.Cobán,2878,presidente
18686,,"{'UNE': 23, 'AZUL': 1, 'VALOR UNIONISTA': 13, 'CABAL': 16, 'TODOS': 0, 'VAMOS': 21, 'PHG': 1, 'PR': 2, 'PIN': 0, 'ELEFANTE': 1, 'VICTORIA': 27, 'SEMILLA': 38, 'FCN-NACION': 1, 'PPN': 11, 'UR': 2, 'URNG-MAIZ WINAQ': 5, 'CREO': 2, 'BIEN': 10, 'VIVA': 20, 'MI FAMILIA': 5, 'CAMBIO': 1, 'VOS': 9}",5,44,258,2,,16.Alta Verapaz,1.Cobán,2878,presidente
18687,,"{'UNE': 14, 'AZUL': 3, 'VALOR UNIONISTA': 12, 'CABAL': 12, 'TODOS': 0, 'VAMOS': 18, 'PHG': 0, 'PR': 2, 'PIN': 0, 'ELEFANTE': 2, 'VICTORIA': 31, 'SEMILLA': 33, 'FCN-NACION': 1, 'PPN': 6, 'UR': 0, 'URNG-MAIZ WINAQ': 4, 'CREO': 1, 'BIEN': 11, 'VIVA': 11, 'MI FAMILIA': 2, 'CAMBIO': 3, 'VOS': 19}",14,49,248,0,Algún campo sin dato,16.Alta Verapaz,1.Cobán,2878,presidente
18688,,"{'UNE': 17, 'AZUL': 8, 'VALOR UNIONISTA': 15, 'CABAL': 8, 'TODOS': 0, 'VAMOS': 17, 'PHG': 0, 'PR': 1, 'PIN': 0, 'ELEFANTE': 0, 'VICTORIA': 25, 'SEMILLA': 43, 'FCN-NACION': 1, 'PPN': 13, 'UR': 1, 'URNG-MAIZ WINAQ': 7, 'CREO': 1, 'BIEN': 10, 'VIVA': 16, 'MI FAMILIA': 1, 'CAMBIO': 0, 'VOS': 13}",10,47,254,0,Algún campo sin dato,16.Alta Verapaz,1.Cobán,2879,presidente
18689,,"{'UNE': 23, 'AZUL': 3, 'VALOR UNIONISTA': 15, 'CABAL': 7, 'TODOS': 0, 'VAMOS': 15, 'PHG': 1, 'PR': 2, 'PIN': 1, 'ELEFANTE': 2, 'VICTORIA': 23, 'SEMILLA': 39, 'FCN-NACION': 1, 'PPN': 9, 'UR': 1, 'URNG-MAIZ WINAQ': 3, 'CREO': 5, 'BIEN': 5, 'VIVA': 17, 'MI FAMILIA': 2, 'CAMBIO': 1, 'VOS': 15}",5,63,258,0,Algún campo sin dato,16.Alta Verapaz,1.Cobán,2879,presidente
18690,,"{'UNE': 17, 'AZUL': 2, 'VALOR UNIONISTA': 15, 'CABAL': 5, 'TODOS': 1, 'VAMOS': 11, 'PHG': 3, 'PR': 0, 'PIN': 0, 'ELEFANTE': 1, 'VICTORIA': 22, 'SEMILLA': 53, 'FCN-NACION': 1, 'PPN': 6, 'UR': 1, 'URNG-MAIZ WINAQ': 3, 'CREO': 0, 'BIEN': 7, 'VIVA': 16, 'MI FAMILIA': 1, 'CAMBIO': 0, 'VOS': 15}",6,51,237,0,Algún campo sin dato,16.Alta Verapaz,1.Cobán,2879,presidente
18691,,"{'UNE': 15, 'AZUL': 0, 'VALOR UNIONISTA': 11, 'CABAL': 8, 'TODOS': 1, 'VAMOS': 14, 'PHG': 0, 'PR': 2, 'PIN': 0, 'ELEFANTE': 1, 'VICTORIA': 13, 'SEMILLA': 84, 'FCN-NACION': 1, 'PPN': 9, 'UR': 1, 'URNG-MAIZ WINAQ': 2, 'CREO': 1, 'BIEN': 12, 'VIVA': 11, 'MI FAMILIA': 1, 'CAMBIO': 0, 'VOS': 7}",2,39,235,0,Sumas Asentadas sin cuadrar,16.Alta Verapaz,1.Cobán,2879,presidente
18692,,"{'UNE': 18, 'AZUL': 2, 'VALOR UNIONISTA': 2, 'CABAL': 4, 'TODOS': 0, 'VAMOS': 18, 'PHG': 0, 'PR': 1, 'PIN': 0, 'ELEFANTE': 0, 'VICTORIA': 22, 'SEMILLA': 77, 'FCN-NACION': 0, 'PPN': 5, 'UR': 2, 'URNG-MAIZ WINAQ': 5, 'CREO': 0, 'BIEN': 7, 'VIVA': 16, 'MI FAMILIA': 0, 'CAMBIO': 0, 'VOS': 16}",2,37,234,0,Algún campo sin dato,16.Alta Verapaz,1.Cobán,2879,presidente
18693,,"{'UNE': 10, 'AZUL': 1, 'VALOR UNIONISTA': 1, 'CABAL': 3, 'TODOS': 0, 'VAMOS': 10, 'PHG': 0, 'PR': 4, 'PIN': 0, 'ELEFANTE': 0, 'VICTORIA': 8, 'SEMILLA': 69, 'FCN-NACION': 1, 'PPN': 5, 'UR': 1, 'URNG-MAIZ WINAQ': 6, 'CREO': 1, 'BIEN': 6, 'VIVA': 6, 'MI FAMILIA': 1, 'CAMBIO': 0, 'VOS': 13}",0,20,166,0,Algún campo sin dato,16.Alta Verapaz,1.Cobán,2879,presidente
18694,,"{'UNE': 19, 'AZUL': 2, 'VALOR UNIONISTA': 1, 'CABAL': 3, 'TODOS': 0, 'VAMOS': 11, 'PHG': 0, 'PR': 0, 'PIN': 0, 'ELEFANTE': 0, 'VICTORIA': 11, 'SEMILLA': 40, 'FCN-NACION': 2, 'PPN': 6, 'UR': 0, 'URNG-MAIZ WINAQ': 1, 'CREO': 2, 'BIEN': 12, 'VIVA': 12, 'MI FAMILIA': 2, 'CAMBIO': 1, 'VOS': 13}",5,33,176,0,,16.Alta Verapaz,1.Cobán,2879,presidente
18695,,"{'UNE': 33, 'AZUL': 2, 'VALOR UNIONISTA': 9, 'CABAL': 7, 'TODOS': 2, 'VAMOS': 34, 'PHG': 0, 'PR': 3, 'PIN': 1, 'ELEFANTE': 1, 'VICTORIA': 30, 'SEMILLA': 12, 'FCN-NACION': 0, 'PPN': 18, 'UR': 0, 'URNG-MAIZ WINAQ': 11, 'CREO': 0, 'BIEN': 2, 'VIVA': 20, 'MI FAMILIA': 1, 'CAMBIO': 0, 'VOS': 16}",29,62,293,0,Algún campo sin dato,16.Alta Verapaz,1.Cobán,2880,presidente
18696,,"{'UNE': 22, 'AZUL': 1, 'VALOR UNIONISTA': 4, 'CABAL': 3, 'TODOS': 0, 'VAMOS': 31, 'PHG': 0, 'PR': 1, 'PIN': 0, 'ELEFANTE': 1, 'VICTORIA': 30, 'SEMILLA': 14, 'FCN-NACION': 1, 'PPN': 8, 'UR': 0, 'URNG-MAIZ WINAQ': 13, 'CREO': 0, 'BIEN': 7, 'VIVA': 16, 'MI FAMILIA': 1, 'CAMBIO': 0, 'VOS': 12}",10,63,238,1,Algún campo sin dato,16.Alta Verapaz,1.Cobán,2880,presidente
18697,,"{'UNE': 22, 'AZUL': 3, 'VALOR UNIONISTA': 15, 'CABAL': 6, 'TODOS': 0, 'VAMOS': 35, 'PHG': 0, 'PR': 1, 'PIN': 0, 'ELEFANTE': 1, 'VICTORIA': 22, 'SEMILLA': 29, 'FCN-NACION': 0, 'PPN': 11, 'UR': 0, 'URNG-MAIZ WINAQ': 7, 'CREO': 1, 'BIEN': 2, 'VIVA': 14, 'MI FAMILIA': 6, 'CAMBIO': 2, 'VOS': 11}",13,66,267,0,Algún campo sin dato,16.Alta Verapaz,1.Cobán,2881,presidente
18698,,"{'UNE': 20, 'AZUL': 0, 'VALOR UNIONISTA': 9, 'CABAL': 9, 'TODOS': 2, 'VAMOS': 32, 'PHG': 0, 'PR': 3, 'PIN': 0, 'ELEFANTE': 1, 'VICTORIA': 36, 'SEMILLA': 24, 'FCN-NACION': 2, 'PPN': 21, 'UR': 2, 'URNG-MAIZ WINAQ': 8, 'CREO': 1, 'BIEN': 1, 'VIVA': 17, 'MI FAMILIA': 5, 'CAMBIO': 1, 'VOS': 9}",12,56,271,0,Algún campo sin dato,16.Alta Verapaz,1.Cobán,2881,presidente
18699,,"{'UNE': 19, 'AZUL': 2, 'VALOR UNIONISTA': 7, 'CABAL': 8, 'TODOS': 2, 'VAMOS': 36, 'PHG': 1, 'PR': 0, 'PIN': 1, 'ELEFANTE': 2, 'VICTORIA': 26, 'SEMILLA': 24, 'FCN-NACION': 1, 'PPN': 11, 'UR': 2, 'URNG-MAIZ WINAQ': 14, 'CREO': 3, 'BIEN': 9, 'VIVA': 13, 'MI FAMILIA': 0, 'CAMBIO': 1, 'VOS': 15}",5,56,258,0,Algún campo sin dato,16.Alta Verapaz,1.Cobán,2881,presidente
18700,,"{'UNE': 37, 'AZUL': 4, 'VALOR UNIONISTA': 14, 'CABAL': 15, 'TODOS': 3, 'VAMOS': 27, 'PHG': 2, 'PR': 1, 'PIN': 1, 'ELEFANTE': 2, 'VICTORIA': 20, 'SEMILLA': 32, 'FCN-NACION': 0, 'PPN': 9, 'UR': 2, 'URNG-MAIZ WINAQ': 8, 'CREO': 1, 'BIEN': 8, 'VIVA': 20, 'MI FAMILIA': 4, 'CAMBIO': 1, 'VOS': 13}",9,51,284,0,Algún campo sin dato,16.Alta Verapaz,1.Cobán,2881,presidente
18701,,"{'UNE': 24, 'AZUL': 3, 'VALOR UNIONISTA': 15, 'CABAL': 11, 'TODOS': 1, 'VAMOS': 34, 'PHG': 1, 'PR': 3, 'PIN': 0, 'ELEFANTE': 1, 'VICTORIA': 27, 'SEMILLA': 30, 'FCN-NACION': 2, 'PPN': 7, 'UR': 3, 'URNG-MAIZ WINAQ': 12, 'CREO': 1, 'BIEN': 8, 'VIVA': 22, 'MI FAMILIA': 5, 'CAMBIO': 0, 'VOS': 23}",8,41,282,0,Algún campo sin dato,16.Alta Verapaz,1.Cobán,2881,presidente
18702,,"{'UNE': 24, 'AZUL': 4, 'VALOR UNIONISTA': 15, 'CABAL': 6, 'TODOS': 1, 'VAMOS': 21, 'PHG': 0, 'PR': 1, 'PIN': 2, 'ELEFANTE': 1, 'VICTORIA': 20, 'SEMILLA': 32, 'FCN-NACION': 1, 'PPN': 10, 'UR': 2, 'URNG-MAIZ WINAQ': 12, 'CREO': 3, 'BIEN': 11, 'VIVA': 16, 'MI FAMILIA': 7, 'CAMBIO': 4, 'VOS': 18}",10,63,284,0,Algún campo sin dato,16.Alta Verapaz,1.Cobán,2881,presidente
18703,,"{'UNE': 17, 'AZUL': 4, 'VALOR UNIONISTA': 8, 'CABAL': 9, 'TODOS': 0, 'VAMOS': 20, 'PHG': 1, 'PR': 1, 'PIN': 0, 'ELEFANTE': 1, 'VICTORIA': 16, 'SEMILLA': 45, 'FCN-NACION': 0, 'PPN': 4, 'UR': 0, 'URNG-MAIZ WINAQ': 2, 'CREO': 0, 'BIEN': 4, 'VIVA': 23, 'MI FAMILIA': 1, 'CAMBIO': 0, 'VOS': 17}",3,55,231,0,Algún campo sin dato,16.Alta Verapaz,1.Cobán,2881,presidente
18704,,"{'UNE': 25, 'AZUL': 3, 'VALOR UNIONISTA': 20, 'CABAL': 9, 'TODOS': 0, 'VAMOS': 20, 'PHG': 1, 'PR': 2, 'PIN': 0, 'ELEFANTE': 1, 'VICTORIA': 18, 'SEMILLA': 21, 'FCN-NACION': 0, 'PPN': 11, 'UR': 2, 'URNG-MAIZ WINAQ': 6, 'CREO': 1, 'BIEN': 7, 'VIVA': 16, 'MI FAMILIA': 6, 'CAMBIO': 0, 'VOS': 14}",8,46,237,0,Algún campo sin dato,16.Alta Verapaz,1.Cobán,2881,presidente
18705,,"{'UNE': 27, 'AZUL': 2, 'VALOR UNIONISTA': 17, 'CABAL': 8, 'TODOS': 0, 'VAMOS': 13, 'PHG': 1, 'PR': 3, 'PIN': 0, 'ELEFANTE': 0, 'VICTORIA': 18, 'SEMILLA': 39, 'FCN-NACION': 1, 'PPN': 15, 'UR': 0, 'URNG-MAIZ WINAQ': 5, 'CREO': 0, 'BIEN': 8, 'VIVA': 17, 'MI FAMILIA': 7, 'CAMBIO': 2, 'VOS': 23}",5,55,266,0,Algún campo sin dato,16.Alta Verapaz,1.Cobán,2881,presidente
18706,,"{'UNE': 21, 'AZUL': 4, 'VALOR UNIONISTA': 10, 'CABAL': 11, 'TODOS': 2, 'VAMOS': 26, 'PHG': 1, 'PR': 0, 'PIN': 0, 'ELEFANTE': 1, 'VICTORIA': 23, 'SEMILLA': 32, 'FCN-NACION': 0, 'PPN': 10, 'UR': 0, 'URNG-MAIZ WINAQ': 3, 'CREO': 1, 'BIEN': 7, 'VIVA': 14, 'MI FAMILIA': 3, 'CAMBIO': 0, 'VOS': 19}",7,59,254,0,Algún campo sin dato,16.Alta Verapaz,1.Cobán,2881,presidente
18707,,"{'UNE': 22, 'AZUL': 6, 'VALOR UNIONISTA': 16, 'CABAL': 11, 'TODOS': 0, 'VAMOS': 18, 'PHG': 1, 'PR': 1, 'PIN': 0, 'ELEFANTE': 0, 'VICTORIA': 23, 'SEMILLA': 29, 'FCN-NACION': 1, 'PPN': 15, 'UR': 5, 'URNG-MAIZ WINAQ': 0, 'CREO': 1, 'BIEN': 5, 'VIVA': 16, 'MI FAMILIA': 8, 'CAMBIO': 2, 'VOS': 24}",3,55,262,0,Algún campo sin dato,16.Alta Verapaz,1.Cobán,2881,presidente
18708,,"{'UNE': 20, 'AZUL': 5, 'VALOR UNIONISTA': 15, 'CABAL': 18, 'TODOS': 1, 'VAMOS': 25, 'PHG': 2, 'PR': 1, 'PIN': 0, 'ELEFANTE': 0, 'VICTORIA': 18, 'SEMILLA': 19, 'FCN-NACION': 1, 'PPN': 10, 'UR': 1, 'URNG-MAIZ WINAQ': 2, 'CREO': 2, 'BIEN': 10, 'VIVA': 15, 'MI FAMILIA': 2, 'CAMBIO': 2, 'VOS': 20}",3,47,239,0,Algún campo sin dato,16.Alta Verapaz,1.Cobán,2881,presidente
18709,,"{'UNE': 12, 'AZUL': 3, 'VALOR UNIONISTA': 11, 'CABAL': 13, 'TODOS': 0, 'VAMOS': 22, 'PHG': 2, 'PR': 1, 'PIN': 0, 'ELEFANTE': 0, 'VICTORIA': 14, 'SEMILLA': 31, 'FCN-NACION': 1, 'PPN': 19, 'UR': 4, 'URNG-MAIZ WINAQ': 3, 'CREO': 1, 'BIEN': 2, 'VIVA': 22, 'MI FAMILIA': 6, 'CAMBIO': 3, 'VOS': 15}",3,52,240,0,Algún campo sin dato,16.Alta Verapaz,1.Cobán,2881,presidente
18710,,"{'UNE': 22, 'AZUL': 7, 'VALOR UNIONISTA': 15, 'CABAL': 9, 'TODOS': 1, 'VAMOS': 22, 'PHG': 2, 'PR': 5, 'PIN': 0, 'ELEFANTE': 1, 'VICTORIA': 19, 'SEMILLA': 27, 'FCN-NACION': 1, 'PPN': 8, 'UR': 1, 'URNG-MAIZ WINAQ': 5, 'CREO': 1, 'BIEN': 11, 'VIVA': 16, 'MI FAMILIA': 2, 'CAMBIO': 0, 'VOS': 22}",7,38,242,8,Sumas Asentadas sin cuadrar,16.Alta Verapaz,1.Cobán,2881,presidente
18711,,"{'UNE': 25, 'AZUL': 2, 'VALOR UNIONISTA': 7, 'CABAL': 15, 'TODOS': 1, 'VAMOS': 16, 'PHG': 0, 'PR': 0, 'PIN': 1, 'ELEFANTE': 1, 'VICTORIA': 12, 'SEMILLA': 32, 'FCN-NACION': 0, 'PPN': 13, 'UR': 2, 'URNG-MAIZ WINAQ': 3, 'CREO': 2, 'BIEN': 4, 'VIVA': 17, 'MI FAMILIA': 6, 'CAMBIO': 2, 'VOS': 12}",8,33,214,0,Algún campo sin dato,16.Alta Verapaz,1.Cobán,2881,presidente
18712,,"{'UNE': 19, 'AZUL': 3, 'VALOR UNIONISTA': 7, 'CABAL': 6, 'TODOS': 0, 'VAMOS': 13, 'PHG': 1, 'PR': 1, 'PIN': 0, 'ELEFANTE': 1, 'VICTORIA': 14, 'SEMILLA': 47, 'FCN-NACION': 0, 'PPN': 10, 'UR': 0, 'URNG-MAIZ WINAQ': 3, 'CREO': 2, 'BIEN': 9, 'VIVA': 20, 'MI FAMILIA': 7, 'CAMBIO': 3, 'VOS': 13}",2,47,228,2,Algún campo sin dato,16.Alta Verapaz,1.Cobán,2881,presidente
18713,,"{'UNE': 12, 'AZUL': 2, 'VALOR UNIONISTA': 10, 'CABAL': 10, 'TODOS': 0, 'VAMOS': 0, 'PHG': 2, 'PR': 1, 'PIN': 0, 'ELEFANTE': 0, 'VICTORIA': 13, 'SEMILLA': 64, 'FCN-NACION': 0, 'PPN': 10, 'UR': 0, 'URNG-MAIZ WINAQ': 2, 'CREO': 1, 'BIEN': 11, 'VIVA': 18, 'MI FAMILIA': 3, 'CAMBIO': 0, 'VOS': 15}",6,29,209,0,Sumas Asentadas sin cuadrar,16.Alta Verapaz,1.Cobán,2881,presidente
18714,,"{'UNE': 14, 'AZUL': 1, 'VALOR UNIONISTA': 3, 'CABAL': 5, 'TODOS': 1, 'VAMOS': 14, 'PHG': 1, 'PR': 1, 'PIN': 0, 'ELEFANTE': 0, 'VICTORIA': 16, 'SEMILLA': 63, 'FCN-NACION': 1, 'PPN': 3, 'UR': 1, 'URNG-MAIZ WINAQ': 1, 'CREO': 0, 'BIEN': 9, 'VIVA': 11, 'MI FAMILIA': 6, 'CAMBIO': 3, 'VOS': 21}",5,32,212,0,Algún campo sin dato,16.Alta Verapaz,1.Cobán,2881,presidente
18715,,"{'UNE': 11, 'AZUL': 2, 'VALOR UNIONISTA': 4, 'CABAL': 5, 'TODOS': 0, 'VAMOS': 12, 'PHG': 0, 'PR': 2, 'PIN': 0, 'ELEFANTE': 0, 'VICTORIA': 8, 'SEMILLA': 51, 'FCN-NACION': 3, 'PPN': 5, 'UR': 0, 'URNG-MAIZ WINAQ': 2, 'CREO': 0, 'BIEN': 4, 'VIVA': 10, 'MI FAMILIA': 2, 'CAMBIO': 0, 'VOS': 10}",2,26,159,0,Algún campo sin dato,16.Alta Verapaz,1.Cobán,2881,presidente
18716,,"{'UNE': 14, 'AZUL': 2, 'VALOR UNIONISTA': 6, 'CABAL': 3, 'TODOS': 1, 'VAMOS': 12, 'PHG': 0, 'PR': 1, 'PIN': 0, 'ELEFANTE': 0, 'VICTORIA': 15, 'SEMILLA': 25, 'FCN-NACION': 0, 'PPN': 18, 'UR': 2, 'URNG-MAIZ WINAQ': 0, 'CREO': 2, 'BIEN': 6, 'VIVA': 15, 'MI FAMILIA': 0, 'CAMBIO': 2, 'VOS': 16}",2,31,173,0,Algún campo sin dato,16.Alta Verapaz,1.Cobán,2881,presidente
18717,,"{'UNE': 26, 'AZUL': 2, 'VALOR UNIONISTA': 9, 'CABAL': 12, 'TODOS': 0, 'VAMOS': 24, 'PHG': 1, 'PR': 2, 'PIN': 0, 'ELEFANTE': 1, 'VICTORIA': 31, 'SEMILLA': 21, 'FCN-NACION': 1, 'PPN': 14, 'UR': 1, 'URNG-MAIZ WINAQ': 14, 'CREO': 2, 'BIEN': 4, 'VIVA': 20, 'MI FAMILIA': 2, 'CAMBIO': 1, 'VOS': 15}",16,54,273,0,Algún campo sin dato,16.Alta Verapaz,1.Cobán,2882,presidente
18718,,"{'UNE': 25, 'AZUL': 4, 'VALOR UNIONISTA': 11, 'CABAL': 6, 'TODOS': 0, 'VAMOS': 27, 'PHG': 2, 'PR': 1, 'PIN': 1, 'ELEFANTE': 1, 'VICTORIA': 46, 'SEMILLA': 22, 'FCN-NACION': 2, 'PPN': 17, 'UR': 1, 'URNG-MAIZ WINAQ': 3, 'CREO': 0, 'BIEN': 7, 'VIVA': 22, 'MI FAMILIA': 5, 'CAMBIO': 0, 'VOS': 12}",16,64,295,2,,16.Alta Verapaz,1.Cobán,2882,presidente
18719,,"{'UNE': 31, 'AZUL': 3, 'VALOR UNIONISTA': 10, 'CABAL': 10, 'TODOS': 0, 'VAMOS': 41, 'PHG': 1, 'PR': 4, 'PIN': 0, 'ELEFANTE': 2, 'VICTORIA': 31, 'SEMILLA': 20, 'FCN-NACION': 1, 'PPN': 8, 'UR': 4, 'URNG-MAIZ WINAQ': 8, 'CREO': 4, 'BIEN': 6, 'VIVA': 21, 'MI FAMILIA': 3, 'CAMBIO': 0, 'VOS': 13}",27,52,300,1,Algún campo sin dato,16.Alta Verapaz,1.Cobán,2882,presidente
18720,,"{'UNE': 24, 'AZUL': 6, 'VALOR UNIONISTA': 8, 'CABAL': 8, 'TODOS': 1, 'VAMOS': 35, 'PHG': 0, 'PR': 4, 'PIN': 3, 'ELEFANTE': 0, 'VICTORIA': 46, 'SEMILLA': 16, 'FCN-NACION': 0, 'PPN': 12, 'UR': 3, 'URNG-MAIZ WINAQ': 10, 'CREO': 5, 'BIEN': 3, 'VIVA': 20, 'MI FAMILIA': 2, 'CAMBIO': 1, 'VOS': 15}",10,52,284,0,,16.Alta Verapaz,1.Cobán,2882,presidente
18721,,"{'UNE': 16, 'AZUL': 4, 'VALOR UNIONISTA': 11, 'CABAL': 9, 'TODOS': 1, 'VAMOS': 42, 'PHG': 2, 'PR': 6, 'PIN': 0, 'ELEFANTE': 1, 'VICTORIA': 50, 'SEMILLA': 16, 'FCN-NACION': 0, 'PPN': 9, 'UR': 3, 'URNG-MAIZ WINAQ': 9, 'CREO': 0, 'BIEN': 7, 'VIVA': 26, 'MI FAMILIA': 7, 'CAMBIO': 1, 'VOS': 10}",14,45,289,0,,16.Alta Verapaz,1.Cobán,2882,presidente
18722,,"{'UNE': 18, 'AZUL': 1, 'VALOR UNIONISTA': 8, 'CABAL': 14, 'TODOS': 0, 'VAMOS': 22, 'PHG': 3, 'PR': 2, 'PIN': 0, 'ELEFANTE': 3, 'VICTORIA': 31, 'SEMILLA': 22, 'FCN-NACION': 2, 'PPN': 9, 'UR': 1, 'URNG-MAIZ WINAQ': 11, 'CREO': 4, 'BIEN': 8, 'VIVA': 20, 'MI FAMILIA': 5, 'CAMBIO': 0, 'VOS': 18}",14,63,279,0,Algún campo sin dato,16.Alta Verapaz,1.Cobán,2882,presidente
18723,,"{'UNE': 21, 'AZUL': 1, 'VALOR UNIONISTA': 8, 'CABAL': 8, 'TODOS': 1, 'VAMOS': 32, 'PHG': 2, 'PR': 1, 'PIN': 1, 'ELEFANTE': 3, 'VICTORIA': 37, 'SEMILLA': 23, 'FCN-NACION': 2, 'PPN': 13, 'UR': 2, 'URNG-MAIZ WINAQ': 22, 'CREO': 1, 'BIEN': 8, 'VIVA': 15, 'MI FAMILIA': 4, 'CAMBIO': 0, 'VOS': 11}",13,54,283,0,Algún campo sin dato,16.Alta Verapaz,1.Cobán,2882,presidente
18724,,"{'UNE': 28, 'AZUL': 8, 'VALOR UNIONISTA': 11, 'CABAL': 10, 'TODOS': 1, 'VAMOS': 25, 'PHG': 1, 'PR': 1, 'PIN': 2, 'ELEFANTE': 3, 'VICTORIA': 36, 'SEMILLA': 28, 'FCN-NACION': 2, 'PPN': 5, 'UR': 2, 'URNG-MAIZ WINAQ': 15, 'CREO': 5, 'BIEN': 7, 'VIVA': 26, 'MI FAMILIA': 3, 'CAMBIO': 0, 'VOS': 12}",16,50,297,0,Algún campo sin dato,16.Alta Verapaz,1.Cobán,2882,presidente
18725,,"{'UNE': 32, 'AZUL': 3, 'VALOR UNIONISTA': 12, 'CABAL': 8, 'TODOS': 0, 'VAMOS': 37, 'PHG': 0, 'PR': 2, 'PIN': 1, 'ELEFANTE': 0, 'VICTORIA': 31, 'SEMILLA': 19, 'FCN-NACION': 0, 'PPN': 20, 'UR': 1, 'URNG-MAIZ WINAQ': 6, 'CREO': 2, 'BIEN': 2, 'VIVA': 9, 'MI FAMILIA': 1, 'CAMBIO': 0, 'VOS': 11}",17,2,216,63,Algún campo sin dato,16.Alta Verapaz,1.Cobán,2882,presidente
18726,,"{'UNE': 18, 'AZUL': 2, 'VALOR UNIONISTA': 7, 'CABAL': 10, 'TODOS': 1, 'VAMOS': 22, 'PHG': 1, 'PR': 1, 'PIN': 1, 'ELEFANTE': 3, 'VICTORIA': 37, 'SEMILLA': 31, 'FCN-NACION': 5, 'PPN': 12, 'UR': 2, 'URNG-MAIZ WINAQ': 2, 'CREO': 2, 'BIEN': 5, 'VIVA': 19, 'MI FAMILIA': 3, 'CAMBIO': 0, 'VOS': 18}",8,44,254,0,Algún campo sin dato,16.Alta Verapaz,1.Cobán,2882,presidente
18727,,"{'UNE': 28, 'AZUL': 4, 'VALOR UNIONISTA': 11, 'CABAL': 4, 'TODOS': 0, 'VAMOS': 27, 'PHG': 2, 'PR': 1, 'PIN': 1, 'ELEFANTE': 1, 'VICTORIA': 40, 'SEMILLA': 21, 'FCN-NACION': 1, 'PPN': 12, 'UR': 2, 'URNG-MAIZ WINAQ': 6, 'CREO': 5, 'BIEN': 3, 'VIVA': 17, 'MI FAMILIA': 2, 'CAMBIO': 0, 'VOS': 12}",9,40,249,0,Algún campo sin dato,16.Alta Verapaz,1.Cobán,2882,presidente
18728,,"{'UNE': 18, 'AZUL': 4, 'VALOR UNIONISTA': 15, 'CABAL': 7, 'TODOS': 1, 'VAMOS': 18, 'PHG': 1, 'PR': 4, 'PIN': 0, 'ELEFANTE': 0, 'VICTORIA': 35, 'SEMILLA': 19, 'FCN-NACION': 1, 'PPN': 15, 'UR': 2, 'URNG-MAIZ WINAQ': 2, 'CREO': 2, 'BIEN': 5, 'VIVA': 25, 'MI FAMILIA': 1, 'CAMBIO': 1, 'VOS': 18}",8,54,256,0,Algún campo sin dato,16.Alta Verapaz,1.Cobán,2882,presidente
18729,,"{'UNE': 23, 'AZUL': 5, 'VALOR UNIONISTA': 13, 'CABAL': 13, 'TODOS': 1, 'VAMOS': 26, 'PHG': 1, 'PR': 2, 'PIN': 1, 'ELEFANTE': 1, 'VICTORIA': 35, 'SEMILLA': 34, 'FCN-NACION': 0, 'PPN': 10, 'UR': 0, 'URNG-MAIZ WINAQ': 7, 'CREO': 4, 'BIEN': 3, 'VIVA': 19, 'MI FAMILIA': 4, 'CAMBIO': 0, 'VOS': 23}",6,52,283,0,Algún campo sin dato,16.Alta Verapaz,1.Cobán,2882,presidente
18730,,"{'UNE': 20, 'AZUL': 5, 'VALOR UNIONISTA': 7, 'CABAL': 10, 'TODOS': 1, 'VAMOS': 24, 'PHG': 1, 'PR': 0, 'PIN': 0, 'ELEFANTE': 0, 'VICTORIA': 28, 'SEMILLA': 27, 'FCN-NACION': 1, 'PPN': 12, 'UR': 0, 'URNG-MAIZ WINAQ': 14, 'CREO': 1, 'BIEN': 7, 'VIVA': 19, 'MI FAMILIA': 1, 'CAMBIO': 0, 'VOS': 15}",12,65,270,0,Algún campo sin dato,16.Alta Verapaz,1.Cobán,2882,presidente
18731,,"{'UNE': 21, 'AZUL': 3, 'VALOR UNIONISTA': 5, 'CABAL': 7, 'TODOS': 0, 'VAMOS': 26, 'PHG': 1, 'PR': 2, 'PIN': 0, 'ELEFANTE': 1, 'VICTORIA': 32, 'SEMILLA': 25, 'FCN-NACION': 2, 'PPN': 11, 'UR': 1, 'URNG-MAIZ WINAQ': 7, 'CREO': 2, 'BIEN': 6, 'VIVA': 21, 'MI FAMILIA': 4, 'CAMBIO': 1, 'VOS': 4}",15,71,268,0,Algún campo sin dato,16.Alta Verapaz,1.Cobán,2883,presidente
18732,,"{'UNE': 25, 'AZUL': 7, 'VALOR UNIONISTA': 15, 'CABAL': 14, 'TODOS': 1, 'VAMOS': 25, 'PHG': 2, 'PR': 0, 'PIN': 0, 'ELEFANTE': 2, 'VICTORIA': 34, 'SEMILLA': 39, 'FCN-NACION': 2, 'PPN': 5, 'UR': 0, 'URNG-MAIZ WINAQ': 8, 'CREO': 0, 'BIEN': 3, 'VIVA': 19, 'MI FAMILIA': 3, 'CAMBIO': 1, 'VOS': 18}",5,46,274,0,Algún campo sin dato,16.Alta Verapaz,1.Cobán,2883,presidente
18733,,"{'UNE': 14, 'AZUL': 4, 'VALOR UNIONISTA': 10, 'CABAL': 8, 'TODOS': 0, 'VAMOS': 22, 'PHG': 2, 'PR': 2, 'PIN': 1, 'ELEFANTE': 3, 'VICTORIA': 49, 'SEMILLA': 23, 'FCN-NACION': 0, 'PPN': 14, 'UR': 2, 'URNG-MAIZ WINAQ': 5, 'CREO': 1, 'BIEN': 9, 'VIVA': 22, 'MI FAMILIA': 1, 'CAMBIO': 0, 'VOS': 13}",9,64,278,0,Algún campo sin dato,16.Alta Verapaz,1.Cobán,2883,presidente
18734,,"{'UNE': 23, 'AZUL': 3, 'VALOR UNIONISTA': 10, 'CABAL': 6, 'TODOS': 1, 'VAMOS': 20, 'PHG': 1, 'PR': 1, 'PIN': 0, 'ELEFANTE': 1, 'VICTORIA': 28, 'SEMILLA': 26, 'FCN-NACION': 1, 'PPN': 10, 'UR': 2, 'URNG-MAIZ WINAQ': 11, 'CREO': 0, 'BIEN': 6, 'VIVA': 18, 'MI FAMILIA': 3, 'CAMBIO': 0, 'VOS': 16}",10,62,259,0,Algún campo sin dato,16.Alta Verapaz,1.Cobán,2883,presidente
18735,,"{'UNE': 20, 'AZUL': 0, 'VALOR UNIONISTA': 8, 'CABAL': 5, 'TODOS': 1, 'VAMOS': 30, 'PHG': 3, 'PR': 1, 'PIN': 0, 'ELEFANTE': 2, 'VICTORIA': 41, 'SEMILLA': 18, 'FCN-NACION': 0, 'PPN': 20, 'UR': 2, 'URNG-MAIZ WINAQ': 3, 'CREO': 1, 'BIEN': 3, 'VIVA': 16, 'MI FAMILIA': 0, 'CAMBIO': 0, 'VOS': 8}",13,52,247,0,Algún campo sin dato,16.Alta Verapaz,1.Cobán,2883,presidente
18736,,"{'UNE': 21, 'AZUL': 2, 'VALOR UNIONISTA': 11, 'CABAL': 4, 'TODOS': 0, 'VAMOS': 31, 'PHG': 0, 'PR': 1, 'PIN': 0, 'ELEFANTE': 0, 'VICTORIA': 30, 'SEMILLA': 25, 'FCN-NACION': 0, 'PPN': 10, 'UR': 1, 'URNG-MAIZ WINAQ': 3, 'CREO': 1, 'BIEN': 9, 'VIVA': 22, 'MI FAMILIA': 2, 'CAMBIO': 0, 'VOS': 21}",5,53,252,0,Algún campo sin dato,16.Alta Verapaz,1.Cobán,2883,presidente
18737,,"{'UNE': 23, 'AZUL': 1, 'VALOR UNIONISTA': 8, 'CABAL': 8, 'TODOS': 2, 'VAMOS': 21, 'PHG': 2, 'PR': 3, 'PIN': 0, 'ELEFANTE': 0, 'VICTORIA': 23, 'SEMILLA': 27, 'FCN-NACION': 4, 'PPN': 14, 'UR': 3, 'URNG-MAIZ WINAQ': 7, 'CREO': 2, 'BIEN': 8, 'VIVA': 20, 'MI FAMILIA': 5, 'CAMBIO': 1, 'VOS': 16}",7,53,258,0,Algún campo sin dato,16.Alta Verapaz,1.Cobán,2883,presidente
18738,,"{'UNE': 19, 'AZUL': 0, 'VALOR UNIONISTA': 6, 'CABAL': 4, 'TODOS': 0, 'VAMOS': 11, 'PHG': 0, 'PR': 0, 'PIN': 0, 'ELEFANTE': 1, 'VICTORIA': 33, 'SEMILLA': 39, 'FCN-NACION': 0, 'PPN': 0, 'UR': 2, 'URNG-MAIZ WINAQ': 0, 'CREO': 1, 'BIEN': 5, 'VIVA': 26, 'MI FAMILIA': 2, 'CAMBIO': 0, 'VOS': 12}",8,46,215,0,Sumas Asentadas sin cuadrar,16.Alta Verapaz,1.Cobán,2883,presidente
18739,,"{'UNE': 20, 'AZUL': 1, 'VALOR UNIONISTA': 3, 'CABAL': 4, 'TODOS': 0, 'VAMOS': 27, 'PHG': 0, 'PR': 1, 'PIN': 1, 'ELEFANTE': 0, 'VICTORIA': 24, 'SEMILLA': 47, 'FCN-NACION': 0, 'PPN': 2, 'UR': 0, 'URNG-MAIZ WINAQ': 5, 'CREO': 3, 'BIEN': 10, 'VIVA': 19, 'MI FAMILIA': 1, 'CAMBIO': 0, 'VOS': 12}",1,38,219,5,Algún campo sin dato,16.Alta Verapaz,1.Cobán,2883,presidente
18740,,"{'UNE': 12, 'AZUL': 2, 'VALOR UNIONISTA': 12, 'CABAL': 10, 'TODOS': 0, 'VAMOS': 23, 'PHG': 1, 'PR': 0, 'PIN': 1, 'ELEFANTE': 0, 'VICTORIA': 18, 'SEMILLA': 71, 'FCN-NACION': 1, 'PPN': 8, 'UR': 1, 'URNG-MAIZ WINAQ': 3, 'CREO': 1, 'BIEN': 8, 'VIVA': 16, 'MI FAMILIA': 1, 'CAMBIO': 1, 'VOS': 12}",0,27,229,0,Algún campo sin dato,16.Alta Verapaz,1.Cobán,2883,presidente
18741,,"{'UNE': 25, 'AZUL': 1, 'VALOR UNIONISTA': 4, 'CABAL': 9, 'TODOS': 0, 'VAMOS': 29, 'PHG': 0, 'PR': 0, 'PIN': 0, 'ELEFANTE': 0, 'VICTORIA': 27, 'SEMILLA': 37, 'FCN-NACION': 0, 'PPN': 5, 'UR': 0, 'URNG-MAIZ WINAQ': 1, 'CREO': 0, 'BIEN': 3, 'VIVA': 27, 'MI FAMILIA': 0, 'CAMBIO': 1, 'VOS': 11}",5,32,217,0,,16.Alta Verapaz,1.Cobán,2883,presidente
18742,,"{'UNE': 12, 'AZUL': 2, 'VALOR UNIONISTA': 10, 'CABAL': 7, 'TODOS': 0, 'VAMOS': 20, 'PHG': 1, 'PR': 0, 'PIN': 1, 'ELEFANTE': 0, 'VICTORIA': 20, 'SEMILLA': 64, 'FCN-NACION': 0, 'PPN': 8, 'UR': 0, 'URNG-MAIZ WINAQ': 1, 'CREO': 1, 'BIEN': 6, 'VIVA': 19, 'MI FAMILIA': 0, 'CAMBIO': 1, 'VOS': 9}",1,25,208,0,Algún campo sin dato,16.Alta Verapaz,1.Cobán,2883,presidente
18743,,"{'UNE': 11, 'AZUL': 1, 'VALOR UNIONISTA': 0, 'CABAL': 1, 'TODOS': 1, 'VAMOS': 13, 'PHG': 3, 'PR': 0, 'PIN': 0, 'ELEFANTE': 0, 'VICTORIA': 20, 'SEMILLA': 37, 'FCN-NACION': 0, 'PPN': 10, 'UR': 0, 'URNG-MAIZ WINAQ': 0, 'CREO': 1, 'BIEN': 3, 'VIVA': 12, 'MI FAMILIA': 3, 'CAMBIO': 0, 'VOS': 9}",3,33,161,0,Algún campo sin dato,16.Alta Verapaz,1.Cobán,2883,presidente
18744,,"{'UNE': 11, 'AZUL': 2, 'VALOR UNIONISTA': 5, 'CABAL': 7, 'TODOS': 0, 'VAMOS': 25, 'PHG': 2, 'PR': 0, 'PIN': 0, 'ELEFANTE': 1, 'VICTORIA': 17, 'SEMILLA': 23, 'FCN-NACION': 0, 'PPN': 9, 'UR': 1, 'URNG-MAIZ WINAQ': 4, 'CREO': 1, 'BIEN': 7, 'VIVA': 9, 'MI FAMILIA': 1, 'CAMBIO': 1, 'VOS': 5}",7,25,163,0,Algún campo sin dato,16.Alta Verapaz,1.Cobán,2883,presidente
18745,,"{'UNE': 26, 'AZUL': 8, 'VALOR UNIONISTA': 5, 'CABAL': 9, 'TODOS': 0, 'VAMOS': 49, 'PHG': 0, 'PR': 1, 'PIN': 1, 'ELEFANTE': 0, 'VICTORIA': 82, 'SEMILLA': 20, 'FCN-NACION': 1, 'PPN': 15, 'UR': 1, 'URNG-MAIZ WINAQ': 4, 'CREO': 2, 'BIEN': 0, 'VIVA': 17, 'MI FAMILIA': 2, 'CAMBIO': 0, 'VOS': 8}",23,49,323,0,Algún campo sin dato,16.Alta Verapaz,1.Cobán,2884,presidente
18746,,"{'UNE': 20, 'AZUL': 3, 'VALOR UNIONISTA': 6, 'CABAL': 8, 'TODOS': 0, 'VAMOS': 31, 'PHG': 1, 'PR': 1, 'PIN': 1, 'ELEFANTE': 1, 'VICTORIA': 87, 'SEMILLA': 19, 'FCN-NACION': 1, 'PPN': 4, 'UR': 0, 'URNG-MAIZ WINAQ': 12, 'CREO': 2, 'BIEN': 3, 'VIVA': 18, 'MI FAMILIA': 3, 'CAMBIO': 0, 'VOS': 5}",28,64,318,0,Algún campo sin dato,16.Alta Verapaz,1.Cobán,2884,presidente
18747,,"{'UNE': 29, 'AZUL': 2, 'VALOR UNIONISTA': 8, 'CABAL': 9, 'TODOS': 0, 'VAMOS': 31, 'PHG': 1, 'PR': 1, 'PIN': 0, 'ELEFANTE': 1, 'VICTORIA': 75, 'SEMILLA': 24, 'FCN-NACION': 1, 'PPN': 7, 'UR': 1, 'URNG-MAIZ WINAQ': 9, 'CREO': 0, 'BIEN': 1, 'VIVA': 17, 'MI FAMILIA': 1, 'CAMBIO': 0, 'VOS': 5}",16,54,293,0,Algún campo sin dato,16.Alta Verapaz,1.Cobán,2884,presidente
18748,,"{'UNE': 12, 'AZUL': 2, 'VALOR UNIONISTA': 6, 'CABAL': 12, 'TODOS': 0, 'VAMOS': 29, 'PHG': 0, 'PR': 1, 'PIN': 0, 'ELEFANTE': 1, 'VICTORIA': 57, 'SEMILLA': 27, 'FCN-NACION': 1, 'PPN': 14, 'UR': 0, 'URNG-MAIZ WINAQ': 8, 'CREO': 1, 'BIEN': 4, 'VIVA': 17, 'MI FAMILIA': 1, 'CAMBIO': 2, 'VOS': 10}",17,50,272,0,Algún campo sin dato,16.Alta Verapaz,1.Cobán,2884,presidente
18749,,"{'UNE': 24, 'AZUL': 7, 'VALOR UNIONISTA': 4, 'CABAL': 5, 'TODOS': 0, 'VAMOS': 23, 'PHG': 0, 'PR': 0, 'PIN': 1, 'ELEFANTE': 0, 'VICTORIA': 69, 'SEMILLA': 23, 'FCN-NACION': 2, 'PPN': 6, 'UR': 3, 'URNG-MAIZ WINAQ': 2, 'CREO': 2, 'BIEN': 0, 'VIVA': 23, 'MI FAMILIA': 1, 'CAMBIO': 0, 'VOS': 10}",19,40,264,1,Algún campo sin dato,16.Alta Verapaz,1.Cobán,2884,presidente
18750,,"{'UNE': 16, 'AZUL': 2, 'VALOR UNIONISTA': 9, 'CABAL': 3, 'TODOS': 2, 'VAMOS': 25, 'PHG': 1, 'PR': 0, 'PIN': 0, 'ELEFANTE': 0, 'VICTORIA': 67, 'SEMILLA': 32, 'FCN-NACION': 1, 'PPN': 5, 'UR': 0, 'URNG-MAIZ WINAQ': 0, 'CREO': 0, 'BIEN': 1, 'VIVA': 9, 'MI FAMILIA': 0, 'CAMBIO': 0, 'VOS': 5}",8,44,230,0,Algún campo sin dato,16.Alta Verapaz,1.Cobán,2884,presidente
18751,,"{'UNE': 23, 'AZUL': 3, 'VALOR UNIONISTA': 2, 'CABAL': 5, 'TODOS': 0, 'VAMOS': 32, 'PHG': 2, 'PR': 0, 'PIN': 1, 'ELEFANTE': 0, 'VICTORIA': 40, 'SEMILLA': 31, 'FCN-NACION': 1, 'PPN': 6, 'UR': 0, 'URNG-MAIZ WINAQ': 1, 'CREO': 0, 'BIEN': 2, 'VIVA': 17, 'MI FAMILIA': 1, 'CAMBIO': 0, 'VOS': 6}",5,35,213,0,Algún campo sin dato,16.Alta Verapaz,1.Cobán,2884,presidente
18752,,"{'UNE': 25, 'AZUL': 7, 'VALOR UNIONISTA': 5, 'CABAL': 15, 'TODOS': 4, 'VAMOS': 19, 'PHG': 0, 'PR': 3, 'PIN': 0, 'ELEFANTE': 1, 'VICTORIA': 57, 'SEMILLA': 5, 'FCN-NACION': 0, 'PPN': 10, 'UR': 1, 'URNG-MAIZ WINAQ': 0, 'CREO': 1, 'BIEN': 4, 'VIVA': 34, 'MI FAMILIA': 4, 'CAMBIO': 0, 'VOS': 6}",25,82,308,0,Algún campo sin dato,16.Alta Verapaz,1.Cobán,2885,presidente
18753,,"{'UNE': 27, 'AZUL': 3, 'VALOR UNIONISTA': 8, 'CABAL': 9, 'TODOS': 3, 'VAMOS': 33, 'PHG': 0, 'PR': 4, 'PIN': 0, 'ELEFANTE': 0, 'VICTORIA': 54, 'SEMILLA': 11, 'FCN-NACION': 0, 'PPN': 8, 'UR': 0, 'URNG-MAIZ WINAQ': 3, 'CREO': 2, 'BIEN': 3, 'VIVA': 36, 'MI FAMILIA': 1, 'CAMBIO': 0, 'VOS': 7}",31,61,304,0,Algún campo sin dato,16.Alta Verapaz,1.Cobán,2885,presidente
18754,,"{'UNE': 25, 'AZUL': 3, 'VALOR UNIONISTA': 6, 'CABAL': 13, 'TODOS': 2, 'VAMOS': 22, 'PHG': 0, 'PR': 3, 'PIN': 0, 'ELEFANTE': 0, 'VICTORIA': 49, 'SEMILLA': 17, 'FCN-NACION': 0, 'PPN': 10, 'UR': 1, 'URNG-MAIZ WINAQ': 5, 'CREO': 3, 'BIEN': 1, 'VIVA': 32, 'MI FAMILIA': 5, 'CAMBIO': 0, 'VOS': 5}",13,74,289,0,Algún campo sin dato,16.Alta Verapaz,1.Cobán,2885,presidente
18755,,"{'UNE': 29, 'AZUL': 2, 'VALOR UNIONISTA': 8, 'CABAL': 11, 'TODOS': 3, 'VAMOS': 22, 'PHG': 0, 'PR': 1, 'PIN': 0, 'ELEFANTE': 0, 'VICTORIA': 51, 'SEMILLA': 15, 'FCN-NACION': 1, 'PPN': 14, 'UR': 3, 'URNG-MAIZ WINAQ': 2, 'CREO': 0, 'BIEN': 5, 'VIVA': 29, 'MI FAMILIA': 2, 'CAMBIO': 1, 'VOS': 12}",6,60,277,0,Algún campo sin dato,16.Alta Verapaz,1.Cobán,2885,presidente
18756,,"{'UNE': 33, 'AZUL': 1, 'VALOR UNIONISTA': 7, 'CABAL': 10, 'TODOS': 2, 'VAMOS': 23, 'PHG': 0, 'PR': 2, 'PIN': 0, 'ELEFANTE': 0, 'VICTORIA': 43, 'SEMILLA': 10, 'FCN-NACION': 0, 'PPN': 13, 'UR': 0, 'URNG-MAIZ WINAQ': 1, 'CREO': 1, 'BIEN': 2, 'VIVA': 30, 'MI FAMILIA': 1, 'CAMBIO': 0, 'VOS': 2}",15,63,259,0,Algún campo sin dato,16.Alta Verapaz,1.Cobán,2885,presidente
18757,,"{'UNE': 16, 'AZUL': 1, 'VALOR UNIONISTA': 7, 'CABAL': 9, 'TODOS': 3, 'VAMOS': 14, 'PHG': 2, 'PR': 0, 'PIN': 0, 'ELEFANTE': 1, 'VICTORIA': 29, 'SEMILLA': 24, 'FCN-NACION': 1, 'PPN': 8, 'UR': 0, 'URNG-MAIZ WINAQ': 1, 'CREO': 1, 'BIEN': 5, 'VIVA': 27, 'MI FAMILIA': 4, 'CAMBIO': 0, 'VOS': 12}",7,65,237,0,Algún campo sin dato,16.Alta Verapaz,1.Cobán,2885,presidente
18758,,"{'UNE': 8, 'AZUL': 0, 'VALOR UNIONISTA': 2, 'CABAL': 3, 'TODOS': 0, 'VAMOS': 12, 'PHG': 1, 'PR': 0, 'PIN': 0, 'ELEFANTE': 0, 'VICTORIA': 21, 'SEMILLA': 31, 'FCN-NACION': 1, 'PPN': 6, 'UR': 0, 'URNG-MAIZ WINAQ': 0, 'CREO': 2, 'BIEN': 1, 'VIVA': 15, 'MI FAMILIA': 2, 'CAMBIO': 0, 'VOS': 5}",0,36,146,0,Algún campo sin dato,16.Alta Verapaz,1.Cobán,2885,presidente
18759,,"{'UNE': 16, 'AZUL': 1, 'VALOR UNIONISTA': 3, 'CABAL': 2, 'TODOS': 0, 'VAMOS': 8, 'PHG': 0, 'PR': 0, 'PIN': 0, 'ELEFANTE': 1, 'VICTORIA': 13, 'SEMILLA': 12, 'FCN-NACION': 1, 'PPN': 2, 'UR': 0, 'URNG-MAIZ WINAQ': 0, 'CREO': 0, 'BIEN': 1, 'VIVA': 12, 'MI FAMILIA': 2, 'CAMBIO': 0, 'VOS': 4}",1,22,101,0,Algún campo sin dato,16.Alta Verapaz,1.Cobán,2885,presidente
18760,,"{'UNE': 24, 'AZUL': 5, 'VALOR UNIONISTA': 10, 'CABAL': 5, 'TODOS': 2, 'VAMOS': 30, 'PHG': 1, 'PR': 5, 'PIN': 0, 'ELEFANTE': 0, 'VICTORIA': 45, 'SEMILLA': 19, 'FCN-NACION': 0, 'PPN': 21, 'UR': 4, 'URNG-MAIZ WINAQ': 7, 'CREO': 2, 'BIEN': 5, 'VIVA': 16, 'MI FAMILIA': 0, 'CAMBIO': 0, 'VOS': 8}",20,68,297,0,Algún campo sin dato,16.Alta Verapaz,1.Cobán,2886,presidente
18761,,"{'UNE': 30, 'AZUL': 0, 'VALOR UNIONISTA': 10, 'CABAL': 11, 'TODOS': 2, 'VAMOS': 18, 'PHG': 0, 'PR': 3, 'PIN': 0, 'ELEFANTE': 1, 'VICTORIA': 52, 'SEMILLA': 24, 'FCN-NACION': 3, 'PPN': 17, 'UR': 1, 'URNG-MAIZ WINAQ': 5, 'CREO': 0, 'BIEN': 1, 'VIVA': 14, 'MI FAMILIA': 2, 'CAMBIO': 0, 'VOS': 19}",18,55,286,0,Sumas Asentadas sin cuadrar,16.Alta Verapaz,1.Cobán,2886,presidente
18762,,"{'UNE': 24, 'AZUL': 4, 'VALOR UNIONISTA': 21, 'CABAL': 7, 'TODOS': 0, 'VAMOS': 27, 'PHG': 0, 'PR': 1, 'PIN': 0, 'ELEFANTE': 1, 'VICTORIA': 53, 'SEMILLA': 19, 'FCN-NACION': 1, 'PPN': 18, 'UR': 0, 'URNG-MAIZ WINAQ': 1, 'CREO': 1, 'BIEN': 2, 'VIVA': 17, 'MI FAMILIA': 3, 'CAMBIO': 1, 'VOS': 13}",16,59,289,0,Algún campo sin dato,16.Alta Verapaz,1.Cobán,2886,presidente
18763,,"{'UNE': 27, 'AZUL': 3, 'VALOR UNIONISTA': 9, 'CABAL': 7, 'TODOS': 1, 'VAMOS': 20, 'PHG': 1, 'PR': 2, 'PIN': 0, 'ELEFANTE': 2, 'VICTORIA': 53, 'SEMILLA': 16, 'FCN-NACION': 1, 'PPN': 14, 'UR': 1, 'URNG-MAIZ WINAQ': 6, 'CREO': 1, 'BIEN': 0, 'VIVA': 21, 'MI FAMILIA': 5, 'CAMBIO': 1, 'VOS': 15}",11,65,282,0,,16.Alta Verapaz,1.Cobán,2886,presidente
18764,,"{'UNE': 17, 'AZUL': 2, 'VALOR UNIONISTA': 9, 'CABAL': 8, 'TODOS': 1, 'VAMOS': 23, 'PHG': 1, 'PR': 0, 'PIN': 0, 'ELEFANTE': 0, 'VICTORIA': 32, 'SEMILLA': 29, 'FCN-NACION': 2, 'PPN': 20, 'UR': 1, 'URNG-MAIZ WINAQ': 3, 'CREO': 0, 'BIEN': 6, 'VIVA': 15, 'MI FAMILIA': 1, 'CAMBIO': 0, 'VOS': 10}",5,41,226,0,,16.Alta Verapaz,1.Cobán,2886,presidente
18765,,"{'UNE': 17, 'AZUL': 1, 'VALOR UNIONISTA': 6, 'CABAL': 6, 'TODOS': 1, 'VAMOS': 11, 'PHG': 1, 'PR': 1, 'PIN': 0, 'ELEFANTE': 0, 'VICTORIA': 25, 'SEMILLA': 42, 'FCN-NACION': 1, 'PPN': 5, 'UR': 1, 'URNG-MAIZ WINAQ': 2, 'CREO': 2, 'BIEN': 1, 'VIVA': 7, 'MI FAMILIA': 0, 'CAMBIO': 0, 'VOS': 11}",8,33,182,0,Algún campo sin dato,16.Alta Verapaz,1.Cobán,2886,presidente
18766,,"{'UNE': 50, 'AZUL': 4, 'VALOR UNIONISTA': 7, 'CABAL': 8, 'TODOS': 0, 'VAMOS': 53, 'PHG': 0, 'PR': 0, 'PIN': 0, 'ELEFANTE': 1, 'VICTORIA': 37, 'SEMILLA': 6, 'FCN-NACION': 1, 'PPN': 8, 'UR': 0, 'URNG-MAIZ WINAQ': 3, 'CREO': 2, 'BIEN': 3, 'VIVA': 21, 'MI FAMILIA': 1, 'CAMBIO': 1, 'VOS': 2}",30,69,307,0,Algún campo sin dato,16.Alta Verapaz,1.Cobán,2887,presidente
18767,,"{'UNE': 29, 'AZUL': 2, 'VALOR UNIONISTA': 6, 'CABAL': 7, 'TODOS': 0, 'VAMOS': 55, 'PHG': 0, 'PR': 0, 'PIN': 0, 'ELEFANTE': 0, 'VICTORIA': 28, 'SEMILLA': 0, 'FCN-NACION': 1, 'PPN': 8, 'UR': 1, 'URNG-MAIZ WINAQ': 0, 'CREO': 0, 'BIEN': 6, 'VIVA': 21, 'MI FAMILIA': 0, 'CAMBIO': 0, 'VOS': 3}",37,88,292,0,Algún campo sin dato,16.Alta Verapaz,1.Cobán,2887,presidente
18768,,"{'UNE': 44, 'AZUL': 3, 'VALOR UNIONISTA': 7, 'CABAL': 5, 'TODOS': 1, 'VAMOS': 47, 'PHG': 0, 'PR': 1, 'PIN': 0, 'ELEFANTE': 0, 'VICTORIA': 31, 'SEMILLA': 0, 'FCN-NACION': 2, 'PPN': 11, 'UR': 1, 'URNG-MAIZ WINAQ': 3, 'CREO': 2, 'BIEN': 3, 'VIVA': 19, 'MI FAMILIA': 2, 'CAMBIO': 0, 'VOS': 1}",28,81,292,0,Algún campo sin dato,16.Alta Verapaz,1.Cobán,2887,presidente
18769,,"{'UNE': 41, 'AZUL': 2, 'VALOR UNIONISTA': 5, 'CABAL': 8, 'TODOS': 0, 'VAMOS': 40, 'PHG': 2, 'PR': 1, 'PIN': 0, 'ELEFANTE': 0, 'VICTORIA': 33, 'SEMILLA': 3, 'FCN-NACION': 1, 'PPN': 5, 'UR': 1, 'URNG-MAIZ WINAQ': 0, 'CREO': 2, 'BIEN': 3, 'VIVA': 12, 'MI FAMILIA': 3, 'CAMBIO': 0, 'VOS': 3}",33,93,291,0,Algún campo sin dato,16.Alta Verapaz,1.Cobán,2887,presidente
18770,,"{'UNE': 37, 'AZUL': 0, 'VALOR UNIONISTA': 6, 'CABAL': 4, 'TODOS': 0, 'VAMOS': 42, 'PHG': 0, 'PR': 0, 'PIN': 1, 'ELEFANTE': 0, 'VICTORIA': 24, 'SEMILLA': 4, 'FCN-NACION': 1, 'PPN': 3, 'UR': 0, 'URNG-MAIZ WINAQ': 1, 'CREO': 1, 'BIEN': 4, 'VIVA': 20, 'MI FAMILIA': 2, 'CAMBIO': 0, 'VOS': 1}",19,65,235,0,Algún campo sin dato,16.Alta Verapaz,1.Cobán,2887,presidente
18771,,"{'UNE': 35, 'AZUL': 2, 'VALOR UNIONISTA': 2, 'CABAL': 8, 'TODOS': 0, 'VAMOS': 23, 'PHG': 0, 'PR': 1, 'PIN': 0, 'ELEFANTE': 0, 'VICTORIA': 19, 'SEMILLA': 3, 'FCN-NACION': 1, 'PPN': 2, 'UR': 0, 'URNG-MAIZ WINAQ': 4, 'CREO': 0, 'BIEN': 3, 'VIVA': 10, 'MI FAMILIA': 0, 'CAMBIO': 0, 'VOS': 1}",10,43,167,0,Algún campo sin dato,16.Alta Verapaz,1.Cobán,2887,presidente
18772,,"{'UNE': 45, 'AZUL': 7, 'VALOR UNIONISTA': 6, 'CABAL': 4, 'TODOS': 3, 'VAMOS': 28, 'PHG': 1, 'PR': 1, 'PIN': 0, 'ELEFANTE': 0, 'VICTORIA': 36, 'SEMILLA': 1, 'FCN-NACION': 2, 'PPN': 8, 'UR': 1, 'URNG-MAIZ WINAQ': 3, 'CREO': 0, 'BIEN': 1, 'VIVA': 24, 'MI FAMILIA': 5, 'CAMBIO': 1, 'VOS': 0}",34,73,284,0,Algún campo sin dato,16.Alta Verapaz,1.Cobán,2888,presidente
18773,,"{'UNE': 38, 'AZUL': 0, 'VALOR UNIONISTA': 7, 'CABAL': 6, 'TODOS': 0, 'VAMOS': 38, 'PHG': 1, 'PR': 1, 'PIN': 0, 'ELEFANTE': 0, 'VICTORIA': 23, 'SEMILLA': 0, 'FCN-NACION': 2, 'PPN': 5, 'UR': 0, 'URNG-MAIZ WINAQ': 1, 'CREO': 0, 'BIEN': 1, 'VIVA': 16, 'MI FAMILIA': 1, 'CAMBIO': 0, 'VOS': 2}",26,80,248,1,Algún campo sin dato,16.Alta Verapaz,1.Cobán,2888,presidente
18774,,"{'UNE': 64, 'AZUL': 3, 'VALOR UNIONISTA': 7, 'CABAL': 4, 'TODOS': 0, 'VAMOS': 24, 'PHG': 0, 'PR': 0, 'PIN': 0, 'ELEFANTE': 0, 'VICTORIA': 14, 'SEMILLA': 1, 'FCN-NACION': 1, 'PPN': 5, 'UR': 0, 'URNG-MAIZ WINAQ': 5, 'CREO': 2, 'BIEN': 1, 'VIVA': 10, 'MI FAMILIA': 1, 'CAMBIO': 0, 'VOS': 1}",30,77,250,0,Sumas Asentadas sin cuadrar,16.Alta Verapaz,1.Cobán,2888,presidente
18775,,"{'UNE': 64, 'AZUL': 4, 'VALOR UNIONISTA': 5, 'CABAL': 6, 'TODOS': 1, 'VAMOS': 18, 'PHG': 0, 'PR': 1, 'PIN': 0, 'ELEFANTE': 0, 'VICTORIA': 31, 'SEMILLA': 0, 'FCN-NACION': 1, 'PPN': 7, 'UR': 0, 'URNG-MAIZ WINAQ': 4, 'CREO': 1, 'BIEN': 2, 'VIVA': 20, 'MI FAMILIA': 4, 'CAMBIO': 0, 'VOS': 2}",23,95,289,0,Algún campo sin dato,16.Alta Verapaz,1.Cobán,2888,presidente
18776,,"{'UNE': 49, 'AZUL': 2, 'VALOR UNIONISTA': 4, 'CABAL': 8, 'TODOS': 4, 'VAMOS': 36, 'PHG': 0, 'PR': 0, 'PIN': 1, 'ELEFANTE': 0, 'VICTORIA': 23, 'SEMILLA': 0, 'FCN-NACION': 0, 'PPN': 8, 'UR': 0, 'URNG-MAIZ WINAQ': 1, 'CREO': 2, 'BIEN': 1, 'VIVA': 14, 'MI FAMILIA': 4, 'CAMBIO': 0, 'VOS': 1}",21,84,263,0,Algún campo sin dato,16.Alta Verapaz,1.Cobán,2888,presidente
18777,,"{'UNE': 49, 'AZUL': 3, 'VALOR UNIONISTA': 8, 'CABAL': 4, 'TODOS': 1, 'VAMOS': 54, 'PHG': 1, 'PR': 0, 'PIN': 0, 'ELEFANTE': 0, 'VICTORIA': 23, 'SEMILLA': 1, 'FCN-NACION': 3, 'PPN': 1, 'UR': 1, 'URNG-MAIZ WINAQ': 2, 'CREO': 1, 'BIEN': 4, 'VIVA': 6, 'MI FAMILIA': 0, 'CAMBIO': 0, 'VOS': 2}",33,69,266,0,Algún campo sin dato,16.Alta Verapaz,1.Cobán,2888,presidente
18778,,"{'UNE': 56, 'AZUL': 0, 'VALOR UNIONISTA': 1, 'CABAL': 1, 'TODOS': 0, 'VAMOS': 26, 'PHG': 0, 'PR': 0, 'PIN': 0, 'ELEFANTE': 0, 'VICTORIA': 31, 'SEMILLA': 2, 'FCN-NACION': 0, 'PPN': 8, 'UR': 0, 'URNG-MAIZ WINAQ': 4, 'CREO': 1, 'BIEN': 0, 'VIVA': 14, 'MI FAMILIA': 1, 'CAMBIO': 0, 'VOS': 3}",16,79,243,0,Algún campo sin dato,16.Alta Verapaz,1.Cobán,2888,presidente
18779,,"{'UNE': 49, 'AZUL': 1, 'VALOR UNIONISTA': 1, 'CABAL': 9, 'TODOS': 1, 'VAMOS': 13, 'PHG': 2, 'PR': 1, 'PIN': 0, 'ELEFANTE': 0, 'VICTORIA': 28, 'SEMILLA': 2, 'FCN-NACION': 0, 'PPN': 3, 'UR': 1, 'URNG-MAIZ WINAQ': 3, 'CREO': 1, 'BIEN': 0, 'VIVA': 12, 'MI FAMILIA': 1, 'CAMBIO': 0, 'VOS': 1}",22,79,230,2,Algún campo sin dato,16.Alta Verapaz,1.Cobán,2888,presidente
18780,,"{'UNE': 52, 'AZUL': 3, 'VALOR UNIONISTA': 3, 'CABAL': 2, 'TODOS': 0, 'VAMOS': 34, 'PHG': 1, 'PR': 3, 'PIN': 1, 'ELEFANTE': 2, 'VICTORIA': 26, 'SEMILLA': 2, 'FCN-NACION': 0, 'PPN': 10, 'UR': 0, 'URNG-MAIZ WINAQ': 2, 'CREO': 0, 'BIEN': 0, 'VIVA': 11, 'MI FAMILIA': 1, 'CAMBIO': 0, 'VOS': 2}",28,68,251,0,Algún campo sin dato,16.Alta Verapaz,1.Cobán,2888,presidente
18781,,"{'UNE': 60, 'AZUL': 1, 'VALOR UNIONISTA': 3, 'CABAL': 5, 'TODOS': 0, 'VAMOS': 24, 'PHG': 3, 'PR': 2, 'PIN': 0, 'ELEFANTE': 0, 'VICTORIA': 36, 'SEMILLA': 3, 'FCN-NACION': 2, 'PPN': 4, 'UR': 2, 'URNG-MAIZ WINAQ': 3, 'CREO': 3, 'BIEN': 2, 'VIVA': 13, 'MI FAMILIA': 3, 'CAMBIO': 0, 'VOS': 2}",20,55,246,0,Sumas Asentadas sin cuadrar,16.Alta Verapaz,1.Cobán,2888,presidente
18782,,"{'UNE': 48, 'AZUL': 1, 'VALOR UNIONISTA': 3, 'CABAL': 1, 'TODOS': 1, 'VAMOS': 26, 'PHG': 0, 'PR': 1, 'PIN': 0, 'ELEFANTE': 2, 'VICTORIA': 31, 'SEMILLA': 4, 'FCN-NACION': 0, 'PPN': 9, 'UR': 0, 'URNG-MAIZ WINAQ': 3, 'CREO': 1, 'BIEN': 1, 'VIVA': 13, 'MI FAMILIA': 2, 'CAMBIO': 0, 'VOS': 1}",32,71,251,0,Algún campo sin dato,16.Alta Verapaz,1.Cobán,2888,presidente
18783,,"{'UNE': 40, 'AZUL': 1, 'VALOR UNIONISTA': 2, 'CABAL': 2, 'TODOS': 0, 'VAMOS': 32, 'PHG': 0, 'PR': 2, 'PIN': 0, 'ELEFANTE': 0, 'VICTORIA': 20, 'SEMILLA': 0, 'FCN-NACION': 2, 'PPN': 8, 'UR': 0, 'URNG-MAIZ WINAQ': 0, 'CREO': 2, 'BIEN': 0, 'VIVA': 8, 'MI FAMILIA': 0, 'CAMBIO': 0, 'VOS': 2}",29,48,198,0,Algún campo sin dato,16.Alta Verapaz,1.Cobán,2888,presidente
18784,,"{'UNE': 55, 'AZUL': 1, 'VALOR UNIONISTA': 3, 'CABAL': 3, 'TODOS': 0, 'VAMOS': 19, 'PHG': 1, 'PR': 0, 'PIN': 0, 'ELEFANTE': 0, 'VICTORIA': 26, 'SEMILLA': 0, 'FCN-NACION': 1, 'PPN': 1, 'UR': 1, 'URNG-MAIZ WINAQ': 2, 'CREO': 0, 'BIEN': 1, 'VIVA': 9, 'MI FAMILIA': 1, 'CAMBIO': 0, 'VOS': 2}",18,61,205,0,Sumas Asentadas sin cuadrar,16.Alta Verapaz,1.Cobán,2888,presidente
18785,,"{'UNE': 48, 'AZUL': 1, 'VALOR UNIONISTA': 7, 'CABAL': 2, 'TODOS': 0, 'VAMOS': 23, 'PHG': 1, 'PR': 0, 'PIN': 0, 'ELEFANTE': 0, 'VICTORIA': 29, 'SEMILLA': 5, 'FCN-NACION': 0, 'PPN': 2, 'UR': 0, 'URNG-MAIZ WINAQ': 1, 'CREO': 0, 'BIEN': 0, 'VIVA': 11, 'MI FAMILIA': 0, 'CAMBIO': 0, 'VOS': 1}",10,60,201,0,,16.Alta Verapaz,1.Cobán,2888,presidente
18786,,"{'UNE': 29, 'AZUL': 4, 'VALOR UNIONISTA': 2, 'CABAL': 5, 'TODOS': 0, 'VAMOS': 14, 'PHG': 1, 'PR': 0, 'PIN': 0, 'ELEFANTE': 0, 'VICTORIA': 22, 'SEMILLA': 1, 'FCN-NACION': 0, 'PPN': 2, 'UR': 0, 'URNG-MAIZ WINAQ': 0, 'CREO': 0, 'BIEN': 1, 'VIVA': 8, 'MI FAMILIA': 1, 'CAMBIO': 0, 'VOS': 3}",14,30,137,0,,16.Alta Verapaz,1.Cobán,2888,presidente
18787,,"{'UNE': 36, 'AZUL': 2, 'VALOR UNIONISTA': 0, 'CABAL': 2, 'TODOS': 0, 'VAMOS': 14, 'PHG': 0, 'PR': 0, 'PIN': 0, 'ELEFANTE': 1, 'VICTORIA': 24, 'SEMILLA': 1, 'FCN-NACION': 0, 'PPN': 1, 'UR': 0, 'URNG-MAIZ WINAQ': 2, 'CREO': 0, 'BIEN': 1, 'VIVA': 4, 'MI FAMILIA': 0, 'CAMBIO': 0, 'VOS': 1}",14,31,134,0,Algún campo sin dato,16.Alta Verapaz,1.Cobán,2888,presidente
18788,,"{'UNE': 53, 'AZUL': 3, 'VALOR UNIONISTA': 0, 'CABAL': 3, 'TODOS': 2, 'VAMOS': 10, 'PHG': 0, 'PR': 0, 'PIN': 0, 'ELEFANTE': 1, 'VICTORIA': 37, 'SEMILLA': 1, 'FCN-NACION': 1, 'PPN': 6, 'UR': 0, 'URNG-MAIZ WINAQ': 9, 'CREO': 0, 'BIEN': 1, 'VIVA': 13, 'MI FAMILIA': 3, 'CAMBIO': 0, 'VOS': 2}",41,47,233,0,Sumas Asentadas sin cuadrar,16.Alta Verapaz,1.Cobán,2889,presidente
18789,,"{'UNE': 77, 'AZUL': 2, 'VALOR UNIONISTA': 5, 'CABAL': 4, 'TODOS': 4, 'VAMOS': 14, 'PHG': 0, 'PR': 2, 'PIN': 0, 'ELEFANTE': 0, 'VICTORIA': 24, 'SEMILLA': 0, 'FCN-NACION': 0, 'PPN': 1, 'UR': 1, 'URNG-MAIZ WINAQ': 28, 'CREO': 1, 'BIEN': 0, 'VIVA': 10, 'MI FAMILIA': 1, 'CAMBIO': 0, 'VOS': 0}",19,60,253,0,Algún campo sin dato,16.Alta Verapaz,1.Cobán,2889,presidente
18790,,"{'UNE': 68, 'AZUL': 2, 'VALOR UNIONISTA': 5, 'CABAL': 5, 'TODOS': 0, 'VAMOS': 15, 'PHG': 1, 'PR': 3, 'PIN': 0, 'ELEFANTE': 2, 'VICTORIA': 33, 'SEMILLA': 0, 'FCN-NACION': 0, 'PPN': 1, 'UR': 0, 'URNG-MAIZ WINAQ': 23, 'CREO': 0, 'BIEN': 4, 'VIVA': 18, 'MI FAMILIA': 1, 'CAMBIO': 0, 'VOS': 1}",17,51,250,0,,16.Alta Verapaz,1.Cobán,2889,presidente
18791,,"{'UNE': 58, 'AZUL': 1, 'VALOR UNIONISTA': 3, 'CABAL': 1, 'TODOS': 1, 'VAMOS': 10, 'PHG': 0, 'PR': 1, 'PIN': 0, 'ELEFANTE': 2, 'VICTORIA': 38, 'SEMILLA': 0, 'FCN-NACION': 0, 'PPN': 1, 'UR': 0, 'URNG-MAIZ WINAQ': 25, 'CREO': 2, 'BIEN': 1, 'VIVA': 12, 'MI FAMILIA': 3, 'CAMBIO': 0, 'VOS': 3}",21,44,227,0,Algún campo sin dato,16.Alta Verapaz,1.Cobán,2889,presidente
18792,,"{'UNE': 61, 'AZUL': 3, 'VALOR UNIONISTA': 3, 'CABAL': 2, 'TODOS': 0, 'VAMOS': 21, 'PHG': 0, 'PR': 1, 'PIN': 0, 'ELEFANTE': 1, 'VICTORIA': 34, 'SEMILLA': 2, 'FCN-NACION': 1, 'PPN': 2, 'UR': 0, 'URNG-MAIZ WINAQ': 0, 'CREO': 0, 'BIEN': 1, 'VIVA': 21, 'MI FAMILIA': 0, 'CAMBIO': 0, 'VOS': 5}",22,43,223,0,Sumas Asentadas sin cuadrar,16.Alta Verapaz,1.Cobán,2889,presidente
18793,,"{'UNE': 66, 'AZUL': 3, 'VALOR UNIONISTA': 5, 'CABAL': 1, 'TODOS': 2, 'VAMOS': 15, 'PHG': 1, 'PR': 0, 'PIN': 0, 'ELEFANTE': 3, 'VICTORIA': 21, 'SEMILLA': 1, 'FCN-NACION': 1, 'PPN': 4, 'UR': 0, 'URNG-MAIZ WINAQ': 39, 'CREO': 1, 'BIEN': 12, 'VIVA': 13, 'MI FAMILIA': 0, 'CAMBIO': 0, 'VOS': 1}",22,49,260,0,Algún campo sin dato,16.Alta Verapaz,1.Cobán,2889,presidente
18794,,"{'UNE': 60, 'AZUL': 2, 'VALOR UNIONISTA': 2, 'CABAL': 2, 'TODOS': 1, 'VAMOS': 6, 'PHG': 0, 'PR': 1, 'PIN': 0, 'ELEFANTE': 6, 'VICTORIA': 23, 'SEMILLA': 0, 'FCN-NACION': 0, 'PPN': 2, 'UR': 1, 'URNG-MAIZ WINAQ': 21, 'CREO': 1, 'BIEN': 0, 'VIVA': 15, 'MI FAMILIA': 3, 'CAMBIO': 0, 'VOS': 5}",40,58,249,0,Algún campo sin dato,16.Alta Verapaz,1.Cobán,2889,presidente
18795,,"{'UNE': 42, 'AZUL': 2, 'VALOR UNIONISTA': 3, 'CABAL': 3, 'TODOS': 1, 'VAMOS': 13, 'PHG': 1, 'PR': 1, 'PIN': 1, 'ELEFANTE': 0, 'VICTORIA': 39, 'SEMILLA': 0, 'FCN-NACION': 0, 'PPN': 1, 'UR': 0, 'URNG-MAIZ WINAQ': 33, 'CREO': 0, 'BIEN': 2, 'VIVA': 17, 'MI FAMILIA': 1, 'CAMBIO': 0, 'VOS': 2}",22,57,241,0,Algún campo sin dato,16.Alta Verapaz,1.Cobán,2889,presidente
18796,,"{'UNE': 48, 'AZUL': 1, 'VALOR UNIONISTA': 3, 'CABAL': 5, 'TODOS': 1, 'VAMOS': 12, 'PHG': 0, 'PR': 1, 'PIN': 0, 'ELEFANTE': 1, 'VICTORIA': 35, 'SEMILLA': 5, 'FCN-NACION': 0, 'PPN': 1, 'UR': 0, 'URNG-MAIZ WINAQ': 31, 'CREO': 1, 'BIEN': 0, 'VIVA': 15, 'MI FAMILIA': 1, 'CAMBIO': 0, 'VOS': 3}",15,47,226,0,Algún campo sin dato,16.Alta Verapaz,1.Cobán,2889,presidente
18797,,"{'UNE': 51, 'AZUL': 1, 'VALOR UNIONISTA': 2, 'CABAL': 2, 'TODOS': 0, 'VAMOS': 7, 'PHG': 2, 'PR': 0, 'PIN': 0, 'ELEFANTE': 2, 'VICTORIA': 34, 'SEMILLA': 1, 'FCN-NACION': 1, 'PPN': 3, 'UR': 0, 'URNG-MAIZ WINAQ': 22, 'CREO': 0, 'BIEN': 1, 'VIVA': 20, 'MI FAMILIA': 0, 'CAMBIO': 0, 'VOS': 2}",23,52,226,0,Sumas Asentadas sin cuadrar,16.Alta Verapaz,1.Cobán,2889,presidente
18798,,"{'UNE': 62, 'AZUL': 2, 'VALOR UNIONISTA': 2, 'CABAL': 1, 'TODOS': 0, 'VAMOS': 11, 'PHG': 0, 'PR': 1, 'PIN': 0, 'ELEFANTE': 4, 'VICTORIA': 26, 'SEMILLA': 3, 'FCN-NACION': 1, 'PPN': 2, 'UR': 0, 'URNG-MAIZ WINAQ': 20, 'CREO': 0, 'BIEN': 2, 'VIVA': 15, 'MI FAMILIA': 6, 'CAMBIO': 0, 'VOS': 5}",29,34,226,0,Algún campo sin dato,16.Alta Verapaz,1.Cobán,2889,presidente
18799,,"{'UNE': 71, 'AZUL': 1, 'VALOR UNIONISTA': 6, 'CABAL': 6, 'TODOS': 0, 'VAMOS': 16, 'PHG': 0, 'PR': 0, 'PIN': 0, 'ELEFANTE': 1, 'VICTORIA': 26, 'SEMILLA': 0, 'FCN-NACION': 0, 'PPN': 0, 'UR': 0, 'URNG-MAIZ WINAQ': 13, 'CREO': 0, 'BIEN': 3, 'VIVA': 17, 'MI FAMILIA': 0, 'CAMBIO': 0, 'VOS': 1}",13,34,208,0,Algún campo sin dato,16.Alta Verapaz,1.Cobán,2889,presidente
18800,,"{'UNE': 63, 'AZUL': 0, 'VALOR UNIONISTA': 1, 'CABAL': 1, 'TODOS': 0, 'VAMOS': 16, 'PHG': 0, 'PR': 1, 'PIN': 0, 'ELEFANTE': 2, 'VICTORIA': 28, 'SEMILLA': 1, 'FCN-NACION': 0, 'PPN': 4, 'UR': 0, 'URNG-MAIZ WINAQ': 7, 'CREO': 0, 'BIEN': 2, 'VIVA': 22, 'MI FAMILIA': 0, 'CAMBIO': 0, 'VOS': 0}",21,39,208,0,Algún campo sin dato,16.Alta Verapaz,1.Cobán,2889,presidente
18801,,"{'UNE': 35, 'AZUL': 0, 'VALOR UNIONISTA': 0, 'CABAL': 2, 'TODOS': 2, 'VAMOS': 8, 'PHG': 0, 'PR': 1, 'PIN': 0, 'ELEFANTE': 4, 'VICTORIA': 35, 'SEMILLA': 0, 'FCN-NACION': 0, 'PPN': 1, 'UR': 0, 'URNG-MAIZ WINAQ': 18, 'CREO': 0, 'BIEN': 4, 'VIVA': 6, 'MI FAMILIA': 1, 'CAMBIO': 0, 'VOS': 0}",17,24,158,0,Algún campo sin dato,16.Alta Verapaz,1.Cobán,2889,presidente
18802,,"{'UNE': 35, 'AZUL': 0, 'VALOR UNIONISTA': 3, 'CABAL': 0, 'TODOS': 0, 'VAMOS': 9, 'PHG': 0, 'PR': 0, 'PIN': 0, 'ELEFANTE': 0, 'VICTORIA': 17, 'SEMILLA': 0, 'FCN-NACION': 1, 'PPN': 2, 'UR': 0, 'URNG-MAIZ WINAQ': 0, 'CREO': 0, 'BIEN': 0, 'VIVA': 13, 'MI FAMILIA': 1, 'CAMBIO': 0, 'VOS': 0}",21,22,124,0,Sumas Asentadas sin cuadrar,16.Alta Verapaz,1.Cobán,2889,presidente
18803,,"{'UNE': 34, 'AZUL': 2, 'VALOR UNIONISTA': 9, 'CABAL': 9, 'TODOS': 0, 'VAMOS': 0, 'PHG': 1, 'PR': 0, 'PIN': 0, 'ELEFANTE': 0, 'VICTORIA': 41, 'SEMILLA': 3, 'FCN-NACION': 0, 'PPN': 0, 'UR': 0, 'URNG-MAIZ WINAQ': 4, 'CREO': 0, 'BIEN': 0, 'VIVA': 10, 'MI FAMILIA': 2, 'CAMBIO': 0, 'VOS': 3}",7,67,192,0,Algún campo sin dato,16.Alta Verapaz,1.Cobán,2890,presidente
18804,,"{'UNE': 37, 'AZUL': 0, 'VALOR UNIONISTA': 4, 'CABAL': 9, 'TODOS': 1, 'VAMOS': 0, 'PHG': 0, 'PR': 0, 'PIN': 0, 'ELEFANTE': 0, 'VICTORIA': 33, 'SEMILLA': 2, 'FCN-NACION': 0, 'PPN': 0, 'UR': 0, 'URNG-MAIZ WINAQ': 9, 'CREO': 0, 'BIEN': 0, 'VIVA': 4, 'MI FAMILIA': 1, 'CAMBIO': 0, 'VOS': 1}",15,59,175,0,Algún campo sin dato,16.Alta Verapaz,1.Cobán,2890,presidente
18805,,"{'UNE': 43, 'AZUL': 2, 'VALOR UNIONISTA': 8, 'CABAL': 3, 'TODOS': 0, 'VAMOS': 1, 'PHG': 0, 'PR': 0, 'PIN': 0, 'ELEFANTE': 2, 'VICTORIA': 47, 'SEMILLA': 3, 'FCN-NACION': 2, 'PPN': 1, 'UR': 0, 'URNG-MAIZ WINAQ': 6, 'CREO': 0, 'BIEN': 0, 'VIVA': 5, 'MI FAMILIA': 1, 'CAMBIO': 0, 'VOS': 3}",15,66,208,0,Algún campo sin dato,16.Alta Verapaz,1.Cobán,2890,presidente
18806,,"{'UNE': 33, 'AZUL': 4, 'VALOR UNIONISTA': 2, 'CABAL': 9, 'TODOS': 1, 'VAMOS': 1, 'PHG': 1, 'PR': 0, 'PIN': 0, 'ELEFANTE': 3, 'VICTORIA': 31, 'SEMILLA': 1, 'FCN-NACION': 1, 'PPN': 2, 'UR': 1, 'URNG-MAIZ WINAQ': 7, 'CREO': 0, 'BIEN': 2, 'VIVA': 9, 'MI FAMILIA': 0, 'CAMBIO': 0, 'VOS': 6}",10,72,196,0,Algún campo sin dato,16.Alta Verapaz,1.Cobán,2890,presidente
18807,,"{'UNE': 28, 'AZUL': 2, 'VALOR UNIONISTA': 10, 'CABAL': 2, 'TODOS': 0, 'VAMOS': 0, 'PHG': 0, 'PR': 3, 'PIN': 0, 'ELEFANTE': 0, 'VICTORIA': 36, 'SEMILLA': 1, 'FCN-NACION': 0, 'PPN': 1, 'UR': 0, 'URNG-MAIZ WINAQ': 5, 'CREO': 0, 'BIEN': 0, 'VIVA': 3, 'MI FAMILIA': 0, 'CAMBIO': 0, 'VOS': 3}",17,40,151,0,Algún campo sin dato,16.Alta Verapaz,1.Cobán,2890,presidente
18808,,"{'UNE': 26, 'AZUL': 1, 'VALOR UNIONISTA': 10, 'CABAL': 4, 'TODOS': 0, 'VAMOS': 2, 'PHG': 1, 'PR': 0, 'PIN': 0, 'ELEFANTE': 0, 'VICTORIA': 26, 'SEMILLA': 4, 'FCN-NACION': 1, 'PPN': 2, 'UR': 0, 'URNG-MAIZ WINAQ': 2, 'CREO': 0, 'BIEN': 0, 'VIVA': 3, 'MI FAMILIA': 1, 'CAMBIO': 0, 'VOS': 8}",9,39,139,0,Algún campo sin dato,16.Alta Verapaz,1.Cobán,2890,presidente
18809,,"{'UNE': 31, 'AZUL': 1, 'VALOR UNIONISTA': 1, 'CABAL': 4, 'TODOS': 0, 'VAMOS': 3, 'PHG': 0, 'PR': 0, 'PIN': 0, 'ELEFANTE': 2, 'VICTORIA': 34, 'SEMILLA': 3, 'FCN-NACION': 0, 'PPN': 0, 'UR': 0, 'URNG-MAIZ WINAQ': 3, 'CREO': 0, 'BIEN': 1, 'VIVA': 5, 'MI FAMILIA': 0, 'CAMBIO': 0, 'VOS': 0}",11,38,137,0,Algún campo sin dato,16.Alta Verapaz,1.Cobán,2890,presidente
18810,,"{'UNE': 80, 'AZUL': 1, 'VALOR UNIONISTA': 5, 'CABAL': 7, 'TODOS': 0, 'VAMOS': 12, 'PHG': 3, 'PR': 0, 'PIN': 0, 'ELEFANTE': 8, 'VICTORIA': 35, 'SEMILLA': 2, 'FCN-NACION': 4, 'PPN': 0, 'UR': 1, 'URNG-MAIZ WINAQ': 8, 'CREO': 3, 'BIEN': 1, 'VIVA': 13, 'MI FAMILIA': 2, 'CAMBIO': 0, 'VOS': 3}",13,67,268,0,Algún campo sin dato,16.Alta Verapaz,1.Cobán,2891,presidente
18811,,"{'UNE': 74, 'AZUL': 3, 'VALOR UNIONISTA': 5, 'CABAL': 8, 'TODOS': 0, 'VAMOS': 41, 'PHG': 1, 'PR': 0, 'PIN': 0, 'ELEFANTE': 1, 'VICTORIA': 38, 'SEMILLA': 0, 'FCN-NACION': 4, 'PPN': 1, 'UR': 0, 'URNG-MAIZ WINAQ': 1, 'CREO': 2, 'BIEN': 1, 'VIVA': 7, 'MI FAMILIA': 0, 'CAMBIO': 0, 'VOS': 4}",28,55,274,4,Algún campo sin dato,16.Alta Verapaz,1.Cobán,2891,presidente
18812,,"{'UNE': 54, 'AZUL': 2, 'VALOR UNIONISTA': 0, 'CABAL': 5, 'TODOS': 2, 'VAMOS': 28, 'PHG': 0, 'PR': 1, 'PIN': 0, 'ELEFANTE': 2, 'VICTORIA': 48, 'SEMILLA': 1, 'FCN-NACION': 0, 'PPN': 2, 'UR': 1, 'URNG-MAIZ WINAQ': 3, 'CREO': 1, 'BIEN': 1, 'VIVA': 2, 'MI FAMILIA': 0, 'CAMBIO': 0, 'VOS': 1}",39,34,227,0,Algún campo sin dato,16.Alta Verapaz,1.Cobán,2891,presidente
18813,,"{'UNE': 88, 'AZUL': 2, 'VALOR UNIONISTA': 4, 'CABAL': 7, 'TODOS': 2, 'VAMOS': 21, 'PHG': 1, 'PR': 0, 'PIN': 0, 'ELEFANTE': 4, 'VICTORIA': 32, 'SEMILLA': 2, 'FCN-NACION': 1, 'PPN': 2, 'UR': 1, 'URNG-MAIZ WINAQ': 3, 'CREO': 0, 'BIEN': 0, 'VIVA': 12, 'MI FAMILIA': 4, 'CAMBIO': 0, 'VOS': 3}",24,54,267,0,Sumas Asentadas sin cuadrar,16.Alta Verapaz,1.Cobán,2891,presidente
18814,,"{'UNE': 68, 'AZUL': 2, 'VALOR UNIONISTA': 6, 'CABAL': 9, 'TODOS': 1, 'VAMOS': 23, 'PHG': 2, 'PR': 2, 'PIN': 0, 'ELEFANTE': 0, 'VICTORIA': 33, 'SEMILLA': 0, 'FCN-NACION': 0, 'PPN': 3, 'UR': 2, 'URNG-MAIZ WINAQ': 5, 'CREO': 2, 'BIEN': 0, 'VIVA': 13, 'MI FAMILIA': 3, 'CAMBIO': 0, 'VOS': 4}",15,53,246,0,Algún campo sin dato,16.Alta Verapaz,1.Cobán,2891,presidente
18815,,"{'UNE': 60, 'AZUL': 2, 'VALOR UNIONISTA': 7, 'CABAL': 6, 'TODOS': 0, 'VAMOS': 20, 'PHG': 1, 'PR': 0, 'PIN': 0, 'ELEFANTE': 1, 'VICTORIA': 40, 'SEMILLA': 0, 'FCN-NACION': 2, 'PPN': 0, 'UR': 1, 'URNG-MAIZ WINAQ': 4, 'CREO': 2, 'BIEN': 0, 'VIVA': 12, 'MI FAMILIA': 0, 'CAMBIO': 0, 'VOS': 2}",12,53,225,0,Algún campo sin dato,16.Alta Verapaz,1.Cobán,2891,presidente
18816,,"{'UNE': 60, 'AZUL': 1, 'VALOR UNIONISTA': 1, 'CABAL': 9, 'TODOS': 2, 'VAMOS': 20, 'PHG': 0, 'PR': 0, 'PIN': 0, 'ELEFANTE': 2, 'VICTORIA': 29, 'SEMILLA': 2, 'FCN-NACION': 1, 'PPN': 1, 'UR': 0, 'URNG-MAIZ WINAQ': 4, 'CREO': 0, 'BIEN': 0, 'VIVA': 16, 'MI FAMILIA': 0, 'CAMBIO': 0, 'VOS': 1}",14,47,210,61,Sumas Asentadas sin cuadrar,16.Alta Verapaz,1.Cobán,2891,presidente
18817,,"{'UNE': 49, 'AZUL': 6, 'VALOR UNIONISTA': 4, 'CABAL': 3, 'TODOS': 0, 'VAMOS': 11, 'PHG': 2, 'PR': 1, 'PIN': 0, 'ELEFANTE': 10, 'VICTORIA': 41, 'SEMILLA': 1, 'FCN-NACION': 0, 'PPN': 1, 'UR': 0, 'URNG-MAIZ WINAQ': 8, 'CREO': 1, 'BIEN': 0, 'VIVA': 17, 'MI FAMILIA': 0, 'CAMBIO': 1, 'VOS': 4}",7,68,235,0,Algún campo sin dato,16.Alta Verapaz,1.Cobán,2891,presidente
18818,,"{'UNE': 46, 'AZUL': 2, 'VALOR UNIONISTA': 4, 'CABAL': 11, 'TODOS': 2, 'VAMOS': 17, 'PHG': 2, 'PR': 0, 'PIN': 0, 'ELEFANTE': 11, 'VICTORIA': 27, 'SEMILLA': 2, 'FCN-NACION': 3, 'PPN': 5, 'UR': 0, 'URNG-MAIZ WINAQ': 7, 'CREO': 1, 'BIEN': 2, 'VIVA': 8, 'MI FAMILIA': 0, 'CAMBIO': 0, 'VOS': 5}",13,60,228,0,Algún campo sin dato,16.Alta Verapaz,1.Cobán,2891,presidente
18819,,"{'UNE': 72, 'AZUL': 2, 'VALOR UNIONISTA': 6, 'CABAL': 9, 'TODOS': 0, 'VAMOS': 19, 'PHG': 5, 'PR': 1, 'PIN': 0, 'ELEFANTE': 2, 'VICTORIA': 37, 'SEMILLA': 1, 'FCN-NACION': 3, 'PPN': 1, 'UR': 1, 'URNG-MAIZ WINAQ': 3, 'CREO': 1, 'BIEN': 0, 'VIVA': 12, 'MI FAMILIA': 0, 'CAMBIO': 0, 'VOS': 3}",18,48,244,0,Algún campo sin dato,16.Alta Verapaz,1.Cobán,2891,presidente
18820,,"{'UNE': 69, 'AZUL': 2, 'VALOR UNIONISTA': 3, 'CABAL': 2, 'TODOS': 1, 'VAMOS': 22, 'PHG': 2, 'PR': 0, 'PIN': 0, 'ELEFANTE': 4, 'VICTORIA': 38, 'SEMILLA': 0, 'FCN-NACION': 3, 'PPN': 3, 'UR': 2, 'URNG-MAIZ WINAQ': 1, 'CREO': 1, 'BIEN': 1, 'VIVA': 11, 'MI FAMILIA': 4, 'CAMBIO': 0, 'VOS': 4}",35,56,264,0,,16.Alta Verapaz,1.Cobán,2891,presidente
18821,,"{'UNE': 72, 'AZUL': 3, 'VALOR UNIONISTA': 5, 'CABAL': 4, 'TODOS': 0, 'VAMOS': 14, 'PHG': 1, 'PR': 0, 'PIN': 0, 'ELEFANTE': 3, 'VICTORIA': 34, 'SEMILLA': 2, 'FCN-NACION': 5, 'PPN': 1, 'UR': 0, 'URNG-MAIZ WINAQ': 6, 'CREO': 0, 'BIEN': 0, 'VIVA': 12, 'MI FAMILIA': 0, 'CAMBIO': 0, 'VOS': 0}",17,74,253,0,Algún campo sin dato,16.Alta Verapaz,1.Cobán,2891,presidente
18822,,"{'UNE': 66, 'AZUL': 1, 'VALOR UNIONISTA': 10, 'CABAL': 9, 'TODOS': 1, 'VAMOS': 20, 'PHG': 0, 'PR': 0, 'PIN': 0, 'ELEFANTE': 3, 'VICTORIA': 30, 'SEMILLA': 1, 'FCN-NACION': 1, 'PPN': 2, 'UR': 0, 'URNG-MAIZ WINAQ': 7, 'CREO': 0, 'BIEN': 0, 'VIVA': 10, 'MI FAMILIA': 1, 'CAMBIO': 0, 'VOS': 2}",16,44,224,0,Sumas Asentadas sin cuadrar,16.Alta Verapaz,1.Cobán,2891,presidente
18823,,"{'UNE': 61, 'AZUL': 2, 'VALOR UNIONISTA': 5, 'CABAL': 7, 'TODOS': 0, 'VAMOS': 18, 'PHG': 0, 'PR': 1, 'PIN': 0, 'ELEFANTE': 3, 'VICTORIA': 28, 'SEMILLA': 2, 'FCN-NACION': 0, 'PPN': 4, 'UR': 0, 'URNG-MAIZ WINAQ': 3, 'CREO': 0, 'BIEN': 1, 'VIVA': 10, 'MI FAMILIA': 1, 'CAMBIO': 1, 'VOS': 1}",13,53,214,0,Algún campo sin dato,16.Alta Verapaz,1.Cobán,2891,presidente
18824,,"{'UNE': 60, 'AZUL': 3, 'VALOR UNIONISTA': 3, 'CABAL': 12, 'TODOS': 1, 'VAMOS': 14, 'PHG': 0, 'PR': 1, 'PIN': 0, 'ELEFANTE': 2, 'VICTORIA': 27, 'SEMILLA': 0, 'FCN-NACION': 2, 'PPN': 5, 'UR': 0, 'URNG-MAIZ WINAQ': 13, 'CREO': 1, 'BIEN': 1, 'VIVA': 7, 'MI FAMILIA': 3, 'CAMBIO': 0, 'VOS': 4}",16,30,205,0,Algún campo sin dato,16.Alta Verapaz,1.Cobán,2891,presidente
18825,,"{'UNE': 51, 'AZUL': 2, 'VALOR UNIONISTA': 7, 'CABAL': 9, 'TODOS': 1, 'VAMOS': 17, 'PHG': 0, 'PR': 1, 'PIN': 1, 'ELEFANTE': 4, 'VICTORIA': 32, 'SEMILLA': 1, 'FCN-NACION': 2, 'PPN': 2, 'UR': 0, 'URNG-MAIZ WINAQ': 2, 'CREO': 1, 'BIEN': 1, 'VIVA': 10, 'MI FAMILIA': 1, 'CAMBIO': 0, 'VOS': 3}",23,41,212,0,Algún campo sin dato,16.Alta Verapaz,1.Cobán,2891,presidente
18826,,"{'UNE': 36, 'AZUL': 4, 'VALOR UNIONISTA': 2, 'CABAL': 3, 'TODOS': 0, 'VAMOS': 13, 'PHG': 2, 'PR': 0, 'PIN': 0, 'ELEFANTE': 3, 'VICTORIA': 21, 'SEMILLA': 0, 'FCN-NACION': 2, 'PPN': 3, 'UR': 2, 'URNG-MAIZ WINAQ': 6, 'CREO': 2, 'BIEN': 0, 'VIVA': 9, 'MI FAMILIA': 2, 'CAMBIO': 1, 'VOS': 3}",16,60,190,0,Algún campo sin dato,16.Alta Verapaz,1.Cobán,2891,presidente
18827,,"{'UNE': 48, 'AZUL': 1, 'VALOR UNIONISTA': 2, 'CABAL': 9, 'TODOS': 0, 'VAMOS': 17, 'PHG': 0, 'PR': 1, 'PIN': 0, 'ELEFANTE': 3, 'VICTORIA': 29, 'SEMILLA': 0, 'FCN-NACION': 1, 'PPN': 3, 'UR': 0, 'URNG-MAIZ WINAQ': 6, 'CREO': 0, 'BIEN': 0, 'VIVA': 8, 'MI FAMILIA': 2, 'CAMBIO': 0, 'VOS': 1}",24,51,206,0,Algún campo sin dato,16.Alta Verapaz,1.Cobán,2891,presidente
18828,,"{'UNE': 53, 'AZUL': 3, 'VALOR UNIONISTA': 1, 'CABAL': 5, 'TODOS': 0, 'VAMOS': 18, 'PHG': 0, 'PR': 2, 'PIN': 0, 'ELEFANTE': 0, 'VICTORIA': 31, 'SEMILLA': 3, 'FCN-NACION': 2, 'PPN': 2, 'UR': 0, 'URNG-MAIZ WINAQ': 5, 'CREO': 1, 'BIEN': 0, 'VIVA': 17, 'MI FAMILIA': 0, 'CAMBIO': 0, 'VOS': 2}",5,28,178,0,Algún campo sin dato,16.Alta Verapaz,1.Cobán,2891,presidente
18829,,"{'UNE': 54, 'AZUL': 0, 'VALOR UNIONISTA': 2, 'CABAL': 6, 'TODOS': 0, 'VAMOS': 22, 'PHG': 1, 'PR': 0, 'PIN': 0, 'ELEFANTE': 1, 'VICTORIA': 33, 'SEMILLA': 0, 'FCN-NACION': 0, 'PPN': 2, 'UR': 0, 'URNG-MAIZ WINAQ': 0, 'CREO': 0, 'BIEN': 0, 'VIVA': 11, 'MI FAMILIA': 0, 'CAMBIO': 0, 'VOS': 4}",13,26,175,0,Algún campo sin dato,16.Alta Verapaz,1.Cobán,2891,presidente
18830,,"{'UNE': 49, 'AZUL': 1, 'VALOR UNIONISTA': 3, 'CABAL': 0, 'TODOS': 2, 'VAMOS': 14, 'PHG': 3, 'PR': 0, 'PIN': 0, 'ELEFANTE': 2, 'VICTORIA': 30, 'SEMILLA': 3, 'FCN-NACION': 0, 'PPN': 2, 'UR': 0, 'URNG-MAIZ WINAQ': 5, 'CREO': 0, 'BIEN': 2, 'VIVA': 9, 'MI FAMILIA': 1, 'CAMBIO': 0, 'VOS': 4}",8,31,169,0,Algún campo sin dato,16.Alta Verapaz,1.Cobán,2891,presidente
18831,,"{'UNE': 40, 'AZUL': 1, 'VALOR UNIONISTA': 1, 'CABAL': 8, 'TODOS': 1, 'VAMOS': 17, 'PHG': 1, 'PR': 0, 'PIN': 0, 'ELEFANTE': 8, 'VICTORIA': 23, 'SEMILLA': 2, 'FCN-NACION': 1, 'PPN': 1, 'UR': 0, 'URNG-MAIZ WINAQ': 2, 'CREO': 0, 'BIEN': 0, 'VIVA': 4, 'MI FAMILIA': 0, 'CAMBIO': 0, 'VOS': 1}",10,40,161,0,Algún campo sin dato,16.Alta Verapaz,1.Cobán,2891,presidente
18832,,"{'UNE': 41, 'AZUL': 0, 'VALOR UNIONISTA': 2, 'CABAL': 6, 'TODOS': 1, 'VAMOS': 15, 'PHG': 1, 'PR': 1, 'PIN': 0, 'ELEFANTE': 3, 'VICTORIA': 23, 'SEMILLA': 2, 'FCN-NACION': 1, 'PPN': 3, 'UR': 1, 'URNG-MAIZ WINAQ': 2, 'CREO': 0, 'BIEN': 0, 'VIVA': 6, 'MI FAMILIA': 1, 'CAMBIO': 0, 'VOS': 2}",10,43,164,0,Algún campo sin dato,16.Alta Verapaz,1.Cobán,2891,presidente
18833,,"{'UNE': 60, 'AZUL': 2, 'VALOR UNIONISTA': 3, 'CABAL': 0, 'TODOS': 3, 'VAMOS': 2, 'PHG': 1, 'PR': 1, 'PIN': 0, 'ELEFANTE': 2, 'VICTORIA': 35, 'SEMILLA': 1, 'FCN-NACION': 2, 'PPN': 0, 'UR': 0, 'URNG-MAIZ WINAQ': 39, 'CREO': 0, 'BIEN': 0, 'VIVA': 1, 'MI FAMILIA': 2, 'CAMBIO': 0, 'VOS': 16}",18,63,251,0,Algún campo sin dato,16.Alta Verapaz,1.Cobán,2892,presidente
18834,,"{'UNE': 40, 'AZUL': 3, 'VALOR UNIONISTA': 2, 'CABAL': 0, 'TODOS': 1, 'VAMOS': 3, 'PHG': 0, 'PR': 1, 'PIN': 0, 'ELEFANTE': 0, 'VICTORIA': 44, 'SEMILLA': 5, 'FCN-NACION': 1, 'PPN': 3, 'UR': 0, 'URNG-MAIZ WINAQ': 26, 'CREO': 1, 'BIEN': 0, 'VIVA': 3, 'MI FAMILIA': 7, 'CAMBIO': 1, 'VOS': 4}",27,83,255,0,Algún campo sin dato,16.Alta Verapaz,1.Cobán,2892,presidente
18835,,"{'UNE': 37, 'AZUL': 3, 'VALOR UNIONISTA': 2, 'CABAL': 1, 'TODOS': 1, 'VAMOS': 0, 'PHG': 0, 'PR': 0, 'PIN': 0, 'ELEFANTE': 0, 'VICTORIA': 31, 'SEMILLA': 5, 'FCN-NACION': 0, 'PPN': 2, 'UR': 0, 'URNG-MAIZ WINAQ': 28, 'CREO': 0, 'BIEN': 1, 'VIVA': 2, 'MI FAMILIA': 3, 'CAMBIO': 0, 'VOS': 11}",2,79,208,0,Algún campo sin dato,16.Alta Verapaz,1.Cobán,2892,presidente
18836,,"{'UNE': 46, 'AZUL': 3, 'VALOR UNIONISTA': 4, 'CABAL': 0, 'TODOS': 0, 'VAMOS': 1, 'PHG': 0, 'PR': 0, 'PIN': 0, 'ELEFANTE': 0, 'VICTORIA': 37, 'SEMILLA': 6, 'FCN-NACION': 0, 'PPN': 1, 'UR': 0, 'URNG-MAIZ WINAQ': 28, 'CREO': 0, 'BIEN': 3, 'VIVA': 4, 'MI FAMILIA': 5, 'CAMBIO': 0, 'VOS': 2}",7,36,183,0,Algún campo sin dato,16.Alta Verapaz,1.Cobán,2892,presidente
18837,,"{'UNE': 35, 'AZUL': 4, 'VALOR UNIONISTA': 4, 'CABAL': 3, 'TODOS': 0, 'VAMOS': 2, 'PHG': 0, 'PR': 0, 'PIN': 0, 'ELEFANTE': 0, 'VICTORIA': 30, 'SEMILLA': 8, 'FCN-NACION': 1, 'PPN': 0, 'UR': 0, 'URNG-MAIZ WINAQ': 45, 'CREO': 0, 'BIEN': 2, 'VIVA': 3, 'MI FAMILIA': 3, 'CAMBIO': 0, 'VOS': 4}",12,45,201,0,,16.Alta Verapaz,1.Cobán,2892,presidente
18838,,"{'UNE': 37, 'AZUL': 4, 'VALOR UNIONISTA': 4, 'CABAL': 2, 'TODOS': 0, 'VAMOS': 2, 'PHG': 0, 'PR': 0, 'PIN': 0, 'ELEFANTE': 0, 'VICTORIA': 29, 'SEMILLA': 5, 'FCN-NACION': 1, 'PPN': 0, 'UR': 0, 'URNG-MAIZ WINAQ': 40, 'CREO': 0, 'BIEN': 0, 'VIVA': 6, 'MI FAMILIA': 2, 'CAMBIO': 0, 'VOS': 8}",21,45,206,0,Algún campo sin dato,16.Alta Verapaz,1.Cobán,2892,presidente
18839,,"{'UNE': 44, 'AZUL': 3, 'VALOR UNIONISTA': 3, 'CABAL': 2, 'TODOS': 0, 'VAMOS': 1, 'PHG': 1, 'PR': 0, 'PIN': 0, 'ELEFANTE': 0, 'VICTORIA': 26, 'SEMILLA': 1, 'FCN-NACION': 4, 'PPN': 1, 'UR': 0, 'URNG-MAIZ WINAQ': 21, 'CREO': 0, 'BIEN': 0, 'VIVA': 4, 'MI FAMILIA': 3, 'CAMBIO': 3, 'VOS': 5}",18,45,185,0,Algún campo sin dato,16.Alta Verapaz,1.Cobán,2892,presidente
18840,,"{'UNE': 46, 'AZUL': 3, 'VALOR UNIONISTA': 2, 'CABAL': 5, 'TODOS': 1, 'VAMOS': 1, 'PHG': 0, 'PR': 0, 'PIN': 0, 'ELEFANTE': 0, 'VICTORIA': 21, 'SEMILLA': 4, 'FCN-NACION': 0, 'PPN': 0, 'UR': 1, 'URNG-MAIZ WINAQ': 36, 'CREO': 1, 'BIEN': 0, 'VIVA': 4, 'MI FAMILIA': 2, 'CAMBIO': 0, 'VOS': 5}",17,29,178,0,Algún campo sin dato,16.Alta Verapaz,1.Cobán,2892,presidente
18841,,"{'UNE': 28, 'AZUL': 8, 'VALOR UNIONISTA': 3, 'CABAL': 3, 'TODOS': 0, 'VAMOS': 2, 'PHG': 0, 'PR': 0, 'PIN': 0, 'ELEFANTE': 0, 'VICTORIA': 31, 'SEMILLA': 7, 'FCN-NACION': 1, 'PPN': 0, 'UR': 0, 'URNG-MAIZ WINAQ': 26, 'CREO': 0, 'BIEN': 0, 'VIVA': 2, 'MI FAMILIA': 4, 'CAMBIO': 0, 'VOS': 9}",3,43,170,0,,16.Alta Verapaz,1.Cobán,2892,presidente
18842,,"{'UNE': 18, 'AZUL': 5, 'VALOR UNIONISTA': 2, 'CABAL': 1, 'TODOS': 0, 'VAMOS': 1, 'PHG': 0, 'PR': 0, 'PIN': 0, 'ELEFANTE': 0, 'VICTORIA': 35, 'SEMILLA': 14, 'FCN-NACION': 0, 'PPN': 0, 'UR': 0, 'URNG-MAIZ WINAQ': 20, 'CREO': 0, 'BIEN': 0, 'VIVA': 2, 'MI FAMILIA': 5, 'CAMBIO': 0, 'VOS': 13}",5,41,162,0,Algún campo sin dato,16.Alta Verapaz,1.Cobán,2892,presidente
18843,,"{'UNE': 9, 'AZUL': 1, 'VALOR UNIONISTA': 3, 'CABAL': 1, 'TODOS': 0, 'VAMOS': 2, 'PHG': 1, 'PR': 1, 'PIN': 0, 'ELEFANTE': 0, 'VICTORIA': 20, 'SEMILLA': 0, 'FCN-NACION': 0, 'PPN': 0, 'UR': 0, 'URNG-MAIZ WINAQ': 12, 'CREO': 0, 'BIEN': 0, 'VIVA': 0, 'MI FAMILIA': 0, 'CAMBIO': 1, 'VOS': 3}",2,22,78,0,Algún campo sin dato,16.Alta Verapaz,1.Cobán,2892,presidente
18844,,"{'UNE': 16, 'AZUL': 0, 'VALOR UNIONISTA': 0, 'CABAL': 2, 'TODOS': 0, 'VAMOS': 0, 'PHG': 0, 'PR': 0, 'PIN': 0, 'ELEFANTE': 0, 'VICTORIA': 15, 'SEMILLA': 5, 'FCN-NACION': 0, 'PPN': 0, 'UR': 0, 'URNG-MAIZ WINAQ': 33, 'CREO': 0, 'BIEN': 0, 'VIVA': 2, 'MI FAMILIA': 0, 'CAMBIO': 0, 'VOS': 7}",3,6,89,0,Algún campo sin dato,16.Alta Verapaz,1.Cobán,2892,presidente
18845,,"{'UNE': 45, 'AZUL': 0, 'VALOR UNIONISTA': 4, 'CABAL': 4, 'TODOS': 0, 'VAMOS': 4, 'PHG': 1, 'PR': 1, 'PIN': 0, 'ELEFANTE': 0, 'VICTORIA': 32, 'SEMILLA': 5, 'FCN-NACION': 0, 'PPN': 0, 'UR': 1, 'URNG-MAIZ WINAQ': 4, 'CREO': 1, 'BIEN': 0, 'VIVA': 3, 'MI FAMILIA': 2, 'CAMBIO': 0, 'VOS': 4}",9,49,169,0,Algún campo sin dato,16.Alta Verapaz,1.Cobán,2893,presidente
18846,,"{'UNE': 51, 'AZUL': 0, 'VALOR UNIONISTA': 2, 'CABAL': 4, 'TODOS': 0, 'VAMOS': 2, 'PHG': 0, 'PR': 1, 'PIN': 0, 'ELEFANTE': 0, 'VICTORIA': 27, 'SEMILLA': 2, 'FCN-NACION': 2, 'PPN': 1, 'UR': 1, 'URNG-MAIZ WINAQ': 6, 'CREO': 0, 'BIEN': 0, 'VIVA': 4, 'MI FAMILIA': 1, 'CAMBIO': 0, 'VOS': 2}",10,52,168,1,Algún campo sin dato,16.Alta Verapaz,1.Cobán,2893,presidente
18847,,"{'UNE': 56, 'AZUL': 1, 'VALOR UNIONISTA': 3, 'CABAL': 4, 'TODOS': 1, 'VAMOS': 2, 'PHG': 0, 'PR': 1, 'PIN': 0, 'ELEFANTE': 0, 'VICTORIA': 31, 'SEMILLA': 0, 'FCN-NACION': 2, 'PPN': 0, 'UR': 0, 'URNG-MAIZ WINAQ': 2, 'CREO': 1, 'BIEN': 0, 'VIVA': 6, 'MI FAMILIA': 2, 'CAMBIO': 1, 'VOS': 0}",11,44,168,0,Algún campo sin dato,16.Alta Verapaz,1.Cobán,2893,presidente
18848,,"{'UNE': 58, 'AZUL': 2, 'VALOR UNIONISTA': 3, 'CABAL': 5, 'TODOS': 0, 'VAMOS': 3, 'PHG': 0, 'PR': 2, 'PIN': 0, 'ELEFANTE': 0, 'VICTORIA': 57, 'SEMILLA': 0, 'FCN-NACION': 0, 'PPN': 1, 'UR': 0, 'URNG-MAIZ WINAQ': 9, 'CREO': 0, 'BIEN': 0, 'VIVA': 1, 'MI FAMILIA': 1, 'CAMBIO': 0, 'VOS': 1}",22,39,204,0,Algún campo sin dato,16.Alta Verapaz,1.Cobán,2893,presidente
18849,,"{'UNE': 40, 'AZUL': 2, 'VALOR UNIONISTA': 1, 'CABAL': 8, 'TODOS': 2, 'VAMOS': 0, 'PHG': 0, 'PR': 1, 'PIN': 0, 'ELEFANTE': 0, 'VICTORIA': 45, 'SEMILLA': 1, 'FCN-NACION': 1, 'PPN': 2, 'UR': 1, 'URNG-MAIZ WINAQ': 6, 'CREO': 0, 'BIEN': 0, 'VIVA': 1, 'MI FAMILIA': 2, 'CAMBIO': 0, 'VOS': 0}",17,48,178,0,Algún campo sin dato,16.Alta Verapaz,1.Cobán,2893,presidente
18850,,"{'UNE': 42, 'AZUL': 1, 'VALOR UNIONISTA': 4, 'CABAL': 3, 'TODOS': 0, 'VAMOS': 3, 'PHG': 0, 'PR': 0, 'PIN': 0, 'ELEFANTE': 0, 'VICTORIA': 55, 'SEMILLA': 1, 'FCN-NACION': 0, 'PPN': 3, 'UR': 1, 'URNG-MAIZ WINAQ': 4, 'CREO': 0, 'BIEN': 1, 'VIVA': 3, 'MI FAMILIA': 0, 'CAMBIO': 0, 'VOS': 1}",16,57,195,0,Sumas Asentadas sin cuadrar,16.Alta Verapaz,1.Cobán,2893,presidente
18851,,"{'UNE': 46, 'AZUL': 0, 'VALOR UNIONISTA': 2, 'CABAL': 3, 'TODOS': 0, 'VAMOS': 4, 'PHG': 0, 'PR': 0, 'PIN': 0, 'ELEFANTE': 0, 'VICTORIA': 32, 'SEMILLA': 0, 'FCN-NACION': 3, 'PPN': 1, 'UR': 1, 'URNG-MAIZ WINAQ': 6, 'CREO': 1, 'BIEN': 0, 'VIVA': 2, 'MI FAMILIA': 1, 'CAMBIO': 0, 'VOS': 0}",17,59,178,0,,16.Alta Verapaz,1.Cobán,2893,presidente
18852,,"{'UNE': 36, 'AZUL': 1, 'VALOR UNIONISTA': 2, 'CABAL': 5, 'TODOS': 0, 'VAMOS': 4, 'PHG': 0, 'PR': 1, 'PIN': 0, 'ELEFANTE': 0, 'VICTORIA': 49, 'SEMILLA': 1, 'FCN-NACION': 0, 'PPN': 0, 'UR': 1, 'URNG-MAIZ WINAQ': 5, 'CREO': 0, 'BIEN': 1, 'VIVA': 2, 'MI FAMILIA': 0, 'CAMBIO': 0, 'VOS': 2}",10,36,156,0,Algún campo sin dato,16.Alta Verapaz,1.Cobán,2893,presidente
18853,,"{'UNE': 39, 'AZUL': 2, 'VALOR UNIONISTA': 3, 'CABAL': 6, 'TODOS': 2, 'VAMOS': 2, 'PHG': 2, 'PR': 0, 'PIN': 0, 'ELEFANTE': 0, 'VICTORIA': 34, 'SEMILLA': 2, 'FCN-NACION': 0, 'PPN': 0, 'UR': 0, 'URNG-MAIZ WINAQ': 5, 'CREO': 0, 'BIEN': 0, 'VIVA': 4, 'MI FAMILIA': 0, 'CAMBIO': 2, 'VOS': 1}",10,44,158,0,Algún campo sin dato,16.Alta Verapaz,1.Cobán,2893,presidente
18854,,"{'UNE': 44, 'AZUL': 0, 'VALOR UNIONISTA': 0, 'CABAL': 4, 'TODOS': 0, 'VAMOS': 2, 'PHG': 1, 'PR': 1, 'PIN': 0, 'ELEFANTE': 0, 'VICTORIA': 32, 'SEMILLA': 0, 'FCN-NACION': 2, 'PPN': 0, 'UR': 0, 'URNG-MAIZ WINAQ': 4, 'CREO': 1, 'BIEN': 1, 'VIVA': 2, 'MI FAMILIA': 0, 'CAMBIO': 0, 'VOS': 0}",9,54,157,0,,16.Alta Verapaz,1.Cobán,2893,presidente
18855,,"{'UNE': 36, 'AZUL': 1, 'VALOR UNIONISTA': 3, 'CABAL': 4, 'TODOS': 0, 'VAMOS': 1, 'PHG': 0, 'PR': 0, 'PIN': 0, 'ELEFANTE': 1, 'VICTORIA': 40, 'SEMILLA': 8, 'FCN-NACION': 2, 'PPN': 0, 'UR': 0, 'URNG-MAIZ WINAQ': 2, 'CREO': 0, 'BIEN': 0, 'VIVA': 2, 'MI FAMILIA': 0, 'CAMBIO': 0, 'VOS': 0}",4,27,131,0,Algún campo sin dato,16.Alta Verapaz,1.Cobán,2893,presidente
18856,,"{'UNE': 28, 'AZUL': 1, 'VALOR UNIONISTA': 0, 'CABAL': 4, 'TODOS': 1, 'VAMOS': 3, 'PHG': 0, 'PR': 0, 'PIN': 0, 'ELEFANTE': 0, 'VICTORIA': 31, 'SEMILLA': 1, 'FCN-NACION': 0, 'PPN': 0, 'UR': 0, 'URNG-MAIZ WINAQ': 5, 'CREO': 0, 'BIEN': 0, 'VIVA': 2, 'MI FAMILIA': 1, 'CAMBIO': 0, 'VOS': 0}",11,30,118,0,Sumas Asentadas sin cuadrar,16.Alta Verapaz,1.Cobán,2893,presidente
18857,,"{'UNE': 75, 'AZUL': 2, 'VALOR UNIONISTA': 4, 'CABAL': 3, 'TODOS': 0, 'VAMOS': 3, 'PHG': 2, 'PR': 1, 'PIN': 0, 'ELEFANTE': 7, 'VICTORIA': 45, 'SEMILLA': 0, 'FCN-NACION': 4, 'PPN': 1, 'UR': 5, 'URNG-MAIZ WINAQ': 19, 'CREO': 1, 'BIEN': 0, 'VIVA': 5, 'MI FAMILIA': 0, 'CAMBIO': 0, 'VOS': 15}",9,46,247,0,Algún campo sin dato,16.Alta Verapaz,1.Cobán,2894,presidente
18858,,"{'UNE': 72, 'AZUL': 2, 'VALOR UNIONISTA': 6, 'CABAL': 2, 'TODOS': 1, 'VAMOS': 6, 'PHG': 0, 'PR': 0, 'PIN': 0, 'ELEFANTE': 4, 'VICTORIA': 32, 'SEMILLA': 0, 'FCN-NACION': 5, 'PPN': 0, 'UR': 0, 'URNG-MAIZ WINAQ': 9, 'CREO': 0, 'BIEN': 0, 'VIVA': 14, 'MI FAMILIA': 0, 'CAMBIO': 0, 'VOS': 5}",25,43,226,1,Algún campo sin dato,16.Alta Verapaz,1.Cobán,2894,presidente
18859,,"{'UNE': 66, 'AZUL': 1, 'VALOR UNIONISTA': 9, 'CABAL': 5, 'TODOS': 0, 'VAMOS': 4, 'PHG': 0, 'PR': 0, 'PIN': 0, 'ELEFANTE': 4, 'VICTORIA': 28, 'SEMILLA': 0, 'FCN-NACION': 5, 'PPN': 0, 'UR': 0, 'URNG-MAIZ WINAQ': 20, 'CREO': 1, 'BIEN': 0, 'VIVA': 11, 'MI FAMILIA': 1, 'CAMBIO': 0, 'VOS': 14}",7,58,234,0,Algún campo sin dato,16.Alta Verapaz,1.Cobán,2894,presidente
18860,,"{'UNE': 73, 'AZUL': 0, 'VALOR UNIONISTA': 6, 'CABAL': 3, 'TODOS': 0, 'VAMOS': 2, 'PHG': 0, 'PR': 0, 'PIN': 0, 'ELEFANTE': 2, 'VICTORIA': 39, 'SEMILLA': 0, 'FCN-NACION': 2, 'PPN': 1, 'UR': 0, 'URNG-MAIZ WINAQ': 19, 'CREO': 1, 'BIEN': 0, 'VIVA': 9, 'MI FAMILIA': 1, 'CAMBIO': 0, 'VOS': 10}",9,34,211,0,Algún campo sin dato,16.Alta Verapaz,1.Cobán,2894,presidente
18861,,"{'UNE': 60, 'AZUL': 0, 'VALOR UNIONISTA': 4, 'CABAL': 2, 'TODOS': 1, 'VAMOS': 4, 'PHG': 1, 'PR': 0, 'PIN': 0, 'ELEFANTE': 2, 'VICTORIA': 32, 'SEMILLA': 0, 'FCN-NACION': 4, 'PPN': 1, 'UR': 0, 'URNG-MAIZ WINAQ': 10, 'CREO': 0, 'BIEN': 1, 'VIVA': 15, 'MI FAMILIA': 2, 'CAMBIO': 0, 'VOS': 12}",13,48,212,0,Algún campo sin dato,16.Alta Verapaz,1.Cobán,2894,presidente
18862,,"{'UNE': 54, 'AZUL': 2, 'VALOR UNIONISTA': 4, 'CABAL': 4, 'TODOS': 0, 'VAMOS': 1, 'PHG': 0, 'PR': 1, 'PIN': 0, 'ELEFANTE': 3, 'VICTORIA': 39, 'SEMILLA': 0, 'FCN-NACION': 4, 'PPN': 2, 'UR': 0, 'URNG-MAIZ WINAQ': 24, 'CREO': 0, 'BIEN': 0, 'VIVA': 8, 'MI FAMILIA': 0, 'CAMBIO': 0, 'VOS': 14}",25,45,230,0,Algún campo sin dato,16.Alta Verapaz,1.Cobán,2894,presidente
18863,,"{'UNE': 57, 'AZUL': 0, 'VALOR UNIONISTA': 7, 'CABAL': 9, 'TODOS': 1, 'VAMOS': 9, 'PHG': 0, 'PR': 0, 'PIN': 0, 'ELEFANTE': 2, 'VICTORIA': 44, 'SEMILLA': 1, 'FCN-NACION': 3, 'PPN': 6, 'UR': 0, 'URNG-MAIZ WINAQ': 23, 'CREO': 0, 'BIEN': 1, 'VIVA': 8, 'MI FAMILIA': 2, 'CAMBIO': 0, 'VOS': 8}",17,46,244,0,Algún campo sin dato,16.Alta Verapaz,1.Cobán,2894,presidente
18864,,"{'UNE': 56, 'AZUL': 1, 'VALOR UNIONISTA': 3, 'CABAL': 0, 'TODOS': 2, 'VAMOS': 12, 'PHG': 0, 'PR': 0, 'PIN': 0, 'ELEFANTE': 3, 'VICTORIA': 50, 'SEMILLA': 0, 'FCN-NACION': 2, 'PPN': 3, 'UR': 0, 'URNG-MAIZ WINAQ': 14, 'CREO': 0, 'BIEN': 0, 'VIVA': 6, 'MI FAMILIA': 3, 'CAMBIO': 0, 'VOS': 11}",22,44,232,0,Algún campo sin dato,16.Alta Verapaz,1.Cobán,2894,presidente
18865,,"{'UNE': 54, 'AZUL': 1, 'VALOR UNIONISTA': 5, 'CABAL': 6, 'TODOS': 1, 'VAMOS': 2, 'PHG': 0, 'PR': 2, 'PIN': 0, 'ELEFANTE': 4, 'VICTORIA': 53, 'SEMILLA': 0, 'FCN-NACION': 6, 'PPN': 1, 'UR': 0, 'URNG-MAIZ WINAQ': 14, 'CREO': 1, 'BIEN': 0, 'VIVA': 11, 'MI FAMILIA': 2, 'CAMBIO': 0, 'VOS': 8}",14,31,216,0,Algún campo sin dato,16.Alta Verapaz,1.Cobán,2894,presidente
18866,,"{'UNE': 65, 'AZUL': 1, 'VALOR UNIONISTA': 9, 'CABAL': 1, 'TODOS': 1, 'VAMOS': 6, 'PHG': 1, 'PR': 1, 'PIN': 0, 'ELEFANTE': 1, 'VICTORIA': 50, 'SEMILLA': 1, 'FCN-NACION': 4, 'PPN': 8, 'UR': 1, 'URNG-MAIZ WINAQ': 19, 'CREO': 1, 'BIEN': 0, 'VIVA': 6, 'MI FAMILIA': 0, 'CAMBIO': 0, 'VOS': 9}",15,43,243,0,Algún campo sin dato,16.Alta Verapaz,1.Cobán,2894,presidente
18867,,"{'UNE': 59, 'AZUL': 1, 'VALOR UNIONISTA': 5, 'CABAL': 9, 'TODOS': 1, 'VAMOS': 2, 'PHG': 1, 'PR': 0, 'PIN': 0, 'ELEFANTE': 0, 'VICTORIA': 35, 'SEMILLA': 1, 'FCN-NACION': 8, 'PPN': 4, 'UR': 0, 'URNG-MAIZ WINAQ': 11, 'CREO': 0, 'BIEN': 1, 'VIVA': 14, 'MI FAMILIA': 1, 'CAMBIO': 0, 'VOS': 13}",15,38,219,0,Algún campo sin dato,16.Alta Verapaz,1.Cobán,2894,presidente
18868,,"{'UNE': 54, 'AZUL': 0, 'VALOR UNIONISTA': 6, 'CABAL': 0, 'TODOS': 0, 'VAMOS': 4, 'PHG': 0, 'PR': 1, 'PIN': 0, 'ELEFANTE': 4, 'VICTORIA': 45, 'SEMILLA': 0, 'FCN-NACION': 3, 'PPN': 3, 'UR': 0, 'URNG-MAIZ WINAQ': 18, 'CREO': 0, 'BIEN': 0, 'VIVA': 6, 'MI FAMILIA': 0, 'CAMBIO': 0, 'VOS': 8}",13,35,200,0,Sumas Asentadas sin cuadrar,16.Alta Verapaz,1.Cobán,2894,presidente
18869,,"{'UNE': 50, 'AZUL': 2, 'VALOR UNIONISTA': 5, 'CABAL': 1, 'TODOS': 1, 'VAMOS': 3, 'PHG': 1, 'PR': 1, 'PIN': 1, 'ELEFANTE': 5, 'VICTORIA': 33, 'SEMILLA': 0, 'FCN-NACION': 8, 'PPN': 4, 'UR': 1, 'URNG-MAIZ WINAQ': 18, 'CREO': 0, 'BIEN': 0, 'VIVA': 10, 'MI FAMILIA': 1, 'CAMBIO': 0, 'VOS': 11}",8,20,184,24,Algún campo sin dato,16.Alta Verapaz,1.Cobán,2894,presidente
18870,,"{'UNE': 49, 'AZUL': 1, 'VALOR UNIONISTA': 4, 'CABAL': 6, 'TODOS': 0, 'VAMOS': 9, 'PHG': 0, 'PR': 0, 'PIN': 0, 'ELEFANTE': 1, 'VICTORIA': 37, 'SEMILLA': 0, 'FCN-NACION': 3, 'PPN': 2, 'UR': 1, 'URNG-MAIZ WINAQ': 21, 'CREO': 0, 'BIEN': 0, 'VIVA': 11, 'MI FAMILIA': 1, 'CAMBIO': 0, 'VOS': 0}",5,38,189,0,Sumas Asentadas sin cuadrar,16.Alta Verapaz,1.Cobán,2894,presidente
18871,,"{'UNE': 44, 'AZUL': 1, 'VALOR UNIONISTA': 3, 'CABAL': 3, 'TODOS': 0, 'VAMOS': 4, 'PHG': 0, 'PR': 1, 'PIN': 0, 'ELEFANTE': 0, 'VICTORIA': 37, 'SEMILLA': 0, 'FCN-NACION': 1, 'PPN': 0, 'UR': 0, 'URNG-MAIZ WINAQ': 9, 'CREO': 0, 'BIEN': 0, 'VIVA': 11, 'MI FAMILIA': 0, 'CAMBIO': 0, 'VOS': 7}",14,42,177,0,Algún campo sin dato,16.Alta Verapaz,1.Cobán,2894,presidente
18872,,"{'UNE': 52, 'AZUL': 0, 'VALOR UNIONISTA': 6, 'CABAL': 3, 'TODOS': 0, 'VAMOS': 3, 'PHG': 1, 'PR': 0, 'PIN': 0, 'ELEFANTE': 3, 'VICTORIA': 38, 'SEMILLA': 0, 'FCN-NACION': 3, 'PPN': 0, 'UR': 0, 'URNG-MAIZ WINAQ': 12, 'CREO': 0, 'BIEN': 0, 'VIVA': 19, 'MI FAMILIA': 1, 'CAMBIO': 0, 'VOS': 10}",7,26,184,0,Algún campo sin dato,16.Alta Verapaz,1.Cobán,2894,presidente
18873,,"{'UNE': 51, 'AZUL': 0, 'VALOR UNIONISTA': 3, 'CABAL': 5, 'TODOS': 0, 'VAMOS': 3, 'PHG': 1, 'PR': 0, 'PIN': 0, 'ELEFANTE': 1, 'VICTORIA': 46, 'SEMILLA': 0, 'FCN-NACION': 6, 'PPN': 0, 'UR': 0, 'URNG-MAIZ WINAQ': 17, 'CREO': 0, 'BIEN': 0, 'VIVA': 13, 'MI FAMILIA': 0, 'CAMBIO': 0, 'VOS': 6}",6,36,194,0,Algún campo sin dato,16.Alta Verapaz,1.Cobán,2894,presidente
18874,,"{'UNE': 44, 'AZUL': 0, 'VALOR UNIONISTA': 4, 'CABAL': 1, 'TODOS': 1, 'VAMOS': 5, 'PHG': 0, 'PR': 0, 'PIN': 0, 'ELEFANTE': 3, 'VICTORIA': 46, 'SEMILLA': 1, 'FCN-NACION': 2, 'PPN': 8, 'UR': 0, 'URNG-MAIZ WINAQ': 17, 'CREO': 0, 'BIEN': 0, 'VIVA': 6, 'MI FAMILIA': 0, 'CAMBIO': 0, 'VOS': 6}",8,28,180,0,Algún campo sin dato,16.Alta Verapaz,1.Cobán,2894,presidente
18875,,"{'UNE': 34, 'AZUL': 0, 'VALOR UNIONISTA': 1, 'CABAL': 2, 'TODOS': 0, 'VAMOS': 2, 'PHG': 0, 'PR': 0, 'PIN': 0, 'ELEFANTE': 0, 'VICTORIA': 43, 'SEMILLA': 0, 'FCN-NACION': 0, 'PPN': 3, 'UR': 0, 'URNG-MAIZ WINAQ': 8, 'CREO': 0, 'BIEN': 0, 'VIVA': 6, 'MI FAMILIA': 0, 'CAMBIO': 0, 'VOS': 7}",4,20,130,0,Algún campo sin dato,16.Alta Verapaz,1.Cobán,2894,presidente
18876,,"{'UNE': 40, 'AZUL': 1, 'VALOR UNIONISTA': 1, 'CABAL': 1, 'TODOS': 0, 'VAMOS': 7, 'PHG': 0, 'PR': 0, 'PIN': 0, 'ELEFANTE': 0, 'VICTORIA': 31, 'SEMILLA': 0, 'FCN-NACION': 3, 'PPN': 0, 'UR': 0, 'URNG-MAIZ WINAQ': 7, 'CREO': 0, 'BIEN': 0, 'VIVA': 2, 'MI FAMILIA': 1, 'CAMBIO': 0, 'VOS': 4}",7,18,123,0,Algún campo sin dato,16.Alta Verapaz,1.Cobán,2894,presidente
18877,,"{'UNE': 78, 'AZUL': 3, 'VALOR UNIONISTA': 7, 'CABAL': 8, 'TODOS': 2, 'VAMOS': 17, 'PHG': 0, 'PR': 2, 'PIN': 0, 'ELEFANTE': 1, 'VICTORIA': 37, 'SEMILLA': 2, 'FCN-NACION': 0, 'PPN': 5, 'UR': 0, 'URNG-MAIZ WINAQ': 9, 'CREO': 1, 'BIEN': 0, 'VIVA': 6, 'MI FAMILIA': 1, 'CAMBIO': 0, 'VOS': 2}",23,56,260,0,Algún campo sin dato,16.Alta Verapaz,1.Cobán,2895,presidente
18878,,"{'UNE': 74, 'AZUL': 3, 'VALOR UNIONISTA': 9, 'CABAL': 0, 'TODOS': 0, 'VAMOS': 24, 'PHG': 2, 'PR': 0, 'PIN': 0, 'ELEFANTE': 4, 'VICTORIA': 24, 'SEMILLA': 1, 'FCN-NACION': 3, 'PPN': 13, 'UR': 0, 'URNG-MAIZ WINAQ': 4, 'CREO': 2, 'BIEN': 2, 'VIVA': 11, 'MI FAMILIA': 0, 'CAMBIO': 0, 'VOS': 1}",49,40,266,0,Sumas Asentadas sin cuadrar,16.Alta Verapaz,1.Cobán,2895,presidente
18879,,"{'UNE': 67, 'AZUL': 2, 'VALOR UNIONISTA': 14, 'CABAL': 3, 'TODOS': 1, 'VAMOS': 16, 'PHG': 1, 'PR': 1, 'PIN': 0, 'ELEFANTE': 4, 'VICTORIA': 40, 'SEMILLA': 2, 'FCN-NACION': 2, 'PPN': 3, 'UR': 0, 'URNG-MAIZ WINAQ': 11, 'CREO': 0, 'BIEN': 0, 'VIVA': 11, 'MI FAMILIA': 3, 'CAMBIO': 0, 'VOS': 1}",31,56,269,0,Algún campo sin dato,16.Alta Verapaz,1.Cobán,2895,presidente
18880,,"{'UNE': 86, 'AZUL': 1, 'VALOR UNIONISTA': 6, 'CABAL': 6, 'TODOS': 0, 'VAMOS': 32, 'PHG': 1, 'PR': 0, 'PIN': 1, 'ELEFANTE': 2, 'VICTORIA': 23, 'SEMILLA': 0, 'FCN-NACION': 0, 'PPN': 7, 'UR': 1, 'URNG-MAIZ WINAQ': 12, 'CREO': 3, 'BIEN': 0, 'VIVA': 10, 'MI FAMILIA': 1, 'CAMBIO': 0, 'VOS': 0}",23,77,292,0,Algún campo sin dato,16.Alta Verapaz,1.Cobán,2895,presidente
18881,,"{'UNE': 72, 'AZUL': 1, 'VALOR UNIONISTA': 5, 'CABAL': 6, 'TODOS': 1, 'VAMOS': 25, 'PHG': 0, 'PR': 0, 'PIN': 0, 'ELEFANTE': 3, 'VICTORIA': 32, 'SEMILLA': 1, 'FCN-NACION': 1, 'PPN': 6, 'UR': 0, 'URNG-MAIZ WINAQ': 8, 'CREO': 1, 'BIEN': 1, 'VIVA': 7, 'MI FAMILIA': 0, 'CAMBIO': 0, 'VOS': 1}",27,64,262,0,Algún campo sin dato,16.Alta Verapaz,1.Cobán,2895,presidente
18882,,"{'UNE': 71, 'AZUL': 3, 'VALOR UNIONISTA': 8, 'CABAL': 11, 'TODOS': 1, 'VAMOS': 19, 'PHG': 1, 'PR': 0, 'PIN': 0, 'ELEFANTE': 5, 'VICTORIA': 36, 'SEMILLA': 3, 'FCN-NACION': 0, 'PPN': 8, 'UR': 1, 'URNG-MAIZ WINAQ': 14, 'CREO': 2, 'BIEN': 2, 'VIVA': 8, 'MI FAMILIA': 1, 'CAMBIO': 0, 'VOS': 0}",19,52,265,0,Algún campo sin dato,16.Alta Verapaz,1.Cobán,2895,presidente
18883,,"{'UNE': 65, 'AZUL': 0, 'VALOR UNIONISTA': 7, 'CABAL': 7, 'TODOS': 1, 'VAMOS': 13, 'PHG': 0, 'PR': 0, 'PIN': 0, 'ELEFANTE': 3, 'VICTORIA': 38, 'SEMILLA': 1, 'FCN-NACION': 2, 'PPN': 7, 'UR': 0, 'URNG-MAIZ WINAQ': 7, 'CREO': 0, 'BIEN': 0, 'VIVA': 6, 'MI FAMILIA': 0, 'CAMBIO': 0, 'VOS': 2}",19,41,219,0,Algún campo sin dato,16.Alta Verapaz,1.Cobán,2895,presidente
18884,,"{'UNE': 61, 'AZUL': 1, 'VALOR UNIONISTA': 4, 'CABAL': 4, 'TODOS': 2, 'VAMOS': 27, 'PHG': 2, 'PR': 1, 'PIN': 0, 'ELEFANTE': 1, 'VICTORIA': 38, 'SEMILLA': 1, 'FCN-NACION': 1, 'PPN': 2, 'UR': 0, 'URNG-MAIZ WINAQ': 7, 'CREO': 0, 'BIEN': 0, 'VIVA': 6, 'MI FAMILIA': 1, 'CAMBIO': 0, 'VOS': 0}",25,52,236,0,Algún campo sin dato,16.Alta Verapaz,1.Cobán,2895,presidente
18885,,"{'UNE': 60, 'AZUL': 0, 'VALOR UNIONISTA': 4, 'CABAL': 7, 'TODOS': 2, 'VAMOS': 23, 'PHG': 3, 'PR': 1, 'PIN': 1, 'ELEFANTE': 1, 'VICTORIA': 21, 'SEMILLA': 1, 'FCN-NACION': 1, 'PPN': 5, 'UR': 0, 'URNG-MAIZ WINAQ': 1, 'CREO': 0, 'BIEN': 0, 'VIVA': 8, 'MI FAMILIA': 2, 'CAMBIO': 0, 'VOS': 1}",16,41,199,0,Algún campo sin dato,16.Alta Verapaz,1.Cobán,2895,presidente
18886,,"{'UNE': 54, 'AZUL': 1, 'VALOR UNIONISTA': 2, 'CABAL': 3, 'TODOS': 4, 'VAMOS': 17, 'PHG': 1, 'PR': 3, 'PIN': 0, 'ELEFANTE': 1, 'VICTORIA': 26, 'SEMILLA': 0, 'FCN-NACION': 1, 'PPN': 2, 'UR': 0, 'URNG-MAIZ WINAQ': 4, 'CREO': 0, 'BIEN': 1, 'VIVA': 6, 'MI FAMILIA': 2, 'CAMBIO': 0, 'VOS': 3}",26,38,195,0,Algún campo sin dato,16.Alta Verapaz,1.Cobán,2895,presidente
18887,,"{'UNE': 57, 'AZUL': 4, 'VALOR UNIONISTA': 1, 'CABAL': 2, 'TODOS': 0, 'VAMOS': 20, 'PHG': 1, 'PR': 1, 'PIN': 0, 'ELEFANTE': 1, 'VICTORIA': 27, 'SEMILLA': 2, 'FCN-NACION': 0, 'PPN': 9, 'UR': 0, 'URNG-MAIZ WINAQ': 2, 'CREO': 2, 'BIEN': 2, 'VIVA': 4, 'MI FAMILIA': 2, 'CAMBIO': 0, 'VOS': 0}",22,40,199,0,Algún campo sin dato,16.Alta Verapaz,1.Cobán,2895,presidente
18888,,"{'UNE': 51, 'AZUL': 1, 'VALOR UNIONISTA': 6, 'CABAL': 2, 'TODOS': 0, 'VAMOS': 18, 'PHG': 0, 'PR': 1, 'PIN': 0, 'ELEFANTE': 1, 'VICTORIA': 33, 'SEMILLA': 1, 'FCN-NACION': 0, 'PPN': 3, 'UR': 0, 'URNG-MAIZ WINAQ': 7, 'CREO': 2, 'BIEN': 0, 'VIVA': 7, 'MI FAMILIA': 1, 'CAMBIO': 0, 'VOS': 1}",17,40,192,0,Algún campo sin dato,16.Alta Verapaz,1.Cobán,2895,presidente
18889,,"{'UNE': 34, 'AZUL': 0, 'VALOR UNIONISTA': 2, 'CABAL': 3, 'TODOS': 0, 'VAMOS': 11, 'PHG': 0, 'PR': 0, 'PIN': 0, 'ELEFANTE': 0, 'VICTORIA': 26, 'SEMILLA': 1, 'FCN-NACION': 0, 'PPN': 1, 'UR': 0, 'URNG-MAIZ WINAQ': 2, 'CREO': 0, 'BIEN': 0, 'VIVA': 9, 'MI FAMILIA': 0, 'CAMBIO': 0, 'VOS': 0}",7,33,129,0,Algún campo sin dato,16.Alta Verapaz,1.Cobán,2895,presidente
18890,,"{'UNE': 43, 'AZUL': 2, 'VALOR UNIONISTA': 2, 'CABAL': 0, 'TODOS': 0, 'VAMOS': 5, 'PHG': 1, 'PR': 0, 'PIN': 0, 'ELEFANTE': 0, 'VICTORIA': 15, 'SEMILLA': 1, 'FCN-NACION': 0, 'PPN': 0, 'UR': 0, 'URNG-MAIZ WINAQ': 5, 'CREO': 0, 'BIEN': 4, 'VIVA': 2, 'MI FAMILIA': 0, 'CAMBIO': 0, 'VOS': 0}",18,26,124,0,Algún campo sin dato,16.Alta Verapaz,1.Cobán,2895,presidente
18891,,"{'UNE': 51, 'AZUL': 0, 'VALOR UNIONISTA': 7, 'CABAL': 7, 'TODOS': 1, 'VAMOS': 26, 'PHG': 2, 'PR': 2, 'PIN': 0, 'ELEFANTE': 1, 'VICTORIA': 25, 'SEMILLA': 5, 'FCN-NACION': 1, 'PPN': 4, 'UR': 0, 'URNG-MAIZ WINAQ': 40, 'CREO': 1, 'BIEN': 1, 'VIVA': 15, 'MI FAMILIA': 2, 'CAMBIO': 1, 'VOS': 2}",25,44,263,0,Algún campo sin dato,16.Alta Verapaz,1.Cobán,2896,presidente
18892,,"{'UNE': 41, 'AZUL': 5, 'VALOR UNIONISTA': 2, 'CABAL': 6, 'TODOS': 1, 'VAMOS': 10, 'PHG': 0, 'PR': 0, 'PIN': 0, 'ELEFANTE': 1, 'VICTORIA': 41, 'SEMILLA': 5, 'FCN-NACION': 0, 'PPN': 7, 'UR': 0, 'URNG-MAIZ WINAQ': 28, 'CREO': 0, 'BIEN': 2, 'VIVA': 24, 'MI FAMILIA': 2, 'CAMBIO': 1, 'VOS': 4}",13,60,253,0,Algún campo sin dato,16.Alta Verapaz,1.Cobán,2896,presidente
18893,,"{'UNE': 23, 'AZUL': 4, 'VALOR UNIONISTA': 8, 'CABAL': 3, 'TODOS': 1, 'VAMOS': 7, 'PHG': 1, 'PR': 1, 'PIN': 0, 'ELEFANTE': 1, 'VICTORIA': 22, 'SEMILLA': 8, 'FCN-NACION': 2, 'PPN': 4, 'UR': 0, 'URNG-MAIZ WINAQ': 18, 'CREO': 1, 'BIEN': 0, 'VIVA': 9, 'MI FAMILIA': 1, 'CAMBIO': 0, 'VOS': 2}",11,37,164,0,Algún campo sin dato,16.Alta Verapaz,1.Cobán,2896,presidente
18894,,"{'UNE': 34, 'AZUL': 1, 'VALOR UNIONISTA': 7, 'CABAL': 2, 'TODOS': 0, 'VAMOS': 10, 'PHG': 1, 'PR': 0, 'PIN': 0, 'ELEFANTE': 1, 'VICTORIA': 20, 'SEMILLA': 6, 'FCN-NACION': 1, 'PPN': 1, 'UR': 0, 'URNG-MAIZ WINAQ': 14, 'CREO': 1, 'BIEN': 0, 'VIVA': 24, 'MI FAMILIA': 0, 'CAMBIO': 0, 'VOS': 5}",14,36,178,0,,16.Alta Verapaz,1.Cobán,2896,presidente
18895,,"{'UNE': 45, 'AZUL': 1, 'VALOR UNIONISTA': 6, 'CABAL': 6, 'TODOS': 2, 'VAMOS': 20, 'PHG': 3, 'PR': 1, 'PIN': 0, 'ELEFANTE': 0, 'VICTORIA': 64, 'SEMILLA': 1, 'FCN-NACION': 3, 'PPN': 4, 'UR': 1, 'URNG-MAIZ WINAQ': 11, 'CREO': 3, 'BIEN': 2, 'VIVA': 10, 'MI FAMILIA': 1, 'CAMBIO': 0, 'VOS': 1}",23,68,276,0,Algún campo sin dato,16.Alta Verapaz,1.Cobán,2897,presidente
18896,,"{'UNE': 16, 'AZUL': 0, 'VALOR UNIONISTA': 4, 'CABAL': 4, 'TODOS': 3, 'VAMOS': 22, 'PHG': 1, 'PR': 0, 'PIN': 0, 'ELEFANTE': 1, 'VICTORIA': 64, 'SEMILLA': 0, 'FCN-NACION': 2, 'PPN': 0, 'UR': 0, 'URNG-MAIZ WINAQ': 9, 'CREO': 1, 'BIEN': 0, 'VIVA': 8, 'MI FAMILIA': 0, 'CAMBIO': 0, 'VOS': 1}",24,45,205,0,Sumas Asentadas sin cuadrar,16.Alta Verapaz,1.Cobán,2897,presidente
18897,,"{'UNE': 31, 'AZUL': 0, 'VALOR UNIONISTA': 9, 'CABAL': 5, 'TODOS': 9, 'VAMOS': 16, 'PHG': 2, 'PR': 1, 'PIN': 0, 'ELEFANTE': 0, 'VICTORIA': 46, 'SEMILLA': 0, 'FCN-NACION': 1, 'PPN': 6, 'UR': 0, 'URNG-MAIZ WINAQ': 27, 'CREO': 0, 'BIEN': 3, 'VIVA': 3, 'MI FAMILIA': 2, 'CAMBIO': 0, 'VOS': 0}",26,60,247,0,Algún campo sin dato,16.Alta Verapaz,1.Cobán,2897,presidente
18898,,"{'UNE': 29, 'AZUL': 1, 'VALOR UNIONISTA': 5, 'CABAL': 2, 'TODOS': 5, 'VAMOS': 16, 'PHG': 1, 'PR': 1, 'PIN': 0, 'ELEFANTE': 0, 'VICTORIA': 53, 'SEMILLA': 2, 'FCN-NACION': 0, 'PPN': 10, 'UR': 0, 'URNG-MAIZ WINAQ': 12, 'CREO': 1, 'BIEN': 1, 'VIVA': 4, 'MI FAMILIA': 0, 'CAMBIO': 0, 'VOS': 1}",21,80,245,0,Algún campo sin dato,16.Alta Verapaz,1.Cobán,2897,presidente
18899,,"{'UNE': 16, 'AZUL': 0, 'VALOR UNIONISTA': 6, 'CABAL': 6, 'TODOS': 2, 'VAMOS': 17, 'PHG': 0, 'PR': 1, 'PIN': 0, 'ELEFANTE': 0, 'VICTORIA': 51, 'SEMILLA': 3, 'FCN-NACION': 0, 'PPN': 3, 'UR': 0, 'URNG-MAIZ WINAQ': 12, 'CREO': 1, 'BIEN': 1, 'VIVA': 7, 'MI FAMILIA': 0, 'CAMBIO': 0, 'VOS': 2}",19,68,215,0,Algún campo sin dato,16.Alta Verapaz,1.Cobán,2897,presidente
18900,,"{'UNE': 9, 'AZUL': 1, 'VALOR UNIONISTA': 1, 'CABAL': 2, 'TODOS': 4, 'VAMOS': 8, 'PHG': 0, 'PR': 1, 'PIN': 0, 'ELEFANTE': 1, 'VICTORIA': 53, 'SEMILLA': 1, 'FCN-NACION': 2, 'PPN': 2, 'UR': 1, 'URNG-MAIZ WINAQ': 15, 'CREO': 0, 'BIEN': 0, 'VIVA': 8, 'MI FAMILIA': 2, 'CAMBIO': 0, 'VOS': 1}",33,58,203,0,Algún campo sin dato,16.Alta Verapaz,1.Cobán,2897,presidente
18901,,"{'UNE': 9, 'AZUL': 0, 'VALOR UNIONISTA': 0, 'CABAL': 1, 'TODOS': 1, 'VAMOS': 5, 'PHG': 1, 'PR': 0, 'PIN': 0, 'ELEFANTE': 0, 'VICTORIA': 43, 'SEMILLA': 3, 'FCN-NACION': 0, 'PPN': 1, 'UR': 0, 'URNG-MAIZ WINAQ': 8, 'CREO': 1, 'BIEN': 0, 'VIVA': 5, 'MI FAMILIA': 0, 'CAMBIO': 0, 'VOS': 1}",10,35,124,0,Algún campo sin dato,16.Alta Verapaz,1.Cobán,2897,presidente
18902,,"{'UNE': 16, 'AZUL': 0, 'VALOR UNIONISTA': 0, 'CABAL': 4, 'TODOS': 0, 'VAMOS': 10, 'PHG': 0, 'PR': 0, 'PIN': 0, 'ELEFANTE': 0, 'VICTORIA': 26, 'SEMILLA': 0, 'FCN-NACION': 0, 'PPN': 6, 'UR': 0, 'URNG-MAIZ WINAQ': 7, 'CREO': 1, 'BIEN': 0, 'VIVA': 4, 'MI FAMILIA': 0, 'CAMBIO': 0, 'VOS': 0}",9,30,113,0,Sumas Asentadas sin cuadrar,16.Alta Verapaz,1.Cobán,2897,presidente
18903,,"{'UNE': 12, 'AZUL': 5, 'VALOR UNIONISTA': 12, 'CABAL': 13, 'TODOS': 1, 'VAMOS': 15, 'PHG': 2, 'PR': 1, 'PIN': 0, 'ELEFANTE': 3, 'VICTORIA': 15, 'SEMILLA': 23, 'FCN-NACION': 0, 'PPN': 4, 'UR': 2, 'URNG-MAIZ WINAQ': 12, 'CREO': 3, 'BIEN': 9, 'VIVA': 10, 'MI FAMILIA': 4, 'CAMBIO': 0, 'VOS': 15}",7,38,206,1,Algún campo sin dato,16.Alta Verapaz,1.Cobán,2898,presidente
18904,,"{'UNE': 10, 'AZUL': 3, 'VALOR UNIONISTA': 19, 'CABAL': 13, 'TODOS': 0, 'VAMOS': 9, 'PHG': 2, 'PR': 3, 'PIN': 0, 'ELEFANTE': 2, 'VICTORIA': 20, 'SEMILLA': 29, 'FCN-NACION': 2, 'PPN': 4, 'UR': 0, 'URNG-MAIZ WINAQ': 12, 'CREO': 2, 'BIEN': 13, 'VIVA': 12, 'MI FAMILIA': 4, 'CAMBIO': 0, 'VOS': 26}",0,49,234,0,Algún campo sin dato,16.Alta Verapaz,1.Cobán,2898,presidente
18905,,"{'UNE': 8, 'AZUL': 3, 'VALOR UNIONISTA': 17, 'CABAL': 19, 'TODOS': 0, 'VAMOS': 6, 'PHG': 0, 'PR': 2, 'PIN': 0, 'ELEFANTE': 3, 'VICTORIA': 15, 'SEMILLA': 34, 'FCN-NACION': 2, 'PPN': 2, 'UR': 1, 'URNG-MAIZ WINAQ': 4, 'CREO': 1, 'BIEN': 12, 'VIVA': 8, 'MI FAMILIA': 2, 'CAMBIO': 0, 'VOS': 19}",4,45,207,1,Algún campo sin dato,16.Alta Verapaz,1.Cobán,2898,presidente
18906,,"{'UNE': 5, 'AZUL': 4, 'VALOR UNIONISTA': 21, 'CABAL': 9, 'TODOS': 1, 'VAMOS': 7, 'PHG': 1, 'PR': 5, 'PIN': 0, 'ELEFANTE': 1, 'VICTORIA': 8, 'SEMILLA': 20, 'FCN-NACION': 0, 'PPN': 6, 'UR': 3, 'URNG-MAIZ WINAQ': 8, 'CREO': 1, 'BIEN': 9, 'VIVA': 7, 'MI FAMILIA': 0, 'CAMBIO': 0, 'VOS': 13}",4,40,173,0,Algún campo sin dato,16.Alta Verapaz,1.Cobán,2898,presidente
18907,,"{'UNE': 6, 'AZUL': 0, 'VALOR UNIONISTA': 8, 'CABAL': 7, 'TODOS': 1, 'VAMOS': 3, 'PHG': 0, 'PR': 1, 'PIN': 1, 'ELEFANTE': 0, 'VICTORIA': 11, 'SEMILLA': 21, 'FCN-NACION': 0, 'PPN': 1, 'UR': 0, 'URNG-MAIZ WINAQ': 5, 'CREO': 0, 'BIEN': 3, 'VIVA': 2, 'MI FAMILIA': 1, 'CAMBIO': 0, 'VOS': 2}",0,17,90,0,Algún campo sin dato,16.Alta Verapaz,1.Cobán,2898,presidente
18908,,"{'UNE': 4, 'AZUL': 0, 'VALOR UNIONISTA': 4, 'CABAL': 2, 'TODOS': 0, 'VAMOS': 4, 'PHG': 0, 'PR': 2, 'PIN': 0, 'ELEFANTE': 0, 'VICTORIA': 1, 'SEMILLA': 4, 'FCN-NACION': 1, 'PPN': 2, 'UR': 1, 'URNG-MAIZ WINAQ': 3, 'CREO': 0, 'BIEN': 2, 'VIVA': 3, 'MI FAMILIA': 0, 'CAMBIO': 0, 'VOS': 1}",0,5,39,0,Algún campo sin dato,16.Alta Verapaz,1.Cobán,2898,presidente
