mesa,acta_url,partidos,votos_blanco,votos_nulos,votos_total,votos_invalidos,observaciones,departamento,municipio,centro,tipo
19432,,"{'UNE': 41, 'AZUL': 3, 'VALOR UNIONISTA': 16, 'CABAL': 18, 'TODOS': 0, 'VAMOS': 11, 'PHG': 0, 'PR': 3, 'PIN': 0, 'ELEFANTE': 1, 'VICTORIA': 23, 'SEMILLA': 29, 'FCN-NACION': 2, 'PPN': 2, 'UR': 3, 'URNG-MAIZ WINAQ': 9, 'CREO': 0, 'BIEN': 5, 'VIVA': 11, 'MI FAMILIA': 4, 'CAMBIO': 1, 'VOS': 17}",7,53,259,0,Algún campo sin dato,16.Alta Verapaz,9.San Pedro Carchá,2985,presidente
19433,,"{'UNE': 49, 'AZUL': 2, 'VALOR UNIONISTA': 17, 'CABAL': 21, 'TODOS': 0, 'VAMOS': 15, 'PHG': 1, 'PR': 1, 'PIN': 0, 'ELEFANTE': 1, 'VICTORIA': 27, 'SEMILLA': 43, 'FCN-NACION': 2, 'PPN': 1, 'UR': 0, 'URNG-MAIZ WINAQ': 6, 'CREO': 2, 'BIEN': 2, 'VIVA': 14, 'MI FAMILIA': 1, 'CAMBIO': 0, 'VOS': 16}",4,60,285,0,Algún campo sin dato,16.Alta Verapaz,9.San Pedro Carchá,2985,presidente
19434,,"{'UNE': 39, 'AZUL': 4, 'VALOR UNIONISTA': 31, 'CABAL': 24, 'TODOS': 2, 'VAMOS': 9, 'PHG': 2, 'PR': 3, 'PIN': 0, 'ELEFANTE': 0, 'VICTORIA': 17, 'SEMILLA': 24, 'FCN-NACION': 0, 'PPN': 0, 'UR': 3, 'URNG-MAIZ WINAQ': 12, 'CREO': 2, 'BIEN': 7, 'VIVA': 12, 'MI FAMILIA': 3, 'CAMBIO': 1, 'VOS': 21}",5,44,265,0,Algún campo sin dato,16.Alta Verapaz,9.San Pedro Carchá,2985,presidente
19435,,"{'UNE': 28, 'AZUL': 5, 'VALOR UNIONISTA': 32, 'CABAL': 13, 'TODOS': 2, 'VAMOS': 14, 'PHG': 3, 'PR': 4, 'PIN': 1, 'ELEFANTE': 1, 'VICTORIA': 18, 'SEMILLA': 41, 'FCN-NACION': 1, 'PPN': 2, 'UR': 1, 'URNG-MAIZ WINAQ': 9, 'CREO': 3, 'BIEN': 6, 'VIVA': 12, 'MI FAMILIA': 4, 'CAMBIO': 1, 'VOS': 16}",5,61,283,0,Algún campo sin dato,16.Alta Verapaz,9.San Pedro Carchá,2985,presidente
19436,,"{'UNE': 35, 'AZUL': 0, 'VALOR UNIONISTA': 13, 'CABAL': 24, 'TODOS': 0, 'VAMOS': 7, 'PHG': 6, 'PR': 2, 'PIN': 0, 'ELEFANTE': 0, 'VICTORIA': 18, 'SEMILLA': 33, 'FCN-NACION': 1, 'PPN': 0, 'UR': 1, 'URNG-MAIZ WINAQ': 3, 'CREO': 1, 'BIEN': 13, 'VIVA': 9, 'MI FAMILIA': 2, 'CAMBIO': 3, 'VOS': 31}",9,51,262,0,Algún campo sin dato,16.Alta Verapaz,9.San Pedro Carchá,2985,presidente
19437,,"{'UNE': 43, 'AZUL': 0, 'VALOR UNIONISTA': 18, 'CABAL': 18, 'TODOS': 2, 'VAMOS': 9, 'PHG': 1, 'PR': 1, 'PIN': 1, 'ELEFANTE': 0, 'VICTORIA': 18, 'SEMILLA': 36, 'FCN-NACION': 2, 'PPN': 2, 'UR': 2, 'URNG-MAIZ WINAQ': 5, 'CREO': 0, 'BIEN': 13, 'VIVA': 15, 'MI FAMILIA': 1, 'CAMBIO': 0, 'VOS': 21}",1,38,247,0,Algún campo sin dato,16.Alta Verapaz,9.San Pedro Carchá,2985,presidente
19438,,"{'UNE': 27, 'AZUL': 4, 'VALOR UNIONISTA': 17, 'CABAL': 12, 'TODOS': 1, 'VAMOS': 10, 'PHG': 2, 'PR': 0, 'PIN': 1, 'ELEFANTE': 1, 'VICTORIA': 20, 'SEMILLA': 44, 'FCN-NACION': 1, 'PPN': 2, 'UR': 0, 'URNG-MAIZ WINAQ': 3, 'CREO': 1, 'BIEN': 8, 'VIVA': 9, 'MI FAMILIA': 3, 'CAMBIO': 1, 'VOS': 24}",4,55,250,150,Algún campo sin dato,16.Alta Verapaz,9.San Pedro Carchá,2985,presidente
19439,,"{'UNE': 35, 'AZUL': 4, 'VALOR UNIONISTA': 21, 'CABAL': 20, 'TODOS': 1, 'VAMOS': 5, 'PHG': 0, 'PR': 1, 'PIN': 0, 'ELEFANTE': 1, 'VICTORIA': 17, 'SEMILLA': 48, 'FCN-NACION': 2, 'PPN': 1, 'UR': 0, 'URNG-MAIZ WINAQ': 8, 'CREO': 1, 'BIEN': 10, 'VIVA': 15, 'MI FAMILIA': 0, 'CAMBIO': 1, 'VOS': 18}",7,48,264,0,,16.Alta Verapaz,9.San Pedro Carchá,2985,presidente
19440,,"{'UNE': 37, 'AZUL': 3, 'VALOR UNIONISTA': 19, 'CABAL': 20, 'TODOS': 2, 'VAMOS': 11, 'PHG': 1, 'PR': 1, 'PIN': 0, 'ELEFANTE': 4, 'VICTORIA': 17, 'SEMILLA': 61, 'FCN-NACION': 0, 'PPN': 0, 'UR': 1, 'URNG-MAIZ WINAQ': 10, 'CREO': 3, 'BIEN': 9, 'VIVA': 11, 'MI FAMILIA': 5, 'CAMBIO': 0, 'VOS': 25}",2,41,283,0,Algún campo sin dato,16.Alta Verapaz,9.San Pedro Carchá,2985,presidente
19441,,"{'UNE': 32, 'AZUL': 7, 'VALOR UNIONISTA': 28, 'CABAL': 17, 'TODOS': 1, 'VAMOS': 17, 'PHG': 2, 'PR': 1, 'PIN': 0, 'ELEFANTE': 2, 'VICTORIA': 18, 'SEMILLA': 52, 'FCN-NACION': 1, 'PPN': 1, 'UR': 0, 'URNG-MAIZ WINAQ': 10, 'CREO': 2, 'BIEN': 3, 'VIVA': 8, 'MI FAMILIA': 1, 'CAMBIO': 0, 'VOS': 18}",5,51,277,0,Algún campo sin dato,16.Alta Verapaz,9.San Pedro Carchá,2985,presidente
19442,,"{'UNE': 43, 'AZUL': 5, 'VALOR UNIONISTA': 23, 'CABAL': 9, 'TODOS': 0, 'VAMOS': 15, 'PHG': 1, 'PR': 2, 'PIN': 0, 'ELEFANTE': 3, 'VICTORIA': 15, 'SEMILLA': 54, 'FCN-NACION': 0, 'PPN': 1, 'UR': 2, 'URNG-MAIZ WINAQ': 6, 'CREO': 0, 'BIEN': 9, 'VIVA': 17, 'MI FAMILIA': 5, 'CAMBIO': 0, 'VOS': 16}",1,46,273,0,Algún campo sin dato,16.Alta Verapaz,9.San Pedro Carchá,2986,presidente
19443,,"{'UNE': 43, 'AZUL': 2, 'VALOR UNIONISTA': 22, 'CABAL': 20, 'TODOS': 2, 'VAMOS': 8, 'PHG': 2, 'PR': 0, 'PIN': 0, 'ELEFANTE': 1, 'VICTORIA': 13, 'SEMILLA': 37, 'FCN-NACION': 1, 'PPN': 3, 'UR': 3, 'URNG-MAIZ WINAQ': 3, 'CREO': 1, 'BIEN': 6, 'VIVA': 15, 'MI FAMILIA': 6, 'CAMBIO': 0, 'VOS': 21}",5,60,274,0,Sumas Asentadas sin cuadrar,16.Alta Verapaz,9.San Pedro Carchá,2986,presidente
19444,,"{'UNE': 43, 'AZUL': 3, 'VALOR UNIONISTA': 13, 'CABAL': 13, 'TODOS': 1, 'VAMOS': 16, 'PHG': 0, 'PR': 0, 'PIN': 0, 'ELEFANTE': 0, 'VICTORIA': 21, 'SEMILLA': 45, 'FCN-NACION': 5, 'PPN': 5, 'UR': 0, 'URNG-MAIZ WINAQ': 5, 'CREO': 1, 'BIEN': 10, 'VIVA': 7, 'MI FAMILIA': 2, 'CAMBIO': 0, 'VOS': 28}",2,45,265,0,Algún campo sin dato,16.Alta Verapaz,9.San Pedro Carchá,2986,presidente
19445,,"{'UNE': 37, 'AZUL': 3, 'VALOR UNIONISTA': 23, 'CABAL': 13, 'TODOS': 0, 'VAMOS': 9, 'PHG': 2, 'PR': 2, 'PIN': 0, 'ELEFANTE': 2, 'VICTORIA': 17, 'SEMILLA': 61, 'FCN-NACION': 3, 'PPN': 0, 'UR': 1, 'URNG-MAIZ WINAQ': 3, 'CREO': 0, 'BIEN': 12, 'VIVA': 8, 'MI FAMILIA': 3, 'CAMBIO': 1, 'VOS': 15}",1,56,272,0,Sumas Asentadas sin cuadrar,16.Alta Verapaz,9.San Pedro Carchá,2986,presidente
19446,,"{'UNE': 28, 'AZUL': 1, 'VALOR UNIONISTA': 13, 'CABAL': 11, 'TODOS': 0, 'VAMOS': 5, 'PHG': 0, 'PR': 0, 'PIN': 0, 'ELEFANTE': 0, 'VICTORIA': 8, 'SEMILLA': 106, 'FCN-NACION': 1, 'PPN': 0, 'UR': 0, 'URNG-MAIZ WINAQ': 2, 'CREO': 2, 'BIEN': 9, 'VIVA': 5, 'MI FAMILIA': 1, 'CAMBIO': 1, 'VOS': 23}",1,23,240,0,,16.Alta Verapaz,9.San Pedro Carchá,2986,presidente
19447,,"{'UNE': 23, 'AZUL': 3, 'VALOR UNIONISTA': 9, 'CABAL': 13, 'TODOS': 0, 'VAMOS': 9, 'PHG': 2, 'PR': 1, 'PIN': 0, 'ELEFANTE': 2, 'VICTORIA': 13, 'SEMILLA': 98, 'FCN-NACION': 0, 'PPN': 0, 'UR': 1, 'URNG-MAIZ WINAQ': 5, 'CREO': 1, 'BIEN': 14, 'VIVA': 10, 'MI FAMILIA': 1, 'CAMBIO': 1, 'VOS': 16}",1,26,249,0,Algún campo sin dato,16.Alta Verapaz,9.San Pedro Carchá,2986,presidente
19448,,"{'UNE': 27, 'AZUL': 1, 'VALOR UNIONISTA': 10, 'CABAL': 18, 'TODOS': 0, 'VAMOS': 9, 'PHG': 1, 'PR': 0, 'PIN': 0, 'ELEFANTE': 2, 'VICTORIA': 5, 'SEMILLA': 110, 'FCN-NACION': 0, 'PPN': 0, 'UR': 1, 'URNG-MAIZ WINAQ': 0, 'CREO': 1, 'BIEN': 8, 'VIVA': 10, 'MI FAMILIA': 1, 'CAMBIO': 1, 'VOS': 22}",1,24,252,0,Algún campo sin dato,16.Alta Verapaz,9.San Pedro Carchá,2986,presidente
19449,,"{'UNE': 18, 'AZUL': 2, 'VALOR UNIONISTA': 4, 'CABAL': 10, 'TODOS': 0, 'VAMOS': 5, 'PHG': 2, 'PR': 2, 'PIN': 0, 'ELEFANTE': 1, 'VICTORIA': 11, 'SEMILLA': 38, 'FCN-NACION': 0, 'PPN': 3, 'UR': 0, 'URNG-MAIZ WINAQ': 2, 'CREO': 1, 'BIEN': 4, 'VIVA': 5, 'MI FAMILIA': 0, 'CAMBIO': 0, 'VOS': 11}",1,19,139,0,Sumas Asentadas sin cuadrar,16.Alta Verapaz,9.San Pedro Carchá,2986,presidente
19450,,"{'UNE': 22, 'AZUL': 1, 'VALOR UNIONISTA': 4, 'CABAL': 3, 'TODOS': 2, 'VAMOS': 7, 'PHG': 0, 'PR': 0, 'PIN': 0, 'ELEFANTE': 0, 'VICTORIA': 2, 'SEMILLA': 41, 'FCN-NACION': 0, 'PPN': 1, 'UR': 0, 'URNG-MAIZ WINAQ': 3, 'CREO': 1, 'BIEN': 2, 'VIVA': 3, 'MI FAMILIA': 1, 'CAMBIO': 0, 'VOS': 7}",1,16,117,0,Algún campo sin dato,16.Alta Verapaz,9.San Pedro Carchá,2986,presidente
19451,,"{'UNE': 63, 'AZUL': 3, 'VALOR UNIONISTA': 4, 'CABAL': 8, 'TODOS': 0, 'VAMOS': 12, 'PHG': 0, 'PR': 1, 'PIN': 0, 'ELEFANTE': 1, 'VICTORIA': 68, 'SEMILLA': 8, 'FCN-NACION': 4, 'PPN': 0, 'UR': 0, 'URNG-MAIZ WINAQ': 7, 'CREO': 2, 'BIEN': 1, 'VIVA': 6, 'MI FAMILIA': 1, 'CAMBIO': 0, 'VOS': 2}",11,58,260,0,Algún campo sin dato,16.Alta Verapaz,9.San Pedro Carchá,2987,presidente
19452,,"{'UNE': 72, 'AZUL': 6, 'VALOR UNIONISTA': 5, 'CABAL': 11, 'TODOS': 0, 'VAMOS': 20, 'PHG': 0, 'PR': 1, 'PIN': 0, 'ELEFANTE': 0, 'VICTORIA': 63, 'SEMILLA': 5, 'FCN-NACION': 2, 'PPN': 5, 'UR': 0, 'URNG-MAIZ WINAQ': 9, 'CREO': 2, 'BIEN': 0, 'VIVA': 6, 'MI FAMILIA': 2, 'CAMBIO': 0, 'VOS': 3}",13,57,282,0,Algún campo sin dato,16.Alta Verapaz,9.San Pedro Carchá,2987,presidente
19453,,"{'UNE': 63, 'AZUL': 2, 'VALOR UNIONISTA': 6, 'CABAL': 11, 'TODOS': 2, 'VAMOS': 14, 'PHG': 0, 'PR': 1, 'PIN': 0, 'ELEFANTE': 1, 'VICTORIA': 59, 'SEMILLA': 10, 'FCN-NACION': 3, 'PPN': 3, 'UR': 1, 'URNG-MAIZ WINAQ': 6, 'CREO': 1, 'BIEN': 1, 'VIVA': 11, 'MI FAMILIA': 5, 'CAMBIO': 1, 'VOS': 6}",9,44,260,0,Sumas Asentadas sin cuadrar,16.Alta Verapaz,9.San Pedro Carchá,2987,presidente
19454,,"{'UNE': 70, 'AZUL': 4, 'VALOR UNIONISTA': 6, 'CABAL': 2, 'TODOS': 1, 'VAMOS': 13, 'PHG': 0, 'PR': 0, 'PIN': 1, 'ELEFANTE': 0, 'VICTORIA': 55, 'SEMILLA': 20, 'FCN-NACION': 0, 'PPN': 0, 'UR': 0, 'URNG-MAIZ WINAQ': 4, 'CREO': 0, 'BIEN': 3, 'VIVA': 11, 'MI FAMILIA': 0, 'CAMBIO': 1, 'VOS': 5}",9,49,254,0,,16.Alta Verapaz,9.San Pedro Carchá,2987,presidente
19455,,"{'UNE': 76, 'AZUL': 2, 'VALOR UNIONISTA': 5, 'CABAL': 8, 'TODOS': 1, 'VAMOS': 22, 'PHG': 0, 'PR': 2, 'PIN': 1, 'ELEFANTE': 1, 'VICTORIA': 48, 'SEMILLA': 7, 'FCN-NACION': 0, 'PPN': 0, 'UR': 1, 'URNG-MAIZ WINAQ': 10, 'CREO': 2, 'BIEN': 2, 'VIVA': 5, 'MI FAMILIA': 1, 'CAMBIO': 0, 'VOS': 3}",11,48,256,0,Algún campo sin dato,16.Alta Verapaz,9.San Pedro Carchá,2987,presidente
19456,,"{'UNE': 56, 'AZUL': 2, 'VALOR UNIONISTA': 3, 'CABAL': 10, 'TODOS': 0, 'VAMOS': 15, 'PHG': 0, 'PR': 1, 'PIN': 1, 'ELEFANTE': 1, 'VICTORIA': 58, 'SEMILLA': 7, 'FCN-NACION': 1, 'PPN': 1, 'UR': 0, 'URNG-MAIZ WINAQ': 3, 'CREO': 3, 'BIEN': 3, 'VIVA': 12, 'MI FAMILIA': 0, 'CAMBIO': 1, 'VOS': 9}",8,53,248,0,Algún campo sin dato,16.Alta Verapaz,9.San Pedro Carchá,2987,presidente
19457,,"{'UNE': 51, 'AZUL': 5, 'VALOR UNIONISTA': 8, 'CABAL': 6, 'TODOS': 1, 'VAMOS': 12, 'PHG': 0, 'PR': 1, 'PIN': 0, 'ELEFANTE': 3, 'VICTORIA': 8, 'SEMILLA': 10, 'FCN-NACION': 1, 'PPN': 2, 'UR': 0, 'URNG-MAIZ WINAQ': 5, 'CREO': 1, 'BIEN': 2, 'VIVA': 5, 'MI FAMILIA': 0, 'CAMBIO': 0, 'VOS': 5}",9,50,185,0,Sumas Asentadas sin cuadrar,16.Alta Verapaz,9.San Pedro Carchá,2987,presidente
19458,,"{'UNE': 50, 'AZUL': 3, 'VALOR UNIONISTA': 1, 'CABAL': 11, 'TODOS': 0, 'VAMOS': 11, 'PHG': 0, 'PR': 0, 'PIN': 0, 'ELEFANTE': 0, 'VICTORIA': 37, 'SEMILLA': 35, 'FCN-NACION': 0, 'PPN': 4, 'UR': 0, 'URNG-MAIZ WINAQ': 3, 'CREO': 1, 'BIEN': 1, 'VIVA': 8, 'MI FAMILIA': 0, 'CAMBIO': 0, 'VOS': 9}",5,47,226,0,Algún campo sin dato,16.Alta Verapaz,9.San Pedro Carchá,2987,presidente
19459,,"{'UNE': 33, 'AZUL': 0, 'VALOR UNIONISTA': 2, 'CABAL': 5, 'TODOS': 0, 'VAMOS': 5, 'PHG': 0, 'PR': 0, 'PIN': 0, 'ELEFANTE': 1, 'VICTORIA': 30, 'SEMILLA': 16, 'FCN-NACION': 0, 'PPN': 1, 'UR': 0, 'URNG-MAIZ WINAQ': 4, 'CREO': 0, 'BIEN': 0, 'VIVA': 3, 'MI FAMILIA': 0, 'CAMBIO': 0, 'VOS': 3}",1,15,119,0,Algún campo sin dato,16.Alta Verapaz,9.San Pedro Carchá,2987,presidente
19460,,"{'UNE': 26, 'AZUL': 0, 'VALOR UNIONISTA': 3, 'CABAL': 3, 'TODOS': 0, 'VAMOS': 11, 'PHG': 0, 'PR': 0, 'PIN': 0, 'ELEFANTE': 0, 'VICTORIA': 23, 'SEMILLA': 17, 'FCN-NACION': 0, 'PPN': 0, 'UR': 0, 'URNG-MAIZ WINAQ': 3, 'CREO': 2, 'BIEN': 3, 'VIVA': 5, 'MI FAMILIA': 0, 'CAMBIO': 0, 'VOS': 0}",3,15,114,0,Algún campo sin dato,16.Alta Verapaz,9.San Pedro Carchá,2987,presidente
19461,,"{'UNE': 88, 'AZUL': 2, 'VALOR UNIONISTA': 3, 'CABAL': 22, 'TODOS': 2, 'VAMOS': 11, 'PHG': 1, 'PR': 0, 'PIN': 0, 'ELEFANTE': 0, 'VICTORIA': 52, 'SEMILLA': 6, 'FCN-NACION': 2, 'PPN': 4, 'UR': 1, 'URNG-MAIZ WINAQ': 2, 'CREO': 2, 'BIEN': 5, 'VIVA': 11, 'MI FAMILIA': 0, 'CAMBIO': 1, 'VOS': 5}",17,61,298,0,Algún campo sin dato,16.Alta Verapaz,9.San Pedro Carchá,2988,presidente
19462,,"{'UNE': 95, 'AZUL': 2, 'VALOR UNIONISTA': 6, 'CABAL': 13, 'TODOS': 0, 'VAMOS': 11, 'PHG': 0, 'PR': 0, 'PIN': 0, 'ELEFANTE': 3, 'VICTORIA': 51, 'SEMILLA': 10, 'FCN-NACION': 0, 'PPN': 3, 'UR': 1, 'URNG-MAIZ WINAQ': 7, 'CREO': 3, 'BIEN': 0, 'VIVA': 8, 'MI FAMILIA': 0, 'CAMBIO': 1, 'VOS': 3}",3,59,279,0,Algún campo sin dato,16.Alta Verapaz,9.San Pedro Carchá,2988,presidente
19463,,"{'UNE': 51, 'AZUL': 2, 'VALOR UNIONISTA': 14, 'CABAL': 15, 'TODOS': 1, 'VAMOS': 18, 'PHG': 0, 'PR': 1, 'PIN': 0, 'ELEFANTE': 2, 'VICTORIA': 42, 'SEMILLA': 9, 'FCN-NACION': 2, 'PPN': 5, 'UR': 0, 'URNG-MAIZ WINAQ': 14, 'CREO': 2, 'BIEN': 1, 'VIVA': 3, 'MI FAMILIA': 3, 'CAMBIO': 1, 'VOS': 7}",4,68,265,0,Sumas Asentadas sin cuadrar,16.Alta Verapaz,9.San Pedro Carchá,2988,presidente
19464,,"{'UNE': 62, 'AZUL': 2, 'VALOR UNIONISTA': 5, 'CABAL': 18, 'TODOS': 0, 'VAMOS': 8, 'PHG': 1, 'PR': 0, 'PIN': 1, 'ELEFANTE': 0, 'VICTORIA': 43, 'SEMILLA': 16, 'FCN-NACION': 2, 'PPN': 0, 'UR': 0, 'URNG-MAIZ WINAQ': 0, 'CREO': 4, 'BIEN': 2, 'VIVA': 9, 'MI FAMILIA': 0, 'CAMBIO': 1, 'VOS': 7}",6,43,230,0,Algún campo sin dato,16.Alta Verapaz,9.San Pedro Carchá,2988,presidente
19465,,"{'UNE': 33, 'AZUL': 0, 'VALOR UNIONISTA': 7, 'CABAL': 7, 'TODOS': 0, 'VAMOS': 7, 'PHG': 0, 'PR': 0, 'PIN': 1, 'ELEFANTE': 1, 'VICTORIA': 17, 'SEMILLA': 23, 'FCN-NACION': 2, 'PPN': 0, 'UR': 0, 'URNG-MAIZ WINAQ': 3, 'CREO': 0, 'BIEN': 2, 'VIVA': 7, 'MI FAMILIA': 1, 'CAMBIO': 0, 'VOS': 5}",2,26,144,0,Algún campo sin dato,16.Alta Verapaz,9.San Pedro Carchá,2988,presidente
19466,,"{'UNE': 40, 'AZUL': 1, 'VALOR UNIONISTA': 0, 'CABAL': 4, 'TODOS': 2, 'VAMOS': 7, 'PHG': 0, 'PR': 0, 'PIN': 0, 'ELEFANTE': 0, 'VICTORIA': 15, 'SEMILLA': 6, 'FCN-NACION': 0, 'PPN': 0, 'UR': 0, 'URNG-MAIZ WINAQ': 0, 'CREO': 1, 'BIEN': 1, 'VIVA': 5, 'MI FAMILIA': 1, 'CAMBIO': 0, 'VOS': 3}",3,43,132,0,Sumas Asentadas sin cuadrar,16.Alta Verapaz,9.San Pedro Carchá,2988,presidente
19467,,"{'UNE': 82, 'AZUL': 2, 'VALOR UNIONISTA': 5, 'CABAL': 10, 'TODOS': 1, 'VAMOS': 12, 'PHG': 0, 'PR': 1, 'PIN': 1, 'ELEFANTE': 3, 'VICTORIA': 24, 'SEMILLA': 22, 'FCN-NACION': 2, 'PPN': 4, 'UR': 3, 'URNG-MAIZ WINAQ': 9, 'CREO': 0, 'BIEN': 2, 'VIVA': 18, 'MI FAMILIA': 2, 'CAMBIO': 0, 'VOS': 13}",7,52,275,125,Algún campo sin dato,16.Alta Verapaz,9.San Pedro Carchá,2989,presidente
19468,,"{'UNE': 61, 'AZUL': 3, 'VALOR UNIONISTA': 7, 'CABAL': 10, 'TODOS': 2, 'VAMOS': 9, 'PHG': 0, 'PR': 0, 'PIN': 3, 'ELEFANTE': 1, 'VICTORIA': 20, 'SEMILLA': 30, 'FCN-NACION': 2, 'PPN': 5, 'UR': 0, 'URNG-MAIZ WINAQ': 7, 'CREO': 1, 'BIEN': 4, 'VIVA': 12, 'MI FAMILIA': 4, 'CAMBIO': 2, 'VOS': 17}",6,53,259,2,Algún campo sin dato,16.Alta Verapaz,9.San Pedro Carchá,2989,presidente
19469,,"{'UNE': 70, 'AZUL': 1, 'VALOR UNIONISTA': 8, 'CABAL': 16, 'TODOS': 3, 'VAMOS': 11, 'PHG': 1, 'PR': 3, 'PIN': 0, 'ELEFANTE': 2, 'VICTORIA': 29, 'SEMILLA': 30, 'FCN-NACION': 2, 'PPN': 1, 'UR': 0, 'URNG-MAIZ WINAQ': 8, 'CREO': 1, 'BIEN': 4, 'VIVA': 7, 'MI FAMILIA': 2, 'CAMBIO': 0, 'VOS': 16}",8,58,281,0,Algún campo sin dato,16.Alta Verapaz,9.San Pedro Carchá,2989,presidente
19470,,"{'UNE': 54, 'AZUL': 3, 'VALOR UNIONISTA': 9, 'CABAL': 14, 'TODOS': 1, 'VAMOS': 5, 'PHG': 1, 'PR': 0, 'PIN': 1, 'ELEFANTE': 1, 'VICTORIA': 20, 'SEMILLA': 28, 'FCN-NACION': 0, 'PPN': 2, 'UR': 2, 'URNG-MAIZ WINAQ': 4, 'CREO': 0, 'BIEN': 4, 'VIVA': 12, 'MI FAMILIA': 0, 'CAMBIO': 0, 'VOS': 11}",6,51,229,0,Algún campo sin dato,16.Alta Verapaz,9.San Pedro Carchá,2989,presidente
19471,,"{'UNE': 49, 'AZUL': 1, 'VALOR UNIONISTA': 3, 'CABAL': 5, 'TODOS': 0, 'VAMOS': 7, 'PHG': 1, 'PR': 2, 'PIN': 0, 'ELEFANTE': 2, 'VICTORIA': 15, 'SEMILLA': 50, 'FCN-NACION': 1, 'PPN': 1, 'UR': 0, 'URNG-MAIZ WINAQ': 3, 'CREO': 1, 'BIEN': 4, 'VIVA': 11, 'MI FAMILIA': 1, 'CAMBIO': 0, 'VOS': 11}",4,31,203,2,Algún campo sin dato,16.Alta Verapaz,9.San Pedro Carchá,2989,presidente
19472,,"{'UNE': 71, 'AZUL': 6, 'VALOR UNIONISTA': 3, 'CABAL': 0, 'TODOS': 0, 'VAMOS': 15, 'PHG': 0, 'PR': 1, 'PIN': 0, 'ELEFANTE': 0, 'VICTORIA': 57, 'SEMILLA': 9, 'FCN-NACION': 1, 'PPN': 0, 'UR': 1, 'URNG-MAIZ WINAQ': 6, 'CREO': 2, 'BIEN': 1, 'VIVA': 13, 'MI FAMILIA': 0, 'CAMBIO': 0, 'VOS': 3}",8,62,259,0,Sumas Asentadas sin cuadrar,16.Alta Verapaz,9.San Pedro Carchá,2990,presidente
19473,,"{'UNE': 65, 'AZUL': 1, 'VALOR UNIONISTA': 7, 'CABAL': 6, 'TODOS': 2, 'VAMOS': 30, 'PHG': 1, 'PR': 0, 'PIN': 0, 'ELEFANTE': 0, 'VICTORIA': 68, 'SEMILLA': 7, 'FCN-NACION': 2, 'PPN': 4, 'UR': 2, 'URNG-MAIZ WINAQ': 6, 'CREO': 2, 'BIEN': 0, 'VIVA': 7, 'MI FAMILIA': 2, 'CAMBIO': 1, 'VOS': 4}",13,48,278,0,Algún campo sin dato,16.Alta Verapaz,9.San Pedro Carchá,2990,presidente
19474,,"{'UNE': 76, 'AZUL': 6, 'VALOR UNIONISTA': 5, 'CABAL': 5, 'TODOS': 1, 'VAMOS': 21, 'PHG': 0, 'PR': 0, 'PIN': 0, 'ELEFANTE': 1, 'VICTORIA': 42, 'SEMILLA': 11, 'FCN-NACION': 0, 'PPN': 1, 'UR': 2, 'URNG-MAIZ WINAQ': 8, 'CREO': 2, 'BIEN': 1, 'VIVA': 10, 'MI FAMILIA': 0, 'CAMBIO': 1, 'VOS': 7}",8,59,267,0,Algún campo sin dato,16.Alta Verapaz,9.San Pedro Carchá,2990,presidente
19475,,"{'UNE': 69, 'AZUL': 5, 'VALOR UNIONISTA': 8, 'CABAL': 7, 'TODOS': 0, 'VAMOS': 16, 'PHG': 0, 'PR': 2, 'PIN': 0, 'ELEFANTE': 1, 'VICTORIA': 53, 'SEMILLA': 11, 'FCN-NACION': 1, 'PPN': 1, 'UR': 0, 'URNG-MAIZ WINAQ': 10, 'CREO': 0, 'BIEN': 3, 'VIVA': 5, 'MI FAMILIA': 5, 'CAMBIO': 1, 'VOS': 2}",12,66,278,0,,16.Alta Verapaz,9.San Pedro Carchá,2990,presidente
19476,,"{'UNE': 61, 'AZUL': 3, 'VALOR UNIONISTA': 1, 'CABAL': 8, 'TODOS': 1, 'VAMOS': 10, 'PHG': 1, 'PR': 0, 'PIN': 0, 'ELEFANTE': 1, 'VICTORIA': 40, 'SEMILLA': 11, 'FCN-NACION': 4, 'PPN': 3, 'UR': 1, 'URNG-MAIZ WINAQ': 7, 'CREO': 1, 'BIEN': 5, 'VIVA': 12, 'MI FAMILIA': 0, 'CAMBIO': 1, 'VOS': 12}",6,63,252,0,Algún campo sin dato,16.Alta Verapaz,9.San Pedro Carchá,2990,presidente
19477,,"{'UNE': 71, 'AZUL': 2, 'VALOR UNIONISTA': 8, 'CABAL': 11, 'TODOS': 0, 'VAMOS': 21, 'PHG': 1, 'PR': 0, 'PIN': 0, 'ELEFANTE': 0, 'VICTORIA': 43, 'SEMILLA': 10, 'FCN-NACION': 3, 'PPN': 2, 'UR': 0, 'URNG-MAIZ WINAQ': 8, 'CREO': 3, 'BIEN': 0, 'VIVA': 8, 'MI FAMILIA': 2, 'CAMBIO': 0, 'VOS': 12}",11,57,273,0,Algún campo sin dato,16.Alta Verapaz,9.San Pedro Carchá,2990,presidente
19478,,"{'UNE': 53, 'AZUL': 4, 'VALOR UNIONISTA': 8, 'CABAL': 3, 'TODOS': 1, 'VAMOS': 21, 'PHG': 0, 'PR': 1, 'PIN': 0, 'ELEFANTE': 1, 'VICTORIA': 37, 'SEMILLA': 17, 'FCN-NACION': 3, 'PPN': 3, 'UR': 2, 'URNG-MAIZ WINAQ': 9, 'CREO': 0, 'BIEN': 4, 'VIVA': 14, 'MI FAMILIA': 2, 'CAMBIO': 1, 'VOS': 1}",15,47,247,11,Algún campo sin dato,16.Alta Verapaz,9.San Pedro Carchá,2990,presidente
19479,,"{'UNE': 68, 'AZUL': 1, 'VALOR UNIONISTA': 6, 'CABAL': 6, 'TODOS': 3, 'VAMOS': 18, 'PHG': 0, 'PR': 3, 'PIN': 1, 'ELEFANTE': 0, 'VICTORIA': 46, 'SEMILLA': 15, 'FCN-NACION': 1, 'PPN': 1, 'UR': 0, 'URNG-MAIZ WINAQ': 4, 'CREO': 1, 'BIEN': 0, 'VIVA': 12, 'MI FAMILIA': 3, 'CAMBIO': 0, 'VOS': 6}",5,48,248,3,Algún campo sin dato,16.Alta Verapaz,9.San Pedro Carchá,2990,presidente
19480,,"{'UNE': 72, 'AZUL': 5, 'VALOR UNIONISTA': 4, 'CABAL': 6, 'TODOS': 1, 'VAMOS': 14, 'PHG': 1, 'PR': 0, 'PIN': 0, 'ELEFANTE': 1, 'VICTORIA': 27, 'SEMILLA': 10, 'FCN-NACION': 1, 'PPN': 2, 'UR': 1, 'URNG-MAIZ WINAQ': 3, 'CREO': 0, 'BIEN': 4, 'VIVA': 17, 'MI FAMILIA': 1, 'CAMBIO': 1, 'VOS': 8}",7,47,233,0,Algún campo sin dato,16.Alta Verapaz,9.San Pedro Carchá,2990,presidente
19481,,"{'UNE': 55, 'AZUL': 4, 'VALOR UNIONISTA': 5, 'CABAL': 5, 'TODOS': 0, 'VAMOS': 21, 'PHG': 1, 'PR': 0, 'PIN': 0, 'ELEFANTE': 0, 'VICTORIA': 22, 'SEMILLA': 24, 'FCN-NACION': 0, 'PPN': 1, 'UR': 1, 'URNG-MAIZ WINAQ': 3, 'CREO': 2, 'BIEN': 1, 'VIVA': 13, 'MI FAMILIA': 0, 'CAMBIO': 0, 'VOS': 5}",5,35,203,16,Algún campo sin dato,16.Alta Verapaz,9.San Pedro Carchá,2990,presidente
19482,,"{'UNE': 33, 'AZUL': 4, 'VALOR UNIONISTA': 4, 'CABAL': 6, 'TODOS': 0, 'VAMOS': 14, 'PHG': 0, 'PR': 0, 'PIN': 0, 'ELEFANTE': 1, 'VICTORIA': 23, 'SEMILLA': 40, 'FCN-NACION': 1, 'PPN': 0, 'UR': 1, 'URNG-MAIZ WINAQ': 1, 'CREO': 1, 'BIEN': 4, 'VIVA': 16, 'MI FAMILIA': 0, 'CAMBIO': 0, 'VOS': 7}",6,29,191,0,Algún campo sin dato,16.Alta Verapaz,9.San Pedro Carchá,2990,presidente
19483,,"{'UNE': 48, 'AZUL': 0, 'VALOR UNIONISTA': 1, 'CABAL': 4, 'TODOS': 0, 'VAMOS': 11, 'PHG': 1, 'PR': 0, 'PIN': 0, 'ELEFANTE': 0, 'VICTORIA': 25, 'SEMILLA': 16, 'FCN-NACION': 0, 'PPN': 0, 'UR': 0, 'URNG-MAIZ WINAQ': 1, 'CREO': 1, 'BIEN': 1, 'VIVA': 5, 'MI FAMILIA': 0, 'CAMBIO': 0, 'VOS': 2}",1,19,136,0,Algún campo sin dato,16.Alta Verapaz,9.San Pedro Carchá,2990,presidente
19484,,"{'UNE': 34, 'AZUL': 0, 'VALOR UNIONISTA': 1, 'CABAL': 4, 'TODOS': 0, 'VAMOS': 7, 'PHG': 0, 'PR': 0, 'PIN': 0, 'ELEFANTE': 0, 'VICTORIA': 17, 'SEMILLA': 9, 'FCN-NACION': 0, 'PPN': 0, 'UR': 0, 'URNG-MAIZ WINAQ': 0, 'CREO': 0, 'BIEN': 2, 'VIVA': 4, 'MI FAMILIA': 0, 'CAMBIO': 0, 'VOS': 0}",2,22,102,0,Algún campo sin dato,16.Alta Verapaz,9.San Pedro Carchá,2990,presidente
19485,,"{'UNE': 58, 'AZUL': 4, 'VALOR UNIONISTA': 11, 'CABAL': 7, 'TODOS': 0, 'VAMOS': 12, 'PHG': 1, 'PR': 2, 'PIN': 0, 'ELEFANTE': 3, 'VICTORIA': 30, 'SEMILLA': 24, 'FCN-NACION': 2, 'PPN': 1, 'UR': 1, 'URNG-MAIZ WINAQ': 4, 'CREO': 1, 'BIEN': 6, 'VIVA': 17, 'MI FAMILIA': 2, 'CAMBIO': 0, 'VOS': 9}",7,68,270,0,Algún campo sin dato,16.Alta Verapaz,9.San Pedro Carchá,2991,presidente
19486,,"{'UNE': 54, 'AZUL': 0, 'VALOR UNIONISTA': 4, 'CABAL': 11, 'TODOS': 0, 'VAMOS': 16, 'PHG': 0, 'PR': 4, 'PIN': 0, 'ELEFANTE': 1, 'VICTORIA': 31, 'SEMILLA': 28, 'FCN-NACION': 0, 'PPN': 1, 'UR': 1, 'URNG-MAIZ WINAQ': 6, 'CREO': 2, 'BIEN': 5, 'VIVA': 13, 'MI FAMILIA': 2, 'CAMBIO': 0, 'VOS': 6}",4,38,227,0,Algún campo sin dato,16.Alta Verapaz,9.San Pedro Carchá,2991,presidente
19487,,"{'UNE': 34, 'AZUL': 2, 'VALOR UNIONISTA': 6, 'CABAL': 8, 'TODOS': 2, 'VAMOS': 9, 'PHG': 0, 'PR': 1, 'PIN': 0, 'ELEFANTE': 1, 'VICTORIA': 14, 'SEMILLA': 37, 'FCN-NACION': 0, 'PPN': 0, 'UR': 0, 'URNG-MAIZ WINAQ': 5, 'CREO': 1, 'BIEN': 6, 'VIVA': 11, 'MI FAMILIA': 1, 'CAMBIO': 0, 'VOS': 9}",2,29,178,0,Algún campo sin dato,16.Alta Verapaz,9.San Pedro Carchá,2991,presidente
19488,,"{'UNE': 103, 'AZUL': 3, 'VALOR UNIONISTA': 3, 'CABAL': 2, 'TODOS': 1, 'VAMOS': 20, 'PHG': 1, 'PR': 0, 'PIN': 0, 'ELEFANTE': 0, 'VICTORIA': 20, 'SEMILLA': 2, 'FCN-NACION': 1, 'PPN': 5, 'UR': 0, 'URNG-MAIZ WINAQ': 4, 'CREO': 2, 'BIEN': 1, 'VIVA': 16, 'MI FAMILIA': 2, 'CAMBIO': 4, 'VOS': 1}",10,41,242,0,Algún campo sin dato,16.Alta Verapaz,9.San Pedro Carchá,2992,presidente
19489,,"{'UNE': 100, 'AZUL': 3, 'VALOR UNIONISTA': 3, 'CABAL': 3, 'TODOS': 1, 'VAMOS': 5, 'PHG': 1, 'PR': 0, 'PIN': 0, 'ELEFANTE': 0, 'VICTORIA': 24, 'SEMILLA': 0, 'FCN-NACION': 0, 'PPN': 3, 'UR': 0, 'URNG-MAIZ WINAQ': 5, 'CREO': 0, 'BIEN': 0, 'VIVA': 6, 'MI FAMILIA': 1, 'CAMBIO': 0, 'VOS': 1}",11,33,200,0,Sumas Asentadas sin cuadrar,16.Alta Verapaz,9.San Pedro Carchá,2992,presidente
19490,,"{'UNE': 105, 'AZUL': 3, 'VALOR UNIONISTA': 1, 'CABAL': 7, 'TODOS': 0, 'VAMOS': 17, 'PHG': 0, 'PR': 1, 'PIN': 0, 'ELEFANTE': 0, 'VICTORIA': 21, 'SEMILLA': 1, 'FCN-NACION': 0, 'PPN': 7, 'UR': 0, 'URNG-MAIZ WINAQ': 5, 'CREO': 1, 'BIEN': 0, 'VIVA': 9, 'MI FAMILIA': 0, 'CAMBIO': 2, 'VOS': 1}",3,39,223,4,Algún campo sin dato,16.Alta Verapaz,9.San Pedro Carchá,2992,presidente
19491,,"{'UNE': 115, 'AZUL': 3, 'VALOR UNIONISTA': 5, 'CABAL': 1, 'TODOS': 0, 'VAMOS': 16, 'PHG': 0, 'PR': 0, 'PIN': 0, 'ELEFANTE': 0, 'VICTORIA': 17, 'SEMILLA': 1, 'FCN-NACION': 2, 'PPN': 2, 'UR': 0, 'URNG-MAIZ WINAQ': 4, 'CREO': 2, 'BIEN': 1, 'VIVA': 14, 'MI FAMILIA': 2, 'CAMBIO': 0, 'VOS': 1}",6,44,236,0,Algún campo sin dato,16.Alta Verapaz,9.San Pedro Carchá,2992,presidente
19492,,"{'UNE': 118, 'AZUL': 5, 'VALOR UNIONISTA': 7, 'CABAL': 9, 'TODOS': 0, 'VAMOS': 10, 'PHG': 0, 'PR': 0, 'PIN': 0, 'ELEFANTE': 0, 'VICTORIA': 16, 'SEMILLA': 2, 'FCN-NACION': 0, 'PPN': 2, 'UR': 1, 'URNG-MAIZ WINAQ': 7, 'CREO': 0, 'BIEN': 0, 'VIVA': 7, 'MI FAMILIA': 1, 'CAMBIO': 0, 'VOS': 0}",9,56,250,0,Algún campo sin dato,16.Alta Verapaz,9.San Pedro Carchá,2992,presidente
19493,,"{'UNE': 144, 'AZUL': 2, 'VALOR UNIONISTA': 1, 'CABAL': 2, 'TODOS': 0, 'VAMOS': 6, 'PHG': 0, 'PR': 0, 'PIN': 0, 'ELEFANTE': 0, 'VICTORIA': 22, 'SEMILLA': 0, 'FCN-NACION': 2, 'PPN': 2, 'UR': 1, 'URNG-MAIZ WINAQ': 0, 'CREO': 1, 'BIEN': 0, 'VIVA': 8, 'MI FAMILIA': 0, 'CAMBIO': 1, 'VOS': 0}",16,35,243,0,Algún campo sin dato,16.Alta Verapaz,9.San Pedro Carchá,2992,presidente
19494,,"{'UNE': 133, 'AZUL': 1, 'VALOR UNIONISTA': 5, 'CABAL': 9, 'TODOS': 0, 'VAMOS': 5, 'PHG': 1, 'PR': 0, 'PIN': 0, 'ELEFANTE': 0, 'VICTORIA': 35, 'SEMILLA': 2, 'FCN-NACION': 0, 'PPN': 1, 'UR': 0, 'URNG-MAIZ WINAQ': 4, 'CREO': 0, 'BIEN': 0, 'VIVA': 11, 'MI FAMILIA': 1, 'CAMBIO': 1, 'VOS': 0}",13,35,257,0,Algún campo sin dato,16.Alta Verapaz,9.San Pedro Carchá,2992,presidente
19495,,"{'UNE': 111, 'AZUL': 6, 'VALOR UNIONISTA': 1, 'CABAL': 4, 'TODOS': 1, 'VAMOS': 6, 'PHG': 0, 'PR': 2, 'PIN': 0, 'ELEFANTE': 0, 'VICTORIA': 24, 'SEMILLA': 0, 'FCN-NACION': 1, 'PPN': 7, 'UR': 0, 'URNG-MAIZ WINAQ': 5, 'CREO': 0, 'BIEN': 0, 'VIVA': 10, 'MI FAMILIA': 1, 'CAMBIO': 1, 'VOS': 3}",11,50,244,0,Algún campo sin dato,16.Alta Verapaz,9.San Pedro Carchá,2992,presidente
19496,,"{'UNE': 101, 'AZUL': 1, 'VALOR UNIONISTA': 6, 'CABAL': 4, 'TODOS': 0, 'VAMOS': 9, 'PHG': 0, 'PR': 0, 'PIN': 0, 'ELEFANTE': 0, 'VICTORIA': 22, 'SEMILLA': 0, 'FCN-NACION': 1, 'PPN': 1, 'UR': 0, 'URNG-MAIZ WINAQ': 4, 'CREO': 0, 'BIEN': 0, 'VIVA': 8, 'MI FAMILIA': 0, 'CAMBIO': 1, 'VOS': 1}",9,48,216,0,Algún campo sin dato,16.Alta Verapaz,9.San Pedro Carchá,2992,presidente
19497,,"{'UNE': 85, 'AZUL': 2, 'VALOR UNIONISTA': 3, 'CABAL': 5, 'TODOS': 0, 'VAMOS': 12, 'PHG': 0, 'PR': 0, 'PIN': 0, 'ELEFANTE': 0, 'VICTORIA': 15, 'SEMILLA': 4, 'FCN-NACION': 0, 'PPN': 2, 'UR': 0, 'URNG-MAIZ WINAQ': 4, 'CREO': 0, 'BIEN': 1, 'VIVA': 7, 'MI FAMILIA': 0, 'CAMBIO': 0, 'VOS': 2}",14,41,197,0,Algún campo sin dato,16.Alta Verapaz,9.San Pedro Carchá,2992,presidente
19498,,"{'UNE': 80, 'AZUL': 0, 'VALOR UNIONISTA': 3, 'CABAL': 2, 'TODOS': 0, 'VAMOS': 18, 'PHG': 1, 'PR': 0, 'PIN': 0, 'ELEFANTE': 0, 'VICTORIA': 23, 'SEMILLA': 0, 'FCN-NACION': 0, 'PPN': 6, 'UR': 0, 'URNG-MAIZ WINAQ': 1, 'CREO': 0, 'BIEN': 0, 'VIVA': 9, 'MI FAMILIA': 1, 'CAMBIO': 1, 'VOS': 2}",8,50,205,0,Algún campo sin dato,16.Alta Verapaz,9.San Pedro Carchá,2992,presidente
19499,,"{'UNE': 86, 'AZUL': 1, 'VALOR UNIONISTA': 3, 'CABAL': 1, 'TODOS': 0, 'VAMOS': 5, 'PHG': 0, 'PR': 1, 'PIN': 0, 'ELEFANTE': 1, 'VICTORIA': 11, 'SEMILLA': 1, 'FCN-NACION': 2, 'PPN': 1, 'UR': 0, 'URNG-MAIZ WINAQ': 2, 'CREO': 1, 'BIEN': 1, 'VIVA': 11, 'MI FAMILIA': 1, 'CAMBIO': 1, 'VOS': 1}",5,56,192,0,Algún campo sin dato,16.Alta Verapaz,9.San Pedro Carchá,2992,presidente
19500,,"{'UNE': 109, 'AZUL': 3, 'VALOR UNIONISTA': 3, 'CABAL': 2, 'TODOS': 1, 'VAMOS': 15, 'PHG': 1, 'PR': 0, 'PIN': 0, 'ELEFANTE': 0, 'VICTORIA': 21, 'SEMILLA': 0, 'FCN-NACION': 0, 'PPN': 6, 'UR': 0, 'URNG-MAIZ WINAQ': 2, 'CREO': 2, 'BIEN': 0, 'VIVA': 4, 'MI FAMILIA': 0, 'CAMBIO': 0, 'VOS': 1}",8,43,221,0,Algún campo sin dato,16.Alta Verapaz,9.San Pedro Carchá,2992,presidente
19501,,"{'UNE': 90, 'AZUL': 2, 'VALOR UNIONISTA': 3, 'CABAL': 5, 'TODOS': 1, 'VAMOS': 15, 'PHG': 2, 'PR': 0, 'PIN': 0, 'ELEFANTE': 0, 'VICTORIA': 17, 'SEMILLA': 0, 'FCN-NACION': 1, 'PPN': 3, 'UR': 0, 'URNG-MAIZ WINAQ': 7, 'CREO': 0, 'BIEN': 0, 'VIVA': 12, 'MI FAMILIA': 0, 'CAMBIO': 1, 'VOS': 0}",11,46,216,0,Algún campo sin dato,16.Alta Verapaz,9.San Pedro Carchá,2992,presidente
19502,,"{'UNE': 93, 'AZUL': 1, 'VALOR UNIONISTA': 1, 'CABAL': 3, 'TODOS': 0, 'VAMOS': 11, 'PHG': 0, 'PR': 1, 'PIN': 0, 'ELEFANTE': 0, 'VICTORIA': 27, 'SEMILLA': 0, 'FCN-NACION': 2, 'PPN': 5, 'UR': 0, 'URNG-MAIZ WINAQ': 2, 'CREO': 0, 'BIEN': 0, 'VIVA': 7, 'MI FAMILIA': 1, 'CAMBIO': 3, 'VOS': 1}",7,43,208,0,Algún campo sin dato,16.Alta Verapaz,9.San Pedro Carchá,2992,presidente
19503,,"{'UNE': 109, 'AZUL': 3, 'VALOR UNIONISTA': 2, 'CABAL': 2, 'TODOS': 0, 'VAMOS': 7, 'PHG': 0, 'PR': 2, 'PIN': 0, 'ELEFANTE': 0, 'VICTORIA': 11, 'SEMILLA': 1, 'FCN-NACION': 1, 'PPN': 1, 'UR': 0, 'URNG-MAIZ WINAQ': 2, 'CREO': 0, 'BIEN': 0, 'VIVA': 13, 'MI FAMILIA': 0, 'CAMBIO': 2, 'VOS': 0}",9,45,210,0,Algún campo sin dato,16.Alta Verapaz,9.San Pedro Carchá,2992,presidente
19504,,"{'UNE': 9, 'AZUL': 3, 'VALOR UNIONISTA': 7, 'CABAL': 3, 'TODOS': 1, 'VAMOS': 7, 'PHG': 0, 'PR': 0, 'PIN': 0, 'ELEFANTE': 0, 'VICTORIA': 17, 'SEMILLA': 2, 'FCN-NACION': 2, 'PPN': 3, 'UR': 1, 'URNG-MAIZ WINAQ': 3, 'CREO': 1, 'BIEN': 1, 'VIVA': 2, 'MI FAMILIA': 0, 'CAMBIO': 0, 'VOS': 0}",13,35,110,0,Sumas Asentadas sin cuadrar,16.Alta Verapaz,9.San Pedro Carchá,2992,presidente
19505,,"{'UNE': 100, 'AZUL': 4, 'VALOR UNIONISTA': 0, 'CABAL': 1, 'TODOS': 0, 'VAMOS': 8, 'PHG': 0, 'PR': 2, 'PIN': 0, 'ELEFANTE': 0, 'VICTORIA': 21, 'SEMILLA': 1, 'FCN-NACION': 0, 'PPN': 1, 'UR': 0, 'URNG-MAIZ WINAQ': 0, 'CREO': 0, 'BIEN': 0, 'VIVA': 7, 'MI FAMILIA': 1, 'CAMBIO': 0, 'VOS': 1}",16,38,201,0,,16.Alta Verapaz,9.San Pedro Carchá,2992,presidente
19506,,"{'UNE': 85, 'AZUL': 1, 'VALOR UNIONISTA': 0, 'CABAL': 5, 'TODOS': 0, 'VAMOS': 9, 'PHG': 0, 'PR': 0, 'PIN': 0, 'ELEFANTE': 0, 'VICTORIA': 25, 'SEMILLA': 1, 'FCN-NACION': 0, 'PPN': 2, 'UR': 0, 'URNG-MAIZ WINAQ': 1, 'CREO': 2, 'BIEN': 0, 'VIVA': 9, 'MI FAMILIA': 1, 'CAMBIO': 0, 'VOS': 2}",11,51,205,0,,16.Alta Verapaz,9.San Pedro Carchá,2992,presidente
19507,,"{'UNE': 78, 'AZUL': 2, 'VALOR UNIONISTA': 2, 'CABAL': 3, 'TODOS': 0, 'VAMOS': 6, 'PHG': 0, 'PR': 0, 'PIN': 0, 'ELEFANTE': 0, 'VICTORIA': 13, 'SEMILLA': 0, 'FCN-NACION': 0, 'PPN': 4, 'UR': 0, 'URNG-MAIZ WINAQ': 4, 'CREO': 0, 'BIEN': 0, 'VIVA': 8, 'MI FAMILIA': 1, 'CAMBIO': 0, 'VOS': 0}",9,42,172,0,Algún campo sin dato,16.Alta Verapaz,9.San Pedro Carchá,2992,presidente
19508,,"{'UNE': 76, 'AZUL': 3, 'VALOR UNIONISTA': 3, 'CABAL': 7, 'TODOS': 1, 'VAMOS': 4, 'PHG': 0, 'PR': 0, 'PIN': 1, 'ELEFANTE': 0, 'VICTORIA': 19, 'SEMILLA': 3, 'FCN-NACION': 0, 'PPN': 3, 'UR': 0, 'URNG-MAIZ WINAQ': 3, 'CREO': 0, 'BIEN': 0, 'VIVA': 4, 'MI FAMILIA': 0, 'CAMBIO': 1, 'VOS': 0}",9,36,173,0,Algún campo sin dato,16.Alta Verapaz,9.San Pedro Carchá,2992,presidente
19509,,"{'UNE': 62, 'AZUL': 0, 'VALOR UNIONISTA': 2, 'CABAL': 1, 'TODOS': 0, 'VAMOS': 10, 'PHG': 0, 'PR': 0, 'PIN': 0, 'ELEFANTE': 1, 'VICTORIA': 9, 'SEMILLA': 10, 'FCN-NACION': 0, 'PPN': 6, 'UR': 0, 'URNG-MAIZ WINAQ': 1, 'CREO': 1, 'BIEN': 0, 'VIVA': 5, 'MI FAMILIA': 0, 'CAMBIO': 0, 'VOS': 2}",6,20,136,0,Algún campo sin dato,16.Alta Verapaz,9.San Pedro Carchá,2992,presidente
19510,,"{'UNE': 78, 'AZUL': 1, 'VALOR UNIONISTA': 0, 'CABAL': 2, 'TODOS': 0, 'VAMOS': 11, 'PHG': 1, 'PR': 0, 'PIN': 0, 'ELEFANTE': 0, 'VICTORIA': 21, 'SEMILLA': 3, 'FCN-NACION': 0, 'PPN': 1, 'UR': 0, 'URNG-MAIZ WINAQ': 2, 'CREO': 0, 'BIEN': 2, 'VIVA': 3, 'MI FAMILIA': 0, 'CAMBIO': 0, 'VOS': 2}",8,31,166,0,Algún campo sin dato,16.Alta Verapaz,9.San Pedro Carchá,2992,presidente
19511,,"{'UNE': 87, 'AZUL': 0, 'VALOR UNIONISTA': 2, 'CABAL': 5, 'TODOS': 0, 'VAMOS': 11, 'PHG': 1, 'PR': 0, 'PIN': 0, 'ELEFANTE': 0, 'VICTORIA': 20, 'SEMILLA': 0, 'FCN-NACION': 1, 'PPN': 0, 'UR': 0, 'URNG-MAIZ WINAQ': 0, 'CREO': 0, 'BIEN': 0, 'VIVA': 6, 'MI FAMILIA': 0, 'CAMBIO': 0, 'VOS': 0}",15,30,178,0,Algún campo sin dato,16.Alta Verapaz,9.San Pedro Carchá,2992,presidente
19512,,"{'UNE': 80, 'AZUL': 2, 'VALOR UNIONISTA': 0, 'CABAL': 4, 'TODOS': 0, 'VAMOS': 7, 'PHG': 0, 'PR': 0, 'PIN': 0, 'ELEFANTE': 0, 'VICTORIA': 15, 'SEMILLA': 1, 'FCN-NACION': 0, 'PPN': 1, 'UR': 0, 'URNG-MAIZ WINAQ': 1, 'CREO': 0, 'BIEN': 0, 'VIVA': 5, 'MI FAMILIA': 0, 'CAMBIO': 0, 'VOS': 0}",12,32,160,0,Algún campo sin dato,16.Alta Verapaz,9.San Pedro Carchá,2992,presidente
19513,,"{'UNE': 83, 'AZUL': 0, 'VALOR UNIONISTA': 1, 'CABAL': 2, 'TODOS': 0, 'VAMOS': 7, 'PHG': 0, 'PR': 0, 'PIN': 0, 'ELEFANTE': 0, 'VICTORIA': 13, 'SEMILLA': 1, 'FCN-NACION': 0, 'PPN': 1, 'UR': 0, 'URNG-MAIZ WINAQ': 0, 'CREO': 0, 'BIEN': 0, 'VIVA': 2, 'MI FAMILIA': 0, 'CAMBIO': 3, 'VOS': 0}",1,21,135,0,Algún campo sin dato,16.Alta Verapaz,9.San Pedro Carchá,2992,presidente
19514,,"{'UNE': 77, 'AZUL': 1, 'VALOR UNIONISTA': 1, 'CABAL': 2, 'TODOS': 0, 'VAMOS': 6, 'PHG': 0, 'PR': 0, 'PIN': 0, 'ELEFANTE': 0, 'VICTORIA': 11, 'SEMILLA': 0, 'FCN-NACION': 1, 'PPN': 1, 'UR': 0, 'URNG-MAIZ WINAQ': 3, 'CREO': 0, 'BIEN': 0, 'VIVA': 4, 'MI FAMILIA': 0, 'CAMBIO': 1, 'VOS': 0}",8,25,141,0,Algún campo sin dato,16.Alta Verapaz,9.San Pedro Carchá,2992,presidente
19515,,"{'UNE': 38, 'AZUL': 0, 'VALOR UNIONISTA': 0, 'CABAL': 0, 'TODOS': 0, 'VAMOS': 2, 'PHG': 0, 'PR': 0, 'PIN': 0, 'ELEFANTE': 0, 'VICTORIA': 6, 'SEMILLA': 2, 'FCN-NACION': 1, 'PPN': 2, 'UR': 0, 'URNG-MAIZ WINAQ': 1, 'CREO': 0, 'BIEN': 0, 'VIVA': 10, 'MI FAMILIA': 0, 'CAMBIO': 0, 'VOS': 0}",8,14,84,0,Algún campo sin dato,16.Alta Verapaz,9.San Pedro Carchá,2992,presidente
19516,,"{'UNE': 33, 'AZUL': 1, 'VALOR UNIONISTA': 1, 'CABAL': 1, 'TODOS': 0, 'VAMOS': 3, 'PHG': 1, 'PR': 0, 'PIN': 1, 'ELEFANTE': 0, 'VICTORIA': 8, 'SEMILLA': 0, 'FCN-NACION': 0, 'PPN': 0, 'UR': 0, 'URNG-MAIZ WINAQ': 0, 'CREO': 0, 'BIEN': 0, 'VIVA': 4, 'MI FAMILIA': 1, 'CAMBIO': 1, 'VOS': 0}",10,10,75,0,Algún campo sin dato,16.Alta Verapaz,9.San Pedro Carchá,2992,presidente
19517,,"{'UNE': 143, 'AZUL': 3, 'VALOR UNIONISTA': 4, 'CABAL': 3, 'TODOS': 2, 'VAMOS': 10, 'PHG': 0, 'PR': 1, 'PIN': 0, 'ELEFANTE': 0, 'VICTORIA': 57, 'SEMILLA': 1, 'FCN-NACION': 3, 'PPN': 1, 'UR': 0, 'URNG-MAIZ WINAQ': 4, 'CREO': 0, 'BIEN': 0, 'VIVA': 12, 'MI FAMILIA': 0, 'CAMBIO': 2, 'VOS': 0}",8,45,299,0,Algún campo sin dato,16.Alta Verapaz,9.San Pedro Carchá,2993,presidente
19518,,"{'UNE': 127, 'AZUL': 1, 'VALOR UNIONISTA': 3, 'CABAL': 7, 'TODOS': 0, 'VAMOS': 20, 'PHG': 0, 'PR': 1, 'PIN': 1, 'ELEFANTE': 2, 'VICTORIA': 50, 'SEMILLA': 1, 'FCN-NACION': 2, 'PPN': 4, 'UR': 0, 'URNG-MAIZ WINAQ': 6, 'CREO': 0, 'BIEN': 0, 'VIVA': 9, 'MI FAMILIA': 2, 'CAMBIO': 1, 'VOS': 0}",10,39,286,0,Algún campo sin dato,16.Alta Verapaz,9.San Pedro Carchá,2993,presidente
19519,,"{'UNE': 117, 'AZUL': 3, 'VALOR UNIONISTA': 6, 'CABAL': 15, 'TODOS': 0, 'VAMOS': 15, 'PHG': 1, 'PR': 1, 'PIN': 0, 'ELEFANTE': 0, 'VICTORIA': 30, 'SEMILLA': 2, 'FCN-NACION': 0, 'PPN': 3, 'UR': 1, 'URNG-MAIZ WINAQ': 3, 'CREO': 0, 'BIEN': 0, 'VIVA': 8, 'MI FAMILIA': 2, 'CAMBIO': 0, 'VOS': 2}",8,63,280,0,Algún campo sin dato,16.Alta Verapaz,9.San Pedro Carchá,2993,presidente
19520,,"{'UNE': 113, 'AZUL': 3, 'VALOR UNIONISTA': 2, 'CABAL': 7, 'TODOS': 0, 'VAMOS': 14, 'PHG': 0, 'PR': 1, 'PIN': 0, 'ELEFANTE': 0, 'VICTORIA': 35, 'SEMILLA': 0, 'FCN-NACION': 1, 'PPN': 0, 'UR': 0, 'URNG-MAIZ WINAQ': 3, 'CREO': 0, 'BIEN': 0, 'VIVA': 6, 'MI FAMILIA': 1, 'CAMBIO': 0, 'VOS': 1}",3,43,233,0,Algún campo sin dato,16.Alta Verapaz,9.San Pedro Carchá,2993,presidente
19521,,"{'UNE': 114, 'AZUL': 1, 'VALOR UNIONISTA': 4, 'CABAL': 15, 'TODOS': 0, 'VAMOS': 8, 'PHG': 1, 'PR': 3, 'PIN': 0, 'ELEFANTE': 0, 'VICTORIA': 49, 'SEMILLA': 0, 'FCN-NACION': 0, 'PPN': 0, 'UR': 0, 'URNG-MAIZ WINAQ': 4, 'CREO': 4, 'BIEN': 0, 'VIVA': 5, 'MI FAMILIA': 2, 'CAMBIO': 0, 'VOS': 0}",9,35,254,5,Algún campo sin dato,16.Alta Verapaz,9.San Pedro Carchá,2993,presidente
19522,,"{'UNE': 110, 'AZUL': 0, 'VALOR UNIONISTA': 4, 'CABAL': 11, 'TODOS': 0, 'VAMOS': 17, 'PHG': 1, 'PR': 3, 'PIN': 0, 'ELEFANTE': 1, 'VICTORIA': 43, 'SEMILLA': 1, 'FCN-NACION': 1, 'PPN': 3, 'UR': 1, 'URNG-MAIZ WINAQ': 0, 'CREO': 1, 'BIEN': 1, 'VIVA': 9, 'MI FAMILIA': 2, 'CAMBIO': 2, 'VOS': 2}",9,43,265,0,Algún campo sin dato,16.Alta Verapaz,9.San Pedro Carchá,2993,presidente
19523,,"{'UNE': 132, 'AZUL': 1, 'VALOR UNIONISTA': 4, 'CABAL': 7, 'TODOS': 2, 'VAMOS': 12, 'PHG': 1, 'PR': 2, 'PIN': 1, 'ELEFANTE': 0, 'VICTORIA': 37, 'SEMILLA': 1, 'FCN-NACION': 0, 'PPN': 2, 'UR': 0, 'URNG-MAIZ WINAQ': 1, 'CREO': 1, 'BIEN': 0, 'VIVA': 9, 'MI FAMILIA': 0, 'CAMBIO': 0, 'VOS': 1}",18,32,264,0,Algún campo sin dato,16.Alta Verapaz,9.San Pedro Carchá,2993,presidente
19524,,"{'UNE': 115, 'AZUL': 2, 'VALOR UNIONISTA': 3, 'CABAL': 9, 'TODOS': 0, 'VAMOS': 18, 'PHG': 1, 'PR': 0, 'PIN': 1, 'ELEFANTE': 0, 'VICTORIA': 39, 'SEMILLA': 3, 'FCN-NACION': 2, 'PPN': 1, 'UR': 0, 'URNG-MAIZ WINAQ': 5, 'CREO': 0, 'BIEN': 2, 'VIVA': 14, 'MI FAMILIA': 0, 'CAMBIO': 1, 'VOS': 0}",13,45,274,0,Algún campo sin dato,16.Alta Verapaz,9.San Pedro Carchá,2993,presidente
19525,,"{'UNE': 101, 'AZUL': 1, 'VALOR UNIONISTA': 4, 'CABAL': 13, 'TODOS': 0, 'VAMOS': 14, 'PHG': 2, 'PR': 0, 'PIN': 0, 'ELEFANTE': 0, 'VICTORIA': 31, 'SEMILLA': 0, 'FCN-NACION': 1, 'PPN': 0, 'UR': 0, 'URNG-MAIZ WINAQ': 2, 'CREO': 1, 'BIEN': 0, 'VIVA': 3, 'MI FAMILIA': 6, 'CAMBIO': 0, 'VOS': 0}",9,48,236,0,Algún campo sin dato,16.Alta Verapaz,9.San Pedro Carchá,2993,presidente
19526,,"{'UNE': 122, 'AZUL': 2, 'VALOR UNIONISTA': 2, 'CABAL': 14, 'TODOS': 0, 'VAMOS': 13, 'PHG': 0, 'PR': 1, 'PIN': 0, 'ELEFANTE': 1, 'VICTORIA': 42, 'SEMILLA': 0, 'FCN-NACION': 2, 'PPN': 3, 'UR': 1, 'URNG-MAIZ WINAQ': 5, 'CREO': 0, 'BIEN': 0, 'VIVA': 7, 'MI FAMILIA': 2, 'CAMBIO': 0, 'VOS': 1}",14,31,263,0,Algún campo sin dato,16.Alta Verapaz,9.San Pedro Carchá,2993,presidente
19527,,"{'UNE': 114, 'AZUL': 1, 'VALOR UNIONISTA': 6, 'CABAL': 12, 'TODOS': 3, 'VAMOS': 8, 'PHG': 0, 'PR': 0, 'PIN': 0, 'ELEFANTE': 0, 'VICTORIA': 46, 'SEMILLA': 1, 'FCN-NACION': 1, 'PPN': 2, 'UR': 0, 'URNG-MAIZ WINAQ': 2, 'CREO': 2, 'BIEN': 0, 'VIVA': 9, 'MI FAMILIA': 2, 'CAMBIO': 0, 'VOS': 0}",8,26,243,4,Algún campo sin dato,16.Alta Verapaz,9.San Pedro Carchá,2993,presidente
19528,,"{'UNE': 110, 'AZUL': 2, 'VALOR UNIONISTA': 6, 'CABAL': 4, 'TODOS': 1, 'VAMOS': 10, 'PHG': 0, 'PR': 0, 'PIN': 0, 'ELEFANTE': 0, 'VICTORIA': 38, 'SEMILLA': 0, 'FCN-NACION': 1, 'PPN': 0, 'UR': 0, 'URNG-MAIZ WINAQ': 3, 'CREO': 0, 'BIEN': 2, 'VIVA': 6, 'MI FAMILIA': 0, 'CAMBIO': 1, 'VOS': 1}",13,39,237,4,Algún campo sin dato,16.Alta Verapaz,9.San Pedro Carchá,2993,presidente
19529,,"{'UNE': 120, 'AZUL': 1, 'VALOR UNIONISTA': 3, 'CABAL': 2, 'TODOS': 0, 'VAMOS': 10, 'PHG': 0, 'PR': 0, 'PIN': 0, 'ELEFANTE': 1, 'VICTORIA': 44, 'SEMILLA': 0, 'FCN-NACION': 0, 'PPN': 3, 'UR': 1, 'URNG-MAIZ WINAQ': 2, 'CREO': 0, 'BIEN': 0, 'VIVA': 5, 'MI FAMILIA': 1, 'CAMBIO': 0, 'VOS': 0}",10,32,235,0,Algún campo sin dato,16.Alta Verapaz,9.San Pedro Carchá,2993,presidente
19530,,"{'UNE': 112, 'AZUL': 2, 'VALOR UNIONISTA': 3, 'CABAL': 2, 'TODOS': 0, 'VAMOS': 8, 'PHG': 0, 'PR': 0, 'PIN': 0, 'ELEFANTE': 0, 'VICTORIA': 25, 'SEMILLA': 2, 'FCN-NACION': 0, 'PPN': 2, 'UR': 0, 'URNG-MAIZ WINAQ': 0, 'CREO': 1, 'BIEN': 0, 'VIVA': 6, 'MI FAMILIA': 1, 'CAMBIO': 0, 'VOS': 2}",7,40,213,0,Sumas Asentadas sin cuadrar,16.Alta Verapaz,9.San Pedro Carchá,2993,presidente
19531,,"{'UNE': 98, 'AZUL': 1, 'VALOR UNIONISTA': 1, 'CABAL': 8, 'TODOS': 1, 'VAMOS': 10, 'PHG': 0, 'PR': 0, 'PIN': 0, 'ELEFANTE': 0, 'VICTORIA': 26, 'SEMILLA': 1, 'FCN-NACION': 0, 'PPN': 0, 'UR': 0, 'URNG-MAIZ WINAQ': 3, 'CREO': 0, 'BIEN': 0, 'VIVA': 5, 'MI FAMILIA': 0, 'CAMBIO': 1, 'VOS': 0}",8,44,207,0,Algún campo sin dato,16.Alta Verapaz,9.San Pedro Carchá,2993,presidente
19532,,"{'UNE': 106, 'AZUL': 1, 'VALOR UNIONISTA': 1, 'CABAL': 7, 'TODOS': 1, 'VAMOS': 7, 'PHG': 1, 'PR': 0, 'PIN': 0, 'ELEFANTE': 0, 'VICTORIA': 34, 'SEMILLA': 0, 'FCN-NACION': 0, 'PPN': 0, 'UR': 0, 'URNG-MAIZ WINAQ': 0, 'CREO': 0, 'BIEN': 0, 'VIVA': 5, 'MI FAMILIA': 1, 'CAMBIO': 0, 'VOS': 1}",6,19,190,3,Sumas Asentadas sin cuadrar,16.Alta Verapaz,9.San Pedro Carchá,2993,presidente
19533,,"{'UNE': 98, 'AZUL': 0, 'VALOR UNIONISTA': 1, 'CABAL': 7, 'TODOS': 0, 'VAMOS': 7, 'PHG': 0, 'PR': 0, 'PIN': 0, 'ELEFANTE': 0, 'VICTORIA': 46, 'SEMILLA': 2, 'FCN-NACION': 0, 'PPN': 0, 'UR': 0, 'URNG-MAIZ WINAQ': 0, 'CREO': 0, 'BIEN': 0, 'VIVA': 1, 'MI FAMILIA': 0, 'CAMBIO': 0, 'VOS': 0}",5,23,190,0,Algún campo sin dato,16.Alta Verapaz,9.San Pedro Carchá,2993,presidente
19534,,"{'UNE': 78, 'AZUL': 2, 'VALOR UNIONISTA': 2, 'CABAL': 5, 'TODOS': 0, 'VAMOS': 10, 'PHG': 1, 'PR': 0, 'PIN': 0, 'ELEFANTE': 0, 'VICTORIA': 31, 'SEMILLA': 1, 'FCN-NACION': 0, 'PPN': 0, 'UR': 0, 'URNG-MAIZ WINAQ': 1, 'CREO': 0, 'BIEN': 0, 'VIVA': 0, 'MI FAMILIA': 1, 'CAMBIO': 0, 'VOS': 0}",8,8,148,0,Algún campo sin dato,16.Alta Verapaz,9.San Pedro Carchá,2993,presidente
19535,,"{'UNE': 80, 'AZUL': 2, 'VALOR UNIONISTA': 2, 'CABAL': 6, 'TODOS': 2, 'VAMOS': 27, 'PHG': 1, 'PR': 0, 'PIN': 0, 'ELEFANTE': 0, 'VICTORIA': 62, 'SEMILLA': 1, 'FCN-NACION': 1, 'PPN': 0, 'UR': 1, 'URNG-MAIZ WINAQ': 2, 'CREO': 0, 'BIEN': 0, 'VIVA': 6, 'MI FAMILIA': 3, 'CAMBIO': 1, 'VOS': 1}",17,52,267,0,Algún campo sin dato,16.Alta Verapaz,9.San Pedro Carchá,2994,presidente
19536,,"{'UNE': 87, 'AZUL': 1, 'VALOR UNIONISTA': 4, 'CABAL': 12, 'TODOS': 0, 'VAMOS': 34, 'PHG': 0, 'PR': 0, 'PIN': 1, 'ELEFANTE': 1, 'VICTORIA': 65, 'SEMILLA': 0, 'FCN-NACION': 1, 'PPN': 0, 'UR': 0, 'URNG-MAIZ WINAQ': 4, 'CREO': 2, 'BIEN': 1, 'VIVA': 5, 'MI FAMILIA': 2, 'CAMBIO': 2, 'VOS': 1}",24,48,295,0,Algún campo sin dato,16.Alta Verapaz,9.San Pedro Carchá,2994,presidente
19537,,"{'UNE': 78, 'AZUL': 2, 'VALOR UNIONISTA': 2, 'CABAL': 7, 'TODOS': 1, 'VAMOS': 27, 'PHG': 0, 'PR': 1, 'PIN': 0, 'ELEFANTE': 0, 'VICTORIA': 83, 'SEMILLA': 1, 'FCN-NACION': 2, 'PPN': 0, 'UR': 1, 'URNG-MAIZ WINAQ': 4, 'CREO': 1, 'BIEN': 1, 'VIVA': 6, 'MI FAMILIA': 4, 'CAMBIO': 3, 'VOS': 0}",16,51,291,0,Algún campo sin dato,16.Alta Verapaz,9.San Pedro Carchá,2994,presidente
19538,,"{'UNE': 79, 'AZUL': 0, 'VALOR UNIONISTA': 3, 'CABAL': 9, 'TODOS': 0, 'VAMOS': 28, 'PHG': 0, 'PR': 0, 'PIN': 0, 'ELEFANTE': 0, 'VICTORIA': 56, 'SEMILLA': 1, 'FCN-NACION': 5, 'PPN': 0, 'UR': 1, 'URNG-MAIZ WINAQ': 1, 'CREO': 0, 'BIEN': 0, 'VIVA': 9, 'MI FAMILIA': 2, 'CAMBIO': 1, 'VOS': 1}",11,48,255,0,Algún campo sin dato,16.Alta Verapaz,9.San Pedro Carchá,2994,presidente
19539,,"{'UNE': 94, 'AZUL': 0, 'VALOR UNIONISTA': 4, 'CABAL': 11, 'TODOS': 0, 'VAMOS': 12, 'PHG': 0, 'PR': 0, 'PIN': 0, 'ELEFANTE': 0, 'VICTORIA': 65, 'SEMILLA': 1, 'FCN-NACION': 0, 'PPN': 1, 'UR': 0, 'URNG-MAIZ WINAQ': 2, 'CREO': 1, 'BIEN': 0, 'VIVA': 10, 'MI FAMILIA': 0, 'CAMBIO': 0, 'VOS': 3}",12,47,263,0,Algún campo sin dato,16.Alta Verapaz,9.San Pedro Carchá,2994,presidente
19540,,"{'UNE': 81, 'AZUL': 0, 'VALOR UNIONISTA': 3, 'CABAL': 7, 'TODOS': 2, 'VAMOS': 18, 'PHG': 0, 'PR': 1, 'PIN': 0, 'ELEFANTE': 0, 'VICTORIA': 50, 'SEMILLA': 1, 'FCN-NACION': 5, 'PPN': 2, 'UR': 1, 'URNG-MAIZ WINAQ': 2, 'CREO': 0, 'BIEN': 0, 'VIVA': 7, 'MI FAMILIA': 0, 'CAMBIO': 0, 'VOS': 1}",19,36,236,0,Algún campo sin dato,16.Alta Verapaz,9.San Pedro Carchá,2994,presidente
19541,,"{'UNE': 91, 'AZUL': 1, 'VALOR UNIONISTA': 5, 'CABAL': 14, 'TODOS': 0, 'VAMOS': 18, 'PHG': 0, 'PR': 2, 'PIN': 1, 'ELEFANTE': 0, 'VICTORIA': 48, 'SEMILLA': 0, 'FCN-NACION': 0, 'PPN': 2, 'UR': 1, 'URNG-MAIZ WINAQ': 6, 'CREO': 0, 'BIEN': 0, 'VIVA': 5, 'MI FAMILIA': 0, 'CAMBIO': 2, 'VOS': 1}",16,45,258,0,Algún campo sin dato,16.Alta Verapaz,9.San Pedro Carchá,2994,presidente
19542,,"{'UNE': 68, 'AZUL': 2, 'VALOR UNIONISTA': 2, 'CABAL': 7, 'TODOS': 0, 'VAMOS': 10, 'PHG': 0, 'PR': 0, 'PIN': 0, 'ELEFANTE': 0, 'VICTORIA': 52, 'SEMILLA': 1, 'FCN-NACION': 1, 'PPN': 1, 'UR': 0, 'URNG-MAIZ WINAQ': 1, 'CREO': 1, 'BIEN': 0, 'VIVA': 6, 'MI FAMILIA': 1, 'CAMBIO': 0, 'VOS': 0}",20,43,216,0,Algún campo sin dato,16.Alta Verapaz,9.San Pedro Carchá,2994,presidente
19543,,"{'UNE': 67, 'AZUL': 0, 'VALOR UNIONISTA': 3, 'CABAL': 7, 'TODOS': 0, 'VAMOS': 10, 'PHG': 1, 'PR': 0, 'PIN': 0, 'ELEFANTE': 0, 'VICTORIA': 43, 'SEMILLA': 4, 'FCN-NACION': 1, 'PPN': 0, 'UR': 0, 'URNG-MAIZ WINAQ': 1, 'CREO': 1, 'BIEN': 0, 'VIVA': 3, 'MI FAMILIA': 1, 'CAMBIO': 0, 'VOS': 0}",5,47,194,0,Algún campo sin dato,16.Alta Verapaz,9.San Pedro Carchá,2994,presidente
19544,,"{'UNE': 61, 'AZUL': 0, 'VALOR UNIONISTA': 1, 'CABAL': 4, 'TODOS': 0, 'VAMOS': 10, 'PHG': 0, 'PR': 0, 'PIN': 0, 'ELEFANTE': 0, 'VICTORIA': 34, 'SEMILLA': 2, 'FCN-NACION': 0, 'PPN': 0, 'UR': 0, 'URNG-MAIZ WINAQ': 3, 'CREO': 0, 'BIEN': 0, 'VIVA': 2, 'MI FAMILIA': 0, 'CAMBIO': 0, 'VOS': 1}",4,32,154,0,Algún campo sin dato,16.Alta Verapaz,9.San Pedro Carchá,2994,presidente
19545,,"{'UNE': 39, 'AZUL': 1, 'VALOR UNIONISTA': 1, 'CABAL': 3, 'TODOS': 1, 'VAMOS': 14, 'PHG': 0, 'PR': 0, 'PIN': 0, 'ELEFANTE': 0, 'VICTORIA': 29, 'SEMILLA': 2, 'FCN-NACION': 0, 'PPN': 0, 'UR': 0, 'URNG-MAIZ WINAQ': 0, 'CREO': 0, 'BIEN': 0, 'VIVA': 4, 'MI FAMILIA': 0, 'CAMBIO': 1, 'VOS': 0}",7,20,122,0,Algún campo sin dato,16.Alta Verapaz,9.San Pedro Carchá,2994,presidente
19546,,"{'UNE': 124, 'AZUL': 2, 'VALOR UNIONISTA': 3, 'CABAL': 5, 'TODOS': 1, 'VAMOS': 28, 'PHG': 0, 'PR': 0, 'PIN': 0, 'ELEFANTE': 0, 'VICTORIA': 42, 'SEMILLA': 0, 'FCN-NACION': 1, 'PPN': 2, 'UR': 0, 'URNG-MAIZ WINAQ': 23, 'CREO': 2, 'BIEN': 1, 'VIVA': 3, 'MI FAMILIA': 0, 'CAMBIO': 1, 'VOS': 2}",13,32,285,0,Algún campo sin dato,16.Alta Verapaz,9.San Pedro Carchá,2995,presidente
19547,,"{'UNE': 146, 'AZUL': 5, 'VALOR UNIONISTA': 4, 'CABAL': 5, 'TODOS': 0, 'VAMOS': 25, 'PHG': 0, 'PR': 0, 'PIN': 0, 'ELEFANTE': 0, 'VICTORIA': 52, 'SEMILLA': 0, 'FCN-NACION': 2, 'PPN': 2, 'UR': 0, 'URNG-MAIZ WINAQ': 16, 'CREO': 1, 'BIEN': 1, 'VIVA': 6, 'MI FAMILIA': 0, 'CAMBIO': 0, 'VOS': 0}",15,40,320,0,Algún campo sin dato,16.Alta Verapaz,9.San Pedro Carchá,2995,presidente
19548,,"{'UNE': 120, 'AZUL': 0, 'VALOR UNIONISTA': 2, 'CABAL': 6, 'TODOS': 1, 'VAMOS': 28, 'PHG': 0, 'PR': 0, 'PIN': 1, 'ELEFANTE': 0, 'VICTORIA': 30, 'SEMILLA': 2, 'FCN-NACION': 2, 'PPN': 3, 'UR': 1, 'URNG-MAIZ WINAQ': 23, 'CREO': 1, 'BIEN': 1, 'VIVA': 5, 'MI FAMILIA': 1, 'CAMBIO': 1, 'VOS': 2}",14,46,290,0,Algún campo sin dato,16.Alta Verapaz,9.San Pedro Carchá,2995,presidente
19549,,"{'UNE': 121, 'AZUL': 2, 'VALOR UNIONISTA': 4, 'CABAL': 10, 'TODOS': 0, 'VAMOS': 20, 'PHG': 0, 'PR': 1, 'PIN': 0, 'ELEFANTE': 0, 'VICTORIA': 40, 'SEMILLA': 0, 'FCN-NACION': 0, 'PPN': 1, 'UR': 0, 'URNG-MAIZ WINAQ': 8, 'CREO': 0, 'BIEN': 0, 'VIVA': 4, 'MI FAMILIA': 0, 'CAMBIO': 0, 'VOS': 1}",6,35,253,1,Sumas Asentadas sin cuadrar,16.Alta Verapaz,9.San Pedro Carchá,2995,presidente
19550,,"{'UNE': 112, 'AZUL': 4, 'VALOR UNIONISTA': 2, 'CABAL': 8, 'TODOS': 1, 'VAMOS': 25, 'PHG': 1, 'PR': 0, 'PIN': 0, 'ELEFANTE': 0, 'VICTORIA': 39, 'SEMILLA': 1, 'FCN-NACION': 0, 'PPN': 1, 'UR': 0, 'URNG-MAIZ WINAQ': 12, 'CREO': 0, 'BIEN': 1, 'VIVA': 4, 'MI FAMILIA': 1, 'CAMBIO': 1, 'VOS': 1}",9,38,261,0,Algún campo sin dato,16.Alta Verapaz,9.San Pedro Carchá,2995,presidente
19551,,"{'UNE': 135, 'AZUL': 3, 'VALOR UNIONISTA': 4, 'CABAL': 8, 'TODOS': 2, 'VAMOS': 17, 'PHG': 0, 'PR': 2, 'PIN': 0, 'ELEFANTE': 0, 'VICTORIA': 35, 'SEMILLA': 0, 'FCN-NACION': 0, 'PPN': 2, 'UR': 0, 'URNG-MAIZ WINAQ': 11, 'CREO': 0, 'BIEN': 1, 'VIVA': 4, 'MI FAMILIA': 1, 'CAMBIO': 0, 'VOS': 1}",8,38,272,0,Algún campo sin dato,16.Alta Verapaz,9.San Pedro Carchá,2995,presidente
19552,,"{'UNE': 110, 'AZUL': 3, 'VALOR UNIONISTA': 2, 'CABAL': 5, 'TODOS': 0, 'VAMOS': 19, 'PHG': 0, 'PR': 0, 'PIN': 0, 'ELEFANTE': 0, 'VICTORIA': 41, 'SEMILLA': 1, 'FCN-NACION': 0, 'PPN': 1, 'UR': 0, 'URNG-MAIZ WINAQ': 20, 'CREO': 0, 'BIEN': 0, 'VIVA': 2, 'MI FAMILIA': 0, 'CAMBIO': 0, 'VOS': 1}",16,26,247,0,Algún campo sin dato,16.Alta Verapaz,9.San Pedro Carchá,2995,presidente
19553,,"{'UNE': 108, 'AZUL': 1, 'VALOR UNIONISTA': 3, 'CABAL': 4, 'TODOS': 0, 'VAMOS': 19, 'PHG': 0, 'PR': 0, 'PIN': 0, 'ELEFANTE': 0, 'VICTORIA': 42, 'SEMILLA': 1, 'FCN-NACION': 0, 'PPN': 3, 'UR': 0, 'URNG-MAIZ WINAQ': 12, 'CREO': 0, 'BIEN': 0, 'VIVA': 2, 'MI FAMILIA': 0, 'CAMBIO': 1, 'VOS': 0}",13,30,239,43,Sumas Asentadas sin cuadrar,16.Alta Verapaz,9.San Pedro Carchá,2995,presidente
19554,,"{'UNE': 119, 'AZUL': 3, 'VALOR UNIONISTA': 1, 'CABAL': 2, 'TODOS': 0, 'VAMOS': 14, 'PHG': 0, 'PR': 0, 'PIN': 0, 'ELEFANTE': 0, 'VICTORIA': 36, 'SEMILLA': 1, 'FCN-NACION': 1, 'PPN': 0, 'UR': 0, 'URNG-MAIZ WINAQ': 12, 'CREO': 1, 'BIEN': 0, 'VIVA': 2, 'MI FAMILIA': 0, 'CAMBIO': 1, 'VOS': 2}",12,36,243,0,Sumas Asentadas sin cuadrar,16.Alta Verapaz,9.San Pedro Carchá,2995,presidente
19555,,"{'UNE': 102, 'AZUL': 1, 'VALOR UNIONISTA': 1, 'CABAL': 1, 'TODOS': 1, 'VAMOS': 26, 'PHG': 0, 'PR': 1, 'PIN': 0, 'ELEFANTE': 0, 'VICTORIA': 36, 'SEMILLA': 0, 'FCN-NACION': 1, 'PPN': 1, 'UR': 1, 'URNG-MAIZ WINAQ': 5, 'CREO': 1, 'BIEN': 1, 'VIVA': 5, 'MI FAMILIA': 0, 'CAMBIO': 0, 'VOS': 0}",11,39,234,0,Algún campo sin dato,16.Alta Verapaz,9.San Pedro Carchá,2995,presidente
19556,,"{'UNE': 106, 'AZUL': 4, 'VALOR UNIONISTA': 2, 'CABAL': 6, 'TODOS': 0, 'VAMOS': 23, 'PHG': 1, 'PR': 1, 'PIN': 0, 'ELEFANTE': 1, 'VICTORIA': 32, 'SEMILLA': 3, 'FCN-NACION': 1, 'PPN': 1, 'UR': 0, 'URNG-MAIZ WINAQ': 12, 'CREO': 0, 'BIEN': 0, 'VIVA': 1, 'MI FAMILIA': 0, 'CAMBIO': 1, 'VOS': 1}",4,29,229,0,Algún campo sin dato,16.Alta Verapaz,9.San Pedro Carchá,2995,presidente
19557,,"{'UNE': 123, 'AZUL': 0, 'VALOR UNIONISTA': 4, 'CABAL': 11, 'TODOS': 0, 'VAMOS': 18, 'PHG': 0, 'PR': 0, 'PIN': 0, 'ELEFANTE': 0, 'VICTORIA': 24, 'SEMILLA': 0, 'FCN-NACION': 0, 'PPN': 0, 'UR': 0, 'URNG-MAIZ WINAQ': 14, 'CREO': 0, 'BIEN': 0, 'VIVA': 4, 'MI FAMILIA': 0, 'CAMBIO': 0, 'VOS': 0}",7,29,234,0,Algún campo sin dato,16.Alta Verapaz,9.San Pedro Carchá,2995,presidente
19558,,"{'UNE': 78, 'AZUL': 3, 'VALOR UNIONISTA': 0, 'CABAL': 1, 'TODOS': 0, 'VAMOS': 22, 'PHG': 0, 'PR': 0, 'PIN': 0, 'ELEFANTE': 0, 'VICTORIA': 23, 'SEMILLA': 4, 'FCN-NACION': 0, 'PPN': 0, 'UR': 0, 'URNG-MAIZ WINAQ': 9, 'CREO': 0, 'BIEN': 0, 'VIVA': 1, 'MI FAMILIA': 0, 'CAMBIO': 1, 'VOS': 0}",4,10,156,9,Algún campo sin dato,16.Alta Verapaz,9.San Pedro Carchá,2995,presidente
19559,,"{'UNE': 89, 'AZUL': 2, 'VALOR UNIONISTA': 1, 'CABAL': 2, 'TODOS': 0, 'VAMOS': 16, 'PHG': 0, 'PR': 0, 'PIN': 0, 'ELEFANTE': 0, 'VICTORIA': 19, 'SEMILLA': 0, 'FCN-NACION': 0, 'PPN': 1, 'UR': 0, 'URNG-MAIZ WINAQ': 5, 'CREO': 0, 'BIEN': 0, 'VIVA': 1, 'MI FAMILIA': 0, 'CAMBIO': 1, 'VOS': 1}",9,23,170,0,Sumas Asentadas sin cuadrar,16.Alta Verapaz,9.San Pedro Carchá,2995,presidente
19560,,"{'UNE': 114, 'AZUL': 3, 'VALOR UNIONISTA': 6, 'CABAL': 3, 'TODOS': 0, 'VAMOS': 13, 'PHG': 0, 'PR': 2, 'PIN': 0, 'ELEFANTE': 0, 'VICTORIA': 49, 'SEMILLA': 0, 'FCN-NACION': 1, 'PPN': 4, 'UR': 0, 'URNG-MAIZ WINAQ': 2, 'CREO': 0, 'BIEN': 0, 'VIVA': 28, 'MI FAMILIA': 1, 'CAMBIO': 0, 'VOS': 1}",15,36,278,0,Algún campo sin dato,16.Alta Verapaz,9.San Pedro Carchá,2996,presidente
19561,,"{'UNE': 123, 'AZUL': 1, 'VALOR UNIONISTA': 7, 'CABAL': 1, 'TODOS': 1, 'VAMOS': 21, 'PHG': 0, 'PR': 2, 'PIN': 1, 'ELEFANTE': 0, 'VICTORIA': 50, 'SEMILLA': 0, 'FCN-NACION': 1, 'PPN': 2, 'UR': 0, 'URNG-MAIZ WINAQ': 3, 'CREO': 1, 'BIEN': 0, 'VIVA': 15, 'MI FAMILIA': 0, 'CAMBIO': 0, 'VOS': 5}",15,46,295,0,Algún campo sin dato,16.Alta Verapaz,9.San Pedro Carchá,2996,presidente
19562,,"{'UNE': 115, 'AZUL': 4, 'VALOR UNIONISTA': 8, 'CABAL': 1, 'TODOS': 0, 'VAMOS': 18, 'PHG': 1, 'PR': 1, 'PIN': 0, 'ELEFANTE': 0, 'VICTORIA': 43, 'SEMILLA': 0, 'FCN-NACION': 0, 'PPN': 0, 'UR': 2, 'URNG-MAIZ WINAQ': 1, 'CREO': 0, 'BIEN': 0, 'VIVA': 9, 'MI FAMILIA': 2, 'CAMBIO': 0, 'VOS': 4}",24,65,298,0,Algún campo sin dato,16.Alta Verapaz,9.San Pedro Carchá,2996,presidente
19563,,"{'UNE': 105, 'AZUL': 1, 'VALOR UNIONISTA': 3, 'CABAL': 5, 'TODOS': 0, 'VAMOS': 19, 'PHG': 0, 'PR': 2, 'PIN': 0, 'ELEFANTE': 1, 'VICTORIA': 52, 'SEMILLA': 1, 'FCN-NACION': 1, 'PPN': 0, 'UR': 0, 'URNG-MAIZ WINAQ': 2, 'CREO': 1, 'BIEN': 0, 'VIVA': 26, 'MI FAMILIA': 2, 'CAMBIO': 1, 'VOS': 1}",10,32,265,0,Algún campo sin dato,16.Alta Verapaz,9.San Pedro Carchá,2996,presidente
19564,,"{'UNE': 83, 'AZUL': 0, 'VALOR UNIONISTA': 4, 'CABAL': 5, 'TODOS': 0, 'VAMOS': 24, 'PHG': 0, 'PR': 0, 'PIN': 0, 'ELEFANTE': 0, 'VICTORIA': 49, 'SEMILLA': 3, 'FCN-NACION': 0, 'PPN': 0, 'UR': 0, 'URNG-MAIZ WINAQ': 1, 'CREO': 2, 'BIEN': 0, 'VIVA': 19, 'MI FAMILIA': 0, 'CAMBIO': 0, 'VOS': 2}",18,44,254,0,Algún campo sin dato,16.Alta Verapaz,9.San Pedro Carchá,2996,presidente
19565,,"{'UNE': 92, 'AZUL': 1, 'VALOR UNIONISTA': 5, 'CABAL': 1, 'TODOS': 1, 'VAMOS': 18, 'PHG': 1, 'PR': 1, 'PIN': 0, 'ELEFANTE': 0, 'VICTORIA': 40, 'SEMILLA': 0, 'FCN-NACION': 0, 'PPN': 1, 'UR': 0, 'URNG-MAIZ WINAQ': 1, 'CREO': 1, 'BIEN': 1, 'VIVA': 36, 'MI FAMILIA': 1, 'CAMBIO': 1, 'VOS': 0}",15,42,259,0,Algún campo sin dato,16.Alta Verapaz,9.San Pedro Carchá,2996,presidente
19566,,"{'UNE': 96, 'AZUL': 0, 'VALOR UNIONISTA': 6, 'CABAL': 2, 'TODOS': 0, 'VAMOS': 24, 'PHG': 1, 'PR': 0, 'PIN': 0, 'ELEFANTE': 1, 'VICTORIA': 53, 'SEMILLA': 0, 'FCN-NACION': 0, 'PPN': 0, 'UR': 0, 'URNG-MAIZ WINAQ': 1, 'CREO': 0, 'BIEN': 0, 'VIVA': 19, 'MI FAMILIA': 2, 'CAMBIO': 0, 'VOS': 2}",9,53,269,0,Algún campo sin dato,16.Alta Verapaz,9.San Pedro Carchá,2996,presidente
19567,,"{'UNE': 98, 'AZUL': 0, 'VALOR UNIONISTA': 2, 'CABAL': 1, 'TODOS': 2, 'VAMOS': 12, 'PHG': 1, 'PR': 0, 'PIN': 0, 'ELEFANTE': 0, 'VICTORIA': 60, 'SEMILLA': 1, 'FCN-NACION': 1, 'PPN': 1, 'UR': 1, 'URNG-MAIZ WINAQ': 0, 'CREO': 3, 'BIEN': 0, 'VIVA': 20, 'MI FAMILIA': 2, 'CAMBIO': 0, 'VOS': 2}",20,32,259,0,Algún campo sin dato,16.Alta Verapaz,9.San Pedro Carchá,2996,presidente
19568,,"{'UNE': 81, 'AZUL': 4, 'VALOR UNIONISTA': 4, 'CABAL': 5, 'TODOS': 0, 'VAMOS': 9, 'PHG': 0, 'PR': 0, 'PIN': 0, 'ELEFANTE': 0, 'VICTORIA': 43, 'SEMILLA': 0, 'FCN-NACION': 1, 'PPN': 1, 'UR': 0, 'URNG-MAIZ WINAQ': 3, 'CREO': 1, 'BIEN': 1, 'VIVA': 26, 'MI FAMILIA': 0, 'CAMBIO': 0, 'VOS': 0}",18,35,232,0,Algún campo sin dato,16.Alta Verapaz,9.San Pedro Carchá,2996,presidente
19569,,"{'UNE': 85, 'AZUL': 0, 'VALOR UNIONISTA': 3, 'CABAL': 2, 'TODOS': 0, 'VAMOS': 19, 'PHG': 0, 'PR': 0, 'PIN': 0, 'ELEFANTE': 0, 'VICTORIA': 51, 'SEMILLA': 1, 'FCN-NACION': 2, 'PPN': 0, 'UR': 0, 'URNG-MAIZ WINAQ': 1, 'CREO': 1, 'BIEN': 0, 'VIVA': 20, 'MI FAMILIA': 0, 'CAMBIO': 0, 'VOS': 0}",15,24,224,0,Algún campo sin dato,16.Alta Verapaz,9.San Pedro Carchá,2996,presidente
19570,,"{'UNE': 42, 'AZUL': 0, 'VALOR UNIONISTA': 3, 'CABAL': 1, 'TODOS': 0, 'VAMOS': 5, 'PHG': 0, 'PR': 0, 'PIN': 0, 'ELEFANTE': 1, 'VICTORIA': 33, 'SEMILLA': 0, 'FCN-NACION': 0, 'PPN': 0, 'UR': 0, 'URNG-MAIZ WINAQ': 1, 'CREO': 0, 'BIEN': 0, 'VIVA': 13, 'MI FAMILIA': 0, 'CAMBIO': 0, 'VOS': 0}",6,16,121,0,Algún campo sin dato,16.Alta Verapaz,9.San Pedro Carchá,2996,presidente
19571,,"{'UNE': 35, 'AZUL': 0, 'VALOR UNIONISTA': 5, 'CABAL': 3, 'TODOS': 0, 'VAMOS': 6, 'PHG': 0, 'PR': 1, 'PIN': 0, 'ELEFANTE': 0, 'VICTORIA': 28, 'SEMILLA': 0, 'FCN-NACION': 0, 'PPN': 1, 'UR': 0, 'URNG-MAIZ WINAQ': 2, 'CREO': 0, 'BIEN': 0, 'VIVA': 7, 'MI FAMILIA': 1, 'CAMBIO': 1, 'VOS': 0}",8,11,109,0,Algún campo sin dato,16.Alta Verapaz,9.San Pedro Carchá,2996,presidente
19572,,"{'UNE': 109, 'AZUL': 0, 'VALOR UNIONISTA': 2, 'CABAL': 10, 'TODOS': 0, 'VAMOS': 21, 'PHG': 1, 'PR': 1, 'PIN': 1, 'ELEFANTE': 0, 'VICTORIA': 58, 'SEMILLA': 2, 'FCN-NACION': 2, 'PPN': 1, 'UR': 1, 'URNG-MAIZ WINAQ': 1, 'CREO': 0, 'BIEN': 0, 'VIVA': 7, 'MI FAMILIA': 0, 'CAMBIO': 0, 'VOS': 0}",13,54,284,0,Algún campo sin dato,16.Alta Verapaz,9.San Pedro Carchá,2997,presidente
19573,,"{'UNE': 91, 'AZUL': 1, 'VALOR UNIONISTA': 5, 'CABAL': 14, 'TODOS': 0, 'VAMOS': 18, 'PHG': 0, 'PR': 0, 'PIN': 0, 'ELEFANTE': 0, 'VICTORIA': 71, 'SEMILLA': 0, 'FCN-NACION': 1, 'PPN': 1, 'UR': 0, 'URNG-MAIZ WINAQ': 3, 'CREO': 0, 'BIEN': 0, 'VIVA': 9, 'MI FAMILIA': 0, 'CAMBIO': 0, 'VOS': 0}",26,47,287,0,Algún campo sin dato,16.Alta Verapaz,9.San Pedro Carchá,2997,presidente
19574,,"{'UNE': 97, 'AZUL': 2, 'VALOR UNIONISTA': 4, 'CABAL': 8, 'TODOS': 0, 'VAMOS': 14, 'PHG': 0, 'PR': 0, 'PIN': 0, 'ELEFANTE': 0, 'VICTORIA': 81, 'SEMILLA': 1, 'FCN-NACION': 0, 'PPN': 1, 'UR': 0, 'URNG-MAIZ WINAQ': 5, 'CREO': 0, 'BIEN': 0, 'VIVA': 5, 'MI FAMILIA': 1, 'CAMBIO': 0, 'VOS': 0}",16,52,287,0,Sumas Asentadas sin cuadrar,16.Alta Verapaz,9.San Pedro Carchá,2997,presidente
19575,,"{'UNE': 93, 'AZUL': 0, 'VALOR UNIONISTA': 0, 'CABAL': 7, 'TODOS': 0, 'VAMOS': 10, 'PHG': 0, 'PR': 0, 'PIN': 0, 'ELEFANTE': 0, 'VICTORIA': 63, 'SEMILLA': 0, 'FCN-NACION': 0, 'PPN': 0, 'UR': 0, 'URNG-MAIZ WINAQ': 3, 'CREO': 0, 'BIEN': 0, 'VIVA': 3, 'MI FAMILIA': 1, 'CAMBIO': 0, 'VOS': 2}",10,53,245,1,Algún campo sin dato,16.Alta Verapaz,9.San Pedro Carchá,2997,presidente
19576,,"{'UNE': 114, 'AZUL': 2, 'VALOR UNIONISTA': 2, 'CABAL': 10, 'TODOS': 1, 'VAMOS': 9, 'PHG': 0, 'PR': 0, 'PIN': 0, 'ELEFANTE': 0, 'VICTORIA': 61, 'SEMILLA': 0, 'FCN-NACION': 0, 'PPN': 2, 'UR': 0, 'URNG-MAIZ WINAQ': 4, 'CREO': 1, 'BIEN': 0, 'VIVA': 5, 'MI FAMILIA': 0, 'CAMBIO': 0, 'VOS': 1}",9,44,265,0,Algún campo sin dato,16.Alta Verapaz,9.San Pedro Carchá,2997,presidente
19577,,"{'UNE': 112, 'AZUL': 2, 'VALOR UNIONISTA': 4, 'CABAL': 7, 'TODOS': 1, 'VAMOS': 17, 'PHG': 0, 'PR': 1, 'PIN': 0, 'ELEFANTE': 0, 'VICTORIA': 72, 'SEMILLA': 0, 'FCN-NACION': 3, 'PPN': 0, 'UR': 1, 'URNG-MAIZ WINAQ': 2, 'CREO': 0, 'BIEN': 2, 'VIVA': 3, 'MI FAMILIA': 0, 'CAMBIO': 0, 'VOS': 1}",14,47,289,4,Algún campo sin dato,16.Alta Verapaz,9.San Pedro Carchá,2997,presidente
19578,,"{'UNE': 107, 'AZUL': 0, 'VALOR UNIONISTA': 3, 'CABAL': 9, 'TODOS': 2, 'VAMOS': 21, 'PHG': 0, 'PR': 0, 'PIN': 0, 'ELEFANTE': 0, 'VICTORIA': 64, 'SEMILLA': 0, 'FCN-NACION': 0, 'PPN': 0, 'UR': 0, 'URNG-MAIZ WINAQ': 5, 'CREO': 0, 'BIEN': 1, 'VIVA': 6, 'MI FAMILIA': 0, 'CAMBIO': 0, 'VOS': 0}",31,31,280,0,Algún campo sin dato,16.Alta Verapaz,9.San Pedro Carchá,2997,presidente
19579,,"{'UNE': 138, 'AZUL': 2, 'VALOR UNIONISTA': 2, 'CABAL': 4, 'TODOS': 0, 'VAMOS': 23, 'PHG': 0, 'PR': 0, 'PIN': 1, 'ELEFANTE': 0, 'VICTORIA': 39, 'SEMILLA': 1, 'FCN-NACION': 1, 'PPN': 0, 'UR': 0, 'URNG-MAIZ WINAQ': 5, 'CREO': 2, 'BIEN': 0, 'VIVA': 4, 'MI FAMILIA': 0, 'CAMBIO': 0, 'VOS': 0}",14,34,270,0,Algún campo sin dato,16.Alta Verapaz,9.San Pedro Carchá,2997,presidente
19580,,"{'UNE': 99, 'AZUL': 2, 'VALOR UNIONISTA': 3, 'CABAL': 12, 'TODOS': 2, 'VAMOS': 7, 'PHG': 0, 'PR': 0, 'PIN': 0, 'ELEFANTE': 0, 'VICTORIA': 64, 'SEMILLA': 2, 'FCN-NACION': 2, 'PPN': 2, 'UR': 0, 'URNG-MAIZ WINAQ': 3, 'CREO': 0, 'BIEN': 2, 'VIVA': 6, 'MI FAMILIA': 1, 'CAMBIO': 0, 'VOS': 0}",23,31,261,4,Algún campo sin dato,16.Alta Verapaz,9.San Pedro Carchá,2997,presidente
19581,,"{'UNE': 103, 'AZUL': 1, 'VALOR UNIONISTA': 4, 'CABAL': 11, 'TODOS': 0, 'VAMOS': 17, 'PHG': 1, 'PR': 1, 'PIN': 0, 'ELEFANTE': 0, 'VICTORIA': 72, 'SEMILLA': 1, 'FCN-NACION': 1, 'PPN': 0, 'UR': 0, 'URNG-MAIZ WINAQ': 3, 'CREO': 0, 'BIEN': 1, 'VIVA': 4, 'MI FAMILIA': 0, 'CAMBIO': 0, 'VOS': 1}",20,26,267,0,Algún campo sin dato,16.Alta Verapaz,9.San Pedro Carchá,2997,presidente
19582,,"{'UNE': 105, 'AZUL': 1, 'VALOR UNIONISTA': 5, 'CABAL': 8, 'TODOS': 0, 'VAMOS': 14, 'PHG': 0, 'PR': 0, 'PIN': 0, 'ELEFANTE': 0, 'VICTORIA': 61, 'SEMILLA': 0, 'FCN-NACION': 0, 'PPN': 1, 'UR': 2, 'URNG-MAIZ WINAQ': 2, 'CREO': 0, 'BIEN': 0, 'VIVA': 3, 'MI FAMILIA': 0, 'CAMBIO': 2, 'VOS': 2}",11,49,266,0,Algún campo sin dato,16.Alta Verapaz,9.San Pedro Carchá,2997,presidente
19583,,"{'UNE': 84, 'AZUL': 0, 'VALOR UNIONISTA': 2, 'CABAL': 4, 'TODOS': 0, 'VAMOS': 13, 'PHG': 0, 'PR': 0, 'PIN': 1, 'ELEFANTE': 0, 'VICTORIA': 62, 'SEMILLA': 0, 'FCN-NACION': 1, 'PPN': 0, 'UR': 0, 'URNG-MAIZ WINAQ': 4, 'CREO': 0, 'BIEN': 0, 'VIVA': 8, 'MI FAMILIA': 1, 'CAMBIO': 0, 'VOS': 1}",12,44,237,0,Algún campo sin dato,16.Alta Verapaz,9.San Pedro Carchá,2997,presidente
19584,,"{'UNE': 75, 'AZUL': 2, 'VALOR UNIONISTA': 3, 'CABAL': 5, 'TODOS': 1, 'VAMOS': 10, 'PHG': 1, 'PR': 0, 'PIN': 0, 'ELEFANTE': 0, 'VICTORIA': 55, 'SEMILLA': 0, 'FCN-NACION': 0, 'PPN': 1, 'UR': 1, 'URNG-MAIZ WINAQ': 3, 'CREO': 0, 'BIEN': 2, 'VIVA': 6, 'MI FAMILIA': 0, 'CAMBIO': 0, 'VOS': 2}",6,38,211,0,Algún campo sin dato,16.Alta Verapaz,9.San Pedro Carchá,2997,presidente
19585,,"{'UNE': 87, 'AZUL': 0, 'VALOR UNIONISTA': 2, 'CABAL': 3, 'TODOS': 0, 'VAMOS': 15, 'PHG': 0, 'PR': 0, 'PIN': 1, 'ELEFANTE': 0, 'VICTORIA': 45, 'SEMILLA': 5, 'FCN-NACION': 0, 'PPN': 1, 'UR': 0, 'URNG-MAIZ WINAQ': 3, 'CREO': 0, 'BIEN': 0, 'VIVA': 4, 'MI FAMILIA': 0, 'CAMBIO': 0, 'VOS': 0}",9,46,221,0,Algún campo sin dato,16.Alta Verapaz,9.San Pedro Carchá,2997,presidente
19586,,"{'UNE': 70, 'AZUL': 0, 'VALOR UNIONISTA': 0, 'CABAL': 7, 'TODOS': 0, 'VAMOS': 11, 'PHG': 0, 'PR': 0, 'PIN': 0, 'ELEFANTE': 0, 'VICTORIA': 49, 'SEMILLA': 2, 'FCN-NACION': 1, 'PPN': 0, 'UR': 0, 'URNG-MAIZ WINAQ': 3, 'CREO': 0, 'BIEN': 1, 'VIVA': 4, 'MI FAMILIA': 0, 'CAMBIO': 0, 'VOS': 0}",4,60,212,0,Algún campo sin dato,16.Alta Verapaz,9.San Pedro Carchá,2997,presidente
19587,,"{'UNE': 101, 'AZUL': 0, 'VALOR UNIONISTA': 1, 'CABAL': 5, 'TODOS': 1, 'VAMOS': 21, 'PHG': 0, 'PR': 0, 'PIN': 0, 'ELEFANTE': 0, 'VICTORIA': 56, 'SEMILLA': 3, 'FCN-NACION': 0, 'PPN': 0, 'UR': 0, 'URNG-MAIZ WINAQ': 0, 'CREO': 0, 'BIEN': 0, 'VIVA': 2, 'MI FAMILIA': 0, 'CAMBIO': 0, 'VOS': 0}",5,36,231,0,Algún campo sin dato,16.Alta Verapaz,9.San Pedro Carchá,2997,presidente
19588,,"{'UNE': 56, 'AZUL': 4, 'VALOR UNIONISTA': 0, 'CABAL': 10, 'TODOS': 0, 'VAMOS': 5, 'PHG': 0, 'PR': 0, 'PIN': 0, 'ELEFANTE': 0, 'VICTORIA': 42, 'SEMILLA': 1, 'FCN-NACION': 0, 'PPN': 0, 'UR': 1, 'URNG-MAIZ WINAQ': 0, 'CREO': 0, 'BIEN': 0, 'VIVA': 1, 'MI FAMILIA': 0, 'CAMBIO': 0, 'VOS': 0}",2,25,147,0,Algún campo sin dato,16.Alta Verapaz,9.San Pedro Carchá,2997,presidente
19589,,"{'UNE': 41, 'AZUL': 1, 'VALOR UNIONISTA': 1, 'CABAL': 8, 'TODOS': 0, 'VAMOS': 11, 'PHG': 1, 'PR': 0, 'PIN': 0, 'ELEFANTE': 0, 'VICTORIA': 29, 'SEMILLA': 1, 'FCN-NACION': 0, 'PPN': 0, 'UR': 0, 'URNG-MAIZ WINAQ': 1, 'CREO': 0, 'BIEN': 0, 'VIVA': 1, 'MI FAMILIA': 0, 'CAMBIO': 0, 'VOS': 0}",6,17,118,0,Algún campo sin dato,16.Alta Verapaz,9.San Pedro Carchá,2997,presidente
19590,,"{'UNE': 113, 'AZUL': 4, 'VALOR UNIONISTA': 3, 'CABAL': 9, 'TODOS': 0, 'VAMOS': 2, 'PHG': 0, 'PR': 0, 'PIN': 0, 'ELEFANTE': 0, 'VICTORIA': 8, 'SEMILLA': 0, 'FCN-NACION': 2, 'PPN': 1, 'UR': 0, 'URNG-MAIZ WINAQ': 13, 'CREO': 0, 'BIEN': 0, 'VIVA': 34, 'MI FAMILIA': 1, 'CAMBIO': 0, 'VOS': 0}",12,42,244,0,Algún campo sin dato,16.Alta Verapaz,9.San Pedro Carchá,2998,presidente
19591,,"{'UNE': 129, 'AZUL': 2, 'VALOR UNIONISTA': 6, 'CABAL': 12, 'TODOS': 1, 'VAMOS': 4, 'PHG': 0, 'PR': 0, 'PIN': 0, 'ELEFANTE': 0, 'VICTORIA': 10, 'SEMILLA': 0, 'FCN-NACION': 3, 'PPN': 4, 'UR': 1, 'URNG-MAIZ WINAQ': 7, 'CREO': 0, 'BIEN': 0, 'VIVA': 25, 'MI FAMILIA': 1, 'CAMBIO': 2, 'VOS': 0}",8,34,249,0,Algún campo sin dato,16.Alta Verapaz,9.San Pedro Carchá,2998,presidente
19592,,"{'UNE': 132, 'AZUL': 2, 'VALOR UNIONISTA': 6, 'CABAL': 8, 'TODOS': 1, 'VAMOS': 4, 'PHG': 0, 'PR': 2, 'PIN': 0, 'ELEFANTE': 0, 'VICTORIA': 6, 'SEMILLA': 0, 'FCN-NACION': 2, 'PPN': 0, 'UR': 0, 'URNG-MAIZ WINAQ': 3, 'CREO': 1, 'BIEN': 1, 'VIVA': 26, 'MI FAMILIA': 1, 'CAMBIO': 2, 'VOS': 1}",10,43,251,0,Sumas Asentadas sin cuadrar,16.Alta Verapaz,9.San Pedro Carchá,2998,presidente
19593,,"{'UNE': 125, 'AZUL': 1, 'VALOR UNIONISTA': 6, 'CABAL': 5, 'TODOS': 0, 'VAMOS': 5, 'PHG': 0, 'PR': 0, 'PIN': 0, 'ELEFANTE': 0, 'VICTORIA': 19, 'SEMILLA': 1, 'FCN-NACION': 4, 'PPN': 4, 'UR': 0, 'URNG-MAIZ WINAQ': 6, 'CREO': 0, 'BIEN': 0, 'VIVA': 20, 'MI FAMILIA': 1, 'CAMBIO': 0, 'VOS': 0}",10,49,256,0,Sumas Asentadas sin cuadrar,16.Alta Verapaz,9.San Pedro Carchá,2998,presidente
19594,,"{'UNE': 112, 'AZUL': 1, 'VALOR UNIONISTA': 1, 'CABAL': 6, 'TODOS': 1, 'VAMOS': 9, 'PHG': 0, 'PR': 0, 'PIN': 0, 'ELEFANTE': 0, 'VICTORIA': 7, 'SEMILLA': 0, 'FCN-NACION': 7, 'PPN': 3, 'UR': 0, 'URNG-MAIZ WINAQ': 4, 'CREO': 0, 'BIEN': 1, 'VIVA': 22, 'MI FAMILIA': 4, 'CAMBIO': 1, 'VOS': 0}",11,36,226,0,Algún campo sin dato,16.Alta Verapaz,9.San Pedro Carchá,2998,presidente
19595,,"{'UNE': 103, 'AZUL': 1, 'VALOR UNIONISTA': 0, 'CABAL': 4, 'TODOS': 0, 'VAMOS': 3, 'PHG': 1, 'PR': 0, 'PIN': 0, 'ELEFANTE': 0, 'VICTORIA': 14, 'SEMILLA': 1, 'FCN-NACION': 1, 'PPN': 2, 'UR': 0, 'URNG-MAIZ WINAQ': 2, 'CREO': 0, 'BIEN': 0, 'VIVA': 13, 'MI FAMILIA': 1, 'CAMBIO': 0, 'VOS': 1}",7,38,192,0,Algún campo sin dato,16.Alta Verapaz,9.San Pedro Carchá,2998,presidente
19596,,"{'UNE': 102, 'AZUL': 0, 'VALOR UNIONISTA': 1, 'CABAL': 9, 'TODOS': 0, 'VAMOS': 3, 'PHG': 0, 'PR': 0, 'PIN': 0, 'ELEFANTE': 0, 'VICTORIA': 8, 'SEMILLA': 1, 'FCN-NACION': 3, 'PPN': 0, 'UR': 0, 'URNG-MAIZ WINAQ': 3, 'CREO': 0, 'BIEN': 0, 'VIVA': 26, 'MI FAMILIA': 4, 'CAMBIO': 1, 'VOS': 1}",7,31,200,0,Algún campo sin dato,16.Alta Verapaz,9.San Pedro Carchá,2998,presidente
19597,,"{'UNE': 109, 'AZUL': 4, 'VALOR UNIONISTA': 2, 'CABAL': 8, 'TODOS': 0, 'VAMOS': 4, 'PHG': 0, 'PR': 0, 'PIN': 0, 'ELEFANTE': 0, 'VICTORIA': 8, 'SEMILLA': 0, 'FCN-NACION': 0, 'PPN': 2, 'UR': 1, 'URNG-MAIZ WINAQ': 40, 'CREO': 3, 'BIEN': 0, 'VIVA': 10, 'MI FAMILIA': 4, 'CAMBIO': 0, 'VOS': 0}",11,62,268,0,Algún campo sin dato,16.Alta Verapaz,9.San Pedro Carchá,2999,presidente
19598,,"{'UNE': 130, 'AZUL': 8, 'VALOR UNIONISTA': 4, 'CABAL': 4, 'TODOS': 0, 'VAMOS': 5, 'PHG': 0, 'PR': 1, 'PIN': 0, 'ELEFANTE': 0, 'VICTORIA': 10, 'SEMILLA': 0, 'FCN-NACION': 1, 'PPN': 0, 'UR': 0, 'URNG-MAIZ WINAQ': 27, 'CREO': 0, 'BIEN': 0, 'VIVA': 6, 'MI FAMILIA': 2, 'CAMBIO': 0, 'VOS': 1}",7,36,242,0,Algún campo sin dato,16.Alta Verapaz,9.San Pedro Carchá,2999,presidente
19599,,"{'UNE': 95, 'AZUL': 7, 'VALOR UNIONISTA': 4, 'CABAL': 7, 'TODOS': 0, 'VAMOS': 10, 'PHG': 0, 'PR': 0, 'PIN': 0, 'ELEFANTE': 0, 'VICTORIA': 4, 'SEMILLA': 0, 'FCN-NACION': 0, 'PPN': 4, 'UR': 0, 'URNG-MAIZ WINAQ': 21, 'CREO': 1, 'BIEN': 1, 'VIVA': 14, 'MI FAMILIA': 1, 'CAMBIO': 0, 'VOS': 3}",15,59,246,0,Algún campo sin dato,16.Alta Verapaz,9.San Pedro Carchá,2999,presidente
19600,,"{'UNE': 116, 'AZUL': 7, 'VALOR UNIONISTA': 4, 'CABAL': 14, 'TODOS': 0, 'VAMOS': 2, 'PHG': 0, 'PR': 0, 'PIN': 0, 'ELEFANTE': 1, 'VICTORIA': 7, 'SEMILLA': 0, 'FCN-NACION': 1, 'PPN': 2, 'UR': 0, 'URNG-MAIZ WINAQ': 31, 'CREO': 0, 'BIEN': 1, 'VIVA': 10, 'MI FAMILIA': 1, 'CAMBIO': 0, 'VOS': 3}",8,42,250,0,Algún campo sin dato,16.Alta Verapaz,9.San Pedro Carchá,2999,presidente
19601,,"{'UNE': 82, 'AZUL': 8, 'VALOR UNIONISTA': 4, 'CABAL': 5, 'TODOS': 1, 'VAMOS': 2, 'PHG': 1, 'PR': 0, 'PIN': 0, 'ELEFANTE': 0, 'VICTORIA': 7, 'SEMILLA': 1, 'FCN-NACION': 0, 'PPN': 3, 'UR': 0, 'URNG-MAIZ WINAQ': 30, 'CREO': 2, 'BIEN': 1, 'VIVA': 8, 'MI FAMILIA': 2, 'CAMBIO': 0, 'VOS': 1}",5,46,209,0,Algún campo sin dato,16.Alta Verapaz,9.San Pedro Carchá,2999,presidente
19602,,"{'UNE': 91, 'AZUL': 5, 'VALOR UNIONISTA': 2, 'CABAL': 8, 'TODOS': 0, 'VAMOS': 5, 'PHG': 0, 'PR': 0, 'PIN': 0, 'ELEFANTE': 0, 'VICTORIA': 6, 'SEMILLA': 0, 'FCN-NACION': 0, 'PPN': 0, 'UR': 0, 'URNG-MAIZ WINAQ': 23, 'CREO': 0, 'BIEN': 1, 'VIVA': 12, 'MI FAMILIA': 0, 'CAMBIO': 0, 'VOS': 0}",13,26,192,0,Algún campo sin dato,16.Alta Verapaz,9.San Pedro Carchá,2999,presidente
19603,,"{'UNE': 113, 'AZUL': 9, 'VALOR UNIONISTA': 4, 'CABAL': 7, 'TODOS': 0, 'VAMOS': 1, 'PHG': 0, 'PR': 0, 'PIN': 1, 'ELEFANTE': 2, 'VICTORIA': 5, 'SEMILLA': 0, 'FCN-NACION': 0, 'PPN': 0, 'UR': 0, 'URNG-MAIZ WINAQ': 13, 'CREO': 0, 'BIEN': 0, 'VIVA': 10, 'MI FAMILIA': 0, 'CAMBIO': 0, 'VOS': 1}",6,22,194,0,Algún campo sin dato,16.Alta Verapaz,9.San Pedro Carchá,2999,presidente
19604,,"{'UNE': 105, 'AZUL': 1, 'VALOR UNIONISTA': 1, 'CABAL': 6, 'TODOS': 1, 'VAMOS': 17, 'PHG': 0, 'PR': 1, 'PIN': 0, 'ELEFANTE': 1, 'VICTORIA': 33, 'SEMILLA': 0, 'FCN-NACION': 2, 'PPN': 1, 'UR': 0, 'URNG-MAIZ WINAQ': 4, 'CREO': 0, 'BIEN': 3, 'VIVA': 3, 'MI FAMILIA': 3, 'CAMBIO': 1, 'VOS': 2}",16,51,252,0,Algún campo sin dato,16.Alta Verapaz,9.San Pedro Carchá,3000,presidente
19605,,"{'UNE': 108, 'AZUL': 4, 'VALOR UNIONISTA': 3, 'CABAL': 3, 'TODOS': 1, 'VAMOS': 21, 'PHG': 0, 'PR': 2, 'PIN': 0, 'ELEFANTE': 1, 'VICTORIA': 38, 'SEMILLA': 1, 'FCN-NACION': 2, 'PPN': 2, 'UR': 1, 'URNG-MAIZ WINAQ': 3, 'CREO': 0, 'BIEN': 4, 'VIVA': 2, 'MI FAMILIA': 5, 'CAMBIO': 0, 'VOS': 2}",12,48,263,0,Algún campo sin dato,16.Alta Verapaz,9.San Pedro Carchá,3000,presidente
19606,,"{'UNE': 119, 'AZUL': 1, 'VALOR UNIONISTA': 8, 'CABAL': 3, 'TODOS': 0, 'VAMOS': 28, 'PHG': 0, 'PR': 0, 'PIN': 0, 'ELEFANTE': 1, 'VICTORIA': 31, 'SEMILLA': 1, 'FCN-NACION': 0, 'PPN': 5, 'UR': 0, 'URNG-MAIZ WINAQ': 6, 'CREO': 1, 'BIEN': 1, 'VIVA': 4, 'MI FAMILIA': 3, 'CAMBIO': 0, 'VOS': 6}",22,49,289,0,Algún campo sin dato,16.Alta Verapaz,9.San Pedro Carchá,3000,presidente
19607,,"{'UNE': 84, 'AZUL': 1, 'VALOR UNIONISTA': 10, 'CABAL': 1, 'TODOS': 0, 'VAMOS': 19, 'PHG': 0, 'PR': 0, 'PIN': 0, 'ELEFANTE': 0, 'VICTORIA': 17, 'SEMILLA': 0, 'FCN-NACION': 9, 'PPN': 3, 'UR': 0, 'URNG-MAIZ WINAQ': 5, 'CREO': 2, 'BIEN': 2, 'VIVA': 4, 'MI FAMILIA': 5, 'CAMBIO': 0, 'VOS': 2}",16,60,240,0,Algún campo sin dato,16.Alta Verapaz,9.San Pedro Carchá,3000,presidente
19608,,"{'UNE': 72, 'AZUL': 3, 'VALOR UNIONISTA': 5, 'CABAL': 5, 'TODOS': 0, 'VAMOS': 12, 'PHG': 0, 'PR': 2, 'PIN': 0, 'ELEFANTE': 0, 'VICTORIA': 35, 'SEMILLA': 0, 'FCN-NACION': 3, 'PPN': 0, 'UR': 0, 'URNG-MAIZ WINAQ': 4, 'CREO': 2, 'BIEN': 2, 'VIVA': 4, 'MI FAMILIA': 3, 'CAMBIO': 0, 'VOS': 3}",15,41,211,0,Algún campo sin dato,16.Alta Verapaz,9.San Pedro Carchá,3000,presidente
19609,,"{'UNE': 82, 'AZUL': 2, 'VALOR UNIONISTA': 7, 'CABAL': 5, 'TODOS': 1, 'VAMOS': 24, 'PHG': 0, 'PR': 1, 'PIN': 1, 'ELEFANTE': 1, 'VICTORIA': 48, 'SEMILLA': 0, 'FCN-NACION': 1, 'PPN': 1, 'UR': 1, 'URNG-MAIZ WINAQ': 2, 'CREO': 0, 'BIEN': 0, 'VIVA': 4, 'MI FAMILIA': 4, 'CAMBIO': 0, 'VOS': 1}",9,39,234,0,Algún campo sin dato,16.Alta Verapaz,9.San Pedro Carchá,3000,presidente
19610,,"{'UNE': 90, 'AZUL': 2, 'VALOR UNIONISTA': 0, 'CABAL': 3, 'TODOS': 1, 'VAMOS': 37, 'PHG': 0, 'PR': 1, 'PIN': 0, 'ELEFANTE': 1, 'VICTORIA': 32, 'SEMILLA': 1, 'FCN-NACION': 4, 'PPN': 0, 'UR': 0, 'URNG-MAIZ WINAQ': 4, 'CREO': 1, 'BIEN': 1, 'VIVA': 2, 'MI FAMILIA': 3, 'CAMBIO': 1, 'VOS': 1}",21,42,248,0,Algún campo sin dato,16.Alta Verapaz,9.San Pedro Carchá,3000,presidente
19611,,"{'UNE': 85, 'AZUL': 1, 'VALOR UNIONISTA': 0, 'CABAL': 5, 'TODOS': 0, 'VAMOS': 22, 'PHG': 0, 'PR': 2, 'PIN': 0, 'ELEFANTE': 0, 'VICTORIA': 40, 'SEMILLA': 0, 'FCN-NACION': 0, 'PPN': 3, 'UR': 0, 'URNG-MAIZ WINAQ': 3, 'CREO': 1, 'BIEN': 1, 'VIVA': 5, 'MI FAMILIA': 1, 'CAMBIO': 0, 'VOS': 1}",10,46,226,0,Algún campo sin dato,16.Alta Verapaz,9.San Pedro Carchá,3000,presidente
19612,,"{'UNE': 98, 'AZUL': 1, 'VALOR UNIONISTA': 2, 'CABAL': 2, 'TODOS': 0, 'VAMOS': 11, 'PHG': 1, 'PR': 1, 'PIN': 1, 'ELEFANTE': 0, 'VICTORIA': 41, 'SEMILLA': 1, 'FCN-NACION': 1, 'PPN': 0, 'UR': 0, 'URNG-MAIZ WINAQ': 3, 'CREO': 0, 'BIEN': 0, 'VIVA': 6, 'MI FAMILIA': 1, 'CAMBIO': 0, 'VOS': 1}",10,34,215,0,Algún campo sin dato,16.Alta Verapaz,9.San Pedro Carchá,3000,presidente
19613,,"{'UNE': 86, 'AZUL': 0, 'VALOR UNIONISTA': 1, 'CABAL': 1, 'TODOS': 0, 'VAMOS': 22, 'PHG': 0, 'PR': 0, 'PIN': 0, 'ELEFANTE': 0, 'VICTORIA': 41, 'SEMILLA': 1, 'FCN-NACION': 1, 'PPN': 0, 'UR': 0, 'URNG-MAIZ WINAQ': 3, 'CREO': 0, 'BIEN': 1, 'VIVA': 4, 'MI FAMILIA': 2, 'CAMBIO': 0, 'VOS': 0}",5,25,193,0,Algún campo sin dato,16.Alta Verapaz,9.San Pedro Carchá,3000,presidente
19614,,"{'UNE': 86, 'AZUL': 1, 'VALOR UNIONISTA': 2, 'CABAL': 3, 'TODOS': 0, 'VAMOS': 14, 'PHG': 0, 'PR': 0, 'PIN': 0, 'ELEFANTE': 0, 'VICTORIA': 37, 'SEMILLA': 1, 'FCN-NACION': 0, 'PPN': 0, 'UR': 0, 'URNG-MAIZ WINAQ': 1, 'CREO': 0, 'BIEN': 1, 'VIVA': 4, 'MI FAMILIA': 1, 'CAMBIO': 0, 'VOS': 0}",5,26,182,0,Algún campo sin dato,16.Alta Verapaz,9.San Pedro Carchá,3000,presidente
19615,,"{'UNE': 97, 'AZUL': 2, 'VALOR UNIONISTA': 6, 'CABAL': 10, 'TODOS': 0, 'VAMOS': 28, 'PHG': 1, 'PR': 0, 'PIN': 0, 'ELEFANTE': 1, 'VICTORIA': 44, 'SEMILLA': 3, 'FCN-NACION': 1, 'PPN': 4, 'UR': 0, 'URNG-MAIZ WINAQ': 4, 'CREO': 0, 'BIEN': 2, 'VIVA': 12, 'MI FAMILIA': 0, 'CAMBIO': 0, 'VOS': 3}",20,53,291,0,Algún campo sin dato,16.Alta Verapaz,9.San Pedro Carchá,3001,presidente
19616,,"{'UNE': 88, 'AZUL': 0, 'VALOR UNIONISTA': 4, 'CABAL': 4, 'TODOS': 0, 'VAMOS': 44, 'PHG': 0, 'PR': 1, 'PIN': 1, 'ELEFANTE': 0, 'VICTORIA': 45, 'SEMILLA': 1, 'FCN-NACION': 3, 'PPN': 3, 'UR': 1, 'URNG-MAIZ WINAQ': 4, 'CREO': 1, 'BIEN': 2, 'VIVA': 15, 'MI FAMILIA': 1, 'CAMBIO': 0, 'VOS': 3}",9,43,273,0,Algún campo sin dato,16.Alta Verapaz,9.San Pedro Carchá,3001,presidente
19617,,"{'UNE': 88, 'AZUL': 1, 'VALOR UNIONISTA': 6, 'CABAL': 3, 'TODOS': 1, 'VAMOS': 42, 'PHG': 0, 'PR': 1, 'PIN': 0, 'ELEFANTE': 0, 'VICTORIA': 46, 'SEMILLA': 0, 'FCN-NACION': 2, 'PPN': 1, 'UR': 0, 'URNG-MAIZ WINAQ': 6, 'CREO': 2, 'BIEN': 1, 'VIVA': 8, 'MI FAMILIA': 1, 'CAMBIO': 1, 'VOS': 0}",18,44,272,0,Algún campo sin dato,16.Alta Verapaz,9.San Pedro Carchá,3001,presidente
19618,,"{'UNE': 82, 'AZUL': 0, 'VALOR UNIONISTA': 1, 'CABAL': 4, 'TODOS': 0, 'VAMOS': 26, 'PHG': 0, 'PR': 0, 'PIN': 0, 'ELEFANTE': 1, 'VICTORIA': 55, 'SEMILLA': 1, 'FCN-NACION': 0, 'PPN': 0, 'UR': 0, 'URNG-MAIZ WINAQ': 0, 'CREO': 2, 'BIEN': 1, 'VIVA': 7, 'MI FAMILIA': 1, 'CAMBIO': 2, 'VOS': 0}",16,45,244,0,Algún campo sin dato,16.Alta Verapaz,9.San Pedro Carchá,3001,presidente
19619,,"{'UNE': 102, 'AZUL': 0, 'VALOR UNIONISTA': 5, 'CABAL': 9, 'TODOS': 1, 'VAMOS': 37, 'PHG': 1, 'PR': 1, 'PIN': 1, 'ELEFANTE': 0, 'VICTORIA': 60, 'SEMILLA': 0, 'FCN-NACION': 0, 'PPN': 0, 'UR': 1, 'URNG-MAIZ WINAQ': 3, 'CREO': 1, 'BIEN': 1, 'VIVA': 4, 'MI FAMILIA': 0, 'CAMBIO': 0, 'VOS': 1}",11,36,275,0,Algún campo sin dato,16.Alta Verapaz,9.San Pedro Carchá,3001,presidente
19620,,"{'UNE': 103, 'AZUL': 1, 'VALOR UNIONISTA': 3, 'CABAL': 2, 'TODOS': 0, 'VAMOS': 44, 'PHG': 0, 'PR': 2, 'PIN': 0, 'ELEFANTE': 0, 'VICTORIA': 50, 'SEMILLA': 1, 'FCN-NACION': 0, 'PPN': 0, 'UR': 0, 'URNG-MAIZ WINAQ': 2, 'CREO': 0, 'BIEN': 0, 'VIVA': 9, 'MI FAMILIA': 1, 'CAMBIO': 0, 'VOS': 1}",23,56,298,0,Algún campo sin dato,16.Alta Verapaz,9.San Pedro Carchá,3001,presidente
19621,,"{'UNE': 102, 'AZUL': 1, 'VALOR UNIONISTA': 4, 'CABAL': 3, 'TODOS': 0, 'VAMOS': 40, 'PHG': 0, 'PR': 0, 'PIN': 0, 'ELEFANTE': 0, 'VICTORIA': 35, 'SEMILLA': 1, 'FCN-NACION': 0, 'PPN': 3, 'UR': 0, 'URNG-MAIZ WINAQ': 6, 'CREO': 0, 'BIEN': 2, 'VIVA': 5, 'MI FAMILIA': 2, 'CAMBIO': 1, 'VOS': 3}",15,50,273,0,Algún campo sin dato,16.Alta Verapaz,9.San Pedro Carchá,3001,presidente
19622,,"{'UNE': 90, 'AZUL': 1, 'VALOR UNIONISTA': 0, 'CABAL': 7, 'TODOS': 1, 'VAMOS': 29, 'PHG': 1, 'PR': 2, 'PIN': 0, 'ELEFANTE': 0, 'VICTORIA': 50, 'SEMILLA': 0, 'FCN-NACION': 2, 'PPN': 0, 'UR': 0, 'URNG-MAIZ WINAQ': 2, 'CREO': 1, 'BIEN': 0, 'VIVA': 5, 'MI FAMILIA': 2, 'CAMBIO': 0, 'VOS': 1}",13,51,258,0,Algún campo sin dato,16.Alta Verapaz,9.San Pedro Carchá,3001,presidente
19623,,"{'UNE': 99, 'AZUL': 4, 'VALOR UNIONISTA': 0, 'CABAL': 7, 'TODOS': 1, 'VAMOS': 28, 'PHG': 1, 'PR': 0, 'PIN': 1, 'ELEFANTE': 0, 'VICTORIA': 44, 'SEMILLA': 0, 'FCN-NACION': 0, 'PPN': 2, 'UR': 0, 'URNG-MAIZ WINAQ': 2, 'CREO': 1, 'BIEN': 0, 'VIVA': 11, 'MI FAMILIA': 0, 'CAMBIO': 0, 'VOS': 3}",12,51,267,0,Algún campo sin dato,16.Alta Verapaz,9.San Pedro Carchá,3001,presidente
19624,,"{'UNE': 83, 'AZUL': 1, 'VALOR UNIONISTA': 2, 'CABAL': 1, 'TODOS': 0, 'VAMOS': 24, 'PHG': 0, 'PR': 1, 'PIN': 1, 'ELEFANTE': 0, 'VICTORIA': 48, 'SEMILLA': 0, 'FCN-NACION': 0, 'PPN': 2, 'UR': 1, 'URNG-MAIZ WINAQ': 2, 'CREO': 0, 'BIEN': 3, 'VIVA': 7, 'MI FAMILIA': 2, 'CAMBIO': 1, 'VOS': 3}",17,43,242,0,Algún campo sin dato,16.Alta Verapaz,9.San Pedro Carchá,3001,presidente
19625,,"{'UNE': 87, 'AZUL': 0, 'VALOR UNIONISTA': 2, 'CABAL': 4, 'TODOS': 0, 'VAMOS': 24, 'PHG': 0, 'PR': 0, 'PIN': 0, 'ELEFANTE': 0, 'VICTORIA': 35, 'SEMILLA': 1, 'FCN-NACION': 0, 'PPN': 1, 'UR': 0, 'URNG-MAIZ WINAQ': 0, 'CREO': 0, 'BIEN': 2, 'VIVA': 8, 'MI FAMILIA': 0, 'CAMBIO': 0, 'VOS': 1}",13,52,230,0,Algún campo sin dato,16.Alta Verapaz,9.San Pedro Carchá,3001,presidente
19626,,"{'UNE': 84, 'AZUL': 2, 'VALOR UNIONISTA': 2, 'CABAL': 2, 'TODOS': 0, 'VAMOS': 18, 'PHG': 0, 'PR': 0, 'PIN': 0, 'ELEFANTE': 0, 'VICTORIA': 49, 'SEMILLA': 6, 'FCN-NACION': 0, 'PPN': 0, 'UR': 0, 'URNG-MAIZ WINAQ': 2, 'CREO': 1, 'BIEN': 0, 'VIVA': 6, 'MI FAMILIA': 1, 'CAMBIO': 0, 'VOS': 2}",5,46,226,0,Algún campo sin dato,16.Alta Verapaz,9.San Pedro Carchá,3001,presidente
19627,,"{'UNE': 85, 'AZUL': 0, 'VALOR UNIONISTA': 1, 'CABAL': 5, 'TODOS': 0, 'VAMOS': 25, 'PHG': 0, 'PR': 0, 'PIN': 0, 'ELEFANTE': 0, 'VICTORIA': 39, 'SEMILLA': 0, 'FCN-NACION': 0, 'PPN': 0, 'UR': 0, 'URNG-MAIZ WINAQ': 1, 'CREO': 0, 'BIEN': 0, 'VIVA': 9, 'MI FAMILIA': 1, 'CAMBIO': 1, 'VOS': 1}",4,21,193,0,Algún campo sin dato,16.Alta Verapaz,9.San Pedro Carchá,3001,presidente
19628,,"{'UNE': 62, 'AZUL': 0, 'VALOR UNIONISTA': 2, 'CABAL': 5, 'TODOS': 0, 'VAMOS': 12, 'PHG': 0, 'PR': 0, 'PIN': 0, 'ELEFANTE': 0, 'VICTORIA': 27, 'SEMILLA': 0, 'FCN-NACION': 0, 'PPN': 0, 'UR': 0, 'URNG-MAIZ WINAQ': 1, 'CREO': 1, 'BIEN': 2, 'VIVA': 9, 'MI FAMILIA': 0, 'CAMBIO': 0, 'VOS': 0}",7,16,144,0,Algún campo sin dato,16.Alta Verapaz,9.San Pedro Carchá,3001,presidente
19629,,"{'UNE': 110, 'AZUL': 2, 'VALOR UNIONISTA': 5, 'CABAL': 4, 'TODOS': 0, 'VAMOS': 5, 'PHG': 1, 'PR': 1, 'PIN': 1, 'ELEFANTE': 0, 'VICTORIA': 46, 'SEMILLA': 0, 'FCN-NACION': 0, 'PPN': 1, 'UR': 0, 'URNG-MAIZ WINAQ': 2, 'CREO': 2, 'BIEN': 0, 'VIVA': 3, 'MI FAMILIA': 3, 'CAMBIO': 0, 'VOS': 0}",10,42,238,0,Sumas Asentadas sin cuadrar,16.Alta Verapaz,9.San Pedro Carchá,3002,presidente
19630,,"{'UNE': 111, 'AZUL': 2, 'VALOR UNIONISTA': 3, 'CABAL': 4, 'TODOS': 0, 'VAMOS': 6, 'PHG': 0, 'PR': 0, 'PIN': 0, 'ELEFANTE': 1, 'VICTORIA': 36, 'SEMILLA': 0, 'FCN-NACION': 0, 'PPN': 2, 'UR': 0, 'URNG-MAIZ WINAQ': 3, 'CREO': 0, 'BIEN': 0, 'VIVA': 1, 'MI FAMILIA': 0, 'CAMBIO': 0, 'VOS': 0}",9,45,223,0,Algún campo sin dato,16.Alta Verapaz,9.San Pedro Carchá,3002,presidente
19631,,"{'UNE': 122, 'AZUL': 0, 'VALOR UNIONISTA': 4, 'CABAL': 2, 'TODOS': 2, 'VAMOS': 7, 'PHG': 0, 'PR': 1, 'PIN': 0, 'ELEFANTE': 0, 'VICTORIA': 52, 'SEMILLA': 0, 'FCN-NACION': 0, 'PPN': 2, 'UR': 0, 'URNG-MAIZ WINAQ': 2, 'CREO': 0, 'BIEN': 2, 'VIVA': 5, 'MI FAMILIA': 3, 'CAMBIO': 0, 'VOS': 0}",9,43,256,0,Algún campo sin dato,16.Alta Verapaz,9.San Pedro Carchá,3002,presidente
19632,,"{'UNE': 122, 'AZUL': 1, 'VALOR UNIONISTA': 2, 'CABAL': 4, 'TODOS': 0, 'VAMOS': 2, 'PHG': 0, 'PR': 0, 'PIN': 0, 'ELEFANTE': 0, 'VICTORIA': 32, 'SEMILLA': 0, 'FCN-NACION': 0, 'PPN': 0, 'UR': 1, 'URNG-MAIZ WINAQ': 0, 'CREO': 0, 'BIEN': 0, 'VIVA': 5, 'MI FAMILIA': 0, 'CAMBIO': 0, 'VOS': 0}",13,37,219,0,Algún campo sin dato,16.Alta Verapaz,9.San Pedro Carchá,3002,presidente
19633,,"{'UNE': 114, 'AZUL': 1, 'VALOR UNIONISTA': 1, 'CABAL': 3, 'TODOS': 0, 'VAMOS': 5, 'PHG': 0, 'PR': 1, 'PIN': 0, 'ELEFANTE': 0, 'VICTORIA': 34, 'SEMILLA': 1, 'FCN-NACION': 0, 'PPN': 1, 'UR': 0, 'URNG-MAIZ WINAQ': 2, 'CREO': 0, 'BIEN': 0, 'VIVA': 4, 'MI FAMILIA': 1, 'CAMBIO': 0, 'VOS': 0}",24,51,243,0,Algún campo sin dato,16.Alta Verapaz,9.San Pedro Carchá,3002,presidente
19634,,"{'UNE': 110, 'AZUL': 1, 'VALOR UNIONISTA': 5, 'CABAL': 5, 'TODOS': 0, 'VAMOS': 5, 'PHG': 0, 'PR': 1, 'PIN': 0, 'ELEFANTE': 0, 'VICTORIA': 31, 'SEMILLA': 0, 'FCN-NACION': 0, 'PPN': 2, 'UR': 0, 'URNG-MAIZ WINAQ': 3, 'CREO': 1, 'BIEN': 0, 'VIVA': 3, 'MI FAMILIA': 2, 'CAMBIO': 0, 'VOS': 0}",15,36,220,0,Algún campo sin dato,16.Alta Verapaz,9.San Pedro Carchá,3002,presidente
19635,,"{'UNE': 104, 'AZUL': 1, 'VALOR UNIONISTA': 2, 'CABAL': 3, 'TODOS': 0, 'VAMOS': 6, 'PHG': 1, 'PR': 0, 'PIN': 0, 'ELEFANTE': 0, 'VICTORIA': 22, 'SEMILLA': 0, 'FCN-NACION': 0, 'PPN': 1, 'UR': 0, 'URNG-MAIZ WINAQ': 1, 'CREO': 2, 'BIEN': 1, 'VIVA': 6, 'MI FAMILIA': 5, 'CAMBIO': 1, 'VOS': 1}",15,32,204,0,Algún campo sin dato,16.Alta Verapaz,9.San Pedro Carchá,3002,presidente
19636,,"{'UNE': 110, 'AZUL': 0, 'VALOR UNIONISTA': 1, 'CABAL': 3, 'TODOS': 0, 'VAMOS': 4, 'PHG': 0, 'PR': 0, 'PIN': 0, 'ELEFANTE': 0, 'VICTORIA': 40, 'SEMILLA': 0, 'FCN-NACION': 0, 'PPN': 3, 'UR': 0, 'URNG-MAIZ WINAQ': 1, 'CREO': 1, 'BIEN': 0, 'VIVA': 1, 'MI FAMILIA': 1, 'CAMBIO': 0, 'VOS': 2}",6,24,197,0,Algún campo sin dato,16.Alta Verapaz,9.San Pedro Carchá,3002,presidente
19637,,"{'UNE': 117, 'AZUL': 2, 'VALOR UNIONISTA': 0, 'CABAL': 9, 'TODOS': 0, 'VAMOS': 7, 'PHG': 0, 'PR': 0, 'PIN': 0, 'ELEFANTE': 0, 'VICTORIA': 57, 'SEMILLA': 0, 'FCN-NACION': 0, 'PPN': 0, 'UR': 0, 'URNG-MAIZ WINAQ': 0, 'CREO': 0, 'BIEN': 0, 'VIVA': 2, 'MI FAMILIA': 0, 'CAMBIO': 0, 'VOS': 0}",6,28,228,0,Algún campo sin dato,16.Alta Verapaz,9.San Pedro Carchá,3002,presidente
19638,,"{'UNE': 61, 'AZUL': 1, 'VALOR UNIONISTA': 1, 'CABAL': 2, 'TODOS': 0, 'VAMOS': 3, 'PHG': 0, 'PR': 0, 'PIN': 0, 'ELEFANTE': 0, 'VICTORIA': 27, 'SEMILLA': 0, 'FCN-NACION': 2, 'PPN': 0, 'UR': 0, 'URNG-MAIZ WINAQ': 0, 'CREO': 0, 'BIEN': 0, 'VIVA': 0, 'MI FAMILIA': 2, 'CAMBIO': 0, 'VOS': 0}",8,22,129,0,Algún campo sin dato,16.Alta Verapaz,9.San Pedro Carchá,3002,presidente
19639,,"{'UNE': 51, 'AZUL': 0, 'VALOR UNIONISTA': 0, 'CABAL': 1, 'TODOS': 1, 'VAMOS': 4, 'PHG': 0, 'PR': 0, 'PIN': 0, 'ELEFANTE': 0, 'VICTORIA': 24, 'SEMILLA': 0, 'FCN-NACION': 0, 'PPN': 2, 'UR': 0, 'URNG-MAIZ WINAQ': 1, 'CREO': 0, 'BIEN': 1, 'VIVA': 0, 'MI FAMILIA': 0, 'CAMBIO': 0, 'VOS': 0}",9,6,100,0,Algún campo sin dato,16.Alta Verapaz,9.San Pedro Carchá,3002,presidente
19640,,"{'UNE': 119, 'AZUL': 1, 'VALOR UNIONISTA': 7, 'CABAL': 4, 'TODOS': 0, 'VAMOS': 6, 'PHG': 0, 'PR': 0, 'PIN': 0, 'ELEFANTE': 0, 'VICTORIA': 7, 'SEMILLA': 1, 'FCN-NACION': 0, 'PPN': 6, 'UR': 0, 'URNG-MAIZ WINAQ': 18, 'CREO': 0, 'BIEN': 0, 'VIVA': 28, 'MI FAMILIA': 1, 'CAMBIO': 0, 'VOS': 2}",19,30,249,0,Algún campo sin dato,16.Alta Verapaz,9.San Pedro Carchá,3003,presidente
19641,,"{'UNE': 133, 'AZUL': 1, 'VALOR UNIONISTA': 5, 'CABAL': 8, 'TODOS': 1, 'VAMOS': 7, 'PHG': 0, 'PR': 0, 'PIN': 0, 'ELEFANTE': 0, 'VICTORIA': 17, 'SEMILLA': 0, 'FCN-NACION': 0, 'PPN': 4, 'UR': 0, 'URNG-MAIZ WINAQ': 13, 'CREO': 1, 'BIEN': 0, 'VIVA': 18, 'MI FAMILIA': 2, 'CAMBIO': 0, 'VOS': 1}",20,29,260,0,Algún campo sin dato,16.Alta Verapaz,9.San Pedro Carchá,3003,presidente
19642,,"{'UNE': 142, 'AZUL': 2, 'VALOR UNIONISTA': 4, 'CABAL': 4, 'TODOS': 0, 'VAMOS': 5, 'PHG': 0, 'PR': 0, 'PIN': 0, 'ELEFANTE': 1, 'VICTORIA': 10, 'SEMILLA': 0, 'FCN-NACION': 0, 'PPN': 2, 'UR': 1, 'URNG-MAIZ WINAQ': 11, 'CREO': 0, 'BIEN': 0, 'VIVA': 13, 'MI FAMILIA': 1, 'CAMBIO': 0, 'VOS': 0}",10,24,230,0,Algún campo sin dato,16.Alta Verapaz,9.San Pedro Carchá,3003,presidente
19643,,"{'UNE': 122, 'AZUL': 3, 'VALOR UNIONISTA': 7, 'CABAL': 4, 'TODOS': 0, 'VAMOS': 10, 'PHG': 0, 'PR': 0, 'PIN': 0, 'ELEFANTE': 0, 'VICTORIA': 12, 'SEMILLA': 0, 'FCN-NACION': 0, 'PPN': 4, 'UR': 1, 'URNG-MAIZ WINAQ': 23, 'CREO': 0, 'BIEN': 0, 'VIVA': 18, 'MI FAMILIA': 0, 'CAMBIO': 0, 'VOS': 1}",10,24,239,0,Algún campo sin dato,16.Alta Verapaz,9.San Pedro Carchá,3003,presidente
19644,,"{'UNE': 141, 'AZUL': 2, 'VALOR UNIONISTA': 5, 'CABAL': 6, 'TODOS': 0, 'VAMOS': 4, 'PHG': 0, 'PR': 1, 'PIN': 0, 'ELEFANTE': 0, 'VICTORIA': 6, 'SEMILLA': 0, 'FCN-NACION': 0, 'PPN': 3, 'UR': 0, 'URNG-MAIZ WINAQ': 15, 'CREO': 1, 'BIEN': 0, 'VIVA': 17, 'MI FAMILIA': 2, 'CAMBIO': 0, 'VOS': 0}",13,12,228,0,Algún campo sin dato,16.Alta Verapaz,9.San Pedro Carchá,3003,presidente
19645,,"{'UNE': 115, 'AZUL': 4, 'VALOR UNIONISTA': 11, 'CABAL': 4, 'TODOS': 0, 'VAMOS': 8, 'PHG': 0, 'PR': 1, 'PIN': 0, 'ELEFANTE': 2, 'VICTORIA': 7, 'SEMILLA': 0, 'FCN-NACION': 1, 'PPN': 8, 'UR': 0, 'URNG-MAIZ WINAQ': 19, 'CREO': 0, 'BIEN': 2, 'VIVA': 5, 'MI FAMILIA': 2, 'CAMBIO': 0, 'VOS': 0}",10,23,222,0,Sumas Asentadas sin cuadrar,16.Alta Verapaz,9.San Pedro Carchá,3003,presidente
19646,,"{'UNE': 103, 'AZUL': 0, 'VALOR UNIONISTA': 3, 'CABAL': 4, 'TODOS': 1, 'VAMOS': 12, 'PHG': 2, 'PR': 0, 'PIN': 0, 'ELEFANTE': 0, 'VICTORIA': 12, 'SEMILLA': 0, 'FCN-NACION': 0, 'PPN': 4, 'UR': 0, 'URNG-MAIZ WINAQ': 16, 'CREO': 0, 'BIEN': 0, 'VIVA': 8, 'MI FAMILIA': 1, 'CAMBIO': 1, 'VOS': 1}",14,2,184,20,Algún campo sin dato,16.Alta Verapaz,9.San Pedro Carchá,3003,presidente
19647,,"{'UNE': 122, 'AZUL': 2, 'VALOR UNIONISTA': 3, 'CABAL': 4, 'TODOS': 0, 'VAMOS': 4, 'PHG': 0, 'PR': 0, 'PIN': 0, 'ELEFANTE': 0, 'VICTORIA': 11, 'SEMILLA': 0, 'FCN-NACION': 0, 'PPN': 5, 'UR': 0, 'URNG-MAIZ WINAQ': 19, 'CREO': 0, 'BIEN': 0, 'VIVA': 19, 'MI FAMILIA': 0, 'CAMBIO': 0, 'VOS': 1}",3,10,203,1,Algún campo sin dato,16.Alta Verapaz,9.San Pedro Carchá,3003,presidente
19648,,"{'UNE': 79, 'AZUL': 0, 'VALOR UNIONISTA': 0, 'CABAL': 2, 'TODOS': 1, 'VAMOS': 4, 'PHG': 0, 'PR': 0, 'PIN': 0, 'ELEFANTE': 0, 'VICTORIA': 5, 'SEMILLA': 0, 'FCN-NACION': 0, 'PPN': 1, 'UR': 0, 'URNG-MAIZ WINAQ': 4, 'CREO': 0, 'BIEN': 0, 'VIVA': 10, 'MI FAMILIA': 0, 'CAMBIO': 1, 'VOS': 0}",6,2,115,0,,16.Alta Verapaz,9.San Pedro Carchá,3003,presidente
19649,,"{'UNE': 67, 'AZUL': 1, 'VALOR UNIONISTA': 3, 'CABAL': 7, 'TODOS': 1, 'VAMOS': 6, 'PHG': 0, 'PR': 0, 'PIN': 0, 'ELEFANTE': 1, 'VICTORIA': 9, 'SEMILLA': 0, 'FCN-NACION': 0, 'PPN': 5, 'UR': 0, 'URNG-MAIZ WINAQ': 8, 'CREO': 0, 'BIEN': 0, 'VIVA': 2, 'MI FAMILIA': 0, 'CAMBIO': 0, 'VOS': 0}",5,5,120,0,Algún campo sin dato,16.Alta Verapaz,9.San Pedro Carchá,3003,presidente
19650,,"{'UNE': 99, 'AZUL': 7, 'VALOR UNIONISTA': 9, 'CABAL': 3, 'TODOS': 0, 'VAMOS': 0, 'PHG': 0, 'PR': 0, 'PIN': 0, 'ELEFANTE': 0, 'VICTORIA': 7, 'SEMILLA': 1, 'FCN-NACION': 0, 'PPN': 3, 'UR': 0, 'URNG-MAIZ WINAQ': 10, 'CREO': 3, 'BIEN': 0, 'VIVA': 2, 'MI FAMILIA': 0, 'CAMBIO': 1, 'VOS': 0}",20,40,205,0,Algún campo sin dato,16.Alta Verapaz,9.San Pedro Carchá,3004,presidente
19651,,"{'UNE': 112, 'AZUL': 4, 'VALOR UNIONISTA': 5, 'CABAL': 7, 'TODOS': 0, 'VAMOS': 4, 'PHG': 0, 'PR': 0, 'PIN': 0, 'ELEFANTE': 0, 'VICTORIA': 4, 'SEMILLA': 0, 'FCN-NACION': 0, 'PPN': 5, 'UR': 0, 'URNG-MAIZ WINAQ': 7, 'CREO': 2, 'BIEN': 0, 'VIVA': 5, 'MI FAMILIA': 0, 'CAMBIO': 0, 'VOS': 2}",15,44,216,0,Algún campo sin dato,16.Alta Verapaz,9.San Pedro Carchá,3004,presidente
19652,,"{'UNE': 113, 'AZUL': 4, 'VALOR UNIONISTA': 2, 'CABAL': 8, 'TODOS': 0, 'VAMOS': 6, 'PHG': 1, 'PR': 0, 'PIN': 1, 'ELEFANTE': 1, 'VICTORIA': 2, 'SEMILLA': 1, 'FCN-NACION': 1, 'PPN': 1, 'UR': 0, 'URNG-MAIZ WINAQ': 5, 'CREO': 3, 'BIEN': 0, 'VIVA': 1, 'MI FAMILIA': 0, 'CAMBIO': 0, 'VOS': 0}",9,31,190,0,,16.Alta Verapaz,9.San Pedro Carchá,3004,presidente
19653,,"{'UNE': 91, 'AZUL': 3, 'VALOR UNIONISTA': 1, 'CABAL': 4, 'TODOS': 0, 'VAMOS': 5, 'PHG': 0, 'PR': 0, 'PIN': 0, 'ELEFANTE': 0, 'VICTORIA': 6, 'SEMILLA': 0, 'FCN-NACION': 0, 'PPN': 1, 'UR': 0, 'URNG-MAIZ WINAQ': 8, 'CREO': 1, 'BIEN': 2, 'VIVA': 6, 'MI FAMILIA': 0, 'CAMBIO': 0, 'VOS': 0}",10,29,167,0,Algún campo sin dato,16.Alta Verapaz,9.San Pedro Carchá,3004,presidente
19654,,"{'UNE': 73, 'AZUL': 4, 'VALOR UNIONISTA': 5, 'CABAL': 8, 'TODOS': 0, 'VAMOS': 5, 'PHG': 0, 'PR': 0, 'PIN': 0, 'ELEFANTE': 0, 'VICTORIA': 3, 'SEMILLA': 0, 'FCN-NACION': 0, 'PPN': 2, 'UR': 0, 'URNG-MAIZ WINAQ': 7, 'CREO': 2, 'BIEN': 0, 'VIVA': 6, 'MI FAMILIA': 0, 'CAMBIO': 1, 'VOS': 2}",12,29,159,0,Algún campo sin dato,16.Alta Verapaz,9.San Pedro Carchá,3004,presidente
19655,,"{'UNE': 74, 'AZUL': 0, 'VALOR UNIONISTA': 3, 'CABAL': 5, 'TODOS': 0, 'VAMOS': 5, 'PHG': 0, 'PR': 0, 'PIN': 0, 'ELEFANTE': 0, 'VICTORIA': 8, 'SEMILLA': 0, 'FCN-NACION': 0, 'PPN': 4, 'UR': 0, 'URNG-MAIZ WINAQ': 1, 'CREO': 6, 'BIEN': 0, 'VIVA': 3, 'MI FAMILIA': 0, 'CAMBIO': 0, 'VOS': 0}",9,34,152,0,Algún campo sin dato,16.Alta Verapaz,9.San Pedro Carchá,3004,presidente
19656,,"{'UNE': 43, 'AZUL': 1, 'VALOR UNIONISTA': 1, 'CABAL': 3, 'TODOS': 0, 'VAMOS': 3, 'PHG': 0, 'PR': 0, 'PIN': 0, 'ELEFANTE': 0, 'VICTORIA': 3, 'SEMILLA': 0, 'FCN-NACION': 0, 'PPN': 0, 'UR': 0, 'URNG-MAIZ WINAQ': 0, 'CREO': 0, 'BIEN': 0, 'VIVA': 1, 'MI FAMILIA': 1, 'CAMBIO': 0, 'VOS': 0}",2,6,64,0,Algún campo sin dato,16.Alta Verapaz,9.San Pedro Carchá,3004,presidente
19657,,"{'UNE': 44, 'AZUL': 1, 'VALOR UNIONISTA': 0, 'CABAL': 0, 'TODOS': 0, 'VAMOS': 2, 'PHG': 0, 'PR': 0, 'PIN': 0, 'ELEFANTE': 0, 'VICTORIA': 1, 'SEMILLA': 0, 'FCN-NACION': 0, 'PPN': 1, 'UR': 0, 'URNG-MAIZ WINAQ': 3, 'CREO': 0, 'BIEN': 0, 'VIVA': 2, 'MI FAMILIA': 1, 'CAMBIO': 0, 'VOS': 0}",5,6,66,0,Algún campo sin dato,16.Alta Verapaz,9.San Pedro Carchá,3004,presidente
19658,,"{'UNE': 111, 'AZUL': 2, 'VALOR UNIONISTA': 0, 'CABAL': 3, 'TODOS': 0, 'VAMOS': 19, 'PHG': 3, 'PR': 2, 'PIN': 0, 'ELEFANTE': 0, 'VICTORIA': 23, 'SEMILLA': 0, 'FCN-NACION': 1, 'PPN': 1, 'UR': 0, 'URNG-MAIZ WINAQ': 23, 'CREO': 4, 'BIEN': 1, 'VIVA': 7, 'MI FAMILIA': 1, 'CAMBIO': 0, 'VOS': 1}",25,19,246,0,Sumas Asentadas sin cuadrar,16.Alta Verapaz,9.San Pedro Carchá,3005,presidente
19659,,"{'UNE': 115, 'AZUL': 3, 'VALOR UNIONISTA': 2, 'CABAL': 8, 'TODOS': 0, 'VAMOS': 9, 'PHG': 0, 'PR': 1, 'PIN': 0, 'ELEFANTE': 0, 'VICTORIA': 43, 'SEMILLA': 0, 'FCN-NACION': 0, 'PPN': 0, 'UR': 0, 'URNG-MAIZ WINAQ': 19, 'CREO': 3, 'BIEN': 2, 'VIVA': 5, 'MI FAMILIA': 4, 'CAMBIO': 0, 'VOS': 0}",14,42,270,0,Algún campo sin dato,16.Alta Verapaz,9.San Pedro Carchá,3005,presidente
19660,,"{'UNE': 114, 'AZUL': 3, 'VALOR UNIONISTA': 4, 'CABAL': 8, 'TODOS': 0, 'VAMOS': 10, 'PHG': 0, 'PR': 0, 'PIN': 0, 'ELEFANTE': 0, 'VICTORIA': 17, 'SEMILLA': 1, 'FCN-NACION': 1, 'PPN': 1, 'UR': 1, 'URNG-MAIZ WINAQ': 26, 'CREO': 0, 'BIEN': 0, 'VIVA': 6, 'MI FAMILIA': 3, 'CAMBIO': 0, 'VOS': 1}",11,30,237,0,Algún campo sin dato,16.Alta Verapaz,9.San Pedro Carchá,3005,presidente
19661,,"{'UNE': 107, 'AZUL': 4, 'VALOR UNIONISTA': 4, 'CABAL': 6, 'TODOS': 0, 'VAMOS': 12, 'PHG': 0, 'PR': 0, 'PIN': 0, 'ELEFANTE': 0, 'VICTORIA': 13, 'SEMILLA': 0, 'FCN-NACION': 2, 'PPN': 1, 'UR': 0, 'URNG-MAIZ WINAQ': 18, 'CREO': 1, 'BIEN': 0, 'VIVA': 3, 'MI FAMILIA': 1, 'CAMBIO': 0, 'VOS': 0}",15,30,217,0,Algún campo sin dato,16.Alta Verapaz,9.San Pedro Carchá,3005,presidente
19662,,"{'UNE': 91, 'AZUL': 2, 'VALOR UNIONISTA': 6, 'CABAL': 5, 'TODOS': 0, 'VAMOS': 16, 'PHG': 1, 'PR': 1, 'PIN': 0, 'ELEFANTE': 0, 'VICTORIA': 16, 'SEMILLA': 0, 'FCN-NACION': 0, 'PPN': 3, 'UR': 2, 'URNG-MAIZ WINAQ': 27, 'CREO': 0, 'BIEN': 0, 'VIVA': 9, 'MI FAMILIA': 2, 'CAMBIO': 0, 'VOS': 0}",12,26,219,0,Algún campo sin dato,16.Alta Verapaz,9.San Pedro Carchá,3005,presidente
19663,,"{'UNE': 83, 'AZUL': 2, 'VALOR UNIONISTA': 5, 'CABAL': 1, 'TODOS': 4, 'VAMOS': 12, 'PHG': 0, 'PR': 0, 'PIN': 0, 'ELEFANTE': 1, 'VICTORIA': 15, 'SEMILLA': 1, 'FCN-NACION': 0, 'PPN': 6, 'UR': 1, 'URNG-MAIZ WINAQ': 23, 'CREO': 1, 'BIEN': 2, 'VIVA': 9, 'MI FAMILIA': 2, 'CAMBIO': 0, 'VOS': 2}",12,25,207,0,Sumas Asentadas sin cuadrar,16.Alta Verapaz,9.San Pedro Carchá,3005,presidente
19664,,"{'UNE': 104, 'AZUL': 0, 'VALOR UNIONISTA': 1, 'CABAL': 3, 'TODOS': 1, 'VAMOS': 19, 'PHG': 0, 'PR': 0, 'PIN': 0, 'ELEFANTE': 0, 'VICTORIA': 24, 'SEMILLA': 0, 'FCN-NACION': 0, 'PPN': 4, 'UR': 0, 'URNG-MAIZ WINAQ': 13, 'CREO': 0, 'BIEN': 1, 'VIVA': 4, 'MI FAMILIA': 2, 'CAMBIO': 0, 'VOS': 0}",7,15,198,0,Algún campo sin dato,16.Alta Verapaz,9.San Pedro Carchá,3005,presidente
19665,,"{'UNE': 58, 'AZUL': 1, 'VALOR UNIONISTA': 1, 'CABAL': 1, 'TODOS': 0, 'VAMOS': 5, 'PHG': 0, 'PR': 0, 'PIN': 0, 'ELEFANTE': 0, 'VICTORIA': 15, 'SEMILLA': 2, 'FCN-NACION': 0, 'PPN': 0, 'UR': 0, 'URNG-MAIZ WINAQ': 13, 'CREO': 0, 'BIEN': 0, 'VIVA': 0, 'MI FAMILIA': 0, 'CAMBIO': 0, 'VOS': 0}",3,7,106,0,Algún campo sin dato,16.Alta Verapaz,9.San Pedro Carchá,3005,presidente
19666,,"{'UNE': 38, 'AZUL': 3, 'VALOR UNIONISTA': 1, 'CABAL': 2, 'TODOS': 0, 'VAMOS': 4, 'PHG': 0, 'PR': 1, 'PIN': 0, 'ELEFANTE': 0, 'VICTORIA': 15, 'SEMILLA': 1, 'FCN-NACION': 0, 'PPN': 1, 'UR': 0, 'URNG-MAIZ WINAQ': 12, 'CREO': 0, 'BIEN': 0, 'VIVA': 3, 'MI FAMILIA': 0, 'CAMBIO': 0, 'VOS': 0}",4,9,94,0,Algún campo sin dato,16.Alta Verapaz,9.San Pedro Carchá,3005,presidente
19667,,"{'UNE': 78, 'AZUL': 1, 'VALOR UNIONISTA': 0, 'CABAL': 5, 'TODOS': 0, 'VAMOS': 23, 'PHG': 0, 'PR': 0, 'PIN': 1, 'ELEFANTE': 0, 'VICTORIA': 75, 'SEMILLA': 2, 'FCN-NACION': 1, 'PPN': 1, 'UR': 0, 'URNG-MAIZ WINAQ': 2, 'CREO': 1, 'BIEN': 0, 'VIVA': 9, 'MI FAMILIA': 0, 'CAMBIO': 0, 'VOS': 3}",23,52,277,0,Algún campo sin dato,16.Alta Verapaz,9.San Pedro Carchá,3006,presidente
19668,,"{'UNE': 75, 'AZUL': 0, 'VALOR UNIONISTA': 4, 'CABAL': 6, 'TODOS': 0, 'VAMOS': 24, 'PHG': 0, 'PR': 0, 'PIN': 0, 'ELEFANTE': 0, 'VICTORIA': 63, 'SEMILLA': 0, 'FCN-NACION': 1, 'PPN': 2, 'UR': 0, 'URNG-MAIZ WINAQ': 7, 'CREO': 1, 'BIEN': 1, 'VIVA': 5, 'MI FAMILIA': 2, 'CAMBIO': 0, 'VOS': 0}",25,70,286,0,Algún campo sin dato,16.Alta Verapaz,9.San Pedro Carchá,3006,presidente
19669,,"{'UNE': 70, 'AZUL': 4, 'VALOR UNIONISTA': 2, 'CABAL': 4, 'TODOS': 0, 'VAMOS': 20, 'PHG': 1, 'PR': 0, 'PIN': 0, 'ELEFANTE': 0, 'VICTORIA': 70, 'SEMILLA': 1, 'FCN-NACION': 3, 'PPN': 1, 'UR': 0, 'URNG-MAIZ WINAQ': 6, 'CREO': 0, 'BIEN': 0, 'VIVA': 6, 'MI FAMILIA': 1, 'CAMBIO': 0, 'VOS': 1}",27,55,272,0,Algún campo sin dato,16.Alta Verapaz,9.San Pedro Carchá,3006,presidente
19670,,"{'UNE': 57, 'AZUL': 0, 'VALOR UNIONISTA': 4, 'CABAL': 5, 'TODOS': 0, 'VAMOS': 20, 'PHG': 0, 'PR': 0, 'PIN': 0, 'ELEFANTE': 0, 'VICTORIA': 65, 'SEMILLA': 3, 'FCN-NACION': 3, 'PPN': 0, 'UR': 0, 'URNG-MAIZ WINAQ': 3, 'CREO': 1, 'BIEN': 2, 'VIVA': 10, 'MI FAMILIA': 0, 'CAMBIO': 0, 'VOS': 3}",17,60,253,0,Algún campo sin dato,16.Alta Verapaz,9.San Pedro Carchá,3006,presidente
19671,,"{'UNE': 72, 'AZUL': 1, 'VALOR UNIONISTA': 3, 'CABAL': 7, 'TODOS': 0, 'VAMOS': 34, 'PHG': 1, 'PR': 1, 'PIN': 0, 'ELEFANTE': 0, 'VICTORIA': 73, 'SEMILLA': 1, 'FCN-NACION': 0, 'PPN': 0, 'UR': 0, 'URNG-MAIZ WINAQ': 1, 'CREO': 1, 'BIEN': 2, 'VIVA': 9, 'MI FAMILIA': 0, 'CAMBIO': 1, 'VOS': 5}",16,38,266,0,Algún campo sin dato,16.Alta Verapaz,9.San Pedro Carchá,3006,presidente
19672,,"{'UNE': 78, 'AZUL': 1, 'VALOR UNIONISTA': 6, 'CABAL': 7, 'TODOS': 0, 'VAMOS': 26, 'PHG': 1, 'PR': 1, 'PIN': 0, 'ELEFANTE': 1, 'VICTORIA': 70, 'SEMILLA': 0, 'FCN-NACION': 6, 'PPN': 4, 'UR': 0, 'URNG-MAIZ WINAQ': 2, 'CREO': 1, 'BIEN': 1, 'VIVA': 7, 'MI FAMILIA': 0, 'CAMBIO': 0, 'VOS': 3}",16,57,288,0,Algún campo sin dato,16.Alta Verapaz,9.San Pedro Carchá,3006,presidente
19673,,"{'UNE': 70, 'AZUL': 2, 'VALOR UNIONISTA': 3, 'CABAL': 2, 'TODOS': 1, 'VAMOS': 13, 'PHG': 2, 'PR': 2, 'PIN': 0, 'ELEFANTE': 0, 'VICTORIA': 71, 'SEMILLA': 1, 'FCN-NACION': 2, 'PPN': 1, 'UR': 0, 'URNG-MAIZ WINAQ': 1, 'CREO': 2, 'BIEN': 1, 'VIVA': 9, 'MI FAMILIA': 2, 'CAMBIO': 2, 'VOS': 0}",24,50,261,0,Algún campo sin dato,16.Alta Verapaz,9.San Pedro Carchá,3006,presidente
19674,,"{'UNE': 76, 'AZUL': 2, 'VALOR UNIONISTA': 5, 'CABAL': 2, 'TODOS': 0, 'VAMOS': 13, 'PHG': 1, 'PR': 0, 'PIN': 0, 'ELEFANTE': 0, 'VICTORIA': 68, 'SEMILLA': 2, 'FCN-NACION': 4, 'PPN': 2, 'UR': 1, 'URNG-MAIZ WINAQ': 3, 'CREO': 1, 'BIEN': 0, 'VIVA': 3, 'MI FAMILIA': 0, 'CAMBIO': 0, 'VOS': 0}",28,51,262,0,Algún campo sin dato,16.Alta Verapaz,9.San Pedro Carchá,3006,presidente
19675,,"{'UNE': 70, 'AZUL': 0, 'VALOR UNIONISTA': 3, 'CABAL': 4, 'TODOS': 0, 'VAMOS': 16, 'PHG': 0, 'PR': 0, 'PIN': 0, 'ELEFANTE': 0, 'VICTORIA': 46, 'SEMILLA': 1, 'FCN-NACION': 1, 'PPN': 2, 'UR': 0, 'URNG-MAIZ WINAQ': 1, 'CREO': 1, 'BIEN': 0, 'VIVA': 10, 'MI FAMILIA': 0, 'CAMBIO': 0, 'VOS': 1}",12,66,234,0,Algún campo sin dato,16.Alta Verapaz,9.San Pedro Carchá,3006,presidente
19676,,"{'UNE': 70, 'AZUL': 0, 'VALOR UNIONISTA': 0, 'CABAL': 2, 'TODOS': 0, 'VAMOS': 10, 'PHG': 0, 'PR': 0, 'PIN': 0, 'ELEFANTE': 1, 'VICTORIA': 60, 'SEMILLA': 2, 'FCN-NACION': 1, 'PPN': 0, 'UR': 0, 'URNG-MAIZ WINAQ': 3, 'CREO': 0, 'BIEN': 0, 'VIVA': 10, 'MI FAMILIA': 0, 'CAMBIO': 0, 'VOS': 1}",10,44,214,0,Algún campo sin dato,16.Alta Verapaz,9.San Pedro Carchá,3006,presidente
19677,,"{'UNE': 40, 'AZUL': 0, 'VALOR UNIONISTA': 0, 'CABAL': 0, 'TODOS': 0, 'VAMOS': 6, 'PHG': 0, 'PR': 0, 'PIN': 0, 'ELEFANTE': 0, 'VICTORIA': 41, 'SEMILLA': 0, 'FCN-NACION': 0, 'PPN': 1, 'UR': 0, 'URNG-MAIZ WINAQ': 1, 'CREO': 0, 'BIEN': 0, 'VIVA': 3, 'MI FAMILIA': 1, 'CAMBIO': 0, 'VOS': 0}",5,36,134,0,Algún campo sin dato,16.Alta Verapaz,9.San Pedro Carchá,3006,presidente
19678,,"{'UNE': 41, 'AZUL': 0, 'VALOR UNIONISTA': 0, 'CABAL': 2, 'TODOS': 0, 'VAMOS': 10, 'PHG': 0, 'PR': 0, 'PIN': 0, 'ELEFANTE': 0, 'VICTORIA': 19, 'SEMILLA': 2, 'FCN-NACION': 2, 'PPN': 3, 'UR': 0, 'URNG-MAIZ WINAQ': 1, 'CREO': 0, 'BIEN': 0, 'VIVA': 2, 'MI FAMILIA': 0, 'CAMBIO': 0, 'VOS': 1}",8,16,107,0,Algún campo sin dato,16.Alta Verapaz,9.San Pedro Carchá,3006,presidente
19679,,"{'UNE': 88, 'AZUL': 2, 'VALOR UNIONISTA': 5, 'CABAL': 10, 'TODOS': 0, 'VAMOS': 32, 'PHG': 0, 'PR': 1, 'PIN': 0, 'ELEFANTE': 0, 'VICTORIA': 48, 'SEMILLA': 2, 'FCN-NACION': 1, 'PPN': 0, 'UR': 1, 'URNG-MAIZ WINAQ': 5, 'CREO': 0, 'BIEN': 1, 'VIVA': 2, 'MI FAMILIA': 90, 'CAMBIO': 1, 'VOS': 0}",9,48,346,11,Sumas Asentadas sin cuadrar,16.Alta Verapaz,9.San Pedro Carchá,3007,presidente
19680,,"{'UNE': 89, 'AZUL': 1, 'VALOR UNIONISTA': 4, 'CABAL': 9, 'TODOS': 0, 'VAMOS': 50, 'PHG': 0, 'PR': 0, 'PIN': 0, 'ELEFANTE': 1, 'VICTORIA': 49, 'SEMILLA': 1, 'FCN-NACION': 1, 'PPN': 0, 'UR': 0, 'URNG-MAIZ WINAQ': 2, 'CREO': 1, 'BIEN': 2, 'VIVA': 3, 'MI FAMILIA': 1, 'CAMBIO': 0, 'VOS': 0}",14,62,290,0,Algún campo sin dato,16.Alta Verapaz,9.San Pedro Carchá,3007,presidente
19681,,"{'UNE': 82, 'AZUL': 3, 'VALOR UNIONISTA': 3, 'CABAL': 9, 'TODOS': 0, 'VAMOS': 48, 'PHG': 0, 'PR': 0, 'PIN': 0, 'ELEFANTE': 0, 'VICTORIA': 68, 'SEMILLA': 2, 'FCN-NACION': 4, 'PPN': 1, 'UR': 0, 'URNG-MAIZ WINAQ': 2, 'CREO': 0, 'BIEN': 0, 'VIVA': 5, 'MI FAMILIA': 0, 'CAMBIO': 0, 'VOS': 1}",29,41,298,12,Algún campo sin dato,16.Alta Verapaz,9.San Pedro Carchá,3007,presidente
19682,,"{'UNE': 109, 'AZUL': 4, 'VALOR UNIONISTA': 5, 'CABAL': 9, 'TODOS': 1, 'VAMOS': 45, 'PHG': 0, 'PR': 1, 'PIN': 0, 'ELEFANTE': 0, 'VICTORIA': 56, 'SEMILLA': 2, 'FCN-NACION': 3, 'PPN': 3, 'UR': 0, 'URNG-MAIZ WINAQ': 4, 'CREO': 0, 'BIEN': 0, 'VIVA': 5, 'MI FAMILIA': 0, 'CAMBIO': 0, 'VOS': 4}",17,45,313,0,Algún campo sin dato,16.Alta Verapaz,9.San Pedro Carchá,3007,presidente
19683,,"{'UNE': 87, 'AZUL': 2, 'VALOR UNIONISTA': 3, 'CABAL': 6, 'TODOS': 1, 'VAMOS': 48, 'PHG': 0, 'PR': 1, 'PIN': 0, 'ELEFANTE': 0, 'VICTORIA': 57, 'SEMILLA': 1, 'FCN-NACION': 5, 'PPN': 2, 'UR': 0, 'URNG-MAIZ WINAQ': 2, 'CREO': 0, 'BIEN': 1, 'VIVA': 7, 'MI FAMILIA': 0, 'CAMBIO': 0, 'VOS': 1}",22,52,298,0,Algún campo sin dato,16.Alta Verapaz,9.San Pedro Carchá,3007,presidente
19684,,"{'UNE': 111, 'AZUL': 1, 'VALOR UNIONISTA': 6, 'CABAL': 11, 'TODOS': 0, 'VAMOS': 34, 'PHG': 1, 'PR': 0, 'PIN': 0, 'ELEFANTE': 0, 'VICTORIA': 52, 'SEMILLA': 0, 'FCN-NACION': 2, 'PPN': 2, 'UR': 0, 'URNG-MAIZ WINAQ': 3, 'CREO': 2, 'BIEN': 0, 'VIVA': 3, 'MI FAMILIA': 1, 'CAMBIO': 1, 'VOS': 1}",11,56,298,10,Algún campo sin dato,16.Alta Verapaz,9.San Pedro Carchá,3007,presidente
19685,,"{'UNE': 97, 'AZUL': 4, 'VALOR UNIONISTA': 3, 'CABAL': 6, 'TODOS': 3, 'VAMOS': 25, 'PHG': 0, 'PR': 0, 'PIN': 0, 'ELEFANTE': 0, 'VICTORIA': 56, 'SEMILLA': 0, 'FCN-NACION': 2, 'PPN': 2, 'UR': 1, 'URNG-MAIZ WINAQ': 0, 'CREO': 0, 'BIEN': 1, 'VIVA': 5, 'MI FAMILIA': 1, 'CAMBIO': 0, 'VOS': 1}",22,42,271,0,Algún campo sin dato,16.Alta Verapaz,9.San Pedro Carchá,3007,presidente
19686,,"{'UNE': 88, 'AZUL': 4, 'VALOR UNIONISTA': 0, 'CABAL': 12, 'TODOS': 0, 'VAMOS': 35, 'PHG': 0, 'PR': 0, 'PIN': 0, 'ELEFANTE': 0, 'VICTORIA': 52, 'SEMILLA': 3, 'FCN-NACION': 2, 'PPN': 2, 'UR': 0, 'URNG-MAIZ WINAQ': 0, 'CREO': 0, 'BIEN': 1, 'VIVA': 7, 'MI FAMILIA': 1, 'CAMBIO': 0, 'VOS': 1}",12,51,271,0,Algún campo sin dato,16.Alta Verapaz,9.San Pedro Carchá,3007,presidente
19687,,"{'UNE': 87, 'AZUL': 1, 'VALOR UNIONISTA': 4, 'CABAL': 6, 'TODOS': 4, 'VAMOS': 27, 'PHG': 0, 'PR': 0, 'PIN': 0, 'ELEFANTE': 0, 'VICTORIA': 46, 'SEMILLA': 1, 'FCN-NACION': 2, 'PPN': 1, 'UR': 0, 'URNG-MAIZ WINAQ': 2, 'CREO': 0, 'BIEN': 0, 'VIVA': 4, 'MI FAMILIA': 0, 'CAMBIO': 0, 'VOS': 2}",19,53,259,0,Algún campo sin dato,16.Alta Verapaz,9.San Pedro Carchá,3007,presidente
19688,,"{'UNE': 103, 'AZUL': 1, 'VALOR UNIONISTA': 3, 'CABAL': 3, 'TODOS': 0, 'VAMOS': 23, 'PHG': 0, 'PR': 1, 'PIN': 0, 'ELEFANTE': 1, 'VICTORIA': 53, 'SEMILLA': 0, 'FCN-NACION': 2, 'PPN': 1, 'UR': 1, 'URNG-MAIZ WINAQ': 2, 'CREO': 1, 'BIEN': 0, 'VIVA': 2, 'MI FAMILIA': 0, 'CAMBIO': 0, 'VOS': 3}",11,42,253,0,Algún campo sin dato,16.Alta Verapaz,9.San Pedro Carchá,3007,presidente
19689,,"{'UNE': 88, 'AZUL': 2, 'VALOR UNIONISTA': 5, 'CABAL': 8, 'TODOS': 0, 'VAMOS': 37, 'PHG': 0, 'PR': 1, 'PIN': 0, 'ELEFANTE': 0, 'VICTORIA': 45, 'SEMILLA': 1, 'FCN-NACION': 1, 'PPN': 1, 'UR': 1, 'URNG-MAIZ WINAQ': 4, 'CREO': 0, 'BIEN': 0, 'VIVA': 4, 'MI FAMILIA': 0, 'CAMBIO': 0, 'VOS': 2}",19,35,254,4,Algún campo sin dato,16.Alta Verapaz,9.San Pedro Carchá,3007,presidente
19690,,"{'UNE': 88, 'AZUL': 2, 'VALOR UNIONISTA': 1, 'CABAL': 3, 'TODOS': 0, 'VAMOS': 26, 'PHG': 0, 'PR': 1, 'PIN': 0, 'ELEFANTE': 0, 'VICTORIA': 42, 'SEMILLA': 2, 'FCN-NACION': 1, 'PPN': 2, 'UR': 0, 'URNG-MAIZ WINAQ': 1, 'CREO': 0, 'BIEN': 0, 'VIVA': 6, 'MI FAMILIA': 0, 'CAMBIO': 0, 'VOS': 0}",20,44,239,0,Algún campo sin dato,16.Alta Verapaz,9.San Pedro Carchá,3007,presidente
19691,,"{'UNE': 78, 'AZUL': 2, 'VALOR UNIONISTA': 2, 'CABAL': 7, 'TODOS': 0, 'VAMOS': 30, 'PHG': 0, 'PR': 2, 'PIN': 0, 'ELEFANTE': 0, 'VICTORIA': 45, 'SEMILLA': 0, 'FCN-NACION': 0, 'PPN': 0, 'UR': 0, 'URNG-MAIZ WINAQ': 0, 'CREO': 1, 'BIEN': 0, 'VIVA': 3, 'MI FAMILIA': 0, 'CAMBIO': 0, 'VOS': 4}",10,59,243,0,Algún campo sin dato,16.Alta Verapaz,9.San Pedro Carchá,3007,presidente
19692,,"{'UNE': 96, 'AZUL': 0, 'VALOR UNIONISTA': 1, 'CABAL': 4, 'TODOS': 0, 'VAMOS': 28, 'PHG': 0, 'PR': 0, 'PIN': 0, 'ELEFANTE': 0, 'VICTORIA': 48, 'SEMILLA': 4, 'FCN-NACION': 0, 'PPN': 0, 'UR': 0, 'URNG-MAIZ WINAQ': 0, 'CREO': 0, 'BIEN': 0, 'VIVA': 0, 'MI FAMILIA': 0, 'CAMBIO': 0, 'VOS': 0}",7,43,231,0,Algún campo sin dato,16.Alta Verapaz,9.San Pedro Carchá,3007,presidente
19693,,"{'UNE': 98, 'AZUL': 0, 'VALOR UNIONISTA': 1, 'CABAL': 5, 'TODOS': 0, 'VAMOS': 22, 'PHG': 0, 'PR': 0, 'PIN': 0, 'ELEFANTE': 0, 'VICTORIA': 56, 'SEMILLA': 1, 'FCN-NACION': 0, 'PPN': 0, 'UR': 0, 'URNG-MAIZ WINAQ': 1, 'CREO': 0, 'BIEN': 0, 'VIVA': 3, 'MI FAMILIA': 0, 'CAMBIO': 0, 'VOS': 0}",5,44,236,2,Algún campo sin dato,16.Alta Verapaz,9.San Pedro Carchá,3007,presidente
19694,,"{'UNE': 97, 'AZUL': 1, 'VALOR UNIONISTA': 4, 'CABAL': 4, 'TODOS': 0, 'VAMOS': 25, 'PHG': 1, 'PR': 0, 'PIN': 1, 'ELEFANTE': 0, 'VICTORIA': 38, 'SEMILLA': 0, 'FCN-NACION': 1, 'PPN': 0, 'UR': 0, 'URNG-MAIZ WINAQ': 0, 'CREO': 0, 'BIEN': 0, 'VIVA': 5, 'MI FAMILIA': 0, 'CAMBIO': 0, 'VOS': 1}",14,45,237,0,Algún campo sin dato,16.Alta Verapaz,9.San Pedro Carchá,3007,presidente
19695,,"{'UNE': 47, 'AZUL': 0, 'VALOR UNIONISTA': 2, 'CABAL': 4, 'TODOS': 0, 'VAMOS': 14, 'PHG': 0, 'PR': 0, 'PIN': 0, 'ELEFANTE': 0, 'VICTORIA': 23, 'SEMILLA': 0, 'FCN-NACION': 1, 'PPN': 0, 'UR': 0, 'URNG-MAIZ WINAQ': 0, 'CREO': 0, 'BIEN': 0, 'VIVA': 2, 'MI FAMILIA': 0, 'CAMBIO': 0, 'VOS': 0}",7,14,114,0,Algún campo sin dato,16.Alta Verapaz,9.San Pedro Carchá,3007,presidente
19696,,"{'UNE': 44, 'AZUL': 1, 'VALOR UNIONISTA': 1, 'CABAL': 1, 'TODOS': 0, 'VAMOS': 8, 'PHG': 0, 'PR': 0, 'PIN': 0, 'ELEFANTE': 0, 'VICTORIA': 26, 'SEMILLA': 0, 'FCN-NACION': 0, 'PPN': 0, 'UR': 0, 'URNG-MAIZ WINAQ': 0, 'CREO': 0, 'BIEN': 0, 'VIVA': 0, 'MI FAMILIA': 0, 'CAMBIO': 0, 'VOS': 0}",8,13,102,0,Algún campo sin dato,16.Alta Verapaz,9.San Pedro Carchá,3007,presidente
19697,,"{'UNE': 110, 'AZUL': 0, 'VALOR UNIONISTA': 7, 'CABAL': 7, 'TODOS': 2, 'VAMOS': 22, 'PHG': 2, 'PR': 0, 'PIN': 1, 'ELEFANTE': 2, 'VICTORIA': 56, 'SEMILLA': 2, 'FCN-NACION': 0, 'PPN': 1, 'UR': 0, 'URNG-MAIZ WINAQ': 2, 'CREO': 0, 'BIEN': 0, 'VIVA': 7, 'MI FAMILIA': 0, 'CAMBIO': 0, 'VOS': 1}",8,47,277,0,Algún campo sin dato,16.Alta Verapaz,9.San Pedro Carchá,3008,presidente
19698,,"{'UNE': 112, 'AZUL': 5, 'VALOR UNIONISTA': 2, 'CABAL': 9, 'TODOS': 0, 'VAMOS': 19, 'PHG': 0, 'PR': 1, 'PIN': 0, 'ELEFANTE': 0, 'VICTORIA': 46, 'SEMILLA': 0, 'FCN-NACION': 0, 'PPN': 0, 'UR': 1, 'URNG-MAIZ WINAQ': 5, 'CREO': 1, 'BIEN': 0, 'VIVA': 8, 'MI FAMILIA': 0, 'CAMBIO': 0, 'VOS': 1}",15,55,280,0,Algún campo sin dato,16.Alta Verapaz,9.San Pedro Carchá,3008,presidente
19699,,"{'UNE': 108, 'AZUL': 2, 'VALOR UNIONISTA': 5, 'CABAL': 3, 'TODOS': 0, 'VAMOS': 11, 'PHG': 1, 'PR': 0, 'PIN': 0, 'ELEFANTE': 1, 'VICTORIA': 43, 'SEMILLA': 1, 'FCN-NACION': 2, 'PPN': 2, 'UR': 0, 'URNG-MAIZ WINAQ': 6, 'CREO': 1, 'BIEN': 1, 'VIVA': 3, 'MI FAMILIA': 0, 'CAMBIO': 1, 'VOS': 2}",7,39,239,0,Algún campo sin dato,16.Alta Verapaz,9.San Pedro Carchá,3008,presidente
19700,,"{'UNE': 108, 'AZUL': 1, 'VALOR UNIONISTA': 5, 'CABAL': 7, 'TODOS': 0, 'VAMOS': 10, 'PHG': 1, 'PR': 0, 'PIN': 0, 'ELEFANTE': 2, 'VICTORIA': 55, 'SEMILLA': 1, 'FCN-NACION': 2, 'PPN': 3, 'UR': 0, 'URNG-MAIZ WINAQ': 0, 'CREO': 0, 'BIEN': 0, 'VIVA': 6, 'MI FAMILIA': 0, 'CAMBIO': 0, 'VOS': 1}",3,41,246,0,Algún campo sin dato,16.Alta Verapaz,9.San Pedro Carchá,3008,presidente
19701,,"{'UNE': 111, 'AZUL': 1, 'VALOR UNIONISTA': 2, 'CABAL': 3, 'TODOS': 1, 'VAMOS': 19, 'PHG': 0, 'PR': 1, 'PIN': 0, 'ELEFANTE': 1, 'VICTORIA': 39, 'SEMILLA': 5, 'FCN-NACION': 0, 'PPN': 2, 'UR': 1, 'URNG-MAIZ WINAQ': 2, 'CREO': 2, 'BIEN': 3, 'VIVA': 4, 'MI FAMILIA': 0, 'CAMBIO': 1, 'VOS': 0}",19,46,263,0,Algún campo sin dato,16.Alta Verapaz,9.San Pedro Carchá,3008,presidente
19702,,"{'UNE': 110, 'AZUL': 5, 'VALOR UNIONISTA': 4, 'CABAL': 5, 'TODOS': 0, 'VAMOS': 12, 'PHG': 0, 'PR': 2, 'PIN': 0, 'ELEFANTE': 3, 'VICTORIA': 37, 'SEMILLA': 2, 'FCN-NACION': 0, 'PPN': 1, 'UR': 1, 'URNG-MAIZ WINAQ': 7, 'CREO': 1, 'BIEN': 1, 'VIVA': 2, 'MI FAMILIA': 2, 'CAMBIO': 0, 'VOS': 2}",14,39,250,0,Algún campo sin dato,16.Alta Verapaz,9.San Pedro Carchá,3008,presidente
19703,,"{'UNE': 114, 'AZUL': 6, 'VALOR UNIONISTA': 2, 'CABAL': 5, 'TODOS': 0, 'VAMOS': 11, 'PHG': 2, 'PR': 2, 'PIN': 0, 'ELEFANTE': 1, 'VICTORIA': 38, 'SEMILLA': 0, 'FCN-NACION': 0, 'PPN': 2, 'UR': 0, 'URNG-MAIZ WINAQ': 2, 'CREO': 2, 'BIEN': 1, 'VIVA': 3, 'MI FAMILIA': 0, 'CAMBIO': 0, 'VOS': 0}",16,44,251,0,Sumas Asentadas sin cuadrar,16.Alta Verapaz,9.San Pedro Carchá,3008,presidente
19704,,"{'UNE': 97, 'AZUL': 0, 'VALOR UNIONISTA': 0, 'CABAL': 3, 'TODOS': 1, 'VAMOS': 8, 'PHG': 0, 'PR': 1, 'PIN': 0, 'ELEFANTE': 2, 'VICTORIA': 29, 'SEMILLA': 2, 'FCN-NACION': 1, 'PPN': 0, 'UR': 0, 'URNG-MAIZ WINAQ': 1, 'CREO': 0, 'BIEN': 0, 'VIVA': 6, 'MI FAMILIA': 0, 'CAMBIO': 0, 'VOS': 0}",10,45,206,0,Algún campo sin dato,16.Alta Verapaz,9.San Pedro Carchá,3008,presidente
19705,,"{'UNE': 111, 'AZUL': 1, 'VALOR UNIONISTA': 2, 'CABAL': 3, 'TODOS': 0, 'VAMOS': 11, 'PHG': 0, 'PR': 0, 'PIN': 0, 'ELEFANTE': 0, 'VICTORIA': 29, 'SEMILLA': 1, 'FCN-NACION': 0, 'PPN': 0, 'UR': 0, 'URNG-MAIZ WINAQ': 4, 'CREO': 0, 'BIEN': 1, 'VIVA': 3, 'MI FAMILIA': 0, 'CAMBIO': 0, 'VOS': 1}",3,31,201,0,Algún campo sin dato,16.Alta Verapaz,9.San Pedro Carchá,3008,presidente
19706,,"{'UNE': 61, 'AZUL': 0, 'VALOR UNIONISTA': 1, 'CABAL': 2, 'TODOS': 0, 'VAMOS': 10, 'PHG': 1, 'PR': 0, 'PIN': 0, 'ELEFANTE': 0, 'VICTORIA': 16, 'SEMILLA': 1, 'FCN-NACION': 0, 'PPN': 0, 'UR': 0, 'URNG-MAIZ WINAQ': 0, 'CREO': 0, 'BIEN': 0, 'VIVA': 6, 'MI FAMILIA': 0, 'CAMBIO': 0, 'VOS': 0}",2,19,119,0,Algún campo sin dato,16.Alta Verapaz,9.San Pedro Carchá,3008,presidente
19707,,"{'UNE': 45, 'AZUL': 0, 'VALOR UNIONISTA': 0, 'CABAL': 0, 'TODOS': 1, 'VAMOS': 9, 'PHG': 0, 'PR': 0, 'PIN': 0, 'ELEFANTE': 0, 'VICTORIA': 16, 'SEMILLA': 0, 'FCN-NACION': 0, 'PPN': 0, 'UR': 0, 'URNG-MAIZ WINAQ': 0, 'CREO': 0, 'BIEN': 0, 'VIVA': 1, 'MI FAMILIA': 0, 'CAMBIO': 0, 'VOS': 0}",3,18,93,0,Sumas Asentadas sin cuadrar,16.Alta Verapaz,9.San Pedro Carchá,3008,presidente
19708,,"{'UNE': 87, 'AZUL': 3, 'VALOR UNIONISTA': 4, 'CABAL': 4, 'TODOS': 4, 'VAMOS': 9, 'PHG': 0, 'PR': 0, 'PIN': 0, 'ELEFANTE': 1, 'VICTORIA': 9, 'SEMILLA': 0, 'FCN-NACION': 2, 'PPN': 0, 'UR': 0, 'URNG-MAIZ WINAQ': 0, 'CREO': 0, 'BIEN': 0, 'VIVA': 3, 'MI FAMILIA': 2, 'CAMBIO': 0, 'VOS': 3}",18,10,159,27,Sumas Asentadas sin cuadrar,16.Alta Verapaz,9.San Pedro Carchá,3009,presidente
19709,,"{'UNE': 0, 'AZUL': 0, 'VALOR UNIONISTA': 0, 'CABAL': 0, 'TODOS': 0, 'VAMOS': 0, 'PHG': 0, 'PR': 0, 'PIN': 0, 'ELEFANTE': 0, 'VICTORIA': 0, 'SEMILLA': 0, 'FCN-NACION': 0, 'PPN': 0, 'UR': 0, 'URNG-MAIZ WINAQ': 0, 'CREO': 0, 'BIEN': 0, 'VIVA': 0, 'MI FAMILIA': 0, 'CAMBIO': 0, 'VOS': 0}",0,0,0,0,Acta ilegible,16.Alta Verapaz,9.San Pedro Carchá,3009,presidente
19710,,"{'UNE': 85, 'AZUL': 0, 'VALOR UNIONISTA': 4, 'CABAL': 2, 'TODOS': 0, 'VAMOS': 15, 'PHG': 0, 'PR': 0, 'PIN': 0, 'ELEFANTE': 1, 'VICTORIA': 12, 'SEMILLA': 0, 'FCN-NACION': 1, 'PPN': 0, 'UR': 0, 'URNG-MAIZ WINAQ': 7, 'CREO': 0, 'BIEN': 0, 'VIVA': 10, 'MI FAMILIA': 1, 'CAMBIO': 0, 'VOS': 1}",18,35,192,0,Sumas Asentadas sin cuadrar,16.Alta Verapaz,9.San Pedro Carchá,3009,presidente
19711,,"{'UNE': 93, 'AZUL': 1, 'VALOR UNIONISTA': 1, 'CABAL': 2, 'TODOS': 0, 'VAMOS': 6, 'PHG': 0, 'PR': 0, 'PIN': 0, 'ELEFANTE': 0, 'VICTORIA': 7, 'SEMILLA': 0, 'FCN-NACION': 2, 'PPN': 1, 'UR': 0, 'URNG-MAIZ WINAQ': 2, 'CREO': 0, 'BIEN': 2, 'VIVA': 5, 'MI FAMILIA': 1, 'CAMBIO': 0, 'VOS': 1}",7,38,169,8,Algún campo sin dato,16.Alta Verapaz,9.San Pedro Carchá,3009,presidente
19712,,"{'UNE': 43, 'AZUL': 0, 'VALOR UNIONISTA': 2, 'CABAL': 2, 'TODOS': 0, 'VAMOS': 9, 'PHG': 0, 'PR': 0, 'PIN': 0, 'ELEFANTE': 0, 'VICTORIA': 6, 'SEMILLA': 0, 'FCN-NACION': 1, 'PPN': 0, 'UR': 0, 'URNG-MAIZ WINAQ': 3, 'CREO': 0, 'BIEN': 0, 'VIVA': 1, 'MI FAMILIA': 0, 'CAMBIO': 0, 'VOS': 0}",5,15,87,2,Sumas Asentadas sin cuadrar,16.Alta Verapaz,9.San Pedro Carchá,3009,presidente
19713,,"{'UNE': 25, 'AZUL': 0, 'VALOR UNIONISTA': 1, 'CABAL': 2, 'TODOS': 0, 'VAMOS': 3, 'PHG': 0, 'PR': 1, 'PIN': 0, 'ELEFANTE': 0, 'VICTORIA': 5, 'SEMILLA': 0, 'FCN-NACION': 0, 'PPN': 0, 'UR': 0, 'URNG-MAIZ WINAQ': 1, 'CREO': 0, 'BIEN': 0, 'VIVA': 1, 'MI FAMILIA': 0, 'CAMBIO': 0, 'VOS': 0}",3,8,50,12,Algún campo sin dato,16.Alta Verapaz,9.San Pedro Carchá,3009,presidente
19714,,"{'UNE': 101, 'AZUL': 2, 'VALOR UNIONISTA': 4, 'CABAL': 1, 'TODOS': 1, 'VAMOS': 19, 'PHG': 1, 'PR': 1, 'PIN': 1, 'ELEFANTE': 1, 'VICTORIA': 60, 'SEMILLA': 1, 'FCN-NACION': 0, 'PPN': 3, 'UR': 0, 'URNG-MAIZ WINAQ': 2, 'CREO': 3, 'BIEN': 0, 'VIVA': 5, 'MI FAMILIA': 1, 'CAMBIO': 1, 'VOS': 3}",20,53,284,0,Algún campo sin dato,16.Alta Verapaz,9.San Pedro Carchá,3010,presidente
19715,,"{'UNE': 101, 'AZUL': 0, 'VALOR UNIONISTA': 3, 'CABAL': 4, 'TODOS': 0, 'VAMOS': 21, 'PHG': 0, 'PR': 0, 'PIN': 1, 'ELEFANTE': 44, 'VICTORIA': 3, 'SEMILLA': 0, 'FCN-NACION': 0, 'PPN': 0, 'UR': 1, 'URNG-MAIZ WINAQ': 0, 'CREO': 0, 'BIEN': 1, 'VIVA': 0, 'MI FAMILIA': 0, 'CAMBIO': 1, 'VOS': 2}",8,61,251,0,Sumas Asentadas sin cuadrar,16.Alta Verapaz,9.San Pedro Carchá,3010,presidente
19716,,"{'UNE': 71, 'AZUL': 1, 'VALOR UNIONISTA': 5, 'CABAL': 2, 'TODOS': 0, 'VAMOS': 9, 'PHG': 0, 'PR': 0, 'PIN': 0, 'ELEFANTE': 2, 'VICTORIA': 60, 'SEMILLA': 2, 'FCN-NACION': 1, 'PPN': 2, 'UR': 0, 'URNG-MAIZ WINAQ': 2, 'CREO': 0, 'BIEN': 1, 'VIVA': 4, 'MI FAMILIA': 3, 'CAMBIO': 0, 'VOS': 3}",9,52,229,0,Algún campo sin dato,16.Alta Verapaz,9.San Pedro Carchá,3010,presidente
19717,,"{'UNE': 55, 'AZUL': 2, 'VALOR UNIONISTA': 4, 'CABAL': 3, 'TODOS': 0, 'VAMOS': 18, 'PHG': 0, 'PR': 1, 'PIN': 0, 'ELEFANTE': 0, 'VICTORIA': 39, 'SEMILLA': 6, 'FCN-NACION': 0, 'PPN': 1, 'UR': 1, 'URNG-MAIZ WINAQ': 1, 'CREO': 0, 'BIEN': 0, 'VIVA': 4, 'MI FAMILIA': 1, 'CAMBIO': 1, 'VOS': 0}",5,33,175,0,Sumas Asentadas sin cuadrar,16.Alta Verapaz,9.San Pedro Carchá,3010,presidente
19718,,"{'UNE': 61, 'AZUL': 2, 'VALOR UNIONISTA': 0, 'CABAL': 2, 'TODOS': 0, 'VAMOS': 8, 'PHG': 0, 'PR': 0, 'PIN': 0, 'ELEFANTE': 0, 'VICTORIA': 42, 'SEMILLA': 6, 'FCN-NACION': 0, 'PPN': 3, 'UR': 0, 'URNG-MAIZ WINAQ': 1, 'CREO': 0, 'BIEN': 0, 'VIVA': 2, 'MI FAMILIA': 2, 'CAMBIO': 1, 'VOS': 0}",1,19,150,0,Algún campo sin dato,16.Alta Verapaz,9.San Pedro Carchá,3010,presidente
19719,,"{'UNE': 115, 'AZUL': 6, 'VALOR UNIONISTA': 3, 'CABAL': 5, 'TODOS': 0, 'VAMOS': 25, 'PHG': 0, 'PR': 0, 'PIN': 0, 'ELEFANTE': 0, 'VICTORIA': 31, 'SEMILLA': 0, 'FCN-NACION': 2, 'PPN': 5, 'UR': 0, 'URNG-MAIZ WINAQ': 1, 'CREO': 0, 'BIEN': 0, 'VIVA': 5, 'MI FAMILIA': 1, 'CAMBIO': 0, 'VOS': 2}",9,48,258,0,Algún campo sin dato,16.Alta Verapaz,9.San Pedro Carchá,3011,presidente
19720,,"{'UNE': 103, 'AZUL': 2, 'VALOR UNIONISTA': 3, 'CABAL': 9, 'TODOS': 0, 'VAMOS': 32, 'PHG': 0, 'PR': 0, 'PIN': 0, 'ELEFANTE': 1, 'VICTORIA': 32, 'SEMILLA': 0, 'FCN-NACION': 2, 'PPN': 3, 'UR': 0, 'URNG-MAIZ WINAQ': 2, 'CREO': 0, 'BIEN': 0, 'VIVA': 5, 'MI FAMILIA': 1, 'CAMBIO': 1, 'VOS': 0}",13,48,257,0,Algún campo sin dato,16.Alta Verapaz,9.San Pedro Carchá,3011,presidente
19721,,"{'UNE': 120, 'AZUL': 0, 'VALOR UNIONISTA': 0, 'CABAL': 5, 'TODOS': 0, 'VAMOS': 20, 'PHG': 0, 'PR': 0, 'PIN': 0, 'ELEFANTE': 6, 'VICTORIA': 32, 'SEMILLA': 1, 'FCN-NACION': 0, 'PPN': 3, 'UR': 0, 'URNG-MAIZ WINAQ': 2, 'CREO': 0, 'BIEN': 0, 'VIVA': 5, 'MI FAMILIA': 0, 'CAMBIO': 2, 'VOS': 2}",8,44,250,0,,16.Alta Verapaz,9.San Pedro Carchá,3011,presidente
19722,,"{'UNE': 130, 'AZUL': 2, 'VALOR UNIONISTA': 5, 'CABAL': 9, 'TODOS': 0, 'VAMOS': 28, 'PHG': 0, 'PR': 1, 'PIN': 0, 'ELEFANTE': 1, 'VICTORIA': 28, 'SEMILLA': 0, 'FCN-NACION': 0, 'PPN': 7, 'UR': 1, 'URNG-MAIZ WINAQ': 4, 'CREO': 1, 'BIEN': 0, 'VIVA': 6, 'MI FAMILIA': 0, 'CAMBIO': 0, 'VOS': 1}",16,34,274,0,Algún campo sin dato,16.Alta Verapaz,9.San Pedro Carchá,3011,presidente
19723,,"{'UNE': 100, 'AZUL': 2, 'VALOR UNIONISTA': 3, 'CABAL': 9, 'TODOS': 2, 'VAMOS': 25, 'PHG': 0, 'PR': 1, 'PIN': 0, 'ELEFANTE': 1, 'VICTORIA': 37, 'SEMILLA': 1, 'FCN-NACION': 2, 'PPN': 0, 'UR': 0, 'URNG-MAIZ WINAQ': 1, 'CREO': 2, 'BIEN': 1, 'VIVA': 6, 'MI FAMILIA': 2, 'CAMBIO': 0, 'VOS': 1}",8,0,204,41,Algún campo sin dato,16.Alta Verapaz,9.San Pedro Carchá,3011,presidente
19724,,"{'UNE': 99, 'AZUL': 6, 'VALOR UNIONISTA': 9, 'CABAL': 9, 'TODOS': 0, 'VAMOS': 21, 'PHG': 0, 'PR': 0, 'PIN': 0, 'ELEFANTE': 0, 'VICTORIA': 21, 'SEMILLA': 1, 'FCN-NACION': 0, 'PPN': 4, 'UR': 0, 'URNG-MAIZ WINAQ': 5, 'CREO': 3, 'BIEN': 2, 'VIVA': 6, 'MI FAMILIA': 2, 'CAMBIO': 1, 'VOS': 0}",16,57,262,0,Algún campo sin dato,16.Alta Verapaz,9.San Pedro Carchá,3011,presidente
19725,,"{'UNE': 121, 'AZUL': 4, 'VALOR UNIONISTA': 4, 'CABAL': 7, 'TODOS': 0, 'VAMOS': 25, 'PHG': 0, 'PR': 0, 'PIN': 0, 'ELEFANTE': 0, 'VICTORIA': 33, 'SEMILLA': 0, 'FCN-NACION': 0, 'PPN': 6, 'UR': 1, 'URNG-MAIZ WINAQ': 1, 'CREO': 1, 'BIEN': 0, 'VIVA': 3, 'MI FAMILIA': 0, 'CAMBIO': 3, 'VOS': 1}",21,42,273,0,Algún campo sin dato,16.Alta Verapaz,9.San Pedro Carchá,3011,presidente
19726,,"{'UNE': 65, 'AZUL': 2, 'VALOR UNIONISTA': 2, 'CABAL': 7, 'TODOS': 1, 'VAMOS': 29, 'PHG': 0, 'PR': 0, 'PIN': 0, 'ELEFANTE': 2, 'VICTORIA': 24, 'SEMILLA': 0, 'FCN-NACION': 0, 'PPN': 1, 'UR': 0, 'URNG-MAIZ WINAQ': 2, 'CREO': 0, 'BIEN': 0, 'VIVA': 3, 'MI FAMILIA': 1, 'CAMBIO': 0, 'VOS': 0}",10,37,186,4,Algún campo sin dato,16.Alta Verapaz,9.San Pedro Carchá,3011,presidente
19727,,"{'UNE': 100, 'AZUL': 2, 'VALOR UNIONISTA': 3, 'CABAL': 3, 'TODOS': 0, 'VAMOS': 28, 'PHG': 0, 'PR': 0, 'PIN': 0, 'ELEFANTE': 0, 'VICTORIA': 21, 'SEMILLA': 0, 'FCN-NACION': 0, 'PPN': 2, 'UR': 0, 'URNG-MAIZ WINAQ': 3, 'CREO': 0, 'BIEN': 1, 'VIVA': 5, 'MI FAMILIA': 0, 'CAMBIO': 2, 'VOS': 0}",9,30,209,0,Algún campo sin dato,16.Alta Verapaz,9.San Pedro Carchá,3011,presidente
19728,,"{'UNE': 68, 'AZUL': 2, 'VALOR UNIONISTA': 0, 'CABAL': 3, 'TODOS': 0, 'VAMOS': 14, 'PHG': 0, 'PR': 1, 'PIN': 0, 'ELEFANTE': 0, 'VICTORIA': 18, 'SEMILLA': 2, 'FCN-NACION': 1, 'PPN': 2, 'UR': 1, 'URNG-MAIZ WINAQ': 0, 'CREO': 0, 'BIEN': 0, 'VIVA': 3, 'MI FAMILIA': 1, 'CAMBIO': 0, 'VOS': 1}",5,17,139,0,Algún campo sin dato,16.Alta Verapaz,9.San Pedro Carchá,3011,presidente
19729,,"{'UNE': 45, 'AZUL': 3, 'VALOR UNIONISTA': 0, 'CABAL': 4, 'TODOS': 0, 'VAMOS': 13, 'PHG': 0, 'PR': 0, 'PIN': 0, 'ELEFANTE': 0, 'VICTORIA': 18, 'SEMILLA': 1, 'FCN-NACION': 0, 'PPN': 2, 'UR': 0, 'URNG-MAIZ WINAQ': 0, 'CREO': 0, 'BIEN': 0, 'VIVA': 0, 'MI FAMILIA': 0, 'CAMBIO': 2, 'VOS': 0}",3,20,111,0,Algún campo sin dato,16.Alta Verapaz,9.San Pedro Carchá,3011,presidente
19730,,"{'UNE': 126, 'AZUL': 4, 'VALOR UNIONISTA': 6, 'CABAL': 5, 'TODOS': 2, 'VAMOS': 7, 'PHG': 1, 'PR': 0, 'PIN': 0, 'ELEFANTE': 1, 'VICTORIA': 6, 'SEMILLA': 0, 'FCN-NACION': 1, 'PPN': 1, 'UR': 0, 'URNG-MAIZ WINAQ': 9, 'CREO': 5, 'BIEN': 1, 'VIVA': 17, 'MI FAMILIA': 1, 'CAMBIO': 0, 'VOS': 2}",5,50,250,1,Algún campo sin dato,16.Alta Verapaz,9.San Pedro Carchá,3012,presidente
19731,,"{'UNE': 116, 'AZUL': 2, 'VALOR UNIONISTA': 4, 'CABAL': 6, 'TODOS': 1, 'VAMOS': 9, 'PHG': 0, 'PR': 2, 'PIN': 0, 'ELEFANTE': 0, 'VICTORIA': 9, 'SEMILLA': 0, 'FCN-NACION': 0, 'PPN': 3, 'UR': 2, 'URNG-MAIZ WINAQ': 2, 'CREO': 3, 'BIEN': 0, 'VIVA': 17, 'MI FAMILIA': 1, 'CAMBIO': 2, 'VOS': 0}",14,37,230,3,Algún campo sin dato,16.Alta Verapaz,9.San Pedro Carchá,3012,presidente
19732,,"{'UNE': 86, 'AZUL': 0, 'VALOR UNIONISTA': 6, 'CABAL': 3, 'TODOS': 0, 'VAMOS': 9, 'PHG': 1, 'PR': 0, 'PIN': 0, 'ELEFANTE': 0, 'VICTORIA': 8, 'SEMILLA': 0, 'FCN-NACION': 0, 'PPN': 3, 'UR': 0, 'URNG-MAIZ WINAQ': 6, 'CREO': 0, 'BIEN': 0, 'VIVA': 10, 'MI FAMILIA': 0, 'CAMBIO': 2, 'VOS': 1}",17,25,177,0,Algún campo sin dato,16.Alta Verapaz,9.San Pedro Carchá,3012,presidente
19733,,"{'UNE': 80, 'AZUL': 2, 'VALOR UNIONISTA': 3, 'CABAL': 5, 'TODOS': 0, 'VAMOS': 9, 'PHG': 0, 'PR': 0, 'PIN': 0, 'ELEFANTE': 0, 'VICTORIA': 8, 'SEMILLA': 0, 'FCN-NACION': 0, 'PPN': 1, 'UR': 0, 'URNG-MAIZ WINAQ': 8, 'CREO': 6, 'BIEN': 1, 'VIVA': 17, 'MI FAMILIA': 0, 'CAMBIO': 0, 'VOS': 0}",10,38,188,0,Algún campo sin dato,16.Alta Verapaz,9.San Pedro Carchá,3012,presidente
19734,,"{'UNE': 93, 'AZUL': 0, 'VALOR UNIONISTA': 5, 'CABAL': 2, 'TODOS': 0, 'VAMOS': 9, 'PHG': 0, 'PR': 0, 'PIN': 0, 'ELEFANTE': 0, 'VICTORIA': 6, 'SEMILLA': 0, 'FCN-NACION': 0, 'PPN': 1, 'UR': 0, 'URNG-MAIZ WINAQ': 0, 'CREO': 1, 'BIEN': 0, 'VIVA': 17, 'MI FAMILIA': 0, 'CAMBIO': 0, 'VOS': 1}",10,31,176,1,Algún campo sin dato,16.Alta Verapaz,9.San Pedro Carchá,3012,presidente
19735,,"{'UNE': 23, 'AZUL': 1, 'VALOR UNIONISTA': 11, 'CABAL': 9, 'TODOS': 1, 'VAMOS': 7, 'PHG': 2, 'PR': 0, 'PIN': 0, 'ELEFANTE': 2, 'VICTORIA': 18, 'SEMILLA': 7, 'FCN-NACION': 1, 'PPN': 0, 'UR': 0, 'URNG-MAIZ WINAQ': 5, 'CREO': 1, 'BIEN': 2, 'VIVA': 8, 'MI FAMILIA': 2, 'CAMBIO': 1, 'VOS': 6}",4,43,154,0,Algún campo sin dato,16.Alta Verapaz,9.San Pedro Carchá,3013,presidente
19736,,"{'UNE': 24, 'AZUL': 5, 'VALOR UNIONISTA': 7, 'CABAL': 9, 'TODOS': 1, 'VAMOS': 9, 'PHG': 1, 'PR': 2, 'PIN': 1, 'ELEFANTE': 1, 'VICTORIA': 17, 'SEMILLA': 10, 'FCN-NACION': 2, 'PPN': 1, 'UR': 0, 'URNG-MAIZ WINAQ': 3, 'CREO': 2, 'BIEN': 1, 'VIVA': 7, 'MI FAMILIA': 1, 'CAMBIO': 0, 'VOS': 2}",6,34,146,0,Algún campo sin dato,16.Alta Verapaz,9.San Pedro Carchá,3013,presidente
19737,,"{'UNE': 33, 'AZUL': 2, 'VALOR UNIONISTA': 6, 'CABAL': 6, 'TODOS': 1, 'VAMOS': 8, 'PHG': 2, 'PR': 0, 'PIN': 1, 'ELEFANTE': 1, 'VICTORIA': 19, 'SEMILLA': 11, 'FCN-NACION': 2, 'PPN': 0, 'UR': 0, 'URNG-MAIZ WINAQ': 6, 'CREO': 0, 'BIEN': 3, 'VIVA': 6, 'MI FAMILIA': 1, 'CAMBIO': 1, 'VOS': 8}",4,25,146,0,Sumas Asentadas sin cuadrar,16.Alta Verapaz,9.San Pedro Carchá,3013,presidente
19738,,"{'UNE': 13, 'AZUL': 0, 'VALOR UNIONISTA': 7, 'CABAL': 3, 'TODOS': 0, 'VAMOS': 5, 'PHG': 1, 'PR': 0, 'PIN': 1, 'ELEFANTE': 0, 'VICTORIA': 21, 'SEMILLA': 4, 'FCN-NACION': 1, 'PPN': 2, 'UR': 1, 'URNG-MAIZ WINAQ': 2, 'CREO': 3, 'BIEN': 1, 'VIVA': 5, 'MI FAMILIA': 0, 'CAMBIO': 0, 'VOS': 3}",1,21,95,1,Algún campo sin dato,16.Alta Verapaz,9.San Pedro Carchá,3013,presidente
19739,,"{'UNE': 7, 'AZUL': 1, 'VALOR UNIONISTA': 5, 'CABAL': 4, 'TODOS': 0, 'VAMOS': 0, 'PHG': 0, 'PR': 0, 'PIN': 0, 'ELEFANTE': 0, 'VICTORIA': 9, 'SEMILLA': 11, 'FCN-NACION': 0, 'PPN': 1, 'UR': 0, 'URNG-MAIZ WINAQ': 0, 'CREO': 0, 'BIEN': 1, 'VIVA': 2, 'MI FAMILIA': 0, 'CAMBIO': 0, 'VOS': 1}",2,5,49,1,Algún campo sin dato,16.Alta Verapaz,9.San Pedro Carchá,3013,presidente
